:020000025000AC
:10A8000029A8050095A8050039A80500518307006F
:10A81000855D060025D205004983070055830700A2
:08A820004D830700798C07004D
:10A8280000B5024880475DF804EB7047858F070044
:10A8380071460420084202D0EFF3098101E0EFF3EA
:10A848000881886902380078102813DB20280FDB7C
:10A858002D280BDB084A1268084B9A4203D160285E
:10A8680004DB074A1047022008607047054A104772
:10A87800054A1047FFDF0000BC0B0020BEBAFECA25
:10A8880021D205005D83070061920700124909780B
:10A89800D9B904207146084217D106990F4A914246
:10A8A80013DA0F4A914200DA0FDB069902290CDB12
:10A8B80002394878DF2808D10878FF2805D14FF0F9
:10A8C80001004FF00002074B18474FF0FF30714668
:10A8D8004FF00002034B184728ED00E000CC0700BA
:10A8E80000A805009D8F070007282DD01AB1012A5E
:10A8F8000BD0812070474B7803F00703042BF8D85E
:10A90800DFE803F007220C131B004B78C3F3C203E4
:10A91800F4E7002A14BF032002207047032813D845
:10A9280000280CBF05200F20704704280CD80238D7
:10A93800012894BF0F2005207047062804D003285B
:10A948000CBF0F20052070470020704773B51446D0
:10A95800ADF80410BDF8042003462280227842F0A6
:10A96800040222709DF90420002A13DA104A9DF887
:10A978000410927AA068C1F3001193420CD3FE2B05
:10A9880004D107324942D20821F09CFC237823F0F5
:10A998001003237002B070BDDE08012503F0070321
:10A9A800825D9D40994022EA05020A438255EDE7FF
:10A9B80008010020064BDA88824206D330B10C2207
:10A9C8001B6850430C38184470470020704700BF7C
:10A9D80008010020820682B0C3B20BD41B0606D53C
:10A9E800054B9B7ADA1D4B4303EBD20399B2084619
:10A9F80002B070470021FAE7080100201388F0B57B
:10AA08000B8091F90030002B26DA144B0C789B7AD6
:10AA1800984204D344F0100400200C70F0BD9568EF
:10AA2800C60800F007070733AE5DDB103E4166F34A
:10AA380004140C701178D27801F0030142EA012263
:10AA480040F20121B2FBF1F101EB4121521A92B21D
:10AA580000FB02302844E1E79068DFE708010020A6
:10AA680010B5044649B106211CF0D0FF38B1204684
:10AA78000621BDE810401DF051B8084610BDFF2062
:10AA8800FCE700002DE9F7438146084616461D46B7
:10AA9800FFF790FF0446DDE90A7800285CD00178CA
:10AAA800480759D5B9F1000F4FDA5FFA89F92E4BEB
:10AAB8009B7A4B4552D9224601A94846FFF79EFF8B
:10AAC8002278E37840F2012102F0030243EA0223EC
:10AAD8006A04B3FBF1F101EB4121A3EB010189B257
:10AAE8000AD58B4208D194F802C022790CF0030CE5
:10AAF80042EA0C22B24233D3B14231D3C5F30D023C
:10AB08009519ADB2A9422DD38B4205D1A378290A54
:10AB1800257161F30103A370B8F1000F01D0A8F803
:10AB2800002077B13946304421F01AFC9DF80430F2
:10AB38002246484623F010038DF804300199FFF7A8
:10AB480005FF002003B0BDE8F0831FFA89F0C909AA
:10AB5800FFF786FF8146AAE70120F3E78720F1E7A0
:10AB68000720EFE70D20EDE708010020CB1C23F0BC
:10AB7800030399422DE9F04107460D462ED1184CA2
:10AB880000230E4640F201282160A0802381A27292
:10AB9800E380337813F0040001D1BDE8F081E28846
:10ABA8000132E28013F0200216D103F00302F1789B
:10ABB800707841EA022143EA0020B1FBF8F202EB87
:10ABC8004222891A89B2FFF705FF238903449BB201
:10ABD8002381FB1A2B44B3600C36DAE78620DCE7C6
:10ABE80008010020044AD388108903EB430301308D
:10ABF80000EB830080B27047080100202DE9F04F78
:10AC080040F2012487B081461546ADF8141002932E
:10AC1800BDF8403005980393B2FBF4F404EB4424E8
:10AC2800141BA4B22146FFF7D5FE0146FFF7DAFF51
:10AC3800DFF8F4C00C30BCF8042008449042DDE989
:10AC480011766CDC9DF8148008F0A003A02B68D066
:10AC5800BCF80600DCF800A0431C9BB2ACF8063038
:10AC680006B1338018F0200B09BFBCF808603946DC
:10AC7800891989B204BFACF80810511A4FF00C02B8
:10AC880008BF514402FB00F6FE200AEB0602916061
:10AC980005990492FFF75AFE049A18F0800FDFF81E
:10ACA8008880D570C5F3012514714FEA14241AF869
:10ACB800061045F0040521F0070145EA01050AF8E8
:10ACC800065008BF0125917864F301014FF0000494
:10ACD8009170264699F802105171B9F80010D18088
:10ACE8004FF0000111731CBF0F4A957ABBF1000F9A
:10ACF80018BF0027E3B29D4201D800200CE044F0C1
:10AD080000400134CDE90076DDE90223B8F80610E9
:10AD1800FFF7B8FE0028EDD007B0BDE8F08F84201B
:10AD2800FAE70620F8E700BF080100202DE9F347FD
:10AD38000446084692461D46FFF73CFE8146DDE97B
:10AD48000A6700283ED001784B073BD5C909204641
:10AD5800FFF786FE1F4B9B7A834235D901A94A46E5
:10AD6800FFF74CFE99F8023099F80440BAF5806F65
:10AD780003F00303CAF3090844EA03210C460DD380
:10AD880099F8002099F8033002F0030243EA0223FD
:10AD9800B3F5007F02DD6B1E8B4217DCA04517D888
:10ADA800A4EB080292B2AA4228BF2A4607B13A8009
:10ADB80026B100EB0801304621F0D2FA002002B09B
:10ADC800BDE8F0870120FAE78720F8E70B20F6E7CF
:10ADD8000720F4E7080100202DE9F0470446FFF7B3
:10ADE800E9FD064668B3184F25464FF0000940F2C2
:10ADF8000128B7F806A0AA4509D23B89013C0020E2
:10AE0800A3EB0903FC8030703B81BDE8F08728463E
:10AE18000135FFF7CFFD0278C178ADB202F0030328
:10AE2800407841EA032142EA0020B1FBF8F303EB42
:10AE38004323C91A89B2FFF7CDFD48441FFA80F9A8
:10AE4800D9E70120E1E700BF0801002010B514464A
:10AE580039B1013911800121FFF702FEA0700020ED
:10AE680010BD0120FCE70000F8B5154B04460C277F
:10AE7800DE8818682388B3421FD207FB03F1421803
:10AE88001BD0415C5D1C11F0040F14D05379A372E0
:10AE9800D3889078238100F00300117941EA0021DA
:10AEA800A078A181E11CFFF7A9FD2061ABB20020C9
:10AEB8002380E38002E02580DCE70A20F8BD00BF9C
:10AEC80008010020012303827047000073B506467D
:10AED80008461D46ADF80420FFF76CFD044658B33C
:10AEE80001784B0728D5C9093046FFF7B9FD144B3F
:10AEF8009B7A834222D922460199FFF727FDFF2D2D
:10AF080017D0237840F20122E17803F0030341EAE5
:10AF18000321B1FBF2F202EB4222891A89B215B978
:10AF280001F2012189B22378E170090A61F3010372
:10AF38002370002002B070BD0120FBE78720F9E7ED
:10AF480008010020F8B50646084617461D46FFF7D3
:10AF580031FD0446F8B101784B071CD5C9093046C4
:10AF6800FFF77EFD224639460646FFF747FD5DB1ED
:10AF78002378E27803F0030342EA0322B2F5007F64
:10AF8800CCBF002201222A70044B987AB04294BFA9
:10AF980087200020F8BD0120FCE700BF0801002041
:10AFA80090F82F30C279C3F30103134063F3010211
:10AFB80013F00103C2711BBF837A90F832208372A9
:10AFC80013401FBF90F831208372437A1340827870
:10AFD8004372037A9A4288BF8370704770B50378CA
:10AFE80004460D46052B08D003F0F703012B11D1B9
:10AFF800016904201EF0D2F90CE08368016904207D
:10B008001E781EF0CBF9052E04D0054A04202169CC
:10B018001EF088F929462046BDE8704000F05CB86B
:10B0280080C3C9012DE9F041054686B00F460124C9
:10B03800DFF850802B79013B55F823607378013B8A
:10B04800DAB2012A05D858F82330394630469847ED
:10B058000446012C11D82B79013BD9B2297171B959
:10B068000A2301A802968DF80430336A059306F086
:10B07800FBF8204606B0BDE8F081032CF9D1032483
:10B08800D8E700BF04CE050010B5044601460420E9
:10B098001EF084F92146034A0420BDE810401EF042
:10B0A80041B900BF80C3C90138B50D4680220021CF
:10B0B800044621F007F9012D01D0022D07D12046C1
:10B0C800657001F08BFB02230020A37538BD0520B5
:10B0D800FCE704201EF062B938B50C4669B10023BC
:10B0E80005780B7006F0C0F8064B20782B441B7AC5
:10B0F800834214BF0220032038BD06F0B5F820466D
:10B10800FAE700BF04CE050010B50379012B0CD077
:10B118004C780022012C0A7004BF0A744A615A1C38
:10B12800027140F82310032010BD0420FCE700231F
:10B1380037B58DF804300D464378012B03D0022B28
:10B1480011D06C4606E0C468002CFAD0237C002B92
:10B15800F7D10C3401462046FFF7D6FF032804D068
:10B16800042003B030BD0469EEE729462046FFF706
:10B1780059FF9DF80430002BF3D0F1E720B1037C90
:10B1880013B10C30FFF74EBF0120704738B50546A4
:10B19800C2F110001446284421F0E2F8102C0AD01D
:10B1A800C4F10F02802328460021D2B2AB54BDE877
:10B1B800384021F087B838BD2DE9F04788B00C46F3
:10B1C80011460546DDF848A004AEDDE91029D04651
:10B1D8004F4617F8010BC0F340008DF8100018F81F
:10B1E800010BC0F340008DF811001868CDF812006B
:10B1F80098889B79ADF8160068468DF81830136862
:10B20800CDF819309388ADF81D30937932468DF812
:10B218001F3010231CF021FF2A46694620460323CD
:10B2280020F0E9FEB8F80430DAF801003246ADF84B
:10B2380014302946D9F8013004906846CDF8163004
:10B24800BB88ADF81A300023079310231CF005FFC4
:10B2580003232A466946204620F0CDFE08B0BDE803
:10B26800F08700002DE9F04389B0054690461C465A
:10B278000E46DDE9107919B3032302462B493046FF
:10B2880020F0B9FE1022294638461CF0F0FE95F948
:10B298000F30002B05DA1023254A394638461CF0B2
:10B2A800DCFE1022394648461CF0E1FE97F90F30C3
:10B2B800002B05DA10231E4A494648461CF0CDFEED
:10B2C80010220021284620F0FDFF102C14D822D18E
:10B2D80023463A46414604A81CF0BFFE2A460146CA
:10B2E800102368461CF0B9FE03236946304620F057
:10B2F80082FE09B0BDE8F083103C684610232A4658
:10B30800A4B208EB04011CF0A8FE032369463046EA
:10B3180020F071FED9E7E2B241466846FFF736FFF2
:10B3280010234A4669460DEB0300D5E7D0CD05004A
:10B33800E0CD05001FB51B88044612880846ADF805
:10B3480002300023ADF80020694603932246CDE978
:10B358000133032320F04FFE04B010BD30B589B08F
:10B3680004460D46106851686B4604AA03C30023BF
:10B3780069462846CDE90233032320F03CFEBDF898
:10B388001030238009B030BDF0B5027887B00023B3
:10B398000446012A06698DF8083047D0022A00F0D1
:10B3A800BE8012B1012007B0F0BD0379013B032B29
:10B3B800F8D8DFE803F0020B08237378012B40F07C
:10B3C800C18002230AE01D233370FAE77378022B49
:10B3D80040F0B88033780C2BE4D1072301228DF894
:10B3E8000830227022899A4216D2082301A88DF8C3
:10B3F8000430236A0593FFF76FFED4E7B37D022B71
:10B40800D0D132781D2ACDD84F4BD340DB07C9D5D0
:10B418000389012BD5D8C5E70B46052203F8042B71
:10B42800D4E9020183E803000320BCE70A78052A6F
:10B43800B8D18DF80420026A8D6805929DF8102015
:10B44800039563F300020379013B8DF81020032B69
:10B45800A8D8DFE803F00224125802270B230021A2
:10B46800ADF808702B70037D01A803F01F036B7003
:10B47800FFF7B4FD3770002095E79DF810300222E1
:10B4880043F00103ADF808208DF8103005232B7028
:10B49800037D6B70027001A8FFF7A0FD83E7072307
:10B4A8000021ADF8083001232B70037E6B70437EBA
:10B4B80003F00103AB70837E03F01F03EB70C37EC0
:10B4C8002B71EB7813F0010315BF037FAB7103F009
:10B4D80007036B711CBF6B71437F01A81CBF03F08E
:10B4E8000703AB71FFF77AFD2B68F362AB883386ED
:10B4F800AB7986F8323063695B7873752B79B370F2
:10B508000D233370B7E702230021ADF808300E236E
:10B518002B70037D01A86B70FFF760FDABE701227C
:10B5280019468DF80420026A059203228DF8082036
:10B53800027D01A88DF80920FFF750FD304601F083
:10B548004DF998E705202EE7F0C0012070B59CB0B2
:10B558000C46194602F120059DF880308DF82C30F4
:10B568000DF12D0352F8046BAA4243F8046BF9D18C
:10B5780022460DF14D03203452F8045BA24243F8F1
:10B58800045BF9D107AB0BAA019303AB00934123EA
:10B59800FFF768FE1CB070BD2DE9F04FA1B01C4646
:10B5A80020230DF1280B0DF1180A2C9ECDF804B0BC
:10B5B800CDF800A0CDE904014D490EA8DDE92A75B2
:10B5C800FFF750FE4FF4807305F101080DF1580C98
:10B5D800ADF84830731C07F1100E0393D6F801300C
:10B5E800CDF84A30B6F80530ADF84E303378C3F3AD
:10B5F80040038DF85030D5F80130CDF85130B5F80A
:10B608000530ADF855302B78C3F340038DF857302B
:10B618003B461868083353F8041C6246734503C256
:10B628009446F6D123460DF1680C04F1100E186803
:10B63800083353F8041C6246734503C29446F6D196
:10B648000023DFF8B09012AA0EA98DF87C303523BC
:10B658000498CDF87890CDE900ABFFF703FE4FF4DE
:10B668008073ADF84830D6F80130CDF84A30039BE6
:10B678009B88ADF84E30337807F11006C3F34003CA
:10B688008DF85030D5F80130CDF85130B8F8043085
:10B69800ADF855302B7816ADC3F340038DF857300D
:10B6A8003B461868083353F8041C2A46B34203C2C1
:10B6B8001546F6D11AAA04F110052068083454F882
:10B6C800041C1346AC4203C31A46F6D1012312AA3E
:10B6D8000EA905988DF87C300AABCDF878900193C7
:10B6E80006AB00933523FFF7BDFD21B0BDE8F08F11
:10B6F800F0CD0500656C7462F0B59DB00546259ED9
:10B70800D6F801000B90B6F80500ADF83000307897
:10B71800DDE92374C0F340008DF83200D4F801004D
:10B72800CDF83300B4F80500ADF837002078229C36
:10B73800C0F3400004F110068DF839003888ADF8E0
:10B748003A00B8788DF83C000DF13D0054F8047BC0
:10B75800B44240F8047BF9D10DF14D0003F1100417
:10B7680053F8046BA34240F8046BF9D10DF15D0363
:10B7780002F1100052F8044B824243F8044BF9D10D
:10B7880007AB0BAA2846019303AB00934123FFF7AD
:10B7980069FD1DB0F0BDF0B5A3B09C4606460C4649
:10B7A800289D0EAB05F1100E2868083555F8041CC5
:10B7B8001F46754503C73B46F6D112AB02F1200779
:10B7C8001068083252F8041C1D46BA4203C52B46BD
:10B7D800F6D122461AAB04F120051068083252F857
:10B7E800041C1C46AA4203C42346F6D106AB0EAA83
:10B7F80061460AA8019302AB00935023FFF732FD7C
:10B808000A9B336023B0F0BD2DE9F04300238FB0CD
:10B8180090F800C005460F46C4688DF82430BCF186
:10B828001B0F00F28780DFE81CF01C00EC023203DB
:10B838004E0389039403A903DB03F8035604810428
:10B84800C904F104FD043F0587059405B705B9054A
:10B858003B067D067F06B206CF064B076E072E070E
:10B86800350714B123781D2B36D0AE68002E61D071
:10B878000123296A8DF8243040F602230D91ADF892
:10B8880028306B690B93AB88002B53D03278501E4D
:10B898000D2821D8023A0C2A23D8DFE812F07000CC
:10B8A800EB0040011C0230025002790299024B0061
:10B8B8000D00AF00AD010102022B3BD114B123787A
:10B8C8000C2B09D102238DF8243073788DF8283099
:10B8D800002109A8FFF782FB002630460FB0BDE81B
:10B8E800F08304201DF05AFDAB88072B22D10CB33E
:10B8F8002378022B02D01A1F022A19D80123237099
:10B908003379DA1F092A1AD90A232B741D233946D9
:10B9180009A8237018232B7008238DF824302B6A6C
:10B928000D9302238DF82830FFF7D6FB0646D4E79F
:10B93800012BE5D02B7C002B00F0F286E6E7A37004
:10B9480003223368E362B3882386B37984F83230FC
:10B9580001232B70234603F82D2B0A93631D8DF8C2
:10B9680024200B9304F114032A6A0C930D92394690
:10B9780009A8FFF7B1FB0646012EAED1DAE7072B7F
:10B98800D8D1002CD6D023780D2BD3D1F17894F8C8
:10B998002F20C1F3C0038807C2F3C00203EA0203E1
:10B9A8007279C3F10703DBB204D11342ACD1B17988
:10B9B8000B42A9D194F8311022EA01021A42A3D10C
:10B9C80094F83210B27922EA01021A429CD13379F2
:10B9D800DA1F092A98D8627D9A4201D9062394E78A
:10B9E80033680E226360B3882381B379A37201237D
:10B9F8002B70234603F82D2B0322AEE7412B99D158
:10BA0800002C97D02378042B24D1E378D90791D53B
:10BA1800731CE269413653F8041BB34242F8041B15
:10BA2800F9D10B23002109A88DF824302B6A0D9336
:10BA3800E3690A93FFF7D2FA2378042B0ED1052382
:10BA4800237003232B7008238DF824302B6A0D9361
:10BA5800412314E20F2B7FF46DAFD9E7A37D012BAF
:10BA680002D81123237037E7032B14BF10231223A6
:10BA7800237048E0112B7FF45DAF002C3FF45AAFE0
:10BA88002378042B17D1E378DA073FF553AFA046A4
:10BA980006F1010958F8403B23F07E4303F0FF23E9
:10BAA800B3F5007F13D110224146484620F0FAFB37
:10BAB80068B9042329E7062B07D1E378DB07E6D426
:10BAC800A37D022B7FF436AFE1E7112BFAE7484656
:10BAD800113650F8043BB04248F8043BF9D161787C
:10BAE800012914BF122307232370E378D80711D53F
:10BAF8000129A27D40F02F86022A40F0278603F014
:10BB08003E03022B09D104232B700C238DF824301B
:10BB18002B6A67E0012940F02186052358E0112BA4
:10BB28007FF408AF002C3FF405AF2378082B02D030
:10BB3800132B7FF4FFAE04F17002711C113610460E
:10BB480051F804EBB14240F804EBF9D1082B14BFCB
:10BB5800142309232370E378D9071FD5A67D022E65
:10BB680004D06178022935D1012E30D8022ED4E9CB
:10BB780006010BD1666BC3F34403D6F800C0013B42
:10BB88002CFA03FC0CF0010C4CF0800C1346CDF899
:10BB980000C0024605A8FFF7D9FC0BE0A36A05A878
:10BBA8000293636A0193231D009304F12C03616BD4
:10BBB800FFF702FB102205A904F1400020F072FBF8
:10BBC80000287FF476AF2378092B00F0C8850A2374
:10BBD8002B70CDE1032E2B6A06D104222A700C2289
:10BBE8008DF824200D93C2E609222A7008228DF8C8
:10BBF80024200D93112342E1112B7FF49BAE002CDE
:10BC08003FF498AE23780A2B13D1E278D2077FF558
:10BC180091AE04F14008721C1136414652F8040BEB
:10BC2800B24241F8040BF9D10A2B06D10B23237039
:10BC3800CEE7152B7FF47EAEEBE72346162204F100
:10BC4800500105A803F8602B626A0392A26A029267
:10BC5800621D0192626B009204F17002FFF74CFDC5
:10BC6800102205A9404620F01DFB0646002840F09A
:10BC7800168320463146FFF793F9A378206AC3F16B
:10BC88001002184420F01EFB0F232B7006230A967F
:10BC98008DF824302B6A0D93A3788DF82C3066E646
:10BCA800022B7FF447AE002C3FF444AE23781A1FD2
:10BCB800032A03D90E3B032B3FF63CAEA37D022B90
:10BCC8007FF438AE0846FFF7DFF90E238DF82430ED
:10BCD8002B6A0D93F9E5022B7FF42CAE002C3FF470
:10BCE80029AE2378012B7FF625AE0C2B3FF422AE2C
:10BCF80004238DF8283073788DF829301AE6112B33
:10BD08007FF418AE002C3FF415AE2378172B7FF480
:10BD180011AE62781421636A971E7A427A4101FB58
:10BD28000232731C1136926953F8041BB34242F86D
:10BD3800041BF9D1286AFFF7A7F9182392E60B2B01
:10BD48007FF4F8AD002C3FF4F5AD2378182B7FF481
:10BD5800F1AD62781421636A901E4242424101FBB0
:10BD68000233B6F801201B691A806278636A941E50
:10BD78006242624101FB02335A69D6F8033013600C
:10BD8800D6F807305360286AFFF77EF917231FE7B4
:10BD9800112B7FF4CFAD002C3FF4CCAD2378192BB9
:10BDA8007FF4C8AD6278636A911E4A424A41142101
:10BDB80001FB0232731C1136D26953F8041BB342DB
:10BDC80042F8041BF9D1286AFFF75EF91A2349E6FD
:10BDD800082B7FF4AFAD002C3FF4ACAD23781A2BC1
:10BDE8007FF4A8AD636A71781A7861F347021A7014
:10BDF800D6F80220636AC3F80120F288A3F8052068
:10BE0800C1E70B78012B7FF495AD4B6804F1140260
:10BE180003F1180153F8040B8B4242F8040BF9D1D3
:10BE2800E27994F82F10C2F3C003C1F3C0010B40AC
:10BE3800E17863F30001237DE170002B7FF465ADA9
:10BE4800217803291ED1607DA17888423FF6C6ADCE
:10BE580063F3471202212046E271627A217163F38B
:10BE680007126272A27A63F30712A272FFF798F8B8
:10BE7800082329708DF824302B6A0D9307238DF839
:10BE8800283074E5E378DB077FF547AED9E50B7812
:10BE9800052B7FF44FAD07228DF82430036AADF8E7
:10BEA80028209DF830200D9322F001028B688DF830
:10BEB80030200B9362681A6022899A80A27A9A715C
:10BEC8000423237004E50B78052B7FF433AD8DF83C
:10BED80024300C22036AD1E901010D930AAB83E8EF
:10BEE80003004123ADF828309DF8303023F00103DA
:10BEF8008DF830300A70BA68A369013203F1400145
:10BF080053F8040B8B4242F8040BF9D1002109A81D
:10BF1800FFF764F8E378012262F34503E3702378BE
:10BF2800052B09D1A37D934201D80723A0E5032B54
:10BF380040F03481082395E50F2393E50B78072B10
:10BF48007FF4F8AC0B79002B7FF4DFAC8B68E363EC
:10BF5800E3E5102104F160001BF06EF9636BF3B99F
:10BF6800A37D012B06D807232B70AD4BC4E90D33F5
:10BF78000326B2E406232B700423C7E50B78022BB3
:10BF88007FF4D8AC0B79002B7FF4BFACA37D022BD8
:10BF980007D18B68002B3FF4CDAC6363A363072301
:10BFA80016E6032BFBD16178A379012994F82E209A
:10BFB8001EBF194613460A46012A0DD1BA68002A3F
:10BFC8003FF4B8AC6263E278D60707D5012B05D1F8
:10BFD800FB68002BE2D1ADE4914AF3E7904BDDE733
:10BFE800026A08230D92E2788DF82430D00709D52B
:10BFF8006278A37D022A01D1012B0CD9032B0CBF37
:10C00800092308232B7011238DF82830394609A8F5
:10C01800FEF7E4FFAFE40923F4E70B78052B7FF480
:10C0280089AC2278072A04F1600218BF4FF0110C7E
:10C0380084F800C08DF82430036A8E680D931123AC
:10C0480035460B96ADF828309DF8303023F00103C3
:10C058008DF83030032305F8013BE07810F0010F2C
:10C068001ED1A36A28460293636A0193231D009395
:10C0780004F12C03616BFFF79FF8236823F07E43DC
:10C0880003F0FF23B3F5007F7FF422AC2846403449
:10C09800113650F8043BB04244F8043BF9D117E498
:10C0A800A37D022B05BF636BC0F3440000231B680C
:10C0B80004BF00F1FF30C340284608BF03F0010366
:10C0C800D4E9061708BF43F08003009313463A46A5
:10C0D800FFF73CFAD1E70B78052B7FF42BAC112244
:10C0E8008DF82430036AADF828209DF830200D9390
:10C0F80022F001028B6804F170018DF830200422CF
:10C108000B9303F8012B04F1600252F8040B8A42E6
:10C1180043F8040BF9D1002109A8FEF75FFF237843
:10C12800092B01D10A2382E513239BE4E378D9077D
:10C1380039D5A27D012A24D16378012B04F170033B
:10C14800D4E9061004F1600411D100260A460094CF
:10C1580001460AA8FFF71FFB0D23002109A88DF847
:10C1680024302B6A0D93FEF739FFFFF7B6BB024662
:10C1780000930AA82346FFF70EFB0B2303262B7018
:10C18800EAE7022A0FD1C3F34402132A0BD801327B
:10C1980062F34503E3706378012B01D1062361E460
:10C1A80010232370B9E4236823F07E4303F0FF23B0
:10C1B800B3F1012F3FF490AB0B2309E5E378DA07DD
:10C1C80004D5A37D012B29D10C23D4E60F2304F138
:10C1D800700205AE037004F160006378616B012B97
:10C1E8000CD113460246304600F0C0FAA078002170
:10C1F800C0F11002304420F065F847E503463046A8
:10C2080000F0B4FA2046FEF7CBFEEFE70B78022BDE
:10C218007FF490AB0B79002B7FF477AB0D23D7E439
:10C22800D0CD0500637804F17006D4F828C004F175
:10C238006008012B216AE26B04F150090CBF4046EB
:10C248003046CDF808C008BF3346D4F824C018BF1C
:10C258004346CDE9000C4846FFF79EF96378012B69
:10C2680020D1A3780021206AC3F11002184420F0DD
:10C2780029F8A36A32464946039305A8636A0293DC
:10C2880004F12D030193636B00934346FFF734FADF
:10C29800102205A904F1400020F004F810B10B2386
:10C2A800FFF733BB0E235AE20B78052B7FF442AB22
:10C2B8008DF8243004F1700E036A04F16002886876
:10C2C80004F150010D9311230B90ADF828309DF81F
:10C2D800303023F001038DF830300D2300F8013B96
:10C2E80094F801C0D4F83880BCF1010FD4E90936BC
:10C2F8000FBF04F1050C04F12D0C9946334618BF05
:10C308004E46CDE9008CCDE902637346FFF7F4F998
:10C31800002109A8FEF762FE6378012B09D10F23DB
:10C328002B7006238DF824302B6A0D9300230A9373
:10C33800B2E41523FFF796BB0B78032B7FF4FAAA18
:10C34800E379DB0740F1A381102303700723FFF78C
:10C35800DDBB0B78042B7FF4EDAA0B1D04F114024E
:10C36800183753F8041BBB4242F8041BF9D1636A1F
:10C37800228CA3F80920636AA278DA71636AE179EA
:10C388001A7A61F301021A72636A627A1A73636A2B
:10C39800A27A83F82020F9E41223E0E191F80080E2
:10C3A800B8F1050F7FF4C6AA8B68142608214361EB
:10C3B8006278636A023A18BF012206FB02335869A1
:10C3C8001AF03AFF6278636A04A8023AE16918BF72
:10C3D800012206FB02335A6900F0DCF96078626AD0
:10C3E8000223023804A918BF012006FB00200932E5
:10C3F80000691BF032FE626AB04B0DEB0600093291
:10C40800A169FEF797FF6278636A0DEB0601023AAD
:10C4180018BF012206FB0233A27898691FF0A0FF1B
:10C428006278636A0021023AA07818BF012206FBED
:10C438000233C0F110029B6918441FF043FF112218
:10C448002B6AADF828209DF830200D9322F00102C8
:10C458006B698DF824808DF8302006220B9303F841
:10C46800012B6178626A023918BF012106FB01229B
:10C47800926902F1100152F8040B8A4243F8040B46
:10C48800F9D1002109A8FEF7A9FD00236B61132348
:10C498002B7008238DF824302B6A0D930B23EEE4C0
:10C4A8000B78052B7FF446AA8DF82430036A1420F4
:10C4B80089680D930B230B91ADF8283007230B7077
:10C4C8006278636A023A18BF012200FB02331B69D3
:10C4D8001B88A1F801306278636A023A18BF01220A
:10C4E80000FB02335A691368C1F803305368C1F876
:10C4F800073023781C2B08D11A232B709DF8303075
:10C5080043F001038DF8303080E51723002109A896
:10C518002B709DF8303023F001038DF83030FEF792
:10C528005DFD25E515231AE10B78052B7FF402AA9A
:10C5380011228DF82430036A1420ADF828209DF8C4
:10C5480030200D9322F001028B688DF830200822EC
:10C558000B9303F8012B6178626A023918BF012135
:10C5680000FB0122D26902F1100152F8040B8A4241
:10C5780043F8040BF9D1002109A8FEF72FFD162373
:10C588002A6A2B7008230D928DF8243077E40B78F3
:10C59800052B7FF4CFA98DF824300822036AADF863
:10C5A800282009220D938B680B931A706269127800
:10C5B800C2F346025A706269D2F80110C3F8021039
:10C5C800B2F80520DA8094E7667804F1040CE37881
:10C5D800022E03F001030CBF01210021C3F1070360
:10C5E80018BF012201F1050808BF00221CF8080045
:10C5F80002F1050E18400CF808001CF80E8003EA3A
:10C6080008030CF80E30002840F09C801B2626708A
:10C61800002B3CD013F0010808D02244567A26F0AB
:10C6280001065672112203262A7002E09E071BD4C7
:10C6380001266278022A00D053B921444A7A12F0BE
:10C64800010818D022F001024A721722002622702F
:10C658001CF80E2002437FF48FA9002B3FF48CA90D
:10C668001C232370FFF788B92244567A68F34106E1
:10C6780056721422D7E712F0020FE9D068F341028C
:10C688004A721922E2E70B78062B7FF453A91B2381
:10C69800FFF79EBA2378012B3FF44CA90C2B3FF4EB
:10C6A80049A90923002102268DF82430036A09A824
:10C6B8000D93FEF793FCFFF710B900BF00CE0500FD
:10C6C8000A78052A1AD1036A8DF824200D938B68FD
:10C6D8000221ADF828109DF830100B9341F00101AC
:10C6E8008DF8301039461A70027C09A85A70FEF786
:10C6F80075FC192306462B70FFF73EB906230B700D
:10C708001923FFF765BA01238DF82430036A0D93C6
:10C7180003238DF82830037C8DF829300023037417
:10C728009DF8243063B10026002109A8FEF756FCC5
:10C73800002C3FF4D2A8204600F050F8FFF7CDB8FF
:10C748000126F5E7012E3FF465AF71E7012A3FF6B0
:10C75800E4A9FFF7D8B9012A7FF6D5A909232B70D8
:10C7680008238DF824302B6AFFF743BA7FB50646B5
:10C778000D4618686C46596803C41068234651680A
:10C78800324603C30323694628461FF034FC04B02D
:10C7980070BD000030B5154685B0074A04466846A6
:10C7A80002F130033232FEF7C5FD2A4669462046BB
:10C7B800FEF7D4FD05B030BDD0CD050070470000B0
:10C7C80010B40446034B0846034A214610BCFEF742
:10C7D800B1BD00BF00CE05001BCE05004378012B7C
:08C7E80018BF0C230370704719
:10C800002CFFFFFFDBE5B151002402000D31FFFFDB
:10C81000910000008196980075A7B53A3CDD4A80EA
:0CC820000BC04E1D23D7EEC1ACAF9569D4
:10C82C0091750600E97806004D7A0600797A0600C3
:10C83C00BB7A0600F97A0600337B0600637B0600A0
:10C84C00997B0600F97B06008D76060009D1050060
:10C85C0099FA0500F9FA050021FB050071FB0500AA
:10C86C0005FC05007DFD050085FE0500C1FE0500EB
:10C87C00B50206005903060099030600750406006C
:10C88C00950406006D0E0600A10E0600A50D06000F
:10C89C00090E0600DD0E06006D0F0600FD1F0600DA
:10C8AC0039220600652606009D270600552806003D
:10C8BC00CD2806003B290600812A06000D2B060018
:10C8CC00772B0600C10406001D060600490606006B
:10C8DC000108060021090600990906000DD1050082
:10C8EC00AD0A0600CF0A0600A1080600DD08060006
:10C8FC00010906000DD105000DD105008D080600BB
:10C90C000DD105000DD105000DD105000DD105008F
:10C91C000DD105000DD1050009D1050009D1050087
:10C92C0009D1050031380600BD380600DD38060097
:10C93C00FF380600813A0600293906003539060011
:10C94C00793906009D390600653A0600AB3A0600B7
:10C95C0009D10500CF500600E7500600ED50060047
:10C96C0029510600595106002D520600AD52060001
:10C97C00C952060029530600795406004556060094
:10C98C00715706008D570600455A060009D105005F
:10C99C0009D105000DD105000DD105000DD1050003
:10C9AC000DD105000DD10500FF0102001001100191
:10C9BC003A0200001A020C010200000011000300F0
:10C9CC000300070008000330030003000D00000003
:10C9DC0005000F000F0003000F00060007000F00FA
:10C9EC0004000500070007000C0003000F000700FF
:10C9FC000F00030003000300030003000300030007
:10CA0C000300030003000300030003000300030002
:10CA1C0003000300030003000300030003000300F2
:10CA2C0003000300030003000300030003000300E2
:10CA3C0003000300030003000300030003000300D2
:10CA4C0003000300030003000300030003000300C2
:10CA5C0003000300030003000300030003000300B2
:10CA6C0003000300030003000300030003000300A2
:10CA7C000300030003000300030003000300030092
:10CA8C000300030003000300030003000300030082
:10CA9C000300030003000300030003000300030072
:10CAAC000300030003000300030003000300030062
:10CABC000300030003000300030003000300030052
:10CACC000300030003000300030003000300030042
:10CADC0003000300030004000300030002300011F4
:10CAEC000003030708080D0004050600F8010020E8
:10CAFC000200000B0406080A0C0E10121416181C67
:10CB0C001E20222426282A2C2E30323436383A3C49
:10CB1C003E40424446484A4C4E021A500000000027
:10CB2C00280000001800000000000000F0230000A6
:10CB3C002413000000000000400600004006000026
:10CB4C00000098086B03000000000000F0230000B8
:10CB5C00241300000000000048A3000014A00000F3
:10CB6C00000040060C030000800000200200000BB7
:10CB7C005E0200200200000CC20200200200000B2A
:10CB8C00C20200200100000CC00200200100000CB9
:10CB9C00577D06002DF40500F92E0600D957060026
:10CBAC00096F060000000000FFFFFFFF0000FFFF01
:10CBBC00000003000230030003000F000F0004000C
:10CBCC000D00130003000300080003000300030022
:10CBDC00030006000700030003000300030003002A
:10CBEC0003000300073003000300030007000300E9
:10CBFC000300030003000300030003000300030011
:10CC0C000300030003000300030003000300030000
:10CC1C0007000300030003000300030003000300EC
:10CC2C0003000300110003000D00030003000300C8
:10CC3C00030003000430030003000900AD6E06007E
:10CC4C0019730600AD6E0600AD6E0600AD6E0600E3
:10CC5C00AD6E0600AD6E06002F5006000F5006009C
:10CC6C007F500600A13706006337060083370600A5
:10CC7C00277F0600577E0600211906009F500600EC
:10CC8C0000000000C3500600EF3706000000000053
:10CC9C00000000000000000000000000AD190600BC
:10CCAC0001020203032526270000002800000020B3
:10CCBC000101000207000000010000001027000025
:10CCCC00102700000100010000010100000100011B
:10CCDC00000001000100000001000B0002000A002E
:10CCEC00050009000A000800140007001E000600D9
:10CCFC00320005004B0004006400030096000200A3
:10CD0C00FA000100F4010000F401FA00960064003E
:10CD1C004B0032001E0014000A0005000200010046
:10CD2C000C0802170D01010209090101060209187C
:10CD3C0018030101090903038503020123020224DC
:10CD4C000910040405050B0B040B2B1B1B159A9ADD
:10CD5C001C021D16130501490D150508061B1B0F9A
:10CD6C0001010000FEFEFEFEFEFEFEFEFEFEFEFECD
:10CD7C00FEFEFEFEFEFEFEFEFE16FEFEFEFEFEFEAF
:10CD8C00FEFEFEFEFE1F1FFEFE26FEFEFEFEFEFE4D
:10CD9C00FEFEFEFEFEFEFEFEFEFEFEFE3E3EFEFE27
:10CDAC00FEFE3B3BA201B003BE05EE024806A20903
:10CDBC00C405F40B241201011B001B000302080123
:10CDCC001F00030000000000000000000000000035
:10CDDC0000000000870000000000000000000000C0
:10CDEC0000000000BE83605ADB0B376038A5F5AA43
:10CDFC009183886C0000030011B8050091B3050005
:10CE0C0000000001020603040500000007000001F9
:10CE1C0000FB349B5F8000008000100000000000CD
:10CE2C00000000005983070059830700598307004D
:10CE3C00598307005983070059830700598307005A
:10CE4C005983070059830700FD86070059830700A3
:10CE5C0059830700598307004D8907005B89070038
:10CE6C0069890700ED8D0700498B0700598307007E
:10CE7C005983070059830700818B0700CD8B07006E
:10CE8C00598307005983070059830700598307000A
:10CE9C00F18B07000D8C07002D8C070059830700C0
:10CEAC00598307007989070091890700A189070038
:10CEBC00B5890700978A0700718A0700D98907008E
:10CECC00158A0700258A070085830700C989070092
:10CEDC0059830700598307005983070059830700BA
:10CEEC00218E07001103030303030303030303034E
:10CEFC00030703030303030303030F0703030303E2
:10CF0C000303030303050F0000E5105004E5105064
:10CF1C0000100200DC0504008A000000E50000009F
:10CF2C0085000000D70000004B0000001C00000032
:10CF3C00FA00F401960064004B0032001E0014004D
:10CF4C000A000500020001000000000000000101C1
:10CF5C0001010101010101010101020202020202AF
:10CF6C00030304040505060607070808090A0B0C49
:10CF7C000D0E0F101112131415161718191A1B0079
:10CF8C0010010000D200000030010000D8000000A9
:10CF9C0001000000E400000002000000EA000000B4
:10CFAC0002000000EC00000003000000EE00000096
:10CFBC0004000000F000000005000000F20000007A
:10CFCC0006000000F400000007000000F60000005E
:10CFDC0008000000F700000009000000F800000045
:10CFEC000A000000F90000000B000000FA0000002D
:10CFFC000D000000FB0000000F000000FC00000012
:10D00C0011000000FD00000013000000FE000000F5
:10D01C0015000000FF0000001800000000000000D8
:10D02C001B000000010000001F00000002000000B7
:10D03C002300000003000000280000000400000092
:10D04C002D00000005000000330000000600000069
:10D05C0039000000070000003F000000080000003D
:10D06C0000100200FA0000006E5246357800FFFFF7
:10D07C00FFFF1F0075A7B53A3CDD4A800BC04E1D63
:10D08C0023D7EEC1ACAF9569002F6A656E6B696EE4
:10D09C00735F776F726B73706163652F776F726BF1
:10D0AC0073706163652F646F776E73747265616DF5
:10D0BC005F746573745F626C655F7364635F505219
:10D0CC002D31373932332F647261676F6F6E2F6D6C
:10D0DC0070736C2F6C6962732F73636865642F7344
:10D0EC0072632F73636865645F68616C5F74696DEC
:0CD0FC0065725F677274632E63000000B1
:10D1080001207047062070470AF010B90AF036B9B6
:10D1180038B50E4B0C461B7873B9602801D06A28C5
:10D1280010D160380A4B53F82050D4E90223D4E9CF
:10D138000001A847206038BDA0F16003612BF0D939
:10D148000120F7E743F20100F4E700BF7004002074
:10D158002CC80500054B984205D3054B98422CBFB7
:10D168000020012070470020704700BF00A805007C
:10D1780000CC070008B50246FFF7ECFF0B4B196817
:10D188000B4B99420AD178B90A4B9A4205D30A4BFC
:10D19800186882422CBF0020012008BD20B9054B29
:10D1A8009A42FAD30548F4E70120F6E7BC0B0020C1
:10D1B800BEBAFECA80000020840000208000002043
:10D1C8000A4B1A680A4B9A420BD10A4B1B688342D6
:10D1D8000AD8094B98422CBF0020012080F001009A
:10D1E8007047064B9842F4D20020F7E7BC0B0020AA
:10D1F800BEBAFECA84000020008001208000002002
:10D2080008B1FFF7DDBF704708B1FFF7B3BF70473C
:10D21800FFF77ABFFFF77ABFFFF77ABF704738B5D5
:10D2280004460D4600F02AFB29462046BDE8384052
:10D2380001F086BB38B510220D46002104461FF0C8
:10D2480041F81723258163810A23A37338BD4FF65C
:10D25800FF730B80014602201CF0A0B870470089BC
:10D268007047837B03F00303022B1BBF83890020D5
:10D2780005200B807047837B9B0748BF81817047DF
:10D28800837B5B0700D509B1408970471720704739
:10D29800837B61F3C30383737047008820F40070B5
:10D2A80020F00100C004C00C003818BF01207047EE
:10D2B800827B034610B512F001040CD14181FFF7BF
:10D2C800ECFF10B142F004029A739A7B42F001021B
:10D2D8009A73204610BD0524FBE700002DE9F341B1
:10D2E800044607781546012062680E4600FA07F7DB
:10D2F8004FF6FF71138827F408578B42BFB200F02E
:10D308001F811FB141F6FE510B4247D13B431380A9
:10D31800002D00F0178100232B702278511E0C2954
:10D3280000F2FE80DFE811F00D003D0048006500C6
:10D3380081008C0096006500A800AC00C700E100E1
:10D34800EA0063689A7B900740F1F4802289162AE4
:10D3580040F2EE8019899142C0F0EA809989162935
:10D3680002D9914240F0E48029780220A5F80120F2
:10D3780060F305012970032131809A819A7B22F09C
:10D3880002029A73002F00F0D9806F4A0220618848
:10D398001BF0C8FF6368227800209A7002B0BDE8CD
:10D3A800F08104232B702389A5F801306389A5F83F
:10D3B800033005233380E5E7B4F81080338808F19B
:10D3C80007081FFA88F84345C0F0B2800623E81D15
:10D3D8002B702389228AA5F8013063896169A5F831
:10D3E8000330A389A5F805301EF0BAFFA6F800801F
:10D3F800C8E7082A0DF1070104F10C0014BF08233F
:10D4080010232B702389A5F801306389A5F8033010
:10D418000523EA1833801AF0E3FE002840F08880DC
:10D428009DF8073032881344C4E70A232B702389F8
:10D43800A5F8013003233380636822899A80A1E725
:10D448000C232B702389A5F801306389A5F80330D4
:10D458000523F0E722893388520002F101081FFAF8
:10D4680088F8434564D3B8F1040F61D928460E23E0
:10D4780000F8013BE168B7E72B7843F040032B70D5
:10D488006289338802F103081FFA88F843454FD3AD
:10D498002B781221E81C61F30503E1682B702389BE
:10D4A800A5F801301EF05CFFA6F800802B7859061D
:10D4B8003FF568AFC0E7A289338802F105081FFA73
:10D4C80088F8434534D32B781621681D61F305038A
:10D4D80021692B702389A5F801306389A5F80330E9
:10D4E8001EF03EFFA6F80080A6E72B78182262F30C
:10D4F80005032B70237A6B7002235BE763681A8835
:10D50800920417D5DA8823899A4215D11E232B70E5
:10D51800012362683380138823F40053138031E7B2
:10D52800032033806268138823EA0703138035E7F2
:10D538000420F7E70520F5E70620F3E73846F1E78A
:10D5480009202BE7042029E780C3C9012DE9F0430E
:10D5580092F8009085B007461E4609F03F080C4631
:10D56800002900F0878118F0010F40D0B8F1190F99
:10D5780094BF002101213046FFF782FEA042C0F08F
:10D58800798135884FF6FF739D4200F0738119F059
:10D59800400340F071815FEAD91940F06D81ADF820
:10D5A8000030B8F11F0F00F26381DFE818F05F0167
:10D5B8002200610198006101A7006101C8006101B2
:10D5C800DB006101EB006101F7006101FB00610113
:10D5D800040161010E01610161016101170161012D
:10D5E8002F0161013E016101370161015F010121E4
:10D5F800C1E7052C40F03A8102238DF80030B3785A
:10D608008DF804309378D17843EA0123ADF80630D9
:10D6180013798DF80130537803F03F03023B162B42
:10D6280000F22481DFE813F0170022013D002201F7
:10D638004000220143002201460022014900220144
:10D648004C0022014F002201520022012201220136
:10D6580055002201580015F0020F00F007816946B5
:10D66800384605F0D5FF044668B9B8F11B0F0AD053
:10D67800B8F11D0F07D0394602201BF08FFE338802
:10D6880003F400533380B37B5A0706D53046FFF7BF
:10D6980004FE10B960F38203B373204605B0BDE8F9
:10D6A800F08315F0040FD8E715F0080FD5E715F04B
:10D6B800100FD2E715F0200FCFE715F0400FCCE799
:10D6C80015F0800FC9E715F4807FC6E715F4806F61
:10D6D800C3E715F4006FC0E715F4805FBDE7AB073B
:10D6E80040F1C480032C40F0C18053788DF800408D
:10D6F800927843EA0223ADF80430B0E76D0740F1B1
:10D70800B580052C40F2B2805178012915D0022944
:10D7180040F0AC801023023C042002338DF8041042
:10D72800A4B28DF80000B4FBF3F14B43ADF806103A
:10D738009C4240F09B80023212E00223EBE728076C
:10D7480040F19480013C0521A3B2C4F38D048DF807
:10D758000010B3EB840FADF8044040F0878001322D
:10D7680002927CE7E90640F18180012C7ED00623F5
:10D778008DF800305378012B78D9023C8DF80430AD
:10D78800A4B2D0E7AB0671D50723013C8DF8003071
:10D79800B388ADF80640ADF80430E0E76D0665D50E
:10D7A8000823F2E7280661D50923013C8DF80030EB
:10D7B800ADF80440D3E7E90558D5012C56D00A2323
:10D7C8008DF800305378032BD6E76A054ED5012C27
:10D7D8004CD10B238DF80030B3888CE72B0545D549
:10D7E800042C43D90C23053C05328DF80030B3884E
:10D7F800ADF8043012F8023C12F8011CADF80840EC
:10D8080043EA01230392ADF8063028E7ED042DD54D
:10D81800012C2BD10D238DF8003020E7A80425D446
:10D828005378917843EA0123F380B37B19071DD518
:10D83800022C1BD9B8F11B0FA4F1030402F1030257
:10D848000DBF0E230F2345F400558DF800301CBF83
:10D858008DF80030358012F8023C12F8011CADF842
:10D86800064043EA0123ADF8043079E707240AE7C4
:10D87800082408E7072410E708240EE702281FB544
:10D888000B4606D10122694698B28DF8002005F0B2
:10D89800BFFE05B05DF804FB0B8810B5048F9C42F1
:10D8A8000CD9406BC418C05A40B1A0880633C0F3E5
:10D8B8000E00034400200B80146010BD0A20FCE712
:10D8C8001FB54B6B0C464BB10B2201938DF8002012
:10D8D8000A8F6946ADF8082006F080FB00236363D1
:10D8E800A3F58033A36304B010BD00002DE9F04F09
:10D8F80091464A6B87B006460D460AB9002487E070
:10D90800012BFBD10023474FADF80E3005AA0DF1CE
:10D918000E012846FFF7C0FF024608B10A244AE074
:10D92800059BB3F904100029F0DB1B8830461099D9
:10D938001FFA83FA0B8004AB5146CDE900234FF45C
:10D948000073FDF7F3F90446A8BBBDF80E30834613
:10D95800ADF81230DDF81480B8F800309A4515D1CA
:10D96800B8F8042093B2120410D4B8F8022043F493
:10D97800804351463046CDE900BB01F0CEF804465D
:10D9880068B9B8F804303B43A8F8043005AA0DF18B
:10D9980012012846FFF780FF0028DBD00A24059BE8
:10D9A800002230461988BDF81030CDE9002201F078
:10D9B800B4F80A2CAAD00023ADF80E3005AA0DF150
:10D9C8000E012846FFF768FF30B30A2C20D1B9F1C1
:10D9D800000F93D00023ADF8123005AA0DF1120103
:10D9E8002846FFF759FF002888D1059C109A2388FC
:10D9F8001380A388628834F8061BCDE900403046BE
:10DA080001F08BF804460028E7D00A283FF476AFE7
:10DA1800204607B0BDE8F08F059A9388C3F30E033C
:10DA28009380CBE70080FFFF2DE9FF470D460646B0
:10DA380017469DF83810002228469846DDE90C9ACA
:10DA480001F055F8832804461DD104230DF1060280
:10DA5800294630468DF800300023ADF80450FDF714
:10DA680071FAC7F3090369463046ADF80A80ADF884
:10DA7800083006F0B3FA022801D030B181242046DC
:10DA880004B0BDE8F0870028F9D143463A46294654
:10DA98003046CDE90C9A04B0BDE8F047FDF746B929
:10DAA8002DE9FF470D46064690469DF834100122A1
:10DAB80028461F46DDF830909DF838A001F017F889
:10DAC800832804461ED100230DF10602294630465C
:10DAD8008DF800A0ADF80450FDF734FAC7F30D0334
:10DAE80069463046ADF80880ADF80A30CDF80C909C
:10DAF80006F074FA022801D030B18124204604B01F
:10DB0800BDE8F0870028F9D117F4004F4FF0000462
:10DB1800F4D13B46424629463046CDE90C9404B040
:10DB2800BDE8F04700F0F9BFF8B5566B15464EB39F
:10DB380005386B8F82B24FF6FF7083421BBFF01817
:10DB480006330024848818BFE4182B8F18BFA4B2AA
:10DB5800A71807F10800984216D8B1F80130301913
:10DB680005313353063031F8023C20F8022C20F8F6
:10DB7800043C1EF0F5FB6B6B00206C873B449871EE
:10DB8800D871F8BD8320FCE70920FAE72DE9F04FAA
:10DB9800082B91B08A469946BDF868B01E9E04903D
:10DBA8000792DDE91B1859D10B880922022743F097
:10DBB80010030B803D463270022498F8003006931B
:10DBC8000A2388F800300AF1180318460893FDF76D
:10DBD80079F9022F0CBFFD23FB230593C7F1FF033F
:10DBE8009BB209930BAB0498DDE9072100F0EEFE28
:10DBF80000285AD11D9B1B881B1BAB4255DBB9F172
:10DC0800100F06D1022C1FBFA31CBDF82C205B1BD4
:10DC1800F252BDF82E101D9B31531B88059ADB1B51
:10DC28001B1B9BB29A42099AB8BF1346594534D96F
:10DC3800079A049802920DF12A0201923A19324485
:10DC480000920022FFF7F0FE88F8000000283ED07E
:10DC5800832839D1022011B0BDE8F08FDAF81C30E2
:10DC68009878012815D11A88A2F5205292B2012A73
:10DC78000FD84FF420529871987204279A8042F670
:10DC880001021A8100229A7311220B8843F02003A3
:10DC98008FE7102388F8003009E00AD1069A42B1CC
:10DCA800134688F80020AAF818B0022C24D10020C6
:10DCB800D1E70DF12A02049801923A1932440092F0
:10DCC8000022FDF733F8BFE7BDF82EB0EBE7BDF84B
:10DCD8002A20022C07EB0205EDB203D175702C4403
:10DCE800A4B27FE77378AB4205D1BDF838109142F2
:10DCF800F5D0FF2DF3D01D46B9F1100F01BFA31CBD
:10DD0800BDF82C205B1BF2521D9B1C800023C1E731
:10DD18000B46002110B51846144644221EF0D2FACC
:10DD280000F108028487C2614FF6FF72428717220A
:10DD3800C2870A2280F8422010BD4FF6FF730B807D
:10DD4800014603201BF02ABB10B50C46FFF7B8FDAF
:10DD58000023E362236310BD808F704790F8423040
:10DD6800024613F002000ABF538806200B80704752
:10DD780090F842309B0748BFA0F84010704790F8D1
:10DD880042305B0700D509B1C08F70471720704734
:10DD980090F8423061F3C30380F84230704703883B
:10DDA800C3F3C00013F0F00F18BF40F00200DA050B
:10DDB80048BF40F00400990548BF40F008005A05E4
:10DDC80048BF40F010001B0548BF40F020007047D6
:10DDD80070B590F84250044615F0010611D1C1877C
:10DDE800FFF7DDFF10F03E0F1CBF45F0040584F877
:10DDF800425094F8423043F0010384F842303046F0
:10DE080070BD0626FBE72DE9F04F924695B01A78CB
:10DE180081461D46209C02F03F0B0E46DDE91E8719
:10DE2800C9B11BF0010F19D0BBF1190F94BF002124
:10DE380001212046FFF7A3FFB0420CD312F04003A4
:10DE48000ED1BBF11E0F0ED0218801F47F6111B9EC
:10DE5800B8F8001039B94FF0040ACCE00121E8E71E
:10DE6800BBF1120FF7D1D209F5D10022ABF10201B3
:10DE78008DF82620ADF82820ADF82A201C2900F2BC
:10DE8800F582DFE811F01D00F3023A00F302C0004A
:10DE9800F3023401F3026E01F302AB01F302D8027C
:10DEA800F3023401F302D601F302F302F302200273
:10DEB800F3028A02F302F302F302F302F302DA0234
:10DEC80094F84230980701D5032E01D0042397E037
:10DED800B5F801304FF400620FA948466380ADF8E9
:10DEE8002A208DF83C60ADF8403006F077F882467D
:10DEF800BAF1000F40F0578167E0052EE6D1B5F87A
:10DF080001309AB22383ADF82830B5F8033099B2BE
:10DF18006383002A73D08A4271D80023A3722381B5
:10DF28004FF6FF73238404F1180318460693FCF791
:10DF3800C9FF0FAB524604F1180148463E7000F085
:10DF480045FD08B10A235BE09DF842300226012B0B
:10DF58001ABF02234FF0100B4FF0020B7B70002208
:10DF68000DF1270110A81AF03BF950BB9DF8273096
:10DF78005B4526D1BBF1020FB8F800300CBF032275
:10DF880011229B1B9A421CDABDF83E300BAA0DF1F8
:10DF9800270110A8BB5302361AF022F99DF8272052
:10DFA800B6B20BA90792B8191EF0DAF9079A0FABA7
:10DFB80006993244484696B2524600F007FD0028BA
:10DFC800CDD0022EBED0A8F800609DF8263053B1FF
:10DFD80001223A702A783B7105237A70BDF828200F
:10DFE8007A80A8F8003023884FF0000ABDF82A206C
:10DFF80023EA02032380504615B0BDE8F08F0123C1
:10E008008DF82630E1E7062E0B927FF65FAFB5F864
:10E01800013099B22383ADF82830B5F8033098B2AF
:10E02800638301230029EBD08142E9D8A3726B797D
:10E03800A979A27343EA01232381E3699878012827
:10E048000ED11988A1F5205189B2012908D84FF4B9
:10E05800205198719872998042F601019A7319813A
:10E06800EB1D073E636204F1180326840126184657
:10E078000693FCF727FF0723B3463B700023ADF850
:10E088003E300FAB52460699484600F09FFC28B92F
:10E09800B8F800200BF104039A4210D2BBF1010F2B
:10E0A8003FF450AFE3699B79012B04BFBDF83C30C6
:10E0B800ADF82E300B9BBB51A8F800B085E7BBF13B
:10E0C800010F0BD0E2699279012A04BFBDF83C2008
:10E0D800ADF82E200B9ABA510436B6B2BDF83E20E0
:10E0E8001FFA83FBADF82C20ADF82E20C9E7072EC8
:10E0F80002D0152E7FF4EAAEB5F801309AB2238328
:10E10800ADF82830B5F8033099B263830123002AAB
:10E118003FF476AF8A423FF673AF701FA3720023B5
:10E12800E269691DC0B22381A3731AF055F800286B
:10E138007FF408AF4FF6FF735246214623840DF152
:10E14800260302930DF12A03CDE90387CDE90003E5
:10E158005B464846FFF71AFD238B8246ADF8283008
:10E16800C6E6032E7FF4B2AEB5F8011040230FAA1D
:10E1780048462183ADF82A30B8F8003001927A1C5D
:10E18800013BADF82810009289B29BB20022CDF86D
:10E1980008A0FFF749FC8DF82600B8B183287FF462
:10E1A80014AF4FF0020ABDF82A20238813432380B6
:10E1B80093057FF520AF228F4FF6FE739A427FF4C6
:10E1C8001AAF4FF0030AE562268614E70B233B706B
:10E1D800BDF83C300133A8F80030F6E6052E7FF490
:10E1E80075AE8023ADF82A30B5F80130238399B293
:10E1F800B5F80300ADF8283082B22084B2F5007F6C
:10E2080001D90723FCE642F47C420FA82284B8F81F
:10E2180000300190781C013BCDF808A000904846DA
:10E228009BB2FFF701FC8DF826000028B6D10D231C
:10E23800CDE7022E04D8002B3FF448AE0023CAE7EE
:10E24800002BB5F801B0A6F1030305F103000CBFDC
:10E25800062205229BB200901FFA8BF148460793CD
:10E26800ADF828B00691CDE901A20022FFF718FC0D
:10E278002A78079B12F0400F8DF826000DD02388CE
:10E2880013F4807F4FF0000304D0228B06998A4252
:10E2980008BF63628DF826309DE7A0F183012384CF
:10E2A800EB1C4FF480724842A4F818B063624FF038
:10E2B80013034841ADF82A203B7001234FEA400A76
:10E2C800A8F8003014E6042E7FF600AEB5F801B0C9
:10E2D8004FF6FE73228F1FFA8BF1ADF828B00AB102
:10E2E8009A4226D10A222387731F48466FEA43437E
:10E2F800CDE901A26FEA53436A1D9BB20092B5F8BB
:10E308000320FFF7CDFB4FF4007383288DF8260018
:10E31800ADF82A300FD1224629463046FFF704FCD3
:10E328008DF8260010B183287FF44FAEA4F818B0FA
:10E3380037E70722D8E738BB224629463046FFF799
:10E34800F3FB8DF8260000287FF43FAE608FD4F8E9
:10E3580034C0B8F800E00CEB00018A88531D9BB26A
:10E368009E45C0F089803CF80060063131F8040C05
:10E37800A8F800301723A7F80300781D3B70A7F80A
:10E3880001601DF0EDFF20E6228F4FF6FE739A42E2
:10E398007FF41BAE0023238717E6022E69D195F878
:10E3A80001B0BBF1010F64D80AAB002221464846F0
:10E3B80000935B46FFF79AFA8DF8420038B9BBF133
:10E3C800010F20D0218F4FF6FF7291421BD0228F70
:10E3D800CAB14FF48062ADF82A200AAB2146012267
:10E3E800484600935B46FFF781FA06468DF82600FB
:10E3F80021464846FFF764FA002E7FF4E6AD19235C
:10E408003B700123E7E608220FA948468DF840B083
:10E418008DF83C2000228DF8432005F0DFFD4FF4F5
:10E42800806202288246ADF82A203FF47FAF002898
:10E438007FF4B9AED1E70623E2E523881A0718D599
:10E44800012E16D109230FA948468DF83C30E388E0
:10E45800ADF8403005F0C2FD4946824603201AF067
:10E468009DFF0823ADF82A30002329E7002B3FF44D
:10E478002DAD4FF0040A96E64FF0070A93E6000028
:10E488002DE9F04F8FB00D468046CDE906320B7866
:10E4980001224FF6FF7102FA03F323F47F63DDE9EB
:10E4A800187423F006039EB223888B42ADF82260CD
:10E4B80000F0DE8116B11B0700F1DC810022069B0B
:10E4C8003A70B3F800902B78ADF82490022B8DF8B1
:10E4D800212009D0032B3DD0012B40D0238823EAEB
:10E4E80006030726238053E01B233B7094F8423031
:10E4F8001807F3D50AAAA9F1030340460192FA1CAA
:10E508009BB200920022A988FCF710FC0028E5D1F4
:10E51800AB88A7F80130BDF828300333ADF82430B4
:10E528004FF00009BDF8226026F47F63002B00F04D
:10E538008E81AB4A414603201AF0F4FE2B782371F2
:10E5480023881E439DF821302680002B40F08381CC
:10E5580000261DE01D233B70AB88E380C6E72B79BE
:10E5680095F805B0022BB4F800A08DF821B061D061
:10E57800032B00F05381012BB0D10AF400622B89E0
:10E58800ADF82220002A00F04E81162B37D8052638
:10E59800258815F47F651CD1218ED1B1069B404694
:10E5A800079A1B88ADF8243009ABCDE901740093B4
:10E5B800E36AFFF728FC012306460AA98DF82830EC
:10E5C8004046E36A0B9305F009FD002818BF06468C
:10E5D800258694F842506B0709D52046FFF7DFFBE4
:10E5E80010F03E0004BF60F3820584F84250BDF885
:10E5F8002430069A138030460FB0BDE8F08FA28F02
:10E608009A42C4D3B4F84020162A01D99A42BED1FE
:10E6180039780322A7F8013062F30501ADF8242008
:10E628003970A4F8403094F8423023F0020384F89B
:10E63800423075E70AF4FE661AF0F00FADF8226072
:10E6480042D01AF0C00F03D02A89238B9A429ED158
:10E65800BBF1000F40F03C81AB7AD9070BD5CDF860
:10E6680004B040462B690093EB89AA89298900F0F8
:10E6780054FA00288BD1802E00F04B8100F2FC80E8
:10E68800202E04D0402E32D0102E7FF427AF09ABB5
:10E698001AF0100F0497214603930DF121030CBFC4
:10E6A8004FF010094FF0080902930DF12203079A61
:10E6B800404601932B8900934B46FFF767FA0646BD
:10E6C800002E3FF42FAF63E7B6F5807F00F0DF80C0
:10E6D8007FF604AFB6F5007F21D0B6F5806F7FF4E2
:10E6E800FDAE238BBBF1000F40F00E817BE00AAA40
:10E6F80009F1FF33404601927A1C9BB20092002236
:10E70800218BFCF713FB0B238DF821003B70BDF820
:10E7180028300133ADF824304FF00A0902E72B897D
:10E72800208B98427FF433AFD4F834A0BBF1000FAC
:10E7380038D1AB7A03F00103BAF1000F1ED0002BD9
:10E748007FF425AF608F0AEB00018A88531D9BB2C6
:10E758009945FFF4C3AE3AF80060063131F8040C6D
:10E76800ADF824301723A7F801603B70A7F8030021
:10E77800781D1DF0F5FD4FF01609D3E6002B3FF488
:10E7880006AFEA89531D9BB29945FFF4A7AEAE893F
:10E79800ADF82430172329693B70A7F80100A7F8C2
:10E7A8000360E5E7BAF1000FE5D000204FF6FF72ED
:10E7B800ADF82600638FBDF82660B34200D038B1AB
:10E7C80000210AF803109A448AF801106287D2E7F8
:10E7D8000AAA0DF126012046FFF75EF83246E9E75E
:10E7E80080C3C901238B04F11802DBB221464046DD
:10E7F80000920122FFF77AF88DF8210020B9192339
:10E808003B700123ADF824300026214640464FF0E6
:10E818001809FFF755F853E70526F6E70AF40073D9
:10E82800ADF822300BB9002658E6218F4FF6FE735B
:10E8380099421BD1AB684FF6FF7133B1A889636366
:10E84800208761871A705A7095E7218793E7238894
:10E8580023EA060676E6012287F801903A70228BB1
:10E868003B7105237A80ADF8243071E606268FE6E1
:10E878000826C0E61646BEE6B6F5007F3FF44FAF61
:10E88800B6F5806FAED0B6F5807F7FF427AE238BC8
:10E89800298999427FF47BAEBBF1000F15D1636AD9
:10E8A80073B1AB7ADA077FF572AECDF804B04046A3
:10E8B8002B690093EB89AA8900F02FF98DF82100C4
:10E8C80013233B700123ADF824304FF0120929E6D9
:10E8D800B6F5807FDBD00ED8402E3FF41DAF04D8AC
:10E8E800102E3FF4D4AE202ECFE6802E7FF4F6AD66
:10E8F8004FF00C0916E6B6F5007F3FF410AFB6F5F9
:10E90800806F7FF4EBAD238B002B85D02B8923837D
:10E918007AE70AAA09F1FF33404601927A1C9BB2B2
:10E928000092228C218BFCF701FA0D238DF821002F
:10E938003B70BDF828300133ADF82430D8E700BF6C
:10E9480003281FB50B4606D10222694698B28DF8F6
:10E95800002005F043FB05B05DF804FB406B003870
:10E9680018BF012070470346887810B580B11A781F
:10E97800904201D1088858B18878043148B1824260
:10E98800FAD1B3F8014031F8040C8442F4D10020E4
:10E9980010BD8120FCE7000038B5FCF723F90A4ACE
:10E9A8000B30938898420DDAD1880C2310684B43BA
:10E9B8000131C45CC518D18024F00404C45400207B
:10E9C800287338BD8420FCE7080100202DE9F04FAA
:10E9D800D1F804A04FF6FF7B87B01F46A3F800B01C
:10E9E8004FF000089AF802300E460C8A8DF8123063
:10E9F800BAF800300190ADF810300B8802929C42B2
:10EA08008DF8168038BF1C460C822046FBF7D2FFD3
:10EA1800054610B3338A2A78013352079BB207D4CC
:10EA2800013408F101083382A4B25FFA88F8ECE7F0
:10EA380005F10509514633824846FFF794FF00283F
:10EA480050D13B885B4504BF04F1FF339BB2A3EB75
:10EA580008033B807388A34207D2013C4FF00A08A1
:10EA68003482404607B0BDE8F08F04A94846FFF756
:10EA78007AFF8046002835D1AB7895F8049003F0EA
:10EA8800030349EA032233895B45914600920393C5
:10EA98000ED0024629460298FBF726FF10BB039BBF
:10EAA8004B451FD14A46A968F0681DF0FBFBC8B961
:10EAB8007C806B790198BB71EB882A78BB8002F067
:10EAC8000302EB78297843EA0223A7F80C90C909D6
:10EAD8007B81FBF7C5FF2A4607F10801FBF78EFF8C
:10EAE8003861BEE701344FF00008A4B28DE770B575
:10EAF8000D461646FBF75EFF014660B104786307D2
:10EB080009D532462846FBF7EFFE18B914F0400045
:10EB180018BF832070BD0120FCE7FBF7B3BF08B521
:10EB2800FBF748FF40B103785B0705D5C3880B8026
:10EB3800437900208B7008BD0120FCE782B0064BAA
:10EB48000093A3F1043302AA0193037902EB531350
:10EB580013F8080C02B07047070605040278072A64
:10EB68004FEA520306D8013B022B08D8DFE803F02E
:10EB78000B1217007F2B16D043F202207047002398
:10EB880000200B707047837903F0C003C02BF3D1CA
:10EB98000123F5E7837903F0C003402BF7E7837976
:10EBA8003F2BF5D9E8E7FF23EAE70378032B01D8E1
:10EBB800FFF7D4BF43F202207047000007B50023D7
:10EBC80011488DF8073090F822303BB90DF1070154
:10EBD8001930FFF7EAFF78B1FFDFFEE790F823303E
:10EBE800022B03D0032B0CD0FFDFFEE7427E012A65
:10EBF80088BF03238DF807309DF8070003B05DF840
:10EC080004FB0123F6E700BF1401002008B508F053
:10EC180095FC08B9FFDFFEE743780133437008BD70
:10EC280008B508F08BFC08B9FFDFFEE743780BB99D
:10EC3800FFDFFEE7013B437008BD07B502384FF020
:10EC4800000318BF01208DF80030CDF801308DF891
:10EC580007006846ADF805300EF043FC03B05DF8D8
:10EC680004FB000038B519F069FBC0F1200400204E
:10EC7800124D18F053FE241A002018F021FF2B7AA9
:10EC880004440220122B08BF013C132B08BF013C8F
:10EC980018F044FE241A022018F012FFAB78204422
:10ECA800042B08BF0138002801DAFFDFFEE7FF2840
:10ECB80001DDFFDFFEE7C0B238BD00BF1401002050
:10ECC80010B5044608F03AFC30B1437833B1204619
:10ECD800BDE8104008F046BC052010BD1220FCE736
:10ECE80030B5044685B00068A38800906846ADF842
:10ECF80004300EF081FB054688B9032018F00EFE9B
:10ED080068B1236802A88DF80850CDF80930A388A7
:10ED1800ADF80D300FF097FA08B1FFDFFEE728468F
:10ED280005B030BD074808B5437E1A30012B05D819
:10ED38000EF050FBBDE8084008F0E0BAFFF7D0FF3E
:10ED4800F8E700BF14010020F8B5044600680D4636
:10ED580017461E46FEF758FA08B11020F8BDA088DD
:10ED680028B92368A08853B9B8B10920F6E7013853
:10ED780023681844FEF748FA0028F2D0EDE78642E7
:10ED8800F3D30023834208DA2668F15C39B9F25CD0
:10ED9800002A3FD101338342F9DB0020DEE71E441D
:10EDA8007278013A142A1DD8DFE802F00B181830DF
:10EDB8003024242A2A1C1C1C1C1C1C1C1C1C1C184F
:10EDC80024000229D1D1B278062A3A7020D85207F5
:10EDD8001ED52A7842F001022A7003E0CE070CD52E
:10EDE80001290AD02268A088D25C013213448342E8
:10EDF800C8DDBAE74A1E1007F2D04FF44850ADE715
:10EE08002A78910706D442F00202E5E70620A5E732
:10EE18000A20A3E70B20A1E738B504460D46FEF704
:10EE2800A9F960B96B1E072B0BD804EB850554F8BC
:10EE3800040BFEF79FF910B9AC42F8D138BD102089
:10EE4800FCE70C20FAE70000A1F12003092B46D8C3
:10EE5800DFE803F005070C19202531363B40FFDFBA
:10EE6800FEE70378202B3CD1FFDFFEE70378233B46
:10EE7800022B36D91C4B9A78052A32D01B7A122BD2
:10EE88002FD0FFDFFEE70378222B2AD0232B28D8A8
:10EE9800FFDFFEE70378222B23D0FFDFFEE70378AE
:10EEA800223BDBB2072B04D8B52222FA03F3DB0797
:10EEB80017D4FFDFFEE70378252B12D0FFDFFEE72C
:10EEC8000378252B0DD0FFDFFEE70378252B08D02C
:10EED800FFDFFEE70378282B03D0FFDFFEE7FFDF25
:10EEE800FEE70170704700BF140100207FB50D8850
:10EEF8004FF6FF734C88CA888E880021ADF8003021
:10EF0800ADF80250ADF80440ADF80820ADF8066041
:10EF1800ADF80A10ADF80C1098B19D4208BF06254F
:10EF28009C4208BF06249A4208BF4FF448629E429A
:10EF3800ADF80250ADF80440ADF8082008BFADF8B0
:10EF4800061068460EF016FF08F0D8F904B070BD38
:10EF580037B50C460DF107010546FFF726FE70B9D7
:10EF680022789DF8073063F34702234603F8012B04
:10EF7800D5F80120C4F80120B5F805209A8003B01F
:10EF880030BD000013B510F0FD04137802D164F30E
:10EF9800470303E0FF2814D143F0FE03023813703F
:10EFA8001478134601288CBF0020012060F3000468
:10EFB80003F8014B0868C2F801008A889A8002B0F9
:10EFC80010BD054C0DF1080C01944C790CEB941410
:10EFD80014F8044CDBE700BF0302FF01042118F01A
:10EFE80015BD38B505460C4661B1FFF7F7FF08B9FE
:10EFF800FFDFFEE7A5800389238163814389A3811D
:10F008008389E38138BD37B50B780D46212B11D99B
:10F01800ADF8040001A88DF806200EF0FBF908F001
:10F028006DF9044618B921212846FFF70DFF20463F
:10F0380003B030BD0824FAE72DE9F043054685B052
:10F0480008B9FFDFFEE77223846803702378043B66
:10F05800182B44D8DFE813F088014300430043002D
:10F06800530071011900710171014900D401430075
:10F078004300430043007000D401D401C701D40108
:10F08800DD01D40176018001D401B4F80370BEB269
:10F098003046FFF7A3FF0446304608F01FFEAB6872
:10F0A8005B79F8B92A7802216F8061F307126B73D4
:10F0B8002A7003222A7308F079F921212046FFF7E4
:10F0C800C3FE304603F004FF304605F05FF93146D1
:10F0D80001201AF063F9637F23F00403637705B016
:10F0E800BDE8F08384F83130E7E7E21DB4F8051095
:10F0F800B4F8030005B0BDE8F04309F05BB8A68892
:10F108003046FFF76BFF044608B9FFDFFEE708F05B
:10F118004DF9AB6831460120DA8822811A8962816B
:10F128005B89A3811AF03AF9637F03F00303022B8A
:10F13800D5D00023A373D2E7E3783BB13C2B00F092
:10F14800E580022B00F0F280FFDFFEE708F02EF9E1
:10F15800AD68AB79AF88012B09D1B14B93F8039017
:10F16800484608F0EBF9804648B9FFDFFEE71BB9CF
:10F17800AB4B93F80990F3E74FF0FF09F0E7042150
:10F18800384618F009FC044608B9FFDFFEE73122CB
:10F19800002101301DF096F82023222120462370FB
:10F1A800FFF752FEAE79637F0721012E38461EBF56
:10F1B800B6FA86F67609760066F3010363776B8BF9
:10F1C8002381AB8B6381EB8B84F81F90A3818DF82F
:10F1D800006018F0E1FB014608B9FFDFFEE76A4668
:10F1E800384608F063FDB8F8043005213846ADF814
:10F1F800043098F802308DF8063018F0CDFB01463F
:10F2080008B9FFDFFEE701AA384603F0EFFD002347
:10F21800CDE9023306238DF80E3002A818F030FC31
:10F2280088B90621BDF80C0018F078FC8146042145
:10F23800384618F073FC8145EFD10621BDF80C0063
:10F2480018F0FAFB78B9B8F8043006213846ADF85A
:10F25800083098F803308DF80A3018F09DFB014605
:10F2680018B9FFDFFEE7FFDFFEE7384605F11407B0
:10F2780002AA04F09FFF0621384610F0E9FA70B39D
:10F28800EA79930701D5FFDFFEE7E37B62F34703E3
:10F29800E373AB682361AB8905F10E08A38204F11F
:10F2A800160205F10801E879A71CFFF76BFE062195
:10F2B800404610F0CDFA6378D0B1594A517E4908DA
:10F2C80061F347036370D2F81A30C4F80230D38B65
:10F2D800012EBB8017D0022E1FD0FFDFFEE7E37B95
:10F2E800012262F34703E3736B692361BB88D3E7A9
:10F2F800012262F347036370D5F80E30C4F8023078
:10F30800B8F80430E4E7464B03229A700021052040
:10F3180005B0BDE8F0431AF041B8414B1A7A122AF9
:10F3280001D0FFDFFEE711221A72EFE73C4B9B7A10
:10F33800022BEBD108F03AF8E8E705B0BDE8F04356
:10F3480002F0DCB908F032F8354A92F8243043F07C
:10F35800020382F82430C2E608F028F8304A92F80E
:10F36800243043F00403F4E72D4DE67EAB8A297A76
:10F3780027799A191329C7F34117AA8213D132465C
:10F3880004F11C01E8681CF0EBFFEA8AE37E1344F1
:10F39800EB8214232B7208F009F8012F3FF49FAE7B
:10F3A8000023AB829BE61529F7D1E88A8342F4D182
:10F3B8002B8A92B2934205D222791B1A42F060023C
:10F3C8009EB22271EB68324604F11C0118441CF00D
:10F3D800C7FFEB8A1E44237903F06003EE82202BDB
:10F3E800DBD01623D6E7E378002B3FF478AE0C4C3D
:10F3F800A378052B09D1E078FFF708FC0323A37055
:10F4080005B0BDE8F04307F0D1BF042BF8D10223C3
:10F41800F5E7034B01229A7211221A72F0E700BF36
:10F428001401002003781B09013B2DE9F041074630
:10F438000C461646092B00F22482DFE813F0C901B6
:10F44800ED0122022202220222020A0022022202E4
:10F45800C20185682B78043B182B00F2B281DFE8E3
:10F4680013F07600B001B001B0011900B001B0018D
:10F47800B001B001B0013300B001B001B001B0017A
:10F488003E003D010A012401DF009D0121005B01CE
:10F49800F3008001A888FFF7A4FD1023122233800F
:10F4A8007CB9F2E1002900F0F3812A79EB7843EA8C
:10F4B80002231C228B806B790B72AB794B720A2367
:10F4C800338022806380E0E1002900F0E381032398
:10F4D8000B726B88A38014231B223380F1E7EF782B
:10F4E8005FBB002900F0D8816A792B7943EA0223AF
:10F4F8008B806B8B4B820B826A7F2B7F43EA0223C4
:10F508008B82EA7FAB7F43EA022301F10802CB82B8
:10F5180005F10801E879FFF735FDAB79012B05D135
:10F52800E37327761A2310223380CAE7002BF9D118
:10F538000223E373FF232376F4E7022F40F0B6811A
:10F54800002900F0A7814FF6FF730F72C2E7002968
:10F5580000F0A4814FF6FF730A7A00278B802B797D
:10F5680063F30002C3F3400363F341022B79C3F34F
:10F57800800363F382022B796772C3F30011C3F32C
:10F58800C00302F0670281F00101DB0043EA0113C6
:10F59800E91D134304F10A022372A879FFF7F2FC6C
:10F5A80004F1110205F11501287DFFF7EBFC6B7BD7
:10F5B800022B07D8964AD35C2376AB7B022B03D960
:10F5C800FFDFFEE7FFDFFEE7D35C924A63762B7C22
:10F5D800A3766B7CE376EB7B2377D36823622B7966
:10F5E80003F06003202B01D1FFDFFEE7602B13D06F
:10F5F800402B13D1138AE97E8B420CBF02230323CD
:10F60800217A63F34611D38AA38400232172D3821B
:10F618002C231D22338054E70223F1E73B46EFE712
:10F62800002900F03D814FF6FF7301F10A022879A5
:10F638008B80EB780B72EB7A4B72691DFFF7A2FC9B
:10F648001123202233803CE7002900F021812A7908
:10F65800EB7843EA02236F4A8B806B790B72AB79A4
:10F668004B7292F8243023F0040382F824300A23E2
:10F678002122338025E7002900F01481AB888B8094
:10F68800EB780B72AB79022B07D8614AD35C4B72CB
:10F69800EB79022B03D9FFDFFEE7FFDFFEE7D35C40
:10F6A80022228B720B2333800BE7002900F0FA80AB
:10F6B8004FF6FF738B802B794B72EB798B72EB785B
:10F6C8003C2B07D0432B07D1022323720B2326227E
:10F6D8003380F6E60123F8E7FFDFFEE7002900F0B4
:10F6E800D2802A79EB7843EA02238B80B5F805307B
:10F6F800DBB20B81B5F80930DBB24B812A7AEB79A2
:10F7080043EA02238B812A7BEB7A43EA02232422F1
:10F71800CB8110233380D4E6002900F0B4802A7905
:10F72800EB7843EA02238B806B68C3F30F230B81CA
:10F738002A7AEB7943EA02234B81AB68C3F30F23A0
:10F748008B812A7BEB7A43EA0223324ACB8192F8F7
:10F75800243023F0020382F824301023232233803C
:10F76800AFE6002900F096806B68AA7BC3F30F23ED
:10F778000B81EB798B722B898B816B89CB81AB8960
:10F788000B828B7C62F300038B742A79EB7843EA53
:10F79800022327228B801423338092E6002979D014
:10F7A8001C4A937A012B01D0FFDFFEE74FF6FF7169
:10F7B800237204F10C03A180D2E9030183E803005A
:10F7C80089E6324621463846BDE8F04102F00DB9D7
:10F7D800037B012B03D0022B18D0FFDFFEE70029A3
:10F7E80051D043880B4A8B80C3890B81038A4B8194
:10F7F800438A8B81838ACB8192F8243023F00103DA
:10F8080082F8243010231F2233805AE6408842E6CB
:10F81800B4C9050014010020037B022BD1D9032BA6
:10F828002DD1002940D045882846FFF7D7FB7B7BA0
:10F8380090F81F80052123722846A58018F0FCF84F
:10F848000821284618F0F8F80921284618F0F4F895
:10F858000721284618F0F0F80421284618F0ECF89B
:10F868000021284618F0E8F80221284618F0E4F8A4
:10F878004046FFF7CBF909231122338021E6FFDF49
:10F88800FEE7FFDFFEE7102333800020BDE8F081AC
:10F898000A23F9E71423F7E71A23F5E72C23F3E7FC
:10F8A8001123F1E70B23EFE70923EDE700231A46BD
:10F8B800F5E500BF2DE9F041804615460C4609B92B
:10F8C800FFDFFEE7122313700F78012F03D0022FFA
:10F8D80019D0FFDFFEE7FFF781FB08B9FFDFFEE77E
:10F8E8000323837307F062FD2368194AEB6063689A
:10F8F8002B612389AB8292F8243043F0010382F80C
:10F908002430BDE8F081FFF769FB064608B9FFDF40
:10F91800FEE762884FF6FF739A4202D1A3889342AA
:10F928000AD107F043FD2368EB6063682B612389E4
:10F93800AB820023B373E4E7002BF2D1807B01286C
:10F94800DFD1044A414619F0EDFCB773D9E700BF8F
:10F958001401002080C3C9011FB520380B460528B3
:10F968002FD8DFE800F0032E1B212712D1F8020060
:10F9780002AA8B79029010468DF80C300EF043FAEB
:10F9880007F0BCFC05B05DF804FB897818880EF018
:10F9980001FD05B05DF804EB07F0B0BC086805B0E0
:10F9A8005DF804EB02F0C8BA087800F001000DF029
:10F9B800FCFCEEE70B6802A801A902930EF087FC95
:10F9C800DEE70720DEE730B5054685B008460C4679
:10F9D800FDF7F6FBC8B9222D19D0252D17D0202DFB
:10F9E80017D1254602A901A835F8023BADF8043025
:10F9F8000DF042FD07F082FCDDF80A30C4F8023051
:10FA08009DF80E302B7105B030BD1020FBE70620A5
:10FA1800F9E70720F7E70000004870472D010020AC
:10FA280010B52822002118481CF04CFC032017F0C0
:10FA380075FF08B10DF058FA134C0123A370112378
:10FA480004F11A00237206F0A3F988B106F098F9B8
:10FA5800012804D1E37F012063F03F03E3774000EE
:10FA68000A4B60762362FFF75DF938B1FFDFFEE7E6
:10FA7800062104F11A0017F0DFFBEBE701F032F87A
:10FA8800BDE8104001F010BE1401002084030002FC
:10FA9800F7B50746FDF76EFB10BB144CD4F81900F8
:10FAA80004F11905B4F81D20E37F29460090384673
:10FAB800ADF804208DF80630FFF74AFA90B9FFF741
:10FAC80031F9034648B10098BDF804109DF80620A6
:10FAD800C4F81900A4F81D10E277184603B0F0BD69
:10FAE8001023FAE743F20223F7E700BF14010020CE
:10FAF80038B50546FDF764FB044640B905492A4672
:10FB0800487E1A314008FFF73DFA204638BD1020DC
:10FB1800FCE700BF1401002030B5044685B0084654
:10FB28000D46FDF74DFBA8B9B4B90E4B9B78043BC5
:10FB3800012B14D80DF0D8F902AA0DF1070114F021
:10FB480001FD9DF807002A4602A9FFF71BFA204687
:10FB580005B030BD1020FBE743F20400F8E70820A9
:10FB6800F6E700BF140100202DE9FF410D460446C9
:10FB780028B90DF065FBB0B143F2032010E0FFF7A0
:10FB88004BF968B9264604EB8507BE42F1D002A9B5
:10FB980056F8040BFEF7E2FF0028F6D043F20220E5
:10FBA80004B0BDE8F081144F38760CB90020F7E7AF
:10FBB80004EB8508444501D13D76F7E754F8046B1A
:10FBC8000DF107013046FEF7C9FF08B1FFDFFEE778
:10FBD8009DF8073002A88DF80830D6F80130CDF826
:10FBE8000930B6F80530ADF80D300DF05AFB002895
:10FBF800E0D0FFDFFEE700BF140100202DE9F04F41
:10FC08000F468DB090460646D0B9331E01A818BFDE
:10FC180001238DF804300DF067FB002869D10DF041
:10FC280073FB0446002864D1002E40F08E80504BB0
:10FC380093F82200FFF701F8044670B3FFDFFEE7F0
:10FC48001146FFF7E9F8044638BB0546DFF820916E
:10FC580045450DD108F1FF3BA345D6DD04F1010967
:10FC68005FFA89F506EB850AA8452FD84C46F3E7D5
:10FC780056F8250002A91030FEF797FF18BB87B980
:10FC880099F82230022B14D1AFB9102156F825006B
:10FC98000FF0DEFD68B143F2062420460DB0BDE842
:10FCA800F08F57F82500FDF765FA0028E8D01024F2
:10FCB800F3E70135CCE7102157F825000FF0C8FD10
:10FCC8000028E2D0E7E743F20224E6E756F82400EA
:10FCD8005AF8041B037C0A7C5340012B06D80622E1
:10FCE800113111301CF0DEFA00283DD00135EDB29B
:10FCF800BAE743F20424D0E7D5F81130CDF809303B
:10FD0800B5F81530ADF80D300DF10F0355F8042B8B
:10FD18004D4543F8042BF9D157B90DF11F0002F0F6
:10FD2800E9F802A801340DF099FA70B1FFDFFEE797
:10FD380057F824300DF11F0203F1100153F8040B9A
:10FD48008B4242F8040BF9D1EBE744453FF46FAF1F
:10FD580056F8245002A905F110094846FEF725FF78
:10FD68000028C9D0FFDFFEE743F2052495E700BF6E
:10FD780014010020F7B5054601F01CF938B12846F2
:10FD8800FDF7F8F948B11024204603B0F0BD17F08C
:10FD9800C5FD0028F3D00624F6E76868FDF734FAB5
:10FDA80004460028EFD16A884AF2B8139A4201D96A
:10FDB8000724E9E72B78022B28D02B78002B39D1A0
:10FDC800FEF7B0FF04460028DED102262878FEF7A9
:10FDD80034FF07F093FA04460028D5D12B78264F34
:10FDE80087F8223087F82360686802F06BF86B8820
:10FDF8006846002B08BF4FF461733B84ADF80030B0
:10FE08000DF069FA0028BFD0FFDFFEE70FF038FBDE
:10FE18000646E7B2B742D0D238460FF075FA10B1AD
:10FE280043F20624B0E7384601340FF061FA00289F
:10FE3800EFD0F5E7013B012BBAD86E78022E0DD032
:10FE4800032E16D1002368460093ADF80430FEF760
:10FE580047FF07F053FA0446002895D14FF4407342
:10FE68006846ADF800300EF0E9FA0028AED0FFDFA2
:10FE7800FEE743F2022487E71401002010B5044688
:10FE8800FDF79EF908B1102010BD606830B1FDF78C
:10FE9800B7F90028F7D1606802F02CF8054B00206C
:10FEA8001A8C628093F82320627093F822302370B2
:10FEB800EAE700BF140100202DE9F04F8FB080461B
:10FEC8000C469246FDF77CF918B110200FB0BDE83A
:10FED800F08F2046FDF798F90028F6D15046FDF737
:10FEE80093F90028F1D1774DAA78012A02D1BAF105
:10FEF800000FEAD098F80030FF2B04D1012A00F057
:10FF0800CF810420E2E7013BDBB2FD2B40F2C58143
:10FF1800BAF1000F00F03C81043A012A40F28481D2
:10FF280000239AF80120ADF8083062F345138DF8E4
:10FF380008309AF80030013B0A2B00F28980DFE88C
:10FF480003F006161D242B30353C410E48009DF861
:10FF5800083023F0130343F013038DF808309AF8A0
:10FF68001470032F74D8DFE807F0393939399DF850
:10FF7800083023F01D0343F01D03EEE79DF8083019
:10FF880023F0150343F01503E7E79DF8083023F045
:10FF9800120343F01203E0E79DF8083043F0100322
:10FFA800DBE79DF8083043F00103D6E79DF80830F9
:10FFB80023F0050343F00503CFE79DF8083043F02D
:10FFC8000203CAE79DF8083023F0060343F006034E
:10FFD800C3E79DF8083043F00403BEE7BDF80830D6
:10FFE8009DF80860ADF81030002316F0040B8DF86A
:08FFF800063006D0DAF804001F
:0200000260009C
:10000000FDF7BCF800287FF464AF95F8223053B1B7
:1000100095F82330022B06D1DAF80400FDF7F8F842
:1000200000287FF456AF16F0080903D0BAF80C3058
:10003000802B11D81FB12B7E5BEA03030CD09AF8FA
:100040001730C3F300138DF830309AF81530022BB7
:1000500005D003D9042B20D007203BE701238DF8DE
:100060002C30F3061BD49AF81630022B03D016D985
:10007000042BF1D103238DF82E30DAF804B08DF87B
:100080002A70BBF1000F1CD00DF106015846FEF797
:1000900069FD30B143F202201CE70323DFE70123AF
:1000A000E9E79DF80630FF2BF4D0DBF8010009905A
:1000B000BBF80530ADF828309AF80F3043B1062070
:1000C00008E7CDF824B0ADF828B0F5E7140100201A
:1000D000BAF81030002BF2D19AF81230002BEED182
:1000E0009AF813B01BF01F0BE9D1BDF810300AF1DC
:1000F0000F008DF818B0ADF81930DAF80830C3F3F6
:100100000722D9B2C3F307438DF81B108DF81C20CA
:100110008DF81D308DF81E108DF81F208DF82030C1
:10012000FEF710FD8DF82100FEF74CFD9DF806301E
:100130000DF107018DF8220006A88DF823309AF8FA
:1001400017308DF82BB0C3F303038DF82DB08DF865
:1001500034B08DF82F3001238DF833300DF0DAFEF6
:1001600007F0D0F800287FF4B5AE9AF80E20BAF860
:100170000C30EA71BDF808202B80AA80AF71B9F16C
:10018000000F02D00BB980232B8006F0010600235C
:100190000236AE7088F8003000238DF804308DF8F8
:1001A00005308DF806308DF80730002C42D12646F8
:1001B0002746A046CDF81E40ADF826402B790DF11C
:1001C00007020DF1050108A813F0100F0694ADF811
:1001D0001C800CBF4FF0FF094FF01F0908964B46DB
:1001E000ADF82470FEF7B4FD00287FF473AE2A79D1
:1001F00001A906A802F01102012A0DF1060214BF9E
:100200004B46EE23FEF7A4FD00287FF463AE9DF875
:100210000530D80743D42B799DF8062013F004034A
:1002200013D1A97989B191071AD043F2012051E67F
:1002300008204FE694E80F0006AEB4F80480A789C2
:10024000044686E80F001646B8E7D20708D53BB942
:100250002B8844F24F62013B9BB293423FF6FCAEC7
:1002600000234FF4407502A88DF80B808DF80A30FA
:10027000ADF8085003940DF01DFF07F043F8002877
:100280007FF428AE8DF8120004A8ADF810508DF858
:10029000137005960DF082FF07F034F81AE60A2075
:1002A00018E643F2040015E6BAF1000F7FF43CAE05
:1002B00072E700BFF8B5274D0E46AB78023B012B25
:1002C0003ED800283ED1022017F0FEFB10B9AB78D3
:1002D000032B3AD0FEF7CAFC002838D0AB78EF7871
:1002E000032B05D13046FEF7EFFC044690B9EE70C3
:1002F0000CF0FEFD0446FEF765FC0146204614F0B6
:10030000CBF8E97928880DF0C1FF06F0FBFF044621
:1003100010B1EF702046F8BDAB78032B0CD1E87814
:10032000FEF782FCAB78032B01D0FFDFFEE705234D
:10033000AB70EFE70423FBE7022BFBD0FFDFFEE708
:100340000824E7E743F20404E4E71224E2E7132475
:10035000E0E700BF1401002038B5B0B90D4DAB780F
:10036000043B012B14D80DF0A2FF06F0CBFF04468E
:1003700038B9AB78052B06D1E878FEF74BFC0323A0
:10038000AB70204638BD0223FAE743F20404F8E7D5
:100390000824F6E714010020F0B5064685B00846AB
:1003A0000C46FCF735FF074600285AD13046FEF7C9
:1003B00019FE0546002856D00378212B56D9437FD5
:1003C00003F00303012B03D0022B1AD0FFDFFEE75B
:1003D000837B022B13D024B9684600F015FD60B969
:1003E0006C4621460020FEF785FD30B92146304697
:1003F00007F0A6FE08B90123AB7305B0F0BD1120CC
:10040000FBE754B323886846ADF80060ADF80230CE
:100410006388ADF80A70ADF80430E388ADF80C706D
:10042000ADF80830A388ADF806300DF0BBFC06F03F
:1004300069FF0028E1D1AB7B032B10D10C4B93F863
:100440002430DB070BD4B4FA84F13046490907F0B5
:1004500097FE0028D1D1A873CFE70320EBE7002C4B
:10046000CBD11020C9E743F20200C6E70820C4E759
:100470001401002038B50D460446FEF7B3FD0146D1
:1004800028B12A462046BDE83840FEF7C0BD43F2F9
:10049000020038BD012808B504D1084B9B78012B18
:1004A00009D041B901380023C0B20CF051FFBDE8BA
:1004B000084006F027BF43F2040008BD14010020E5
:1004C00070B504468AB008460D46FCF757FE002872
:1004D00040F085802868FCF777FE00287FD14D4EDC
:1004E000337A112B7DD1002C7ED02046FCF790FE74
:1004F000002874D12378AA88D80707D5FE2A40F2AD
:100500008680990704D506200AB070BD1E2AF6E73A
:10051000FEF7ACFB002860D023781A0701D5327EA5
:100520007AB103F001038DF82530FEF74BFB2278FA
:100530008DF80C00C2F3C1038DF80D306378072BE2
:1005400001D90720E0E7002B3CD101238DF80E30C4
:1005500040F27120A3686168C2F3800243434143C3
:1005600007930893E3898DF80F2005918DF81020EB
:100570000691002BC7D1238A002BC4D1A37CDA06B5
:10058000C1D104F10E00FEF7DDFA8DF8240003A8B6
:100590000DF028F806F0B6FE0028B5D10123ADF81D
:1005A000080001A8ADF80430A389ADF806300DF0BD
:1005B00091F806F0A7FE0028A6D12378DB071BD50B
:1005C00015231AE003F00101980748BF41F002012A
:1005D0008DF80E105907BBD595E7132094E710202E
:1005E00092E7122B00D90CB108208DE7133BAA88A3
:1005F000012B0AD81E2A0AD913233372064B95E819
:10060000030083E8030000207EE7FE2AD8D80920F3
:100610007AE700BF140100202001002013B5094C27
:10062000237A122B0CD9002368468DF800300DF088
:1006300051F806F067FE08B91123237202B010BD0D
:100640000820FBE7140100202DE9F0436B4D99468B
:1006500095B080462B7A0E461746122B05D83046A9
:10066000FCF78CFD50B1102404E0FFF7D7FF0446DF
:100670000028F4D0204615B0BDE8F0833846FCF7DA
:100680007DFD0028EFD1337803F001028DF84C2076
:10069000C3F3C1028DF804207278072A01D9072418
:1006A000E8E7002A64D101228DF80D20002240F2F3
:1006B0007120716813F008048DF84E20B26800FBB9
:1006C00001F100FB02F20491079205910892069154
:1006D000099259D0FEF776FA79888DF805003888A6
:1006E000FB88BA88ADF82E10ADF83010ADF8321096
:1006F0000021ADF82800ADF82A00ADF82C0006F175
:100700000E00ADF83A30ADF83C30ADF83E30ADF803
:100710003420ADF83620ADF838201291CDE9101113
:10072000FEF710FA2B7A8DF84D00112B5FD1084699
:1007300017F0CAF900285CD033781B0702D52B7E4E
:10074000002BACD0FEF792FA012854D948466F7AB4
:10075000FEF7BAFA044600288CD101A885F8099062
:100760000DF096F806F0CEFD044640B36F7281E7B7
:1007700002F00101900748BF41F0020152078DF8D5
:100780000D1093D5062475E74046FCF7F7FC0028CA
:100790007FF469AF98F80010490805D07F3101F067
:1007A0007F01022920D80124D8F801308DF80640B5
:1007B000CDF80730B8F80530ADF80B308AE7B389CB
:1007C000A87233B142F21072014605205A4318F064
:1007D000ADFD687AFEF728FA2B7A112B01D0FFDFE6
:1007E000FEE712232B7245E743F2022442E7082476
:1007F00040E712243EE713243CE700BF1401002029
:1008000038B5094D2B7A122B0CD10DF071FA06F088
:1008100079FD044620B9687AFEF7FCF911232B72A2
:10082000204638BD0824FBE714010020012838B514
:1008300003D0052821D0FFDFFEE78CB22046FEF76B
:10084000D1FB054608B9FFDFFEE70378212B1AD05C
:1008500006F0A8FD50B112234480037002230373F5
:100860000023AB73BDE8384006F0A4BD29462046FE
:100870001322BDE83840FEF7CABBFFF7C1FF10B92D
:10088000014B02229A7238BD14010020003808B5CD
:1008900018BF01200CF0E6FFBDE8084006F032BDAD
:1008A00070B5064608460C461546FCF78DFC08B1A7
:1008B000102070BD2846FCF787FC0028F8D12A4696
:1008C000214630460DF054FD06F01CFD0028F0D105
:1008D00094F900307F2B08BF0520EAE7012307B514
:1008E000ADF8000068468DF802308DF803108DF8E1
:1008F00004200DF01DFD06F005FD03B05DF804FBBE
:10090000002307B5ADF800006846ADF802308DF859
:1009100004300DF00DFD06F0F5FC03B05DF804FBAE
:1009200037B5054608460C46FCF728FC48BB284668
:10093000FEF758FB38B30378212B27D9154B93F8D2
:1009400024305B0724D42278072A16D86378072B33
:1009500013D842EA0301032911D88DF8033002238A
:1009600068468DF80220ADF80430ADF800500CF068
:10097000D7FD06F0C7FC03B030BD0720FBE706201B
:10098000F9E71020F7E743F20200F4E70820F2E766
:100990001120F0E714010020F0B587B006460D469F
:1009A0001446FEF71FFB002872D00378212B72D962
:1009B0002846FCF72DFC10B1102007B0F0BD34B173
:1009C0002046FCF721FC0028F6D12060A080364BA1
:1009D00093F824309B0760D4694630460CF071FDD3
:1009E00010B106F08FFCE8E7BDF80810BDF8020072
:1009F000BDF80470ADF80C60BDF80660ADF81010DD
:100A0000ADF80E60ADF81200ADF81470002D46D0B0
:100A10006A882B88002A08BF3246002B08BF03468D
:100A2000ADF80E20AA88ADF81230002A08BF3A4669
:100A3000ADF81420EA880AB1ADF81020A4B19842AC
:100A400001D21A1A2280BDF80E20BDF8105096422D
:100A50003CBF921B6280BDF814202A447D18AA4234
:100A6000C2BF521AD21BA280984203D3BDF80E30E7
:100A7000B34201D91320A0E7BDF814303944BDF8C2
:100A8000102013448B42F5DC03A80CF018FDA8E7F6
:100A900043F2020091E708208FE711208DE7002C38
:100AA000E4D00346CFE700BF1401002038B5054667
:100AB00008460C46FCF788FB38B9214628460CF05E
:100AC000D6FEBDE8384006F01DBC102038BD07B585
:100AD0008DF800006846ADF80110CDF803200CF049
:100AE00037FD06F00FFC03B05DF804FB024B00225B
:100AF0001A605A601A8170473C0100202DE9F04FBE
:100B0000A5B006469A4615469DF8B870ADF8061091
:100B1000002A40F0CA804FF001080DF110094FF48F
:100B2000C0530022494640468DF81280ADF810307F
:100B300003F08CFD0446002840F0C4808DF812803C
:100B40004FF4285301461C228DF80A0016A8ADF870
:100B500010301BF0BBFB112372780DF108080CA9B3
:100B60008DF80830C2F30102337816A85200ADF8B0
:100B70003A408DF809309DF80A3042F00102CDF874
:100B8000348023F00703CDF830901A439DF8583095
:100B900043F002038DF80A2006AA8DF858303389F5
:100BA000ADF838307389ADF83C307368109303F0BA
:100BB000B9FE0446002840F085807068FCF724FBED
:100BC000002840F083800123754E4FF0010B0CA9E3
:100BD00016A8327A8DF812B063F30002BDF818300F
:100BE000338042F60123327206AAADF810309DF828
:100BF0000A3023F0070343F002038DF80A30022382
:100C0000ADF83830ADF83C300DF10603109303F029
:100C100089FE0446002855D1BDF818307380002D98
:100C200000F09E8001461C22ADF80C000DF10C0A6C
:100C30008DF80E00CDF84E00ADF852001DA81BF047
:100C400045FB112308AA11A98DF80C301DA89DF8A9
:100C50007430CDF848A043F002038DF816B08DF83B
:100C6000743042F60423ADF8143005AB11932B8891
:100C7000ADF828306B88ADF82A30AB88ADF82C3051
:100C8000EB88ADF82E309DF80E306BF342038DF8F3
:100C90000E300823ADF84C30ADF850300AAB159348
:100CA00003F040FEF8B104460CE01046FCF766FA8B
:100CB000002872D129460120FEF71CF904460028BD
:100CC0003FF429AF204625B0BDE8F08F7068FCF7EF
:100CD0009FFA00287FF477AF737803F00303023B99
:100CE00018BF012370E7BDF82030B380002F46D134
:100CF000012442F6A6231C22394616A88DF812407C
:100D0000ADF81030ADF8087088F802701BF0DEFA0C
:100D1000112306AA0CA916A88DF808309DF80A30F0
:100D20008DF8744023F00703ADF83840ADF83C402F
:100D300043F003038DF80A309DF8583043F0020366
:100D40008DF858301DABCDE90C98109303F0EAFDF7
:100D500004460028B6D1124BBDF81820DA80B1E75E
:100D6000BAF1000F01D10023BFE7FDF719FE08B16A
:100D70000324A7E7FDF714FE0028F4D0F8E7012FBD
:100D800002D0074B0022E9E7FDF70AFE0028EFD169
:100D9000FDF706FE0028F4D0EAE7102492E700BF32
:100DA0003C01002030B5082385B0164D0446ADF84F
:100DB0000630AB880BB3FCF7E1F900BB21460120FC
:100DC000FEF798F8B8B9238801460DF10602A88805
:100DD000ADF808306388ADF80A30A388ADF80C3060
:100DE000E388ADF80E3002AB04F0D2F8BDF806305F
:100DF000082B18BF032005B030BD0620FBE71020EC
:100E0000F9E700BF3C01002030B5174D85B004461E
:100E1000AB881BB30023CDF80CD0ADF80A30082303
:100E2000ADF80830FCF7AAF9D0B902AAA9884FF6A4
:100E3000FF7004F0FBF978B9BDF80830082B11D128
:100E4000BDF800302380BDF802306380BDF8043067
:100E5000A380BDF80630E38005B030BD0620FBE777
:100E60001020F9E70320F7E73C0100201FB502231B
:100E7000ADF8060009480DF10E02ADF80E30002164
:100E80000DF10603408804F083F8BDF80E30022B04
:100E900018BF032005B05DF804FB00BF3C01002033
:100EA000002307B5ADF8023002230190ADF8003001
:100EB000FCF78AF970B9084B6A464FF6FF705988FB
:100EC00004F0B4F9BDF80030022B18BF032003B0C2
:100ED0005DF804FB1020FAE73C010020F7B5224D35
:100EE000144607460E462B7ADA0739D50846FCF732
:100EF00045F9002836D1F82C02D90C2003B0F0BDFA
:100F00003846FCF73BF9F0B901A9288803F0EFFF58
:100F10000028F3D13B7801A928888DF8053003F02B
:100F2000C3FF0028EAD10223694628888DF80030E3
:100F30009DF805301B071CBF0A238DF8003003F015
:100F4000A5FC0028DAD1334601AA00212888ADF893
:100F5000044004F01DF8BDF80430A342CED0CCE725
:100F60000F20CBE71020C9E73C010020002337B554
:100F7000ADF8023005460B880C460190ADF8003004
:100F8000FCF742F910B1102003B030BD2046FCF749
:100F90001BF90028F7D115B1BDF8003053B1064B4D
:100FA0006A464FF6FF70198804F040F9BDF800302A
:100FB0002380E9E70C20E7E73C010020024BD888BA
:100FC000003818BF012070473C01002011230B702E
:100FD00000234B7090F82030062B18D8DFE803F080
:100FE00009171717041114000B78022262F3071374
:100FF0000B700B781F2B82BF837FC3F305034B70ED
:1010000070470B780322F1E70B780422EEE7FFDF4D
:10101000FEE738B505460C4606F0C4F908B9FFDF0F
:10102000FEE72223458003702368C360BDE8384093
:1010300006F0C0B9F0B5022791B00C46154608215C
:101040003A460646ADF8247006F088FE0A9090B144
:101050000423D43407A88DF81D700DEB03010F96FF
:101060000B948DF820308DF83050FAF764F808B101
:10107000FFDFFEE7012011B0F0BD38B50C46FDF7EB
:10108000B1FF054608B9FFDFFEE700214FF4B47257
:1010900020461BF01BF905F1210304F1D400236164
:1010A0006B7F03F00303022B0CBF02210121F9F730
:1010B000FFFF08B1FFDFFEE738BD10B50446FCF7BF
:1010C0005DF878B92378C3F30213042B0CD8607849
:1010D000062809D9A378102B06D898428CBF072080
:1010E000002010BD1020FCE70720FAE770B5054688
:1010F0000E46144606F056F978B1A223224600F8AF
:101100000C3B04F1140352F8041B9A4240F8041BF0
:10111000F9D1BDE8704006F04DB93146284613229A
:10112000BDE87040FDF773BF2DE9F047DDE90865C4
:1011300004460F4691460021102228469846DDF8C5
:1011400028A01BF0C3F80023CAF80030B9F1000F43
:101150000FD097B998F800309B0756D57068FCF708
:1011600053F870B9F7B973685BB1EB60C4F85C31E0
:101170004BE098F80030DA07ECD53068FCF724F83B
:1011800010B11020BDE8F0873368B9F1000F06D127
:1011900003F112022A6003F11402C5E90123CAF81F
:1011A0000030D7E7FEF73CFC0368194FC4F8603104
:1011B000838807F12008A4F86431837984F86631C4
:1011C00097F830303BB9414607F11000FBF7FCFAC5
:1011D000012387F830307268C5F80C80AAB194F802
:1011E000600104F261110B4C10324008FDF7CEFE95
:1011F00004F1100572682346083203CBAB4242F873
:10120000080C42F8041C1C46F5D10020BAE700BFC8
:10121000480100206801002070B588B00C46ADF888
:1012200004000DF10600EBB9CDF8063043600C9BCD
:1012300004ADADF80E2003F110061868083353F81A
:10124000041C2A46B34203C21546F6D101A80CF08D
:1012500041FE06F057F818B9637F43F00403637743
:1012600008B070BD1968CDF8061059684160DEE716
:101270002DE9F043078A054685B00E463846FDF74E
:10128000B1FE95F80080044608F1FF330D2B00F203
:101290000C82DFE813F0FB00F3000E00450086002F
:1012A0009700C50015013A010602E6006900E60054
:1012B000E600437F384603F00303022B14BF0921E5
:1012C000082116F0A7FB064608B9FFDFFEE7964B9C
:1012D00093F85820D00714D5DA6DC6F81E2093F87D
:1012E000582022F0010283F858200022DA656B684A
:1012F0007367AB68B3672378252B00F0BF80FFDFEF
:10130000FEE7032106F11E0015F09AFFD6F81E3005
:10131000864AB3FBF2F102FB1133C6F81E30E6E752
:10132000437F384603F00303022B14BF0921082131
:1013300016F070FB08B9FFDFFEE7037899070ED5BA
:101340002378252B0BD102233370437F337100F1B7
:101350001E032E30B360F06005B0BDE8F083037863
:1013600043F001030370F7E7437F384603F00303BC
:10137000022B14BF0921082116F04CFB08B9FFDF2E
:10138000FEE70378DA0609D507233370037F33714C
:1013900013B93E30B060DFE70020FBE743F00803FD
:1013A000E0E790F91D30002B01DAFFDFFEE72B7B31
:1013B0000821AA88384603F0010305B0BDE8F043D0
:1013C00006F0C9BD08B9FFDFFEE76B684BB100F15D
:1013D000210203F1100153F8040B8B4242F8040B75
:1013E000F9D128212046FDF733FD637F03F0030385
:1013F000022B0FD104F1210321463846009300232C
:101400001A46FFF709FF08B1FFDFFEE72921204652
:10141000FDF71EFDA37F2A7A62F30503A3779BE7FE
:10142000437F384603F00303022B14BF0921082130
:1014300016F0F0FA044608B9FFDFFEE70221853016
:1014400015F0FEFE0423337004F5B0737C34736032
:10145000B4F8093074613382334BB3601033F360F6
:101460007AE7437F384603F00303022B14BF0921B8
:10147000082116F0CFFA08B9FFDFFEE72A46214619
:10148000384605B0BDE8F043FFF730BE08B9FFDFCE
:10149000FEE70378212B7FF65FAF2B7901462A46C2
:1014A000012B02BF437F43F0800343773846FFF7A9
:1014B0001DFE2321204605B0BDE8F043FDF7C8BC62
:1014C0002A7908213846B28006F048FC8146B0608F
:1014D00010B1052333703FE7637F384603F0030301
:1014E000022B0CBF4146092116F094FA08B9FFDF20
:1014F000FEE7022300F1620110225E3016F0B8F818
:1015000080F800902B79437026E7437F384603F03C
:101510000303022B14BF4146082116F07BFA05464F
:1015200030B9FFDFFEE700BF4801002040420F0056
:1015300090F8843003F00303012B22D1637F03F082
:101540000302C3F380115B0639D490F89C30DE07A8
:1015500063D495F88830D80733D4931E5A425A4141
:10156000142303FB025292F888309A0709D5D5F864
:101570005C2105F17D0195F87C0010324008FDF7F3
:1015800005FD022395F8842003A938468DF80C3018
:101590009DF80D3062F301038DF80D3095F8883019
:1015A0008DF80E3095F89C308DF80F30FFF731FD37
:1015B0002378252B62D0212B64D0FFDFFEE7022A9F
:1015C0002BD1D5F85431002BC7D095F88360187C07
:1015D00066F387001874C0B2667FC6F3401666F3E0
:1015E000410061F3000018740029B6D004F1210114
:1015F00004F1310051F8046B814243F8046BF9D1D6
:1016000095F8883043F0010385F8883095F89C30D0
:1016100023F0010385F89C309FE7D5F8583153B388
:1016200095F88360187C66F387001874C0B2667FF3
:10163000C6F3401666F3410061F3000018740029F8
:1016400087D004F1210004F1310650F804CBB042F8
:1016500043F804CBF9D195F89C3043F0010385F8A9
:101660009C3095F8883023F0010385F88830022AF1
:101670007FF473AFA5E70029F9D16AE7222120465C
:10168000FDF7E6FB637F384603F00303022B14BF2C
:101690004146082116F0D4F900283FF45DAEFFDF83
:1016A000FEE76B6800225A7056E6FFDFFEE700BFD8
:1016B00010B50F4C94F8583023F0010384F85830DB
:1016C0000023E365FBF77EF8204604F093FB18B98E
:1016D0001021204615F0B4FD064804F071FB18B93E
:1016E0001021044815F0ACFD002384F8303010BD03
:1016F00048010020580100200B46014603F1D400A8
:10170000F9F7EBBC83681A780B2A70B5054686B0EA
:1017100035D00C2A31D0092A40F09C80B3F8036000
:101720003046FDF75FFC044608B9FFDFFEE70378AB
:10173000212B00F09180282B1AD1AB68B3F80D2033
:10174000B2B9D3F80520D3F809301A4310D100F10B
:10175000210130460CF0B2FD05F0D4FD08B1FFDFE9
:10176000FEE72921204606B0BDE87040FDF770BBBA
:1017700006B0BDE8704005F01DBE01225A71B3F8F5
:1017800003603046FDF72EFC044608B9FFDFFEE794
:10179000437F03F00302022A04BF23F004034377CC
:1017A0000378212B58D0AB68597900294ED09B780B
:1017B000002B4BD105F0FEFD637F99061CD55A0620
:1017C00018D5A27F02F03F02102A0CBF0622052284
:1017D00084F820202278292A21D103F003033046FF
:1017E000022B14BF0921082116F014F9054628B967
:1017F000FFDFFEE70522EBE70422E9E7252120468B
:10180000FDF726FB0323694605F1D4008DF800306F
:10181000F9F7B8FC10F0FD0F1ED0FFDFFEE7242A19
:101820001AD13146042017F0BDFD22212046FDF7D4
:101830000FFB637F304603F00303022B14BF092123
:10184000082116F0FDF838B1FFDFFEE7022A8FD03D
:10185000FFDFFEE7FFDFFEE706B070BD2DE9F043D6
:1018600087B0074688469146FDF7BCFB0646002830
:1018700050D00378212B4DD9232B4BD090F91D301C
:10188000002B47DB437F384603F00303022B14BFD2
:101890000921082116F0BEF8054678B9737F03F0D8
:1018A0000303022B1BD00921384616F079F80446B1
:1018B000A8B1254601463846FFF7DFFB95F8B13061
:1018C0006BB905F1B004D435E5603378222B01D033
:1018D000242B0DD125213046FDF7BAFA08E00F4C34
:1018E00094F835300BB1FFDFFEE78DB92564343451
:1018F00001236946204627626370A4F80490C4F867
:101900000880F9F718FC10F0FD0F03D0FFDFFEE7A9
:101910003434D8E707B0BDE8F08300BF48010020A9
:10192000F0B587B00546FDF75DFB0378222B1CD987
:10193000437F284603F00303022B14BF092108212B
:1019400016F068F8044690B100F162060527B4F875
:10195000603053B1B4F85E30F218F35C527843B1A2
:1019600021462846FFF766FBC0B907B0F0BDFFDF90
:10197000FEE708212846ADF8042006F0EFF90290B2
:101980000028F2D0694604F1D4008DF80070F9F710
:10199000F9FB10F0FD0F01D0FFDFFEE7022310225C
:1019A000314604F15E0015F08EFED0E710B586B02A
:1019B0000446FDF717FB0378222B18D9437F2046F6
:1019C00003F00303022B14BF0921082116F022F8AB
:1019D00008B9FFDFFEE706236946D4308DF80030F2
:1019E000F9F7D0FB10F0FD0F01D0FFDFFEE706B0E6
:1019F00010BDF8B5037806460C4615461B09072BA3
:101A00000BD00A2B58D0022B00F0988100231380B2
:101A1000002900F050821A4638E082681378092BBA
:101A200006D00B3B012B45D8002932D10A2341E2D5
:101A3000002900F04882B2F80300888080B2FDF7E8
:101A4000D1FA034608B9FFDFFEE7D0F81600A06020
:101A5000598B1A7FA181B168A273CA68C2F30F22A1
:101A60002282D1F80520C4F81220D1F80920C4F848
:101A70001620A27E22F0030242F00102A2765A7FD3
:101A800042F008025A771C2314222B8022806380A4
:101A900011E2B2F80300888080B2FDF7A3FA08B91A
:101AA000FFDFFEE704F10801FFF790FA0A231A228C
:101AB0002B80EBE7FFDFFEE709B1C3698B80337B47
:101AC000013B0D2B00F23881DFE813F0FA000E0025
:101AD000360036013601360136013601360136014F
:101AE0009C003601CD00F100002C00F0E681A088BA
:101AF000FDF778FA08B9FFDFFEE7327CC2F3800316
:101B000002F003015B00012908BF43F00103C2F3A7
:101B1000C001C2F3001243EA810343EAC203227AFE
:101B200022F00F0213431E222372437F43F010035F
:101B3000437709232B80A9E7002C00F0C081A088FF
:101B4000FDF750FA437F0646A08803F00303022BFB
:101B500014BF0921082115F05DFF08B9FFDFFEE77A
:101B6000717FD0E91D3201F00301022918BF1A4626
:101B70009078C0F3800300F003075B00012F08BFDB
:101B800043F00103C0F3C007C0F30010022943EA89
:101B90008703177943EAC003107800F0070043EA8F
:101BA0000013507800F0010043EAC01350792381FC
:101BB000D37807F00102C7F34007A37200F00103D6
:101BC000C0F3400005D1194613460A46014638467F
:101BD0000F46E17A42EA470243EA400321F003015B
:101BE0000A43E272227B22F0030213432373337809
:101BF000232B03D926213046FDF72AF90D23132282
:101C00002B8043E7002C00F05C81A088FDF7EAF907
:101C1000437F0746A08803F00303022B14BF09216A
:101C2000082115F0F7FE08B9FFDFFEE73369A3606E
:101C3000037843F004030370437813F00202237B1C
:101C40000DD043F0010323733B78232B03D92721C5
:101C50003846FDF7FDF8102318222B8016E762F3B3
:101C600000032373F7E7002C00F02381A08804F120
:101C70000807FDF7B7F9336904F10E020A26B3FB32
:101C8000F6F106FB1133303302F8013DBA420B4640
:101C9000F5D1A37B43F00103A3730378232B02D96F
:101CA0002721FDF7D5F80F2315222B80EEE6002C17
:101CB00000F00381337C1622237209232B80E5E692
:101CC000002C00F0FC80337C0021022BA1602173EA
:101CD0001ED003D8012B0ED0FFDFFEE7DA1E012A4B
:101CE000FAD8191F727C4B422272627A4B4163F31D
:101CF0000102627201E081232372A088FDF772F96C
:101D000003780646212B13D0232B03D0FFDFFEE7F9
:101D10008223F1E7437FA08803F00303022B14BF63
:101D20000921082115F08CFE22213046FDF790F89C
:101D30000D2319222B80A9E6FFDFFEE709B14388B6
:101D40008B80337B012B04D0022B51D053B3FFDFA8
:101D5000FEE7002C00F0AD80A088FDF743F9437F3B
:101D6000A08803F00303022B14BF0921082115F0FA
:101D700051FE08B9FFDFFEE7D0F81E3004F10E0275
:101D800004F108060A20B3FBF0F100FB11333033F5
:101D900002F8013D96420B46F5D1A37B23F00103E7
:101DA000A37380E7002C00F08880A088FDF71AF963
:101DB000437F0646A08803F00303022B14BF0921CA
:101DC000082115F027FE08B9FFDFFEE7437813F07E
:101DD000020F0CBF0123022323723378232B03D974
:101DE00027213046FDF734F8092317222B804DE6D2
:101DF000002C64D0A088FDF7F5F808B9FFDFFEE7F6
:101E00000022A260A37A227323F0030343F00303AA
:101E1000A372437FA27AC3F3401363F38202A272D8
:101E2000427FC2F38012134006D0837F03F03F034A
:101E3000A3F1100253425341A27A63F3C302A27288
:101E4000437F627AC3F3801363F3C302737B03F0AF
:101E500003036272012B7FF46BAFD3B2B17BE27AE2
:101E600043F0040301F00107C1F340016372F37B07
:101E700003F0010CC3F34006437F03F00303022B7E
:101E8000237B0AD06CF3000267F3000366F3410280
:101E900061F34103E27223734AE76CF3000367F3D3
:101EA000000266F341032373134661F34103E372B7
:101EB0003EE70F232B800020F8BD0923FAE70D230E
:101EC000F8E71023F6E71C23F4E70000034630B5DB
:101ED00060B1084C00F110051868083353F8041C71
:101EE0002246AB4203C21446F6D10123024A82F8CD
:101EF000303030BD680100204801002038B50E4D5B
:101F0000044695F8303043B905F1200105F1100081
:101F1000FAF75AFC012385F83030084D234605F1C5
:101F200010042A46083303CAA24243F8080C43F8B7
:101F3000041C1546F5D138BD480100206801002079
:101F400038B50446A0B1FBF719F9D0B9621E0A21D1
:101F5000053412F8013F303BDDB2092D13D8A242FF
:101F600001FB0030F5D1431C0DD0084B0124D8658E
:101F7000064B002093F8582064F3000283F85820A1
:101F800038BD1020FCE70720FAE700BF4801002019
:101F9000037813F00F0203D0012A08D007207047FE
:101FA000C3F303121B09F9D10A70002070471B0903
:101FB000013B032BF2D8DFE803F0020507090123F8
:101FC0000B70F2E70223FBE70323F9E70423F7E7AB
:101FD000042810D8DFE800F00307090B0D000023E8
:101FE00000200B7070471123FAE72123F8E7312313
:101FF000F6E74123F4E70720704700002DE9F041A0
:10200000804686B008460D46FBF702F9002840F0EE
:1020100001814046FCF7E6FF0746002800F0FE80FD
:102020000378222B40F0FD80437F3DB9D80640F174
:10203000F18003F00302022A40F0EC80590702D538
:10204000002D40F0EE801A0600F1ED8003F003034E
:10205000022B78D00921404615F0DCFC064688B9F1
:102060007B7F404603F00303022B14BF09210821A4
:1020700015F096FC0646002800F0D980014640463F
:10208000FEF7FBFF7B7F03F00302022A23D115B387
:102090002A78C2F3400262F345137B772B787A7F6C
:1020A000C3F3800363F386127A772B787278DB09A7
:1020B00063F3410272702B783278C3F3021363F337
:1020C000471232702B787278C3F3C00363F30002B7
:1020D00072706B78737196F8B130002B47D106F1AE
:1020E000B0040223C4F82080637006F1D403236196
:1020F000002323817B7FC3F3010203F00303022B40
:102100003DD02A7801233846C2F3400123711340A1
:1021100043EA8103C2F38001C2F3C00243EAC10370
:10212000242143EA0213227D22F01F021343237568
:10213000FCF78EFE69462046F8F7FDFF10F0FD0023
:1021400069D0FFDFFEE785B12846FEF7B6FF00281D
:1021500061D1FEF733FF10B9EB789B0765D47B7F25
:1021600003F00303022B7FF475AF082173E7314CB2
:1021700094F835300BB1FFDFFEE73434B1E7002DC2
:1021800043D0331D2271A27E63613378C3F34213BF
:1021900023767378C3F3400363762B7803F001034F
:1021A00063F30102A276D2B27B7FC3F3401363F3E1
:1021B0008202A276D2B27B7FC3F3801363F3C302A1
:1021C000A2767278A37E62F30413227FA376AB78A3
:1021D000E376EB7863F3000203F0020302F0F1020E
:1021E0001343627F23772B7963F3000203F002032A
:1021F00002F0F1021343637725213846FCF728FEED
:102200007B7F23F010037B7794E70323237105235F
:102210002375F1E7102006B0BDE8F08143F202001B
:10222000F9E70820F7E70D20F5E70620F3E704209B
:10223000F1E700BF480100202DE9F04F904695B02E
:10224000254A0D460590994610680BAB51681289D6
:1022500003C305981A80FCF7C5FE0746002800F066
:10226000F9810378262B40F0F881437F03F00303C4
:10227000022B049306D1B8F1000F21D0072015B02E
:10228000BDE8F08F4DB94046FEF717FF0028F6D1A4
:102290007B7F03F00303022BEDD0B8F1000F07D1D1
:1022A0000921059815F0B6FB0446B8B9FFDFFEE733
:1022B000FEF784FE30B17B7F03F00303022BEFD1E6
:1022C0000821EEE715F02EFB0028F4D098F8033033
:1022D0009907F0D50620D2E7B8C90500802DCDD8E2
:1022E00005F060F8002800F0BA812246012302F8C8
:1022F000045F0F9225798DF83830002D40F054811D
:10230000049A022AD4E91DB600F05D8198F80020F5
:10231000797FC2F3400262F345117977C9B298F828
:102320000020C2F3800262F38611797798F80020CA
:102330006178D20962F34101617098F80020217838
:10234000C2F3021262F34711217098F800206178FD
:10235000C2F3C00262F30001617098F8012062715B
:1023600098F80020B1781A4062F30101B170C9B247
:102370007A7FC2F3401262F38201B170C9B27A7FF0
:10238000C2F3801262F3C301B1706178B27861F375
:102390000412B2702278C2F3421232706278C2F331
:1023A0004002727098F80220F2705A467571B34676
:1023B000357116460222CDE9062396F802A09BF855
:1023C0000230CAF3C00A1AEAD30A00F00081484674
:1023D000FAF7D4FE002840F03B81D9F80800FAF75C
:1023E000CDFE002840F03481D9F81400FAF7C6FE7B
:1023F000002840F02D81D9F808306278A360D9F820
:102400001430E360737843EA520303F00103627807
:1024100063F341026270B37802EA131363F30002BC
:1024200000236377069B627007F10F02023B18BF1F
:10243000012304EB83035A617A1C079B023B18BFFC
:10244000012304EB83035A619BF8023003F003037A
:10245000012B67D1B37803F00303012B62D1049BF6
:10246000022B19D098F803309BF8052063F3000283
:1024700003F0020302F0F10213439BF804208BF8EF
:10248000053098F8043063F3000203F0020302F011
:10249000F10213438BF8043032799BF804307179E0
:1024A00013409BF805200A408DF827308DF828202E
:1024B000BAF1000F01D1134334D04846FAF75EFE5B
:1024C000002840F0C580049B04F5AA722046022B28
:1024D000029204F18C020BBF4B4609F10C0301215F
:1024E0000021CDE900320DF127035246FEF71CFE14
:1024F000002840F0AD80049B52462046022B04F594
:10250000AC7308BF09F10C09029304F1A00314BFD6
:1025100001210021CDE900930AABFEF705FE00285A
:1025200040F09680637813F0020365D19BF8022097
:10253000B1780A4352075FD504999BF8003032788E
:1025400002294FEA43014FEA420046D05031694424
:1025500031F8245C054105F00305022D28BF022552
:10256000BAF1000F4ED0012B01D0042B4DD1012A1E
:102570004AD0042A4FF0010308BF15467A7F63F35F
:10258000451213466AF386137B77617811F00201D6
:102590003DD00323A371BAF1000F05D18DF828A017
:1025A0000AA90598FEF735FD25213846FCF750FCB1
:1025B0000EA904F1D400F8F7E5FD10F0FD003FF49A
:1025C0005EAEFFDFFEE7049ACDE90632F5E66278FB
:1025D0007378C2F34002134019E75030684430F872
:1025E000245C0D4105F00305012D03D0022DB4D16B
:1025F0000125B5E7049DB3E7BAF1000F05D1C3F398
:102600004003BBE75346B9E704250123B6E7022D93
:1026100003D1A5718DF82810C2E7012D0DD1022339
:102620000D2204F12100A37119F050FE23788DF8DA
:10263000285043F002032370B2E7042D15BFA171A7
:1026400001237B7FA3711CBF61F345137B77ABE74D
:10265000102014E643F2020011E608200FE61120D4
:102660000DE600BF2DE9F04186B0054688461446C8
:10267000FCF7B8FC0746002800F089800378272B78
:1026800040F08880437F284603F00303022B14BFE9
:102690000921082115F0BEF9064608B9FFDFFEE75B
:1026A000B8F1010F857948D0B8F1020F31D0B8F1F7
:1026B000000F03D0072006B0BDE8F081002CF9D14F
:1026C000013DEDB2022D22D8334B2B449C7A337856
:1026D0002521384643F002033370FCF7B9FB337809
:1026E000DA0751D5324623F00103694606F1D400DA
:1026F00002F81E3B02238DF804408DF80030029250
:10270000F8F740FD10F0FD0F3FD0FFDFFEE7FFDFE1
:10271000FEE72046FAF732FD08B11020CBE7032D83
:10272000C8D106F11E0304F1100254F8041B9442B0
:1027300043F8041BF9D10024C9E7012D1ED0022D56
:10274000B8D12046FAF71AFD05460028E5D1014622
:10275000102206F11E0019F0B9FD621E294605344B
:102760000A2012F8013F303BDDB2092D09D8A24200
:1027700000FB0131F5D1C6F81E10DCE7002CDAD0E1
:1027800098E74FF0FF31F6E77477002093E743F2C4
:10279000020090E708208EE7B8C90500F0B587B0C1
:1027A00004460E461546FCF71DFC074600284CD093
:1027B000437F204603F00303022B14BF09210821A5
:1027C00015F028F9044610B9082007B0F0BDEEB1A5
:1027D00023785907F8D53B78232BF5D9802E37D8A5
:1027E000267756B9284604F13E0305F1200250F839
:1027F000041B904243F8041BF9D1227842F01002E6
:10280000D3B22270120708D40020DEE72846FAF778
:10281000B5FC0028DCD01020D7E723F00803237094
:1028200007238DF804608DF8003066B904F13E038B
:10283000694604F1D4000293F8F7A4FC10F0FD0FF0
:10284000E2D0FFDFFEE70023F2E743F20200BCE73D
:102850000720BAE7F8B506460D46FCF7C3FB80B380
:102860000378272B01D00820F8BD437F304603F0C2
:102870000303022B14BF0921082115F0CBF80446ED
:1028800008B9FFDFFEE78779022FECD14378DB0739
:10289000E9D501462A463046FEF7CCFB08B10020B8
:1028A000E2E7B4F860300D2B0ED83B46102204F15D
:1028B000620104F15E0014F0DBFE01234570037039
:1028C000EDE743F20200CFE71120CDE7F7B504466C
:1028D00008460E461546FAF751FC10B1102003B019
:1028E000F0BD2846FAF770FC0028F7D14FF6FF73C9
:1028F0009C4219D02046FCF775FBD8B14378811C67
:102900002A465808FCF742FBEF1D002410213846E8
:1029100014F096FC05F117003B4632463146009410
:10292000F8F718FE2046DAE72846FDF7E5F8002814
:10293000EAD0D4E743F20200D1E72DE9F0410446A2
:1029400088B008460E461546FAF762FC18B110200A
:1029500008B0BDE8F0812846FAF75AFC0028F6D105
:102960002046FCF73FFB0746002800F082800378F2
:10297000272B01D00820EBE7437F204603F0030319
:10298000022B14BF0921082115F044F8044608B9A8
:10299000FFDFFEE7038803F40173B3F5017FE9D19C
:1029A000797F01F00301D0E91D2302291EBF1946DA
:1029B00013460A46527802B135B193F80180B8F156
:1029C000000F03D0002E57D10720C1E7DDB1E26828
:1029D00005F1070800231735114602A80093434666
:1029E000F8F7B8FD102202A9284619F05FFCC0BB19
:1029F000434604F12E0253F8041BAB4242F8041B79
:102A0000F9D14FF000084EB1F31D04F11E02173644
:102A100053F8041BB34242F8041BF9D12378252153
:102A2000384643F002032370FCF712FA2378DA07E2
:102A30001CD5224623F0010302A904F1D40002F8B8
:102A40001E3B02238DF80C808DF8083004F12E0314
:102A500004920593F8F796FB10F0FD0F04D10020C7
:102A600076E74FF00408CEE7FFDFFEE784F81D802D
:102A7000F5E743F202006BE7002DA8D1A846C3E7B3
:102A8000F7B507460D461646FCF7ACFA0446002893
:102A900034D00378222B34D1437F03F00303022B7D
:102AA00031D12846FAF76AFB10B1102003B0F0BD0F
:102AB0003046FAF763FB0028F7D12B46214638460B
:102AC00033F8022B0096FEF7A7FB0028EED1337CEB
:102AD000627FC3F3400363F345126277327C637F06
:102AE00062F38613A27F6377337C9B0863F305024E
:102AF000637F60F30413A2776377D7E743F20200A2
:102B0000D4E70820D2E743F20500CFE770B50646C8
:102B10000D46FCF767FA044640B30378212B28D909
:102B2000437F1B0725D529463046D5B10BF0C6FBA0
:102B300004F0E8FB2B7C627FC3F3400363F3451290
:102B400062772A7C637F62F38613A27F63772B7C94
:102B50009B0863F30502A277637F23F00803637782
:102B600070BD0BF0ABFB04F0CDFBF5E743F20200C8
:102B7000F6E70820F4E770B50E46FCF733FA054691
:102B800050B13046FAF720FB044640B9284631469A
:102B9000FEF71CFA204670BD43F20200FBE710204E
:102BA000F9E79323488001F80C3B02F1100352F837
:102BB000040B9A4241F8040BF9D104F0FBBB70B549
:102BC0001446128806460D460AB9002070BD05F06D
:102BD000C5F80028F9D0214631F8022B19F0C4FBC2
:102BE000EA1E3046294653425341228805F0B3F984
:102BF000002301202380E9E7F8B515461A88064628
:102C00000F461C460AB90020F8BD294605F0A6F873
:102C10000028F8D0214631F8022B19F0A5FB2388B3
:102C200030462A46394601F053F80023012023801C
:102C3000EAE738B505460C46FCF7D4F960B10378ED
:102C4000212B0CD90521284614F0E4FE0028206031
:102C50000CBF0320002038BD43F20200FBE7082030
:102C6000F9E700002DE9F04F85B081460F46904608
:102C7000019303B3019E06F1120B5846FAF7F3FADB
:102C8000451D25F00305ADB2EFB998F80030092BCA
:102C900041D1746864B1727B63886A439A4243DDB0
:102CA000211D204692B22B4614F0CFFC044607802B
:102CB0004FF0030A0CE001A9FFF7BBFF0028D9D0B1
:102CC00005B0BDE8F08F337BABBB34684FF0050A2D
:102CD00001215846FAF7D8FA51460246ADF80E00DF
:102CE000484605F03BF8034638BB0CB32288FAB9D6
:102CF000A21C0DF10E014046C8F804B0A8F80290DD
:102D00000093FAF7EFFA009BC8B1092836D81C4B9C
:102D100033F81000D4E70D2B04D106F108044FF06E
:102D2000040AD5E7FFDFFEE74FF0030A3C46CFE792
:102D3000BAF1030F20D01120C2E70246D9E7BDF84F
:102D40000E2053B1AAF1030148464B424B41514674
:102D500005F001F977B90020B2E7BAF1030F22803C
:102D6000F8D1727B2B4670686A43011D92B214F051
:102D70007FFCEFE73773EEE71320A1E703209FE71F
:102D8000C6C9050010B50C4686B01946A2B1042389
:102D90008DF800301388ADF8083053886A46ADF8D6
:102DA0000A30A3788DF80E302388ADF80C3000235C
:102DB000FFF758FF06B010BD1020FBE7053020F0EC
:102DC000030080B209B14143043108447047000058
:102DD00013B50446019048B914F0E6FB24B1044B46
:102DE000019A1A6000221A7102B010BD01A8F3E71F
:102DF000A80100202DE9F8430D46164600212422A3
:102E0000284619F063FA0EB9FFDFFEE7B778DFF85E
:102E100054906F733488D9F80000053424F003040B
:102E2000A4B2214614F0E8FB08B9FFDFFEE74FF03B
:102E300000082860A0F8008047B17C43D9F8000062
:102E4000211D14F0D9FB48B9FFDFFEE76F60318820
:102E500005F11200BDE8F843FAF7F0B96860C0F870
:102E60000080F4E7A80100202DE9F84301F11207E2
:102E700006460D46DFF85C803846FAF7F4F9441D43
:102E800095F80D9024F003042968D8F80000A4B246
:102E9000224614F0D3FBB9F1000F07D004FB09F26E
:102EA0006968D8F80000043214F0C8FB052014F05B
:102EB00039FD0446052014F007FE241A012C03D125
:102EC000D8F8000014F08CFB39463046BDE8F843D2
:102ED000FAF7C8B9A801002010B50521044614F07E
:102EE00099FD08B9FFDFFEE700F112012046BDE8B9
:102EF0001040FAF7B0B900002DE9F04F448889B0CE
:102F000006460D4620460521904614F083FD814675
:102F100008B9FFDFFEE71DB10023AC80EB802B81F9
:102F20003278337B02F0F002902A40F027835A1E59
:102F30000E2A00F21E83DFE812F011036802580225
:102F400073000F0060010201080124013B001C0214
:102F50002D024A023B013B0199F80C30022B01D0B3
:102F6000FFDFFEE7308AC4000C34A4B2002D00F06D
:102F7000118305F10C030022688191B20833884265
:102F800003D83023A8F8004029E199F8101003F87D
:102F9000061CB9F80E1023F8081C716951F82210AC
:102FA000013223F8041CC1F30F4123F8021CE4E7AB
:102FB00099F80C30022B01D0FFDFFEE7738ADC00AA
:102FC0000C34A4B2002D00F0E582327C4FF0000AF0
:102FD0006B810092043AD346D2B201926A891FFAF9
:102FE0008AF39A42CDD9716902A8009A1FFA8AF72A
:102FF00059440AF1010A19F0B7F9009BFF0003A92F
:103000009B44B34B07F10C0201981B792F442A44CF
:10301000003B18BF012315F0C3F8029B3B61DDE7BD
:1030200096F810A099F80C30BAF1010F14BF1022D5
:103030000222052B009203D0062B34D0FFDFFEE7DF
:10304000738A03EB430464000C34A4B2002D00F037
:10305000A18200276B81009BBA4603F1020B6A89AB
:10306000BBB29A4203D83323A8F80040B7E0716995
:103070005A4602A85144DA4419F076F90623BAB246
:10308000BDF80810009801375A43AB180E329981E9
:103090002A448F4B0DF10A011B79003B18BF012315
:1030A00015F07EF8DBE7BAF1010F738A14BF122422
:1030B00006245C430E34A4B2002D00F06B82BAF1FA
:1030C000010F6B814FF0000714BF02230123BB46A1
:1030D0002B73009B023301936989BAB2914203D8E2
:1030E0003423A8F800407AE0716902A8019A594493
:1030F00019F03AF9019BBAF1010FBAB29B44BDF83D
:1031000008100CD106204243A8181032C1812A446D
:103110000DF10A01009815F063F80137DCE7122081
:1031200000FB02520DF11A00D1810DF10A0110329B
:1031300051F804CB814242F804CBF9D1EDE799F87C
:103140000C30082B07D0FFDFFEE799F80C30082B76
:1031500001D0FFDFFEE7728A02F11004A4B2002D55
:1031600000F01882338A05F1100071696B81B9F89B
:103170000E30EA81AB8119F0F7F83623A8F8004049
:103180002DE099F80C30092B01D0FFDFFEE7328AE1
:1031900002F10C04A4B2002D00F0FC81716905F16C
:1031A0000C006A8119F0E0F83723A8F8004016E017
:1031B000728A02F11004A4B2002D00F0EB810E2BF4
:1031C000318A05F11000EA8114BF022301236981CD
:1031D0002B73716919F0C8F83923A8F800402B80C7
:1031E000303B6FF490526C809BB242FA03F3DB07E2
:1031F00044BF002389F80C30CEE199F80C30327CC2
:10320000042BB6F812A0009249D0072B00F0998049
:10321000032B40F0AC800AEB8A0464000C34A4B2A7
:10322000002D00F0B781931F05F10E074FF0000B42
:10323000A5F80AA0DBB20193BAF1000F03D1312344
:10324000A8F80040CBE71622002102A80AF1FF3AB5
:1032500019F03CF87169009A02A859441FFA8AFAD9
:1032600019F082F8BDF808303A460DF10E0127F842
:10327000023C0A37BDF80A30019827F8063CBDF831
:103280000C3027F8043C124B1B79003B18BF01237C
:1032900014F086FF009B9B441FFA8BFBCCE70AEBE4
:1032A0008A0464000C34A4B2002D00F07381009BEA
:1032B00005F10C0B0027A5F80AA0053BDBB2019332
:1032C000BAF1000F06D13223A8F8004087E700BF0B
:1032D000A8010020716902A8009A0AF1FF3A394456
:1032E00019F042F89DF80A20BDF808300DF10D01E3
:1032F00001981FFA8AFAABF8063002F07F03D20970
:1033000043EA0223BBF8042022F4BF7222F0010238
:103310001343ABF804309DF80C209DF80B3043EAC2
:1033200002235A460BF10A0B2BF8023C924B1B79F5
:10333000003B18BF012314F033FF009B3B449FB2B6
:10334000BEE7009B0AFB03F202F10E04A4B2002DBB
:1033500000F02081023B716905F10E00A5F80AA07A
:10336000AB8119F001F83523A8F8004037E7FFDFFB
:10337000FEE799F80C300A2B01D0FFDFFEE7002DA5
:1033800000F01681338A6B8100232B82EB810123AD
:103390002B7325E099F80C300B2B01D0FFDFFEE7F3
:1033A000B28A02F11204A4B2002D00F0F3800423CB
:1033B000B16905F112002B73338A6B81738A2A82FB
:1033C000EB8118F0D1FFA8F80040382307E7002D63
:1033D00000F0EE8005232B7300236B81EB812B82A1
:1033E00012231224A8F80030EFE799F80C30012BD3
:1033F00001D0FFDFFEE7002D00F0D280338A0C24DD
:103400006B813A23A8F80040E9E62DB1737B03F500
:103410008073EB80738A2B8199F80C20531E0B2B41
:1034200000F29A80DFE803F0061624303C47525E33
:103430006F7A7A7A99F80C30012B01D0FFDFFEE722
:10344000002D00F0AD80337C012B01D0FFDFFEE7C3
:103450001723D4E7337C082B03D0032B01D0FFDFE5
:10346000FEE7002D00F09C8000230C246B8188E592
:10347000337C042B01D0FFDFFEE7002D00F09080AD
:1034800000230C246B81DAE6337C042B01D0FFDFB0
:10349000FEE7002D00F0848000230C246B8112E7EE
:1034A000337C022B01D0FFDFFEE7002D78D0002314
:1034B0000C246B81D7E5337C022B01D0FFDFFEE7C4
:1034C000002D71D000230E246B8109E6337C042B80
:1034D00001D0FFDFFEE7002D66D000230E246B81B4
:1034E000AB8140E7337C053B012B01D9FFDFFEE7D1
:1034F000002D5BD0738A10246B810023EB81B9F817
:103500000E30AB8139E6337C072B01D0FFDFFEE7BD
:10351000002D45D000230C246B8145E6002D47D0BB
:10352000738A0B2A6B814FF00003EB812B82337C73
:1035300006D00C2A0CD00A2B3FF429AFFFDFFEE7A0
:103540000B2B01D0FFDFFEE7042321E705231FE754
:103550000C2BFBD0FFDFFEE7FFDFFEE755B30123B7
:103560000B24EB8000232B81AB723B23A8F8004097
:1035700035E6FFDFFEE700BFA8010020012B07D1E1
:10358000C5B1737B0B24AB723C23A8F8004026E640
:10359000FFDFFEE7A8F80040002009B0BDE8F08F8B
:1035A0000C23A8F80030F7E70E23FAE71023F8E71A
:1035B0001223F6E70B23F4E770B5568804460D4650
:1035C0000521304614F026FA08B9FFDFFEE700F1C6
:1035D00012032A4621463046BDE87040F9F7BABFCB
:1035E00010B50C46052114F015FA08B9FFDFFEE707
:1035F00021461230BDE81040F9F741BE10B50C4627
:10360000052114F007FA08B9FFDFFEE72146123062
:10361000BDE81040F9F750BEF7B50E46044603F07A
:10362000C1FE05463378013B0E2B00F28A80DFE8AD
:1036300003F0503D6339391239393908393939398C
:1036400039003379043BDBB2022B01D0102B16D1A9
:10365000F5B9FFDFFEE708B9FFDFFEE705212046E9
:1036600014F0D8F9037B042B0BD0072B10D0032BBD
:1036700016D13379063BDBB2022B09D043B10720C8
:103680000CE03379053BDBB2022B01D0102BF6D1D5
:10369000324629462046FFF784FA002003B0F0BDE9
:1036A000FFDFFEE70028F3D1FFDFFEE708B9FFDF09
:1036B000FEE73779012FEBD117212046FFF79EFF58
:1036C0001721204601F087FC3946204601F091FC85
:1036D000DEE70521204614F09DF908B9FFDFFEE77B
:1036E00000F112012046F9F7B6FD002DD0D11321CB
:1036F0002046FCF7BFFED0E708B9FFDFFEE7052153
:10370000204614F087F908B9FFDFFEE70DF1060146
:103710001230F9F7AAFD08B1FFDFFEE7B7882046AF
:10372000BDF80630172F38BF17279F4228BF1F4606
:103730003946FFF763FF3946204601F04CFC012172
:10374000C3E7FFDFFEE710B50C46052114F062F970
:1037500008B9FFDFFEE721461230BDE81040F9F757
:103760009BBD10B50521044614F054F908B9FFDFDC
:10377000FEE700F1080204212046BDE81040FFF7F3
:103780001EBA10B50521044614F044F908B9FFDF4C
:10379000FEE7026805212046BDE81040FFF70FBA9A
:1037A00070B50521064614F035F9054608B9FFDF66
:1037B000FEE71230F9F757FD441D24F00304A4B2CC
:1037C0006A680AB1538803B970BD32F8043B03211B
:1037D00030461A44FFF7F3F90028F5D06A7B2346F8
:1037E00068686243011D92B213F06DFFE8E738B5D7
:1037F00004460D4603F0D6FD08B9FFDFFEE70123BE
:1038000045734480037333230370BDE8384003F0ED
:10381000D1BD0000602803BF0B780020034A0720B9
:1038200004BFC3F300031371704700BFA801002059
:1038300070B58CB00D460646144601A9FFF7F9F99C
:10384000E8B9F4B90823ADF820508DF818304FF6D8
:10385000FF73ADF8223001238DF826304FF420534A
:10386000ADF82430019D06AA022130462B46FFF711
:10387000F9F920B91CB1A3782B742388EB810CB023
:1038800070BD032302AA0AA920468DF81830102320
:103890000B92ADF8283014F0A7FC68B90123ADF8FD
:1038A00020508DF826304FF42053ADF824304FF6D9
:1038B000FF73ADF82230D5E70720E0E7012307B515
:1038C0008DF8063042F602030A4601A9ADF804302D
:1038D0000323FFF757FA03B05DF804FB012307B594
:1038E0008DF8063042F603030A46ADF8043004238F
:1038F0000DEB0301FFF746FA03B05DF804FB7FB55B
:1039000081B102236A468DF800300B88ADF808308B
:103910004B880521ADF80A300023FFF7A3F907B063
:103920005DF804FB1020FAE711B10723FFF72ABA6C
:103930000720704770B588B00D460646144601A9A9
:10394000FFF777F970B97CB90523ADF810508DF801
:103950000830019D02AA082130462B46FFF782F964
:1039600000B9EC8108B070BD0623ADF81050ADF879
:1039700012408DF80830ECE77FB569B10723ADF848
:10398000082003916A468DF8003009210023FFF7D3
:1039900069F907B05DF804FB1020FAE7F0B50546B9
:1039A00089B008460C46F9F7E9FB10B1102009B0C0
:1039B000F0BD01A92846FFF73CF90028F7D1019E88
:1039C000012106F11200F9F75FFC2278042A0ED0DB
:1039D00004D8531E012B0CD90720E8E7052AFBD198
:1039E0000C2163788DF808108DF810301CE0023837
:1039F00080B2E38833B1A1680029D7D0033880B200
:103A000083422DD8042AA0881DD00028E4D1022AA0
:103A1000A76864880ED109220146ADF810408DF8E0
:103A20000820ADF812300597334602AA2846FFF762
:103A300019F9BCE70A21ADF81040ADF812308DF845
:103A400008100597F0E70B216288ADF81430A368E1
:103A50008DF80810ADF81020ADF812000693E3E7DA
:103A60000C20A4E77FB50D23ADF808106A468DF849
:103A7000003000231946FFF7F5F807B05DF804FBA6
:103A80007FB581B102236A468DF800300B88ADF80E
:103A900008304B880621ADF80A300023FFF7E2F822
:103AA00007B05DF804FB1020FAE770B586B00E464B
:103AB000012100236A4605468DF80010ADF8086024
:103AC000FFF7D0F8044638B93146284601F075FAB8
:103AD0002146284601F08DFA204606B070BD68B335
:103AE0008378012B2CD1008842F60413984216D813
:103AF000B0F5245F26D241F60103984208D8013878
:103B000041F2FE7380B298428CBF0F2000207047B4
:103B1000A0F52050032894BF0F200020704742F6E4
:103B20000123984205D8B0F5285F34BF00200F204C
:103B30007047A0F5285003380228ECE710207047A2
:103B4000002070470F20704787289ABF024B33F838
:103B500010000320704700BFDAC9050043785A07F8
:103B600010D003F007034A7863F302024A704378E7
:103B700013F0380F0DD0C3F3C2034A7863F3C502C4
:103B80004A70704713F0380F14BFC3F3C203012308
:103B9000E9E75A0714BF03F007030123EDE700002C
:103BA00010B50B4648800C46842103F80C1B02F12B
:103BB000100152F8040B8A4243F8040BF9D103F0C8
:103BC000F9FB014B1C6010BDB00100200B460E221A
:103BD000002110B50446184618F078FB03461CB1C6
:103BE000012C04D0FFDFFEE705229A7110BD0622EA
:103BF000FBE770B588B004460D46102204AE0021E4
:103C0000304618F063FB002203AB294600922046A1
:103C100001931023F7F78EF8024620B108B0BDE8F3
:103C20007040FFF791BF0DF10E0329462046CDE904
:103C30000063BDF80C30FAF774FF0028EED108B02D
:103C400070BD37B50C46054600283CD00DF1070184
:103C5000FEF79EF9002837D163780DF107019DF832
:103C60000720681C62F302036370FEF791F958BBEA
:103C700063789DF8072062F3C503AA786370C2F3E6
:103C80004103012B02D0022B20D10120237860F3C5
:103C900045132370637859071EBFC2F3C00161F357
:103CA00086136370637813F0380F1EBFC2F30012DF
:103CB00062F3C7136370637813F0780F1EBF237825
:103CC00043F040032370002003B030BD0720FBE722
:103CD00030B40D4611461A4641B102290AD12C7C56
:103CE00014F0010303D024F001042C74012330BC30
:103CF00004F031B90023FAE738B51546002204462E
:103D000040680A704A70FFF79CFF58B9A38922895E
:103D10009A420ED862689278D20704D5B3F5007F34
:103D200007D82B8038BDB3F5FF7F02D803F20123FB
:103D3000F7E70C20F6E710B50C46F7F751F808B195
:103D4000FFDFFEE72046BDE81040FFF7FDBE01445F
:103D500010B504464FF6FF708C4200D110BD43BA37
:103D600014F8012B9BB25A40C2F303135A401303B9
:103D70009BB25A40530103F4FF5382EA0300EBE77E
:103D80002DE9F04F85B01C46894605469DF83C60FC
:103D900092460E9BB11EDDF8408003F1140B18BF54
:103DA00001215846F9F7EFFF3146024607462846FB
:103DB00003F0D4FF002814BF0121002188F800106F
:103DC00003D1C4B12388B3B9A01C164A00210DF158
:103DD0000E03ADF80E70116052464946CDE9000B56
:103DE0002846FAF751FB68B1082819D80E4B03444E
:103DF00093F8100103E0002E14BF1120132005B02A
:103E0000BDE8F08F98F80020BDF80E3032B1324690
:103E10000E992846FFF75CFF0020F0E72380FBE7C0
:103E20000320ECE7B0010020DAC905002DE9F043DA
:103E3000002391B0054608460C46ADF81630F9F758
:103E40009DF9002840F0BE80E3683BB1A368002BD9
:103E500000F0B8801A88ADF8162018802846FBF7C5
:103E6000C1F8814628B943F20205284611B0BDE8E1
:103E7000F0830378212B01D80825F6E70621284690
:103E800013F0C8FD074608B9FFDFFEE71430F9F765
:103E900067FFA3780646013B012B00F295800BAA31
:103EA00021882846F6F7D6FF20B111B0BDE8F043CF
:103EB000FFF74ABE0BA8F6F7DBFF0028F5D10BA8E9
:103EC000F6F7D6FF002840F081800D9B434A23F08F
:103ED0007F4393427AD1E36883B10DF116022846FD
:103EE000CDE90032BDF81630A2882188FAF719FE14
:103EF0000028DAD1BDF81620A3681A809DF82F801B
:103F000018F0100865D10F990029ACD09DF8303019
:103F100013F0380F01D1FFDFFEE7314AC3F3C203CC
:103F2000134493F8182199F820309A4254D8053652
:103F3000A2780B7826F00306012AB6B236D1DA074A
:103F40009AD50223B8688DF8183058B17A7C438826
:103F500072439A4234DD92B23346011D13F075FB71
:103F6000A0F800802388072206A90097ADF81C302E
:103F70000DF11503CDE9018303462846FFF700FF45
:103F8000054600287FF471AF9DF81530002B7FF4B3
:103F90006CAFA378012B7FF468AF7A7C3346B868A6
:103FA0007243011D92B213F063FB5EE79B077FF53E
:103FB00063AF03234FF001088DF818303868D1E75C
:103FC0004046CFE7102550E707254EE74FF4505500
:103FD0004BE743F2014548E70F2546E70229010078
:103FE000DAC90500F7B50C46054603F0DBF90646CD
:103FF00021784B1E0A2B00F2C080DFE803F0061880
:10400000B6304F4F657DB1979D005D4B1B684BB13E
:104010005A7842F020025A7062685A600027384687
:1040200003B0F0BD6168284603F0F2F9F6E7062117
:10403000284613F0EFFC08B9FFDFFEE700F114019A
:104040002846F9F77EFE2EB1224631462846FFF774
:10405000A7FDE3E713212846FCF70CFADEE706216B
:10406000284613F0D7FC08B9FFDFFEE7A37900214B
:10407000E27903F018038181182B08D1A38883818A
:1040800056B1224631462846FFF78AFD52E05306D4
:10409000C4D5A388C381F3E7FFDFFEE794F90730B7
:1040A000002B0FDA062904D00227002E38D1FFDFBB
:1040B000FEE7284613F0AEFC08B9FFDFFEE7A38851
:1040C000C381F1E70027F0E70621284613F0A2FCA0
:1040D000074608B9FFDFFEE71430FAF743FC18B1D2
:1040E00094F90730002B99DA3B7C43F002033B74D0
:1040F000002EC6D1FFDFFEE70621284613F08AFC1A
:10410000077C6379C7F3400262F300036371037CA9
:1041100023F0020303740EB9FFDFFEE707F0020786
:10412000224631462846FFF73BFD78E70121284625
:1041300003F0D4F9022772E70621284613F06AFC3F
:104140006368064601220093694623892846ADF834
:10415000043003F0DFF9337C23F0020333745DE7AE
:1041600000287FF471AFFFDFFEE700212846FFF74C
:10417000EAFA002E85D1FFDFFEE7FFDFFEE700BF92
:10418000B0010020431D23F003039BB2580009B186
:10419000594304310844704737B50023064D04469F
:1041A00001902B7130B913F0FFF90CB1019B2B6119
:1041B00003B030BD01A8F6E7B00100202DE9F047BB
:1041C0000E46174686B0054658220021304618F0A4
:1041D0007DF80FB9FFDFFEE797F802A0DFF8C8907F
:1041E00086F811A03C88D9F81000053424F00304A7
:1041F000A4B2214613F000FA08B9FFDFFEE74FF042
:10420000000830602146A0F80080D9F8100013F0B3
:10421000F3F908B9FFDFFEE77060A0F80080BAF19B
:10422000000F09D004FB0AF4D9F81000211D13F087
:10423000E3F9C0B9FFDFFEE7C6F808A0002306F1E6
:1042400014012846F3603A88F9F766FD01AA0121B6
:104250002846F6F7FFFD01A8F6F70AFE044630B13E
:1042600006B0BDE8F087B060C0F80080E6E79DF8D2
:1042700007301B07EFD5BDF80A102846FFF7B9FC39
:104280009DF807309DF80820284643F01003BDF83C
:104290000A108DF8073043EA0223224663F30F0227
:1042A000FF23F6F717FED6E7B0010020F8B501F1BD
:1042B00014000D46F9F754FD441D134E24F0030479
:1042C0006F7C2968A4B23069224613F0B7F9224600
:1042D0006968306913F0B2F937B104FB07F2A968D5
:1042E0003069043213F0AAF9062013F01BFB0446D0
:1042F000062013F0E9FB241A012C04D13069BDE833
:10430000F84013F06DB9F8BDB0010020F0B5204BB6
:104310008FB005464FF6FF7009AAD989F6F79AFDC6
:1043200009A8F6F7A5FD0DF10E07044605AE0CB180
:10433000052025E09DF82E30AB421ED0012B21D167
:10434000BDF82C30A3F520539BB2012B1AD81023B3
:104350002246BDF82A104FF6FF70CDE90067F6F748
:10436000E9FC60B904AA31469DF80E0013F038FF4D
:1043700028B99DF81230AB4204D1204600E003205A
:104380000FB0F0BD09A8F6F773FD0446CFE700BFF4
:10439000B001002038B50621054613F03BFB08B9F3
:1043A000FFDFFEE700F1140428462146F9F7C9FCB7
:1043B00021462846BDE83840F9F7CABC70B58AB036
:1043C00006460C46FAF70EFE0546002835D003785F
:1043D000212B02D808200AB070BD0CB1A3887BB392
:1043E00001238DF814300323ADF8183064B1A3888D
:1043F0002468ADF8203006213046079413F00AFBFC
:10440000044620B9FFDFFEE7ADF82040F3E71430A3
:10441000F9F7C9FC0307DDD502F0C4FF90B10DF137
:10442000130395F8202005A9304602930223CDE915
:1044300000436368FFF7A4FCCDE743F20200CAE73C
:104440000920C8E71120C6E72DE9F04F578889B049
:1044500082468B4638469046FAF7C4FD06218146CF
:10446000384613F0D7FA00230546ADF81E30B9F1EF
:10447000000F01D1FFDFFEE708B9FFDFFEE70221F1
:10448000384603F029FF05F114030146C0B10024AA
:104490002646264A002138461160514699F82020C8
:1044A000CDE901630DF11E0300935B46F9F7AFFC04
:1044B0000646042837D8DFE800F01F36282F2800EA
:1044C000184605936E68F9F75EFC022102460490D7
:1044D000384603F043FCDDE9042358B9002ED6D05A
:1044E00031880029D3D10236041EADF81E2018BF32
:1044F0000124CEE70646F7E7BDF81E302BB144B1E4
:10450000022229463846FFF7E3FB304609B0BDE8F2
:10451000F08F6A681380F8E798F8013043F01003D1
:1045200088F80130F1E7FFDFFEE700BFB0010020AF
:104530002DE9F043804693B00D46002900F08380BA
:1045400000271222002128463E463C4617F0BEFEB8
:104550000DAA01214FF6FF70F6F77CFC0DA8F6F7C7
:1045600087FC20B113B0BDE8F043FFF7EDBA9DF82A
:104570003E20BDF83A30012A18D1BDF83C20A2F502
:104580002052032A12D8DFE802F0170B020E032490
:104590009845E3D12C74A6B9002013B0BDE8F08390
:1045A0001E460224F4E71F460424F1E7042C06D03B
:1045B000052C08BF0624EBE71E460124E8E7052486
:1045C000E6E70DF10E080DF1100910230022314627
:1045D0004FF6FF70CDF80480CDF80090F6F7AAFBF7
:1045E00008B10320D9E72A4649469DF80E0013F08A
:1045F000F7FD02460028F4D1AE81002FCCD008ABE5
:1046000039464FF6FF70CDF8048000931323F6F778
:1046100091FB0028E5D1BDF80E002A1D0DF1230104
:104620000338C0B213F0DCFD0028DAD1089B062C59
:10463000C3F30F23EB81AFD19DF83E30AB72BDF8D1
:104640003C302B81A8E71020A7E70000034608466E
:10465000012B70B514468CB018D0022B13D142F642
:1046600001030122ADF81C308DF81E2058B308AEAE
:104670004FF480730DF117013246ADF8183013F086
:10468000B3FD034628B107200CB070BD4FF4205392
:10469000E7E70E4D07A89DF81710AA1D0091CDE978
:1046A000016201F201220699F6F7ACFA20B10CB0D2
:1046B000BDE87040FFF748BA0CB1EB8823800123B6
:1046C00000202B71E0E71020DEE700BFB0010020E2
:1046D0002DE9F04F6A4E9DB000240D4633790592C6
:1046E000013B0B94012B00F2C380F388834240F01E
:1046F000C1808B4200F0C0800123A2462746A0461D
:104700008DF8263042F60203DFF878B112A8ADF832
:1047100024304FF480738DF82A40ADF820305A4B86
:10472000ADF8284012930AAB13934FF6FF73ADF820
:104730005030F6F7CBFB072217AB12A94FF6FF70EC
:10474000FAF748F9024630B10A2863D01DB0BDE837
:10475000F04FFFF7F9B9BDF85E9014B3189B23F042
:104760007F435B451DD10DF1220349464FF6FF7093
:1047700001930EAB00931023F6F7DCFA0028E5D185
:10478000BDF8223023F002039BB2042B03D0032098
:104790001DB0BDE8F08FBDF83830AB4235D10F20E9
:1047A000F6E79DF86230012B2FD1BDF86030A3F5FC
:1047B00020539BB2012B28D8F488A4EB09035C4258
:1047C0005C41B8F1000F00D017B34D451DD10DF17C
:1047D00022030DF138080022294601934FF6FF709D
:1047E0001023CDF80080F6F7A5FA0028AED1BDF869
:1047F0002200022801D01028C9D10BAA4146C0B21C
:1048000013F0EEFC0028C2D1C846BDF85EA092E7C6
:104810005746FAE7B8F1000F30D07FB30023ADF868
:104820003080ADF832708DF81F309DF82E30012B9E
:1048300015D09DF81F2009A8059B04320899029302
:104840000CABD2B2CDE9002300238DF81F20F6F780
:10485000D9F900287FF47AAF0223337176E70DAAE5
:104860000DF11F010BA813F0BFFC0028E1D08EE76B
:1048700008208DE706208BE7072089E7052087E7DA
:10488000B0010020022801000100FFFF1FB50A78D7
:10489000C2F34001C2F3000343EA4103C2F38001C3
:1048A00043EA8103C2F3C00143EAC103C2F300112A
:1048B00043EA0113C2F34011C2F3801243EA4113E9
:1048C000411E4FF6FF7043EA8213002289B28DF831
:1048D0000C300DF10E03019303AB00930123FAF7A3
:1048E00020F9BDF80E30012B01D0FFDFFEE705B047
:1048F0005DF804EBFFF728B910B50C46FFF7A1F9F6
:1049000068B9637803F00702012A09D113F0380F60
:1049100006D023789A0603D463F03703237010BDC2
:104920000720FCE72DE9F04F002395B0DFF824B213
:104930000546ADF828300E46ADF82A301746ADF8DA
:104940002C30ADF81430ADF81C30ADF82030ADF897
:104950002430ABF808309BF80430013B032B00F205
:104960000082F8F70BFC20B11024204615B0BDE8FA
:10497000F08F3046F8F702FC0028F5D16868F8F7A8
:1049800047FC0028F0D16B684BB1B5F80A902B8931
:10499000994502D8B3F5007F02D90C24E5E7994682
:1049A0000DF12E0205A93046FFF7A6F904460028AE
:1049B000DBD173689B7803F00603042B12D007A9A0
:1049C0002869FFF73EF904460028CED12B69B3B120
:1049D0006A789DF81D30900703F038030DD573B940
:1049E0000724C2E79DF8153013F0380FE7D030697F
:1049F000F8F70AFC0028E2D0B6E7002BF0D19DF8CA
:104A00001C3099067DD408A905A8FFF7A7F89DF8E2
:104A100021300122686962F302038DF82130FFF72B
:104A20006BFF04460028A0D109A9A869FFF709F97E
:104A30000446002899D19DF824309A06D0D4AB6959
:104A400043B19DF8253003F00702012AC8D113F0C5
:104A5000380FC5D0EB681BB11B78013B1A2BBFD8B0
:104A60002A783068C2F34001C2F3000343EA4103ED
:104A7000C2F3800143EA8103C2F3C00143EAC103E8
:104A8000C2F3001143EA0113C2F34011C2F38012D2
:104A900043EA41130DF1130143EA82136A7812F0DD
:104AA000030218BF012243EAC2130DF13F028DF841
:104AB0003C304FF48073ADF818304FF001038DF89F
:104AC000323042F60303ADF8303013F08DFB03466D
:104AD000002885D19DF813A00DF1260200900AF15F
:104AE000030A06995FFA8AFACDE901020AF2012265
:104AF0000CA8F6F787F8B0B115B0BDE8F04FFFF796
:104B000023B89DF81D3013F0380F06D16868F8F708
:104B10007FFB00283FF477AF26E76868F8F774FB5F
:104B20000028F3D020E70C4BBDF82E200293336908
:104B3000059901933389BDF8268000937389306805
:104B4000F6F760F8034648B101464046FFF7F3F830
:104B500004460AE7B0010020B80100202A7812F0CC
:104B6000300F19D04FF001020899ADF834000CA8AD
:104B70008DF8322042F60212ADF830200DF12A02F3
:104B800002920DAA01920222009240F20322F6F74D
:104B900039F801460028D8D1BBF808300022BDF80A
:104BA00026104FF6FF70ADF83D300FAB0192009329
:104BB0005346F9F7B6FF034600289DD19DF93C20E6
:104BC000002A26DA4FF48072ADF83400ADF81820D0
:104BD00001228DF832204FF42452ADF830206A784B
:104BE0000290C2F34001C2F3000242EA410200F027
:104BF000FC010CA80A4306998DF834200DAA0192F5
:104C00000222009240F20322F5F7FCFF0146002841
:104C10009BD16E68002E34D02B69A3B907A905A8D3
:104C2000FEF79CFF6B7813F002030BBF9DF81D206D
:104C30009DF81C3063F3C50243F040030CBF8DF8B0
:104C40001D208DF81C3001232A8907990CA88DF8A6
:104C5000323042F60113CDF80090ADF8303040F21A
:104C60000123B2FBF3F303EB4323D21A0AAB92B254
:104C7000CDE901630023F5F7C5FF014600287FF465
:104C800064AF2B78DB072DD50023ADF83430AB694A
:104C900053B909A905A8FEF761FF9DF82530012247
:104CA00062F302038DF825309DF8243040F2032290
:104CB0000CA843F040038DF82430012309998DF8A6
:104CC000323042F60313ADF830300BAB02930DAB2C
:104CD0000193022300930023F5F794FF0146002877
:104CE0007FF433AFEB684BB34FF480720CA8ADF890
:104CF0001820012206998DF8322042F60412ADF8F0
:104D000030201A788DF834205A788DF835205A885A
:104D1000ADF836201A798DF838200DAADB8801927B
:104D20000722ADF83930002300924FF4027202934B
:104D3000F5F768FF014600287FF407AF03238BF8DF
:104D40000430002F3FF411AEBBF808303B80BDF8B3
:104D500028307B80BDF82A30BB80BDF82C30FB802A
:104D600003E6082401E600BF2DE9F04192B00125D9
:104D700041F6010307460DF108080E460DF1020247
:104D8000284641468DF80A50ADF80830FFF75EFC22
:104D9000044660BB002F3BD001461C220BA817F035
:104DA00095FA234604AA06A965F342030BA8ADF8B9
:104DB00004408DF806309DF82C30039443F0200316
:104DC00010968DF80A508DF82C3042F60523CDF858
:104DD0001880ADF8083004230893ADF824306B44F4
:104DE000079303AB0A93FFF79DFD20B104462046CD
:104DF00012B0BDE8F0810A4ABDF810305381BDF809
:104E0000143093810133D381054B00221A71EEE7F0
:104E1000BDF80220024B013258819881DA81F3E714
:104E2000B0010020F0B51F4F87B004460E463B7915
:104E3000033B012B34D80DF1160204A9FEF75CFFE9
:104E4000054650BB63689B7803F00603042B12D021
:104E500005ABBDF8162004990293236901932389B9
:104E6000009363892068F5F7CDFE80B107B0BDE8F7
:104E7000F040FEF769BE9DF8113013F0380FE7D00F
:104E80002069F8F7C1F90028E2D0102505E016B135
:104E9000BDF81430338004233B71284607B0F0BDC1
:104EA0000825FAE7B001002037B505460C46D9B110
:104EB0000146002301AA4FF6FF70F6F747F820B12C
:104EC00003B0BDE83040FEF73FBE01A92046FEF723
:104ED000B8FE50B9A3782946019A4FF6FF7003F047
:104EE0000103F5F7F7FFEBE7102003B030BD13B572
:104EF0000C4600294AD001460DF1030301AA4FF6E2
:104F0000FF70F6F723F830B1872804D002B0BDE86F
:104F10001040FEF719BE00239DF80500694600F019
:104F200007002380A370FDF753F810B1032002B0EF
:104F300010BD9DF8003069469DF805002370C0F350
:104F4000C200FDF745F80028F0D19DF804209DF837
:104F5000003042F34012637002F003029DF8033008
:104F600082F0010203F0010343EA42039DF80520A9
:104F7000C2F38011C2F3C01243EAC10343EA021331
:104F8000A27822F01F021343A370D0E71020CEE7CF
:104F90001FB514460DF10E02CDE900320A462388F2
:104FA00001464FF6FF70F9F7BCFDBDF80E302380C7
:104FB00004B0BDE81040FEF7C7BD10B50C46062191
:104FC00012F028FD08B9FFDFFEE721461430BDE8E6
:104FD0001040F8F7D1BE10B50C46062112F01AFDAC
:104FE00008B9FFDFFEE721461430BDE81040F8F7AE
:104FF000F3BE10B50C46062112F00CFD08B9FFDF18
:10500000FEE721461430BDE81040F8F7C5BE062182
:1050100010B5044612F0FEFC014608B9FFDFFEE7BA
:10502000036801222046BDE81040FDF7E5BD70B5DC
:105030000621064612F0EEFC044608B9FFDFFEE743
:105040001430F8F78DFE451D25F00305ADB2A368B9
:105050000BB15A8802B970BD33F8042B2146304693
:1050600013440022FDF7C8FD0028F4D0627C2B46D3
:10507000A0686A43011D92B212F025FBE7E7062102
:1050800010B5044612F0C6FC014608B9FFDFFEE782
:10509000436802222046BDE81040FDF7ADBD38B59B
:1050A00004460D4602F07EF908B9FFDFFEE7012352
:1050B00045734480037344230370BDE8384002F015
:1050C00079B9012901D0FFDFFEE7FEF73CBB10B53F
:1050D00004460846FEF703FD20B92046BDE810400F
:1050E000FFF7B4BA10BDFFF7F3BA000038B51446A5
:1050F0000D461A4689B184B1636873B118B1094B82
:10510000DB8883420BD12068FEF7E9FC30B92146E9
:105110002846BDE83840FFF705BC102038BD072001
:10512000FCE700BFB001002010B50C4611466CB181
:1051300018B1084B1B8983420AD12068FEF7CFFCC7
:1051400028B92046BDE81040FFF76CBE102010BD06
:105150000720FCE7B001002070B5064686B0104677
:105160000D461446F8F730F810B1102006B070BDA7
:105170006068F8F74DF80028F7D101A92846FFF735
:10518000D7F90028F2D19DF81430072B3AD8DFE880
:1051900003F03B1B1B1B1B04043B9DF80630012B3B
:1051A00005D1BDF80430A3F5C053012B0CD99DF8EF
:1051B0000A30012B0FD1BDF8083042F6012293428C
:1051C00004D8B3F5285F06D30F20CFE7A3F5285303
:1051D000033B022BF8D99DF80E30012B09D1BDF805
:1051E0000C30B3F5245FEFD0A3F52453023B022B20
:1051F000EAD9636853B16368224661882846FFF79D
:10520000C7FEB3E7FFDFFEE70320AFE701AA2946A9
:105210003046F5F79BFE20B106B0BDE87040FEF7C2
:1052200093BC9DF804309B06E5D49EE7F0B5064696
:1052300085B010460F461446F7F7C6FF034678BB05
:1052400003AA39463046F5F781FE20B105B0BDE826
:10525000F040FEF779BC9DF80C3013F0100322D11A
:105260000DF10E0239463046CDE900324FF6FF739C
:105270006288F5F75FFD054680B96068F7F7A4FF1F
:1052800048B901953946636830460093238862889F
:10529000F5F750FD0546BDF80E3023802846D5E7CA
:1052A000102005B0F0BD43F20140FAE721B1054BF3
:1052B0000A889B899A4201D9FEF7B8BD43F20300E0
:1052C000704700BFB001002070B586B006460C469E
:1052D00015460021102202A816F0F8FF0423114AF7
:1052E000ADF802305389BBB19289A24216D2AC42CA
:1052F00014D8ADF80830022302A930468DF80A30E0
:105300006B44ADF80440049301ABADF8065005932F
:10531000FEF78CFD06B070BD0620FBE743F20300EC
:10532000F8E700BFB00100202DE9F04307468BB03D
:1053300008460C46F7F722FF18B110200BB0BDE865
:10534000F0833846F9F74EFE8046002800F08E8044
:105350000378212B01D80820F0E70621384612F007
:1053600059FB064608B9FFDFFEE71430F8F71BFDCE
:1053700023780546012B4DD110F0020FEBD0A37915
:10538000DA0761D4A388B3F5887F10D8B3F5827F9C
:1053900045D2B3F5817F22785FD040F203118B4272
:1053A0005FD0012B5BD0A3F58072012A57D9DDB203
:1053B00001F0F8FF00285CD014220021B6F80E900E
:1053C0000DEB020098F8208016F080FF01238DF885
:1053D00019508DF814300223ADF81C908DF8183058
:1053E000A379DB0709D59DF81E3043F001038DF842
:1053F0001E30D4E90223CDE908230DF11303424600
:1054000005A9384602930223CDE900637368FEF7CD
:10541000B7FC93E7022B22D110F01C0FAEE7A3F5E7
:105420008271012289B28A4041F2C5010A4216D135
:1054300040F20712934216D040F209129342B6D1BD
:1054400015F0080FB3D10AE06389002B9AD0E06809
:10545000F7F794FE002895D06FE7022AA7D107201E
:105460006CE7012AFAE715F0100FEBE743F20200B0
:1054700064E7112062E700002DE9F04790B0804614
:105480000C4616461D46F9F7ADFD002800F0CA800F
:105490000378212B40F2C980032D00F2C88000F070
:1054A000CA804CB9AB0725D5654B9F890137BFB280
:1054B0004FF6FF7925E00025012E01D80B2004E0EE
:1054C0002046F7F7A5FE18B1102010B0BDE8F08710
:1054D000701E2044F7F79CFE0028F5D1A319023E68
:1054E0002046B6B233F8027C3146FEF730FCB842B3
:1054F000D8D0E3E7002D00F0A180514B0127B3F88D
:105500000C9006AA39464046F5F7A4FCFCB925469E
:1055100006A8F5F7ADFC024618B9BDF81E104945BE
:1055200018D90621404612F075FA054600285AD1CE
:10553000FFDFFEE75B88102BC0D804351D44ADB2F9
:10554000B542BBD263191A88BA42F3D3E0E72346C7
:105550000025F8E79DF81BC01CF0080FD8D0002CE0
:1055600038D004EB050A2F1DBAF80230BFB2102B59
:10557000A4D8F818B042A1DC605B88429ED11CF030
:10558000100F13D00BA90191E1190091014640467B
:10559000F9F7C7FA20B110B0BDE8F047FEF7D4BA6A
:1055A000BAF80230BDF82C209A4287D11F44BDB210
:1055B0009DF81B20FF239DF81C10404622F010028E
:1055C0008DF81B20D2B242EA0122BDF81E10F5F779
:1055D00081FC9DE71CF0100FEAD04046FEF709FB66
:1055E0000028E5D071E784891CB3142200210BA8A0
:1055F00016F06CFE01230DF1170200958DF82C308A
:1056000002230BA940468DF83030ADF83440CDE987
:10561000013207226B68FEF7B3FB00287FF455AF19
:10562000A88152E743F202004FE708204DE7072028
:105630004BE7204649E7002C7FF43DAF012737E7D1
:10564000B00100202DE9F043064689B00D461C4606
:1056500017461AB9102009B0BDE8F083032B79D89A
:105660007ED071BBA2077ED5404B0224D9893F4B27
:1056700044F300044FF0000803AADB8930461C40C5
:10568000F5F7E8FB013CA4B203A8F5F7F1FB0246ED
:1056900000285CD1BDF81210A1421FD9B8F1000F4B
:1056A0005AD008F1020445B13B88A34256D3414683
:1056B0002846FEF74CFB25F8080000203C80CAE78E
:1056C00000242846F7F7A0FD0028C3D13888013808
:1056D0002844F7F799FD0028C4D0BBE79DF80F30A8
:1056E0001B07D1D50DF10A094FF6FF733046CDE9FE
:1056F0000029F5F71FFB024620B109B0BDE8F043D1
:10570000FEF722BA35B9BDF80A30043343441FFA14
:1057100083F8B9E7BDF80A3005EB0800B7F800C018
:1057200008EB030104318C4518D3BDF8121025F89D
:105730000810438008F10400CDF80490284400903C
:105740003046F5F7F7FA0028DDD0032083E70A2872
:10575000D3D1A3E707207EE705207CE70C207AE77A
:105760000029ADD10C46012181E700BFB001002026
:1057700010B50446F7F728FD18B9034BDB892380E1
:1057800010BD1020FCE700BFB001002070B5064638
:1057900014460D4651B9E2B12046F7F735FD48B938
:1057A00021463046BDE87040FFF7A1BB0846F7F739
:1057B0002BFD08B1102070BD29463046F9F7B3F92A
:1057C00018B1BDE87040FEF7BFB9002CE4D1204607
:1057D000F1E70720EFE700002DE9F84317460278CC
:1057E00005460C4602F0F002037B802A40F013814C
:1057F0009A1E072A00F20D81DFE812F00201F20082
:105800000800330033008600B000DB00062140882A
:1058100012F000F908B9FFDFFEE7828962B1002CBF
:1058200000F006816B8807264FF05208A3803E8067
:10583000A4F80080668021E0002C00F0FE806B88D8
:1058400004F10A01288AA3800123A371FFF79EFFB8
:10585000A8B92B8A10262381AB8AE3814FF0510827
:10586000E5E7062BB0F816800BD190F91330002B2A
:1058700007DA08F11406B6B25CBB3E800020BDE832
:10588000F88308F11206B6B2002CF6D0002204F11B
:105890000801288AFFF77AFF0028F0D16B8842467A
:1058A000A96904F11200A3802B8AE3802B7B062BCD
:1058B00014BF022301232373AB8AE381EB7CA4F89A
:1058C00010804FF05008C3F3C013637316F04CFD03
:1058D000ADE7002204F10A01008AFFF757FF002814
:1058E000CDD16B884246A96904F11400A38002233C
:1058F000A3712B8A23810123A373AB8AA4F812809E
:10590000238216F031FDA9E7B0F8169009F11406CC
:10591000B6B2002CB1D00621408812F07BF86B881B
:105920008046002204F10A01288AA380FFF72EFF97
:105930000028A4D102234A46A96904F11400A371E6
:105940002B8A23810423A373AB8AA4F812902382A9
:1059500016F00AFD2B8AA8F80E307FE74088F9F789
:1059600041FB06460621688812F054F80EB9FFDFA5
:10597000FEE708B9FFDFFEE76B7CDB0747BF1426B5
:105980004FF0510812264FF05008002C3FF475AF2D
:105990006B88B8F1500F287CA38003D1A11DFEF7BE
:1059A00015F944E7022304F10801A371FEF70EF98B
:1059B00054E7234A038A52899A4208D10626002CCA
:1059C0003FF45BAF43884FF05408A3802FE7002CCF
:1059D00031D0428808264FF05308E380A28026E7A2
:1059E0000621408812F016F808B9FFDFFEE714B36D
:1059F0006B8808264FF05508A3802B8AE38016E7B2
:105A0000B4B1438807264FF05608A3800023A37142
:105A10000DE7FFDFFEE7012B08D149B143880726D8
:105A20004FF057088B80437B8B7100E7FFDFFEE769
:105A300007233B8022E70823FBE71023F9E700BF99
:105A4000B00100202DE9F04114228AB005460F462E
:105A50000DEB0200002116F039FC01232846ADF8B9
:105A60001C708DF814308DF81830F9F7BBFA002847
:105A70004AD00378212B04D8082630460AB0BDE866
:105A8000F0810621284611F0C5FF044608B9FFDF62
:105A9000FEE700F114084046F8F785F98306EBD5D8
:105AA000237C072205A9284643F0010323740DF146
:105AB000110302930223CDE900436368FEF760F906
:105AC000064620B1237C23F001032374D5E7394631
:105AD0002846FDF785FD0DF112014046F8F742F921
:105AE00008B1FFDFFEE7BDF812402846172C38BF8B
:105AF0001724BC4228BF3C462146FFF76CFA2146DA
:105B00002846FDF77BFDB8E743F20206B5E708B586
:105B100000F092FA00F00EF900F014F8BDE8084029
:105B200000F06ABF064BD3F8000138B1D3F8040186
:105B300020B1D3F80801B0FA80F04009704700BFE7
:105B400000600450034B00221A705A7010229A70A1
:105B5000704700BFC4010020F8B506460220144675
:105B60000D4600F0F3F8114B114A01275C60191D36
:105B70009A6002F1807203342D011F70DC601D8376
:105B8000C3E904260022243303F80A2C0D2203F86B
:105B9000092C084AC2F83015074903C983E80300F5
:105BA000C2F80875C2F83835F8BD00BFC40100203E
:105BB0000300000B00600450F8CA050008B502207D
:105BC00000F0C4F80D4B01221A7000220C4BC3F8F0
:105BD0000021C3F80421C3F808210A4AC3F8802031
:105BE00003F57433C3F88C20A3F58023C3F88C210C
:105BF000A3F580530822C3F8042508BDC401002082
:105C00000060045003000080144A08B51378EBB11B
:105C100000231349C1F8803001F57431C1F88C308C
:105C2000A1F58021C1F88C3108210E4BC3F808156D
:105C3000FFF778FF78B101235370938EFF2B01D9C2
:105C4000FFDFFEE7DBB29370002313700020BDE896
:105C5000084000F07BB810235070F4E7C401002026
:105C6000006004500020045008B5022000F06EF8D7
:105C70000121064B00221970054BC3F80021C3F81F
:105C80000421C3F80821196008BD00BFC401002029
:105C900000600450094B1A7862B1094BD3F8002117
:105CA00052B1D3F8040140B1D3F80801B0FA80F042
:105CB000400970475878704702207047C40100209F
:105CC0000060045010B5C824FFF7E4FF022808D193
:105CD000013C14F0FF04F7D106200AF095FC2046A1
:105CE00010BD431E58425841FAE70000064A08B565
:105CF00013782BB1FFF716FF20B192F8340008BDDE
:105D00009078FCE71020FAE7C401002038B5084C71
:105D10000025D4F80035032B04BF01236360C4F8C9
:105D20000055C4F8005500F0AFFFC4F8805038BDEE
:105D300000600450044B4022C3F88820BFF34F8F0B
:105D4000BFF36F8FFFF7E2BF00E100E010B504463C
:105D5000FFF7DCFF012C04D0022C07D02CB1FFDFB1
:105D6000FEE7074B0222C3F8002510BD044B0322B7
:105D7000C3F8002502F10042C3F88020F5E700BF18
:105D800000600450FFDFFEE7024BD3F8A00300F0F1
:105D90000100704700C0FF00084BD3F8A423D3F8DC
:105DA000A833511C9BB203D14FF6FF718B4203D035
:105DB00002608380012070470020704700C0FF0010
:105DC0000B4B30B5D3F89053D3F89443D3F89813D2
:105DD000D3F89C2305EA04030B401340013317BF9B
:105DE00005600020446081601CBFC260012030BD9E
:105DF00000C0FF000B4B30B5D3F88053D3F8844379
:105E0000D3F88813D3F88C2305EA04030B4013401E
:105E1000013317BF05600020446081601CBFC26071
:105E2000012030BD00C0FF00064B0022C3F8002255
:105E3000C3F81822C3F82022C3F80C22C3F8142296
:105E4000704700BF00A00850074B0128187303D00B
:105E5000022806D0FFDFFEE7044B0322C3F800252B
:105E60007047024B0422F9E70002002000A008500E
:105E700070B5134D0346084695F825600EB9FFDF4F
:105E8000FEE76BB9012E2C6A95F8241005D100F0BD
:105E900061FD2044AB69C01A70BD00F03FFDF8E71A
:105EA000012B0AD1012E2C6A95F8241002D100F0A2
:105EB00041FDEEE700F05CFDEBE70020EAE700BF04
:105EC000000200200B4B93F8310088B193F830307A
:105ED0007BB1094BD3F8002442F00102C3F800243F
:105EE000D3F8200500F0F600023818BF01207047F3
:105EF000012070470002002000A008500A4B40F427
:105F000009000A4A1B8A40F04000B3F5166F36BFFD
:105F1000A3F63813A3F5166343F48073C2F8083769
:105F2000C2F84005704700BF0002002000A00850E2
:105F300008B5FFF789FF0846FFF7E0FF084B00218F
:105F400093F90D0013F072FB00F088FC054B40F252
:105F50000312C3F8442E40F25B62C3F8482E08BD1A
:105F60000002002000A0085070B506460C461546F9
:105F700014F0A7F80028FBD076BB2A4B01225A70F8
:105F800093F830201AB9997B2846FFF7D1FF264BAA
:105F90004FF47A7253F8253003F5FA73B3FBF2F33A
:105FA000224AE41A224BC3F800211E4B0125214945
:105FB00083F830509B691C441C4BC1F84045C1F824
:105FC000C031FFF77FFF30B1CD64D1F84C05A0425E
:105FD000ACBF0020012070BD012E21D1114B022247
:105FE0005A7093F83020AAB9997B2846FFF72CFF06
:105FF0000846FFF783FF0E4BD3F8002442F010024F
:10600000C3F8002440F20312C3F8442E40F25B624E
:10601000C3F8482E064B293C044AC3F80421C4E7C0
:10602000FFDFFEE70002002060CB05000B000080D0
:1060300000A008500050085048220021014816F0E6
:1060400045B900BF00020020014B93F824007047BF
:10605000000200200B4B0C4A93F82410D3E90730C0
:1060600002EB8102C01A936A526B1844074B53F833
:10607000213003F2E7339B1A4FF47A72B3FBF2F349
:10608000184470470002002000CB050054CB0500E7
:10609000024B186A9B69C01A704700BF00020020BB
:1060A0000A4B93F82420D3E90630C01A084B03EBBF
:1060B00082039B6AC01A074B53F822304FF47A725E
:1060C00003F2F313B3FBF2F3C01A7047000200208F
:1060D00000CB050054CB050013B514F01FF9084B95
:1060E0009C691A6C001B009261EBE471D3E90E23EA
:1060F00013F0DFFF0146FFF7D3FF401A02B010BDD7
:106100000002002010B5FFF7CBFF044614F006F99B
:10611000201841F1000110BDFF2801D9FFDFFEE783
:10612000012903D0022917D0FFDFFEE7002343F443
:10613000801340F000700A4A43F4847340F4403006
:10614000C2F8203EC2F8280ED2F8203503F0F7033B
:10615000032B04D1FFDFFEE74FF08073E7E77047C2
:1061600000A00850F8B5204E4FF48067C6F8907034
:10617000BFF34F8FBFF36F8F13F099FF04461B4D92
:1061800014F0CCF80121001B194CA861C4F8A4102C
:10619000FFF74AFE0323C4F8401E2973C4F80035F4
:1061A0004FF40023C4F8003416F0B4F8114B124A2F
:1061B000C4F83833114BC3F8C820013AC3F8C420DF
:1061C00040F6FE720E4BC4F814330E4BC3F8042590
:1061D0000023AB842B862B624FF48073C6F890713A
:1061E000C4F888343761F8BD00E100E00002002007
:1061F00000A00850030000800600008000500850F6
:106200000100008000200850014B5873704700BF08
:1062100000020020020E034B0002C3F8342EC3F824
:106220002C0E704700A00850034B044A1B5C90736F
:1062300003F516631382704700CB050000020020AF
:106240000021104613F0F2B970B52E4C05460E46EB
:1062500094F831300BB9FFDFFEE701232A4A84F8B6
:106260003030D2F8003443F00103C2F8003413F0A8
:1062700028FF0028FBD005BB0123A17B30466370BB
:10628000FFF756FE6378012B01D0FFDFFEE71F4AC0
:10629000D36402F5A04213601C4BD3F84C05A369EC
:1062A000C01A6DBB1A4B4FF47A7253F8263003F5BF
:1062B000FA73B3FBF2F3184470BD012DECD1022345
:1062C000A17B30466370FFF7BFFD0846FFF716FE5F
:1062D0000D4BD3F8002442F01002C3F8002440F222
:1062E0000312C3F8442E40F25B62C3F8482E627872
:1062F000022A01D0FFDFFEE7044AD5645D60CBE7E8
:106300002930D9E70002002000A0085000500850B2
:1063100060CB050008B5FFF727FE58B9064B0122F0
:10632000C3F8400503F5A04302201A61BDE8084008
:106330000AF06AB908BD00BF0050085038B50446DD
:106340001546FFF795FD01462A462046BDE8384030
:10635000FFF7E0BF37B5234B4FF48060224A4FF080
:10636000FF35D3F88814C3F89054C2F890014FF465
:1063700000221E4801F48071C3F8002400221C4C46
:106380002286C0F84025C3F80821C3F80021C3F8CD
:106390000421D3F82005C0B2B8B18DF80750C3F876
:1063A000202201221A619DF8072012B1D3F8202281
:1063B00022B19DF8073043B9FFDFFEE79DF80720C3
:1063C000013AD2B28DF80720EDE70022054BC3F861
:1063D0002022228019B14FF48072C3F8882403B0C0
:1063E00030BD00BF00A0085000E100E000500850A0
:1063F0000002002070B50024244D254EC5F8484504
:10640000C5F84445C5F84045C5F84C45FFF7A2FF1F
:10641000C5F8C441C6F80841C6F80041C6F80441B1
:10642000C5F8C840C5F8C440C6F80441C6F80041E4
:1064300015F088FF174B40F6FE72C6F83843C6F8D1
:106440001443C5F8C041C3F808254FF48062124BCD
:106450001C71C3E90744114BC5F84845C5F84445CC
:10646000C5F84045C5F84C45C5F84841C5F8444114
:10647000C5F84041C5F84C41C3F89020BFF34F8F99
:10648000BFF36F8FC3F8902170BD00BF005008505C
:1064900000A00850002008500002002000E100E0A9
:1064A000014BC3F84C0E704700A0085010B50FC840
:1064B000014C84E80F0010BD480200200A490B4B34
:1064C00010B50124C1F8D00ED86283F83140FFF72F
:1064D000F9FC40B9064BC3F8400503200C61BDE848
:1064E00010400AF091B810BD00A008500002002032
:1064F00000500850084B012210B5C3F8D00E074BCE
:1065000083F83120D862FFF7DDFC044608B9FFF7B5
:1065100021FF204610BD00BF00A00850000200204F
:10652000144B9A6910441A6A824210B5124C09D36E
:1065300002200AF069F800230122C4F840350F4B0D
:106540001A610DE0012298601A716264D4F8443532
:106550000533834205D3094BD3F80C120029EFD041
:1065600010BD0023C4F84431054BC4F84405C4F8F9
:10657000C431F5E7000200200050085000A0085088
:106580000900008010B50E4C0346022294F8250045
:106590002271012894F82410227B4FF096000BD131
:1065A00000F0F4F9074A0023A060C2F84431236ADE
:1065B0000344C2F8443510BD00F002FAF2E700BF10
:1065C0000002002000500850044BC3F8940ED3F88A
:1065D000002442F04002C3F80024704700A0085095
:1065E000054BD3F8002422F04002C3F80024002217
:1065F000C3F8942E704700BF00A00850044BD3F896
:10660000183703F07F035B4203700120704700BF1F
:1066100000A008500028034B14BF022201229970E9
:106620001A70704700020020054B0022C3F8402575
:10663000044AD2F82035DBB20BB101231361704755
:106640000050085000A00850044B30B5D3E90E4567
:106650001B6CC0E900450B6030BD00BF000200208C
:10666000F8B5614C13F01DFD01230022C4E90E01B1
:106670005E49CB64D1F84C3523645D4BC3F80821E7
:10668000C3F80021C3F80421C3F80421C3F8002192
:10669000D3F8000420F01D00C3F8000484F8312072
:1066A000227922B1D1F84421003A18BF0122617841
:1066B00001290AD1D3F81852002D3ED14C4BD3F802
:1066C0002032ABB145F0100512E0022933D1484B1E
:1066D000D3F81852D3F80C3E003D18BF0125D80757
:1066E0004FEA450558BF45F0040502B345F00105E2
:1066F000FFF79AFBE906637803D5012B08BF45F045
:1067000020053A4A2678D2F848152162D2F8442565
:1067100084F82530237BE26184F824307EB96670EA
:1067200026712686EA071ED5A36C98472EE015F041
:106730000B0FDDD1C2E70025C0E70825D8E715F02B
:10674000110735D1013EA2784FF0960118BF0126FE
:106750003046FFF78DFBA27801463046278084F84B
:106760003070FFF7D7FD15F0020024D0204B002138
:10677000D3F81C0EE36C00F0010045EA8000C0F382
:10678000800080F0010000F0010098476378022B40
:106790000DD123795BB1022B1BD1236AA26813446C
:1067A000124AC2F84435114B124AC3F8C421F8BD4D
:1067B000FFF7D0FDB6E715F0280F05F0200104D053
:1067C000B1FA81F1236D4909DFE7EB06DED5636D90
:1067D000ABE7012B01D0FFDFFEE7A368226A9342FB
:1067E000DED8FFDFFEE700BF0002002000500850A7
:1067F00000A0085009000080024B03EB8003986A58
:10680000704700BF00CB0500024B03EB8003586BC1
:10681000704700BF00CB0500F8B50D46012347784F
:106820000146437004462846164600F055F9074ACB
:10683000D2F80431002BFBD0677016B9EB78A37047
:10684000AB707B1E58425841F8BD00BF0060045039
:1068500019B943780BB1C378837070472E3036284E
:1068600054D8DFE800F05053535353534D53535310
:1068700053535353535353534B53535353535553EE
:1068800055534953475345534353413F3D3B393794
:106890003533312F2D2B2927252321571C003F234A
:1068A0001D4AC2F8103770473323F9E72D23F7E765
:1068B0002823F5E72323F3E71F23F1E71B23EFE763
:1068C0001823EDE71523EBE71323E9E71123E7E7A7
:1068D0000F23E5E70D23E3E70B23E1E70A23DFE7D7
:1068E0000923DDE70823DBE70723D9E70623D7E7FA
:1068F0000523D5E70423D3E70323D1E70123CFE71B
:106900004FF49873CCE74FF48873C9E7FFDFFEE7D5
:106910000223C5E73923C3E700A0085010B5044699
:106920000846FFF771FF4FF47A73B0FBF3F0201ABB
:1069300010BD00004FF47A73054A584332F9112014
:1069400000F2E7301044B0FBF3F00238704700BFAC
:106950004CCB05004FF47A73044A00FB033032F944
:1069600011201044B0FBF3F0704700BF4CCB050082
:1069700010B504460846FFF747FF4FF47A7200F25D
:10698000E733023CB3FBF2F3E01A10BD38B51D4605
:106990000A4B33F9114003EB820305359B681C4415
:1069A0004FF47A7304F6B73403FB00441046B4FB8B
:1069B000F3F42544FFF720FF284438BD4CCB0500F5
:1069C00070B5064608461546FFF71EFF094B03EB58
:1069D00085039C684FF47A7304F6B73403FB0644CE
:1069E000241A2846B4FBF3F4FFF706FF05302044D1
:1069F00070BD00BF4CCB0500024B00221A705A70CC
:106A00009A707047580200202DE9F843064601208D
:106A10000F4615469846DDF82490FFF797F99DF844
:106A20002C3006F00302284C42EA03429DF8343031
:106A300042EA03620023C4F80425244AC4F88030E3
:106A4000C2F88430A2F58022C2F884310222204BA1
:106A5000C3F80825BDF828301E4A9380FB6893FAD6
:106A600083FCBB6818BA7B6819BA3B68C4F810C5C8
:106A70001BBAC4F81405C4F81815290AC4F81C3543
:106A80002D069DF8207041EA0861D9F804302DBA2E
:106A9000003F21F00041D9F800001BBA18BF0127C0
:106AA000022EC4F8203500BA41EAC7714FF0010345
:106AB000C4F8240509BAC4F82815C4F82C55537035
:106AC00008BF1370BDE8F883006004500030085020
:106AD00000200450580200202A4B5A782DE9F04734
:106AE00004460D460AB9FFDFFEE7274A03F1080E08
:106AF0004F7803F1100603F1380CDFF890904FF057
:106B00000E08DF809F8403F1480A04379D61C3F8B3
:106B10001C9083F82780A3F85C7092E80300C3E917
:106B200014498EE80300D2E9020186E80300E91C5B
:106B30000026196283F82660D2E90401C3E90A66D7
:106B40008CE80300611C196411495964D2E90601FB
:106B5000E21C8AE803009A65012183F85E6083F8ED
:106B60005F80C3E91866AA78A2700A4AC2F830E5C5
:106B7000C2F838C599701970C2F804611160BDE897
:106B8000F08700BF5802002074CB05000100000D03
:106B90000100000C00600450324B5A782DE9F0419E
:106BA00005460E460AB9FFDFFEE72F4A03F1380C0F
:106BB00003F1480403F10807DFF8B080DFF8B0E024
:106BC000C3F844801E65C3F854E092E80300C3E9AB
:106BD000085E8CE80300711C1964D2E9080184E89E
:106BE0000300F11C0024996522495C6683F82E405D
:106BF000C3E91714D2E9040187E80300691CC3E95B
:106C00000418D2E90601EA1C03F118089A629A886E
:106C10009A850E2288E8030083F82F200121C3E91A
:106C20000C44B278AA70144AC2F830C5C2F838755C
:106C300099701B780BB9FFDFFEE7104BC2F80441D7
:106C4000C2F80841C2F880300D4AC2F88430A2F57B
:106C50008022C2F8843102220A4BC3F80425BDE821
:106C6000F08100BF5802002074CB05000100000C29
:106C70000100000DE803000E0060045001000080D8
:106C800000300850002004500C4B1A788AB10022C2
:106C90000B490220C1F8802001F57431C1F884202D
:106CA000A1F58021C1F88421A1F58051C1F8080522
:106CB0001A7000225A709A70704700BF5802002064
:106CC0000060045008B50B4BD3F8082122B1042012
:106CD00009F09AFC022008BDD3F8042122B905204E
:106CE00009F092FC0320F6E7D3F80004003818BF3F
:106CF0000120F0E700600450014B01225A60704708
:106D000000600450024B987A5B7A1844C0B2704716
:106D1000C402002008B50246FFF7F4FF0023936089
:106D20001360034B5360FF23D071137208BD00BF83
:106D30003200020008B50246FFF7E4FF044BD071B1
:106D400013602423938004239371FF23137208BDDF
:106D5000692E060008B50246FFF7D4FF044BD07138
:106D600013605823938004239371FF23137208BD8B
:106D7000AD42060008B50246FFF7C4FF044BD071D0
:106D800013602E23938002239371FF23137208BD97
:106D9000E37C0600064A074BDB7A02604FF4B472CC
:106DA000C371FF238280042203728271704700BF87
:106DB000F9160600C4020020064A074B5B7A0260FF
:106DC0004FF4B472C371FF23828004220372827174
:106DD000704700BFF9160600C4020020037803F0D4
:106DE0000F03013B30B4DCB20025042C158001D91F
:106DF000FFDFFEE7024C54F8233030BC184700BFD9
:106E00009CCB0500124B012212491A80124A9A604B
:106E10009A896FF3090242F480729A810F4A1A61CB
:106E20004FF08572C3E9051241F211129A830222D2
:106E30009A774FF4B0621A84094A1268D11C21F083
:106E400003018A4201D0FFDFFEE75A60704700BFAE
:106E5000C402002005001F000101030174D00500D9
:106E600084000020F0B50F4C05466078B8B90E4E8E
:106E7000176833680C33BB4202D904201360F0BD9D
:106E80006268517040F6A6611570916040F2011180
:106E9000518017213360918001226270EFE7062054
:106EA000EDE700BFC40200208400002007207047E7
:106EB00070B5144D06462B4695F8271013F8244F4D
:106EC000640104F108021344C1B92A1892F98C2113
:106ED000B2B195F826200A2A01D9FFDFFEE72C443B
:106EE0002022184615F0F2F994F82D20034666F397
:106EF000020284F82D20012285F82720184670BD53
:106F00001346FBE7C4020020037803F0F003502B84
:106F100001D0FFDFFEE7037B1BB1012B0CD0FFDFAD
:106F2000FEE7C9B143888B80037C01200B720923E3
:106F3000138008804B800DE051B143888B804369FA
:106F4000CB60038B0B82037C02200B721423EFE7D0
:106F500014231380002070470923FAE7054B5A7861
:106F6000824201D8FFDFFEE75B680C2202FB0030A3
:106F7000704700BFC402002038B5084B00245D787C
:106F80002146E0B2854201D1084638BDFFF7E6FF51
:106F9000437801341944C9B2F3E700BFC4020020AA
:106FA0002DE9F04F15468DB0A04A0E46074607ABB7
:106FB0009069D1699E4C03C3F31C4FF4437104A83C
:106FC00023F00303049310F0EFFA04990DB9C4F809
:106FD0009011A37E0144581C049180462DB9C0B283
:106FE00011F08EF808B1FFDFFEE7049901EB0811FC
:106FF000033121F0030104914DB9FFF783FE0D70B9
:107000000246208CF3F7B6FD08B1FFDFFEE7238CC4
:10701000049A1A440492FFF775FE617AE37A94F8B1
:107020000AC00B44DBB2BCF1000F18BF01330B44A4
:1070300003EB4003FF2B70D80332002DDBB24FF07F
:10704000060122F003027B48049218BF002212F0CE
:107050003FF9049B03440493002D3FD04FF00008F8
:107060004FF0000B6378DA465FFA8BF0834257D11A
:107070000498002D51464FF0000B00F10300DA4652
:1070800020F00300049018BF0020FBF7A1FE049B32
:107090000344049363785FFA8BF0834250D10498E1
:1070A000002D514600F1030020F00300049018BFAA
:1070B0000020FDF771F8049B002103440846049367
:1070C00000F0F0FDA37A09AA012100208DF82430F8
:1070D0000FF0DEFF002843DAFFDFFEE7A8465FFA85
:1070E00088F909F1FF33042B0BD8DFE803F0030C18
:1070F0000C0E0300504812F009F9484507D0FFDF95
:10710000FEE74E48F7E74E48F5E74E48F3E708F14B
:107110000108B8F1060FE2D1A0E74FF013089FE78E
:107120000393FFF71BFF8146817880880BF1010BE9
:10713000FBF744FE99F80120039B00FB02AA93E7AA
:107140000393FFF70BFF8146C17880880BF1010B99
:10715000FDF718F899F80120039B00FB02AA9AE7B3
:10716000637A09AA022100208DF824300FF090FFE5
:10717000002801DAFFDFFEE7237A09AA04210020B4
:107180008DF824300FF084FF002801DAFFDFFEE7DE
:10719000FF2309AA06210020ADF824300FF078FF64
:1071A000B0F1000901DAFFDFFEE76378EBB1002000
:1071B000FFF7D4FE08B9FFDFFEE7838840F2032221
:1071C00003210020412BADF8282009AA38BF412314
:1071D00004339BB2ADF82630ADF824300FF058FFE1
:1071E000B0F1000901DCFFDFFEE7049B073323F069
:1071F00007030493002D35D1134B05A8059310F018
:1072000017F808B1FFDFFEE7049910480FF098FF68
:1072100008B1FFDFFEE70E4809F0E0F963780BB331
:107220002846FFF79BFEA8B9FFDFFEE79CCB0500D1
:10723000C4020020580400202D080600FB7C060034
:1072400027D2050097800700A98D07001974060052
:107250008B7F0600836806A8069307F0DBF808B169
:10726000FFDFFEE7049B3A684B44073323F0070334
:10727000934204933B6003D89E1BB6F5803F05DB29
:107280004FF0040840460DB0BDE8F08FB8F1000F94
:107290002ED1002DF6D1F8F7C7FB062010F042FBE7
:1072A000C0B1637E07AA217E002B1348009103F131
:1072B000FF3118BF00224B424B412946F9F71EFC13
:1072C00008B1FFDFFEE70D49E07EFDF74DFD08B197
:1072D000FFDFFEE74FF4B6720021094814F0F6FF15
:1072E00040F20463A4F88C31012384F82830C9E704
:1072F0004FF01308C6E700BFD0020020E0020020D4
:10730000E802002045289DBF024B03EB4003188C88
:10731000032070479CCB05000378C3F3000307B537
:1073200001A88DF8043007F07DF803B05DF804EB98
:10733000FFF7E8BF08B50D49042010F027FA0C4903
:10734000052010F023FA0B49062010F01FFA0A4915
:10735000072010F01BFA0949082010F017FA084915
:107360000920BDE8084010F011BA00BF156D0600F5
:10737000356D0600556D0600756D0600956D0600AD
:10738000B96D0600044B00221A7083F8AC21034B40
:10739000034A1A60704700BFC40200208400002026
:1073A00000150020024B93F82800FFF781BD00BFB5
:1073B000C402002010B5154C94F827301BB394F884
:1073C000243004EB431292F82D2002F007022244ED
:1073D00092F98C11002901DCFFDFFEE7013301394E
:1073E000DBB282F88C110B2B08BF002384F8243009
:1073F00094F82630013384F8263010F0E9FF00239A
:1074000084F8273010BDFFDFFEE700BFC402002074
:10741000043908F05FBF0000F8B52E4D05F12407D0
:1074200095F98C31012B4ADD002085F8280085F87C
:107430002700FFF73DFD044608B9FFDFFEE74FF4E4
:107440008271D5F8900110F0D7F8A06008B9FFDF7D
:10745000FEE709F017F80228064604D0042835D0C4
:10746000D0B1FFDFFEE76378204643F00803637086
:1074700000F09FFD95F8273073B195F82420164B46
:1074800003EB421308339C4206D16378DB0603D436
:1074900061686088FFF7BCFF95F827306BB195F8FD
:1074A000243007EB431308339C4206D14FF4827219
:1074B000A168D5F8900110F0C1F8002EB0D10123D9
:1074C00085F82830002385F82730F8BD2046F7F7E7
:1074D000B7FDE1E7C4020020E802002038B54FF60E
:1074E000FF7305460C46984201D1FFDFFEE70129F4
:1074F0000ED1FFF757FF08B9FFDFFEE755234580A0
:107500000474037000230373BDE83840FFF752BFD3
:10751000FFDFFEE770B506460C461546FFF742FF53
:1075200008B9FFDFFEE7552346800370012303738C
:1075300023684361A38805740383BDE87040FFF7A7
:1075400039BF000038B5084B044600215D78C8B249
:10755000854201D1002005E0FFF700FD03780131ED
:10756000A342F4D138BD00BFC402002007B5FFF725
:10757000E9FF08B9FFDFFEE7836801A8019306F081
:1075800041FF08B1FFDFFEE703B05DF804FB000038
:107590002DE9F0413B4E074696F8AC311BB108246B
:1075A0002046BDE8F081F5F70FFE002868D111F004
:1075B00013FC0028F3D033780BB9FFF723FCFFF757
:1075C000A1FB0446FFF7D8FC844233D8DFF8B8802B
:1075D00000217578D8F800300C46033323F00303FC
:1075E000C8F80030C8B285422ED1D8F80030012248
:1075F000384603EB8105737A05EBC305B37A05EBD7
:10760000C305F37A05EB830505EBC4052946FFF7AF
:10761000C7FC044620B30020FFF794FF0028BFD02A
:1076200000F10F03D8F8002023F00303934211D098
:10763000FFDFFEE7211A3A460020C9B2FFF712FC2D
:1076400004460028ACD1C1E7FFF788FC437801313C
:107650001C44C7E77378C8F80000013B73709FE7CC
:10766000024629463846FFF79BFC044608B1FFDF77
:10767000FEE73B68C8F80030012386F8AC318FE79D
:1076800010248DE7C402002084000020F7B5934F3A
:1076900006460C46154697F8AC31002B40F0118198
:1076A0000846F5F76BFD002840F099803B780BB950
:1076B000FFF7A8FB731E1E2B09D8012E1ED12378BD
:1076C000FF2B1BD0BB760025284603B0F0BDA6F1EA
:1076D00020031F2B4BD82078019578B1FFF732FF9C
:1076E000202E05460ED1FFF747FC4DB16B78C31A2B
:1076F000A2789BB21344FF2B00DC72B90725E3E7A5
:107700002B46F4E7222E0DD9232EF7D16388162BB2
:10771000F4D950B16388AB80D5E7A388002BEDD0B6
:10772000D5B902E0002840F0D280277801AA0121D3
:107730003846FFF797FB05460028C5D13846FFF7C6
:1077400001FF054608B9FFDFFEE7222E0CD0232EED
:10775000E0D0212E00F0BE80A37840F2E2426B70B0
:10776000A3885343AB60AEE7A378EB70ABE7A6F119
:1077700040031F2B71D8032BC0D8DFE803F002159C
:107780006862A378E2789A42B8D82178012900F299
:107790009A8062780AB10029B0D01344142B00F209
:1077A00094802068B8608EE7637803F00303012BB0
:1077B0001DD1606880B901A92046FAF7E9FB0546AA
:1077C000002881D1637803F00303022B17D063896B
:1077D000F82B1ED9092577E7F5F71AFD08B1102512
:1077E00072E76068F5F710FD0028E4D1F7E7022B97
:1077F00084D16068F5F7C2FC0028DCD0EFE79DF883
:107800000430002BE3D06068F5F7FEFC0028DED0E2
:10781000E5E722899A42DDD8627802F00302012A64
:1078200004D1D7333A8C9BB29A42D3D32C4B94E8F1
:10783000070083E807003B69002B7FF445AFBB825C
:1078400042E72378022B3FF659AF3B763BE723789C
:10785000022B3FF653AF7B7635E7A6F1A0031F2B33
:107860003FF64CAFA12E09D0A22E15D0A02E7FF44A
:1078700045AF237803F00103FB7624E701A92046F6
:10788000FDF73AF8054600287FF41EAF2388A2785A
:10789000BB83144B9A7017E722684FF60773A2F167
:1078A000F801994296D8930794D17B7B03F00303A8
:1078B000012B04D1FB8AD7339BB29A428AD33A84F4
:1078C00001E7082500E71325FEE61225FCE6222E37
:1078D0003FF44AAFA378AB70F5E600BFC4020020C6
:1078E000D0020020E00200202DE9F74F8246084632
:1078F0000F46F5F769FC18B1102003B0BDE8F08F12
:107900005046F5F781FC01460028F5D10AF1030342
:1079100023F003039A45EFD14B4C94F8263013B96A
:1079200005203B80E9E794F825903A46B7F80080B7
:107930004FEA491604EB491909F12C094846FFF7AB
:107940004DFA0546002876D1BAF1000F71D03B8878
:10795000434576D8A319514693F82D8084F8270023
:107960004846C8F3020308F0070884F8283004EBFF
:10797000080393F88C210193013283F88C213A4655
:10798000FFF72CFA019B84F8275093F88C21013AD9
:1079900083F88C21012384F8283000284BD1B8F1DA
:1079A000000F03D0984521D0FFDFFEE799F80130A2
:1079B00003F01803082B04D1A319196BD88DFFF716
:1079C00027FD2644716B29B14FF48272D4F89001DF
:1079D0000FF034FE94F98C31012B01D108F022FD17
:1079E00094F98C31032B10DDFFDFFEE7264496F877
:1079F0002D309B0603D5316BF08DFFF709FD94F90F
:107A00008D31052B01DDFFDFFEE794F825300133D2
:107A1000DBB20B2B08BF002384F8253094F8263006
:107A2000013B84F82630444494F88C31013384F8C7
:107A30008C31002061E70C283FF45FAF00233B80CE
:107A40005BE70C2059E700BFC402002038B50546AB
:107A50000C46F5F793FB08B1102038BD2046F5F72A
:107A6000B3FB0028F8D1284610F06CFB2070B0FA68
:107A700080F040098000F0E738B5044610F07EFB46
:107A8000C5B22046F5F7C0FBA8B954B92846FCF7A3
:107A90003DFC05280DD110F077FB012809D000200E
:107AA00008E023782570002BF0D09D42EED007200F
:107AB00000E00F2038BD1020FCE770B504460846F2
:107AC0000D461646F5F75AFB08B1102070BD30463A
:107AD000F5F77AFB0028F8D1022C01D0102C09D13F
:107AE00032462946204610F07BFB002814BF0520B3
:107AF0000020EBE70920E9E770B506460C4615467D
:107B0000F5F73CFB08B1102070BD2046F5F75CFB93
:107B10000028F8D12846F5F777FB0028F3D12A464C
:107B20002146304610F060FB002814BF07200020DB
:107B3000EAE713B50446F5F747FB80B9684605F058
:107B4000F5FBFFF7DFFB40B99DF803302370BDF86C
:107B500004306380BDF80630A38002B010BD102051
:107B6000FBE738B5054608460C46F5F74DFB08B16E
:107B7000102038BD2CB921462846BDE83840FCF716
:107B80001DBC2068F5F720FB0028F1D1A388002B4D
:107B9000F1D10920EDE7000070B5044608460D4616
:107BA000F5F7ECFA08BB621E1E2A0AD8022C1ED872
:107BB000104B284603EB8203BDE87040D3F8AC308D
:107BC0001847A4F120031F2B05D829462046BDE8FD
:107BD0007040F7F7C5BEA4F160031F2B07D82946F4
:107BE0002046BDE87040FBF715BE102070BD072091
:107BF000FCE700BF9CCB050038B5044608460D469F
:107C0000F5F7E2FA08B1102038BD631E1E2B08D824
:107C10002846F5F7B3FA0028F5D1022C05D1062045
:107C2000F2E7A4F120031F2B01D90720ECE7294636
:107C30002046BDE83840F7F7CABE70B514460A883A
:107C400042FA04F3DB0709D4012303FA04F63243B2
:107C50000A800922011D0FF00BFD047070BD2DE993
:107C6000F843BDF820900C460746154609F1040676
:107C70009846B6B2314608F0D5FA60B19DF8242096
:107C80003146A0F8009045EAC212A0F802803846BA
:107C9000D2B208F0DFFA6219137D01331375BDE823
:107CA000F8830000024B092200201A70704700BFC1
:107CB000710400200B46002110B5184614462E22F0
:107CC00014F004FB012242700022426182610277BB
:107CD0000CB9FFDFFEE70278217861F30102027040
:107CE00010BD704713B5002401042046ADF80040D4
:107CF00011F058FB204602B010BDF0B585B0064625
:107D00000F0CFFF74FFB054630B91321384605B07D
:107D1000BDE8F040F8F7AEBB4780072138460FF0CA
:107D200079FE08B9FFDFFEE79EB903782A4601A96C
:107D300066F382030370022338468DF804304FF651
:107D4000FF73ADF80630ADF80830F7F7B7FD05B0B2
:107D5000F0BDFFDFFEE7FFDFFEE700002DE9F041A9
:107D60000D460721804616460FF054FE038C04464C
:107D7000184F13B13B78AB4223D1311D404689B235
:107D800008F050FA20B1043009233B70BDE8F081BF
:107D90003B78AB4215D1A28D42FA05F3DB0701D542
:107DA000FFDFFEE7012304F11E0003FA05F10A4399
:107DB00004F12201A28509220FF06EFC057000205B
:107DC000E2E72A4604F12C0104F11E00FFF735FF1B
:107DD000F5E700BF710400202DE9F743537806460C
:107DE0000D461446ABBB97781FB1022F29D0FFDF99
:107DF000FEE74FF0020808F10409072130464A4621
:107E0000FFF7ACFF00B30123022F4FF00702294612
:107E100003702378A0F80280437008BFA38887808E
:107E200004BFC380E3884FF0000408BF038105232B
:107E30003046CDE90094FFF712FF2C7103B0BDE886
:107E4000F0834FF00608D6E723686B606368AB6089
:107E5000F4E7FFDFFEE710B5044607210FF0DAFD77
:107E60000146021D2046BDE81040FFF7B5BF0000E7
:107E7000F0B50C4685B0154606210C220646FFF7E4
:107E80006DFF70B36378FF2200272146B3FBF2F247
:107E9000C2EB02229B1A12220133DBB26370027022
:107EA0000822437082700622C770A3702B888380DB
:107EB0006B88C380AB880381EB8843810C233046F9
:107EC000019700930523FFF7CAFE3946064A384654
:107ED00067F30F01ADF8087066F31F4111F026FA41
:107EE000012005B0F0BD00BF0087930373B51646AF
:107EF00006220C4605461146FFF730FF88B11323D2
:107F0000022221460370A378827006224370002368
:107F10008680C3702846019305230092FFF79FFED9
:107F2000012002B070BD072110B504460FF072FDAC
:107F30000378014603F00303022B06D000F10C0284
:107F40002046BDE81040FFF793BF82892046BDE878
:107F50001040FFF7CBBFF7B50C4607210546164684
:107F60001F460FF057FD052C014603D9082C0AD0F7
:107F7000FFDFFEE7042322462846CDE90067FFF72E
:107F80006EFE03B0F0BD0623F5E7032A10B501D855
:107F9000FFDFFEE74C8807210FF03CFD08B9FFDF4B
:107FA000FEE7052C09BF00790120B0FA80F04009F6
:107FB00010BD8268D388F0B5043B146805469088EC
:107FC00026889BB2271D89B09E4268806F606DD164
:107FD0006388052B19D0062B10D0042B66D12A46B6
:107FE00039463046FBF7E8FA08285FD12A46394679
:107FF000304609B0BDE8F040FCF726BA32463946B3
:1080000009B0BDE8F040F9F729BC07210FF002FDE7
:10801000032E01464FF000008DF8140046D9637915
:10802000002B43D02279122A0BD0132A40D0012AE8
:1080300064D0CDF80D0003AA04908DF80C30688848
:108040000EE00C2E688804D10A7802F00306022E96
:1080500009D000228DF80C30CDF80D20049203AA2F
:10806000FFF7BAFE22E08B7042F0040201230A708F
:1080700005A98DF81430627A237A43EA0223ADF819
:108080001630E27AA37A43EA0223ADF81830627B15
:10809000237B43EA0223ADF81A30E27BA37B43EA59
:1080A00002232A46ADF81C30F7F708FC09B0F0BDF2
:1080B0008A789A42FAD10B785F07F7D5062EF5D168
:1080C00060F382030B700021ADF8000060F30F0134
:1080D0006B8863F31F4111F065F902238DF81430AA
:1080E0004FF6FF73ADF81630237A627A43EA022323
:1080F0002A4605A96888ADF81830D5E7052ED5D9E8
:108100008A789A42D2D10B785A07CFD5002023F033
:1081100004030B700146ADF8000060F30F016B889B
:1081200063F31F4111F03EF902238DF81430237AD6
:10813000627A43EA0223ADF816304FF6FF73D7E7B1
:1081400070B50D46072106460FF064FC044690B159
:1081500003785B0712D401462A463046FFF788FEB3
:1081600018B92B68E3606B6823612378002043F023
:108170000403237070BD43F20200FBE71120F9E70E
:1081800070B50D46072106460FF044FC044678B151
:1081900003785B070FD501462A463046FFF7A6FE57
:1081A00000B9A5812378002023F00403237070BD5B
:1081B00043F20200FBE70820F9E700002DE9F04751
:1081C00088B00C460721904606460FF023FC0E228D
:1081D0000746002104A814F079F80023ADF8023016
:1081E0008DF80C30CDE901330FB3013C4FF6FF7928
:1081F000A4B24C451DD1364D07F11E09DFF8D4A0BD
:108200003B8C002B3ED007F122080123092248466F
:1082100041460FF058FA01220478BB8DA240082C89
:108220002C7023EA0203BB8523D9FFDFFEE7FFDFC3
:10823000FEE718F8043003F07F05DB09082D01D9AB
:10824000FFDFFEE779190A7D013A0A7573B12A4604
:108250000DF1020104A8FFF7F0FC05F120030DEB7E
:10826000030515F81C3C013305F81C3C013CA4B285
:10827000BFE75AF8243030469847FB8B18F8033094
:10828000A342BDD1092301242B70124DBDF8123039
:1082900013B908B0BDE8F0870123092205A904A895
:1082A0000FF011FA0378BDF8022004FA03F122EA74
:1082B0000102ADF8022005EB8302526A0AB9FFDF22
:1082C000FEE7203330466B4413F81C1C9047DDE773
:1082D0007104002064CC050010B50C4607210FF096
:1082E00099FB0119087D003818BF012010BD37B572
:1082F0000D460DF1020201A904460FF04AF928B11A
:10830000012D05D020460FF040F9012003B030BD0B
:108310000020FBE72DE9F3418846077845780446BD
:108320000DF1020201A9404607F003070FF031F9F1
:108330000646D0B1012F01D0FFDFFEE7019940468C
:108340000FF009F9C41CA81980B2032813D9238897
:10835000BDF8022004339BB29A420AD3984208D057
:1083600009D3022002B0BDE8F081022FF9D1033415
:10837000E9E70020F6E70120F4E700000A46064896
:108380001C2302F8033BC368C1F803300369536040
:1083900043699360704700BF74040020024B5A8CFD
:1083A00002435A845B6A184774040020014B002181
:1083B0005B6A18477404002070B5194C054694F8A0
:1083C00028604EB1012807D1638C1A0704D594F8B0
:1083D00030300BB1012070BD0129FBD8636B2846FA
:1083E00098470028F6D094F838000028F2D11EB93A
:1083F000012D0BD03046EEE7002DECD1638C9B07AE
:1084000004D594F8300080F00100E4E7608C002887
:10841000E0D194F83930002BDDD194F83A00F2E73E
:108420007404002010B5104CFDF794FFFEF72CFCEF
:10843000A08FFFF7BBFF237E63B122460B4904F1F7
:10844000190052F80C3BE36063685360A3689360C3
:1084500008F00AF9236C94F8381094F83E00984715
:10846000002384F8443010BD740400207D8306008E
:10847000034B93F844300BB1FFF7D4BF704700BFF4
:10848000740400207FB590F86930012B03D0022BD3
:108490001DD0FFDFFEE703230393002201200D4BD5
:1084A000CDE9042093F845200220029201F18802D0
:1084B0007831019293F82830003B18BF01230093D4
:1084C00051E90223FEF7A0FA07B05DF804FB04238C
:1084D000E2E700BF7404002070B51B4C0646A36D94
:1084E000E56AA3644FF4817394F84500A4F84C3016
:1084F00095F88E3095F8691000EB83002EB9FF28AF
:1085000003D195F868308B4201D0FDF705FE95F850
:108510008E309BB1E06DFDF7D1FFE16DA06CFEF7F1
:108520003BFB16B93046FEF72DF895F86810002091
:10853000FEF770F8022384F8443070BDA06CFDF79C
:10854000BDFFFEF7A1FBECE77404002070B50E4CF4
:10855000256E0DB1236D0BB9FFDFFEE7B4F8543083
:108560002E466B702B78027823F0030302F003028F
:10857000134306F8033B3046B4F85420216D13F042
:10858000F3FEA564266570BD74040020064B93F8C5
:108590004420022A01D0FFDFFEE7DA7A42F001022E
:1085A000DA72FFF73FBF00BF740400202DE9F041ED
:1085B000224C06460F4694F84430012B5FFA83F8AC
:1085C00001D0FFDFFEE7E56A95F87C3053B100216A
:1085D000042085F87C10FFF7E1FE94F828300BB1F9
:1085E00085F87D8095F88030042B0DD11449022048
:1085F000FFF7D4FE94F8283033B1E36E1B789A1E4F
:108600005342534184F8303095F88E3023B105F150
:108610007801E06AFFF736FF1EB1BDE8F041FFF7D1
:1086200001BF002FF9D031463046FFF7C5FE0028C4
:10863000F3D1BDE8F041FFF74FBF00BF7404002045
:10864000E004002073B51A4C06460D46A06C616F1D
:10865000FFF760FE012817D0022821D030BB284642
:10866000FFF774FF0DF1020201A9606F0EF091FF98
:1086700001980EF078FF0122B4F854103060606F5A
:108680000EF01FFF02B070BD2846FFF75FFF00220B
:10869000B4F85410606F02B0BDE870400EF011BF26
:1086A000606F02B0BDE870400EF06FBFFFDFFEE705
:1086B000740400202DE9F3417B4CE56A95F86810BD
:1086C00058B995F88E2094F8453003EB8203FF2BC0
:1086D00003D195F869308B4202D0FF20FDF71CFDD5
:1086E0000023E66A8DF80130ADF8023096F880304C
:1086F000052B00F2C680DFE803F003A5A8A8B8B8F0
:1087000094F87B300DF1020101A8A6F85830ADF8BD
:10871000023006F0EBFB38B1019828B1042386F84B
:108720008030BDF8023014E096F8C730002B40F0DE
:1087300083800DF101020DF10201E06F0EF020FEC9
:10874000002879D0BDF80230002B66D1012286F8CE
:1087500080206066A4F8703003B1C31C96F8818055
:1087600096F8827096F88060E366022E08D0043E88
:10877000012E00F288801B780326022B00F08580F2
:10878000E06F0EF05DFE002840F08180032E04D0E3
:1087900006F0C6FB80F00100C0B2626E4FEAC80866
:1087A000BF00137808F0080807F0040703F0F3038C
:1087B00043EA08033B4323F0100343EA001300F0AD
:1087C000010023F0030384F839001E431670B4F847
:1087D000703053700222A4F8682095F88D20002A8A
:1087E00057D0002B55D0E06DFDF768FE0022E16DFB
:1087F000606EFEF711F818B9616EE06DFEF76CF966
:1088000095F869100120FDF705FF012384F88030F9
:1088100084F8443002B0BDE8F0819DF801201AB917
:108820000323028082707AE7027802F00302012AB1
:1088300014BF022203228AE70023ADF8023001238D
:1088400086F880301948002383E7B6F858300DF1D8
:1088500001020DF10201E06FADF802300EF090FD63
:1088600000287FF45EAFFFDFFEE70DF1020101A8F3
:1088700006F03CFB08B1019808B9FFDFFEE70523CD
:108880004DE7FFDFFEE701267AE7002085E70120BC
:1088900083E7606EFDF712FEFEF7F6F90021606EC9
:1088A000FDF7D6FFACE700BF74040020EC04002005
:1088B0007FB590F86830012B03D0022B1CD0FFDF6E
:1088C000FEE703230393FB2300220120029301F11F
:1088D000880378310193094BCDE9042093F82830BF
:1088E0000420B3FA83F35B09009351E90423FEF7F4
:1088F0008BF807B05DF804FB0423E3E77404002061
:108900002DE9F04FB64C85B00022064694F844306D
:108910008946E56A022BCDE9002201D0FFDFFEE7A0
:10892000A36C8DF80C20597893F800A0A4F854108B
:1089300003210AF00307CAF3C00BCAF380080B44F3
:10894000CAF3001AA4F84C1023658DF8087095F846
:108950008E308DF809B08DF80A808DF80BA00028B4
:1089600000F04681C3B1FEF7ADF9831EDBB2012BE7
:1089700004D8FFF757FD05B0BDE8F08F60B9B4F833
:1089800054304BB195F8823003F001035B4503D1BD
:10899000012384F83E30ECE7B4F8541019B1606F4D
:1089A0000EF06FFD0146A38F216643F40073A38789
:1089B00095F881300133DAB203F00103984576D09F
:1089C000B04695F8823003F001039B4500F0AF807C
:1089D000002795F88D3023B105F178012846FFF77F
:1089E00067FF236E002B40F01281B4F85430B3FAC5
:1089F00083F35B0903EA0A0384F83A30B9F1000F04
:108A000000F00781FDF710FE002F40F015814FF0B8
:108A10000109A38F5A0606D44020FFF7C7FCA38F95
:108A200043F04003A387B8F1000F10D094F828302A
:108A300043B1B4F80720B4F805301343B5F87E20ED
:108A4000134304D0B4F809300133A4F80930002EE0
:108A500000F0F780B4F805300133A4F805300023A6
:108A600084F883305F4809F0E1F8009830B10EF0E7
:108A70007AFD00220272294607F0DEFD019B33B128
:108A800000221A720C222946019807F0ADFDB9F1B7
:108A9000000F7FF46EAFA38F1B063FF56CAF8020F5
:108AA000FFF784FCA38F43F08003A38763E795F867
:108AB00080303BB3013B85F88120DBB2042B0DD81D
:108AC000494AD35C002B3FF47BAF022B08D16946A7
:108AD000E06F0EF077FC70B9FFDFFEE7FFDFFEE727
:108AE000032B0FD106F010FA08B9FFDFFEE70021D3
:108AF0000820FFF753FCD5E93832013342F1000278
:108B0000C5E93832002194F8283085F880103BB14F
:108B100095F87D3023B1102085F87D10FFF73EFCDD
:108B2000A38F4FF0000843F40063A38749E7B4F82C
:108B300054B0BBF1000F12D195F88230032F03F12E
:108B4000010385F882302ED1A38F0120274943F4F9
:108B5000805385F87C00A387FFF720FC37E07B1E5D
:108B6000012BE9D8A38F43F48053A38794F8813075
:108B70005B4506D294F8383043F0100384F838305F
:108B800026E7236E002B3FF423AF94F882301BB10D
:108B90002020FFF70BFC1BE73946606FFFF7A7FBB0
:108BA0000028C9D014E7013F012F0CD8BBF1000FFA
:108BB0003FF40EAF3746D5E93A32013342F10002B5
:108BC000C5E93A3205E7BBF1000F3FF401AFD5E943
:108BD0003A32013342F10002C5E93A32F8E600BF09
:108BE000740400209C040020ACCC0500C4040020C8
:108BF0000BB1FEF781F894F8833000270133B846B3
:108C000084F88330A38F43F48063A387E1E60123D4
:108C1000F0E694F883100120FFF7CEFB8146002890
:108C20007FF4F0AEFFF746FD002F3FF4F2AE02A94D
:108C300001A8FFF707FDECE602A901A8FFF702FD76
:108C4000E5E6B4F807300133A4F807300AE700BFBF
:108C5000044B93F8442002F0FF000AB918767047DD
:108C60000C20704774040020084B094A10B51A60A4
:108C7000FFF7EEFF08B1FFDFFEE7064C05F032FD1F
:108C8000A06505F033FDE06510BD00BF040E0020B7
:108C9000E08E0600740400202DE9F3417F4C089F0C
:108CA000CDE9000194F8441001F0FF0511B90AB1B3
:108CB00003B10FB9FFDFFEE7DDE9000104F1280C85
:108CC000636384F838509DF8243084F8835084F826
:108CD0003E5084F880506584A58784F8395084F824
:108CE0003A5084F830506566E566A4F87050A56483
:108CF0002565A4F85450626284F8823027648CE8B9
:108D00000300E56AFDF72EFAFDF7BEFF95F9740042
:108D100005F17807FDF778FA6E6AE869FDF77AFAE7
:108D20003046FDF7BDFB95F89E00FDF77DFA94F8FF
:108D30002800002879D15A4B95F8682053F8221062
:108D40004FF47A7301F5FA71B1FBF3F14631FDF797
:108D5000E1FA544B1868FDF7A9FB2B69E3676B69CF
:108D60006367E36A93F8882093F86860A2F12901A9
:108D7000012903D993F8891029295ED194F8282074
:108D8000002A57D193F81A322BB1012E03D0012BB0
:108D90000CBF0126022605F130083146404607F097
:108DA00067FD314606F090FDAB8F95F86910834260
:108DB00028BF0346404684F87B3007F0C9FC95F88D
:108DC0008E8095F86910B5F8446006F07DFDB8F125
:108DD000000F01D1043080B2864228BF0646F3B2AC
:108DE00084F8813084F8453094F82830002B45D140
:108DF00095F88D301BB139462846FFF759FD012003
:108E0000FFF758FC002323606360A360B5F87E3051
:108E100063802B88238095F89E3023712B6F0BB1D4
:108E200001221A6002B0BDE8F08195F86920652141
:108E300001208CE793F86E32A6E7243A012A11D874
:108E4000272911D094F82820002AA4D093F826319D
:108E500013F0010202D19B079DD50222012E18BFFB
:108E6000164698E7272996D194F82820002A92D010
:108E700093F8262193F861301340E9E795F88E3096
:108E80001BB139462846FFF7FDFA0120FFF724FB06
:108E9000E36AD3F8C001FDF743FBB3E77404002095
:108EA00060CB0500040E0020FFF7BCBA014B18761A
:108EB000704700BF74040020014B93F88000704796
:108EC00074040020024B93F83D00C0F3C0007047CB
:108ED00074040020014B93F8830070477404002051
:108EE0008D85060001890600AD85060071840600A7
:108EF000012807D1487900F0C000A0F14003584292
:108F00005841704700207047FFDFFEE70B460622FE
:108F100003F8032BB0F80920A1F80320C27A9A7055
:108F200070470000054B93F900207F2A01D1FFDF35
:108F3000FEE702707F221A70704700BF8800002091
:108F40000D4B0321186830B50D4690F89D2090F820
:108F50004A400132B2FBF5F303EB4303D31ADAB212
:108F600044FA03F3DB0703D4013911F0FF01F0D118
:108F700080F89D2030BD00BFF80400200A4A5368E5
:108F80001979022901D8FFDFFEE71979082901D9EB
:108F9000FFDFFEE71B79926803F180439268033B91
:108FA00052F82330184700BFF804002013B50346D9
:108FB0000C4690F8D62002F0FF0032B1A3F1360043
:108FC00002F026FE18230420237002B010BD70B5F5
:108FD0000E46044608B9FFDFFEE7437A002B3AD17C
:108FE000036DD0F80E20C3F80320428AA3F80720AF
:108FF000437B026D03F0FD03003B18BF0123937018
:1090000094F8545094F89E302BB194F89F301D433F
:10901000002384F89E30204602F0FAFDAB0708D00A
:1090200025F0040500222046114684F8545003F030
:10903000F0F91322334603F8032B04F10902293413
:1090400052F8041BA24243F8041BF9D112781A709B
:109050000023B37170BD002140890EF0DBFC08B91C
:10906000FFDFFEE7002100880EF0EAFC0028C7D0F1
:10907000FFDFFEE738B504460D4602F010FE94F817
:109080007030012B03D094F87030002BF7D13F22C1
:109090000021204613F01AF940F20712002384F849
:1090A0005850A4F84A20012284F8543084F89D30A6
:1090B00084F84C20236684F89E3038BD0023A0F845
:1090C000693180F86B3180F870307047014B186857
:1090D000FFF7F4BFF804002008B50DF09FFE014B28
:1090E000187008BD8800002008B5FFF7F5FF0120C3
:1090F00008BD000010B504788EB004F00F0404A978
:10910000224602F070FBFFF7E7FF042C33D11B4C23
:10911000059A2368107893F8741088422BD1507800
:1091200093F87510884226D1907893F8761088428B
:1091300021D1D07893F8771088421CD1107993F818
:109140007810884217D1517993F87920914212D141
:109150009DF8212093F87A309A420CD10DF10F003E
:1091600004A9FFF7DFFE9DF90F300093237C227BDB
:10917000606802F013FB03200EB010BDF80400205D
:10918000054B10B41C68827C836804F1420194F89A
:10919000410010BC05F002BFF80400202DE9F041A9
:1091A000054617461E460C4619B1AB6853BB012055
:1091B0001FE0DFF86080D8F8000000F15A0390F853
:1091C000592000F1740190F87A0005F0E7FED8F814
:1091D00004305A79D8F80030082A04D093F84D406A
:1091E000A21A5442544193F85630012BDDD023B1DA
:1091F000002000F00100BDE8F0810028D5D1002C4E
:10920000D3D1F5E7002FD2D1002EF1D02846FFF7B9
:10921000B7FFEEE7F8040020024B18686C3002F04C
:1092200051B900BFF804002038B50D4CFFF7F4FF2A
:10923000656802F003F963682860186808B9FFDF01
:10924000FEE702F023F908B9FFDFFEE7FDF736F984
:109250000020FDF797F9636804221A7138BD00BF3A
:10926000F80400200A4690F84810034611B1104651
:1092700006F0F2B990F84100012807D193F84700B1
:109280003F2803D803F1420006F09CBA0120704742
:109290002DE9F341444D00220E4640F2E2442B6892
:1092A00007465A721A6D118859819169B1FBF4F120
:1092B0001984118C528C59849A844FF47F42DA8439
:1092C0004FF6FF721A85F8B10121304606F05AFEBA
:1092D00033780146D8092C6894F8483004F1140218
:1092E000E3B1FFF705FEC8B10B6863618B88287B8B
:1092F000938004F10E02082847D004F10D0106F016
:10930000F3F870B9FFDFFEE76946686906F016FDFD
:109310006B6969461878C0F38010DCE7002363614D
:10932000E5E72C68637B04F11A0843F002036373DA
:1093300047B30021304606F025FE0368C4F81A3012
:109340008388A8F804302B6893F95810186D06F03C
:10935000F1FA2868154907F053F928681449036D94
:109360002A301A88A0F8092093F89030C37207F0C9
:109370007BF90221286803F09BF9FFF74DFF02B04B
:10938000BDE8F08104F17400D7E794F87A30637394
:10939000636FC4F80E30B4F8783093800023C4F8BB
:1093A0001A30E383CFE700BFF8040020CF8F060018
:1093B0000D8F06002DE9F04387B0194C06460F4685
:1093C0000DF11700FFF7AEFD65682B79032B20D058
:1093D0002B79062B14BF4FF001094FF003092368C6
:1093E00003F14208FCF730FE9DF917303A46CDF8FC
:1093F0000C9031460293237BCDE900034346284677
:1094000002F0E4F840B1606807B0BDE8F04302F054
:1094100079B84FF00009E2E707B0BDE8F08300BF7C
:10942000F804002038B505460C4605F075F94207EA
:1094300004D4A37803F0E003402B30D005F06CF99E
:10944000830704D4A37803F0E003202B27D02378EC
:1094500003F03F03242B22D8FCF7FCFD94F90030E5
:10946000A278002B637802F01F02B4BF4FF496710C
:109470001E2143EA02234B431A1AB2F5877F0ED30B
:1094800098420CD8074B294618682388A0F8693100
:10949000A37880F86B31BDE8384002F03DBC002075
:1094A00038BD00BFF80400202DE9F043304D87B0EF
:1094B00004460F466E68B3798BB3D5F8008098F8F0
:1094C0008C3033B90378002B14BF0223012388F8B2
:1094D0008C303379062BDAB225D0072A0CBF4FF037
:1094E00002094FF001090DF11700FFF71BFDFCF712
:1094F000ABFD9DF91730CDF80C903A46029321460A
:109500002B7BCDE9000308F14203304602F05EF800
:1095100028B16378DB0609D4686801F0F3FF002006
:1095200007B0BDE8F0834FF00309DCE7A169022032
:10953000FFF778FFB8B100222B6883F88D206269AD
:109540006AB15178C1F3031183F88E101178527803
:1095500002F00F0241EA0222A3F89020E0E7FF2286
:1095600083F88E20DCE7686801F0FCFFD7E700BFD6
:10957000F804002010B504468AB0FFF7ADFD23784B
:1095800003F00F03072B02D001200AB010BD69467B
:10959000204602F0BBF9684602F042FA9DF800301E
:1095A000002BF1D19DF80130DB07EDD50C4C019972
:1095B00022689DF8110002F1740392F87A2005F0F8
:1095C000EDFC0028E0D020680121983005F0AEF8CD
:1095D000FF216846FFF768FF0130C0B2D5E700BF42
:1095E000F804002010B5054C637B2BB1FCF7F8FFA5
:1095F000FCF70AFB0023637310BD00BFF8040020D2
:1096000010B5094CFFF7EEFF012263681A710023C1
:109610002268A2F8693182F86B31FFF7FDFD2068FE
:10962000BDE8104003F024B8F804002008B5FFF7A7
:1096300053FDBDE80840FFF7E3BF000008B5044B49
:10964000586801F08FFFBDE80840FFF7EFBF00BF8B
:10965000F804002008B5FFF7C5FF044B0020596946
:10966000FFF716FEBDE80840FFF730BDF804002004
:10967000062938B51D469DF8104019D908291BD870
:1096800002B18CB143689BB912B94378DB0615D49B
:109690000B4B5B68186802F090F800B134B92DB933
:1096A00005F05AFE00F00104204638BD0120F9E71C
:1096B0009DF814402C43F7E70024F5E70124F3E775
:1096C000F804002038B5184D04466B681B79022B4E
:1096D00001D9FFDFFEE72B68027C83F89C201A4447
:1096E000C168996692F86C2183F868214268C3F8D2
:1096F0008820037A022B0ED0FCF734FDFCF770FFB4
:10970000FCF782FA0948FCF7D1FE0948FCF7C8FECD
:109710000848FCF77FFD637C23B12B681B6E0BB1FF
:1097200001221A6038BD00BFF8040020B4AF060063
:1097300055555500D6BE898E104A10B5536800B9EC
:1097400031B9184601F00EFFBDE81040FFF758BFD1
:109750001979082901D8FFDFFEE719790C2901D909
:10976000FFDFFEE71B79926803F180435268093BF3
:10977000BDE8104052F82330184700BFF80400201D
:1097800010B50B4C0521206802F0C6FA30B96068AC
:1097900001F0E8FEBDE81040FFF732BF236801206A
:1097A00093F86811FCF736FF63680B221A7110BD3D
:1097B000F8040020054B1A6892F85420920703D051
:1097C0005B68186801F064BE58697047F8040020AF
:1097D00070B52B4D06466B681A79032A08D01A79A2
:1097E000042A05D0FFF7E6FF044628B9FFDFFEE7AD
:1097F000186801F04BFEF7E72B6893F854300BB96B
:10980000FFDFFEE76EB106F09AFC28B16B681A79AB
:10981000022A0CD8FFDFFEE7204606F0ABFC00284A
:10982000F4D16B681A79022A14D8FFDFFEE71A799F
:10983000082A01D9FFDFFEE71B792046AA6803F159
:1098400080431269033B52F8233098470C2810D903
:10985000FFDFFEE71A79082A01D9FFDFFEE71B794F
:10986000AA6803F180435269033B52F823309847BA
:10987000ECE7AB68DB68BDE8704053F82030184770
:10988000F804002038B5FFF795FF044608B9FFDF5C
:10989000FEE7084DFF202B6893F86811FCF73CFCAD
:1098A0002046FCF70BFE0020FCF76CFE6B680722DD
:1098B0001A7138BDF804002010B5074C606801F03B
:1098C00021FEFFF709FC20680021983004F02EFFEC
:1098D000BDE81040FFF794BEF80400202DE9F047E2
:1098E00005468AB0FFF7F8FB2B7803F00F03082B2F
:1098F00005D04FF0010840460AB0BDE8F087694640
:10990000284601F0A1FF9DF80080B8F1000FF0D1CA
:109910009DF8013003F00303032BEAD12D4C266898
:1099200096F84C30002B3BD096F84D70637B002BA3
:1099300039D14FF0000906F1740396F87A200199A5
:109940009DF8110005F02AFBB9F1000F01D10028A4
:10995000CFD0236893F8419003F1420A96F848303B
:1099600023B1384605F0E6FE024638BB52469DF864
:1099700012A002995046FFF7BBFA134606464A4624
:10998000504605F00BFBE0B120680121983004F04F
:10999000CDFEFFF727FE29460120FFF779FCAAE755
:1099A00063685F79C2E705F0D5FD0828C1D0C31B05
:1099B0002073D3F1000949EB0309BCE74FF001091B
:1099C000D5E7002E95D00299384605F079FE00289B
:1099D000DAD18EE7F804002007292DE9F043064686
:1099E00087B00F4690464568534C16D1B5B9002A4A
:1099F0003CD1D4E9003193F8543013F0030218BF7E
:109A0000012213F004038A7103D003785A1E5342D3
:109A10005341CB7107B0BDE8F0833DB32946707C5C
:109A2000FFF766FA072F81465AD1637B63B158B1BD
:109A3000B8F1000F4BD0656805F08CFD6368687164
:109A40005B7923730123A3736368587908284ED187
:109A50007168707C08F0C4F9626805467168053267
:109A6000707C05F07FFC636800284FD0236893F872
:109A7000540010F003000AD093F84B30394601959A
:109A800030466268927900924246FFF7F1FD6268C3
:109A90002368907193F8540010F0040009D093F8F3
:109AA0004C30394601953046D27900924246FFF754
:109AB000DFFD63687168D87149B3707C226882F8F1
:109AC0007A00086850678988A2F878101FE0236838
:109AD00093F868110129AED1284605F01DFD607389
:109AE000637B002BB0D0B9F1000FADD0A3E704AA7F
:109AF0000DF10F0105F0F8FC08B9FFDFFEE704A93E
:109B00009DF80F0008F06CF90546AFE7D880B06803
:109B100000283FF47FAF072F7FF47CAF59790829E5
:109B20003FF478AFDB88002B3FF474AF05F01EFDE7
:109B30000123E3736EE700BFF80400202DE9F84F1E
:109B4000DFF8C0A0914604468846DAF800201F4698
:109B50008168807CFFF7CCF992F848609AF80D3064
:109B6000054686F00106002B3AD092F854305B0788
:109B70001DD592F84C30D3B192F84DB0BBF1080F1F
:109B800023D0584605F0C4FB3043C6B245B39AF81B
:109B90000F303BB305F0E8FC002304468AF80F3091
:109BA00089F8004088F800503E70BDE8F88F63687F
:109BB00023B1DAF8043093F805B0DFE7DAF80430BF
:109BC000186801F0FAFD0028F3D1CDB19AF80E1013
:109BD00031B9A06805F0A0FC04468AF80D0038B938
:109BE0000024DDE7A168584605F06AFD0446D7E782
:109BF00005F0B0FC0828F3D0DAF804305871CFE74C
:109C00002C46CDE7F8040020014B586801F0AABCAF
:109C1000F804002008B5FFF75FFAFFF7F5FF012011
:109C200008BD00002DE9F04F044689B0062900F276
:109C3000C980DFE811F06000EB000700C700C70033
:109C4000C7002600FCF786FB6F490E6896F8543073
:109C50009B0714D04D68AB798BB10DF11F00FFF756
:109C600061F99DF91F300222284602930B7B2146A1
:109C70000193FF23009306F1420301F07FFD0320CF
:109C80001FE0614D6E68B379002B00F09B8029685E
:109C900091F85420970717D50DF11F00FFF742F9EF
:109CA0009DF91F303046062202932B7B0193FF2340
:109CB000009301F14203214601F060FD00230920D9
:109CC0002B7409B0BDE8F08FD0077BD5510701D5C3
:109CD000FCF740FB0DF11F00FFF724F99DF91F2051
:109CE0002B6802922A7B42330192FF2200920622C5
:109CF00021466868C1E7444D2B6893F85420520709
:109D00003AD56968CA79002A36D0426893F85A0071
:109D10001678864259D1567893F85B00864254D122
:109D2000967893F85C0086424FD1D67893F85D0020
:109D300086424AD1167993F85E00864245D1507921
:109D400093F85F20904240D1627C93F85900A2EBD7
:109D5000000CDCF1000242EB0C0293F856000128E3
:109D60004FD0002A4DD193F84D30082B02D04A79BC
:109D70009A4246D0FCF7EEFA6E68B379002B3ED0DB
:109D8000296891F85420970721D50DF11F00FFF79E
:109D9000C9F89DF91F303046002202932B7B0193B6
:109DA000FF23009301F14203214601F0E7FC012368
:109DB00009202B746B68DA79002A82D19B79002BF9
:109DC0007FF47FAFFCF7C6FA59E70022C5E7D60754
:109DD00015D5500701D5FCF7BDFA0DF11F0021463E
:109DE000FFF7A0F89DF91F202B6802922A7B4233CF
:109DF0000192FF2200920022686801F0BFFC03205C
:109E0000D8E70A20D6E700BFF8040020634D816838
:109E10002A68807CFFF76CF892F854306E68074629
:109E200092F84890590796F806A096F807B089F07E
:109E3000010940F18D8092F84C30002B00F08880B1
:109E400092F84D60082E00F08580304605F060FAEB
:109E500049EA00005FFA80F9002F7DD03046A16802
:109E600005F02EFC06462B6893F8542093F84180A9
:109E7000520749D5626893F85A10107888426DD11C
:109E8000507893F85B10884268D1907893F85C1012
:109E9000884263D1D07893F85D1088425ED1107902
:109EA00093F85E10884259D1517993F85F2091421E
:109EB00054D1627C93F85910501A42424241696869
:109EC000497908294CD093F84D30591A4B424B41EF
:109ED000002E47D1B9F1000F46D02046CDE904232A
:109EE000FFF74EF9DDE90423BBF1000F0AD0296822
:109EF00091F8561001294DD021B9002A4AD108B154
:109F0000002B49D1FCF726FA2B6893F854309B07B5
:109F10003FF4B5AEFCF71EFABAF1000F3FF4AFAE56
:109F20002046FFF72DF9296800B9FEB10DF11F0099
:109F300048EA4608FEF7F6FF9DF91F3002932B7B97
:109F400001935FFA88F30093012201F14203CFE607
:109F5000767977E7002686E73E4684E70022AEE77B
:109F60000023B5E70120BFE73046BDE791F8553043
:109F7000023B012B3FF683AE002F3FF480AE0DF184
:109F80001F00FEF7CFFF9DF91F3002932B7B01933B
:109F9000FE23D8E70028B5D00A2092E6F804002076
:109FA0002DE9F041044690B0FFF796F82578204659
:109FB00006A9A24C05F00F0501F0A8FC2368072DA7
:109FC0001FD193F8681106A801F0A9FC00222946C8
:109FD00006A8FFF701FD266896F86831012B40F0CE
:109FE0002B81062D02D01DD8022D1DD8294606A88A
:109FF000FFF718FE0446FFF7F5FA204610B0BDE85B
:10A00000F08193F8542012F0060FDFD093F89C20D3
:10A01000134493F86C21012AD8D196210020FCF733
:10A020008DF9D3E7072D02D0FCF794F945E096F8B7
:10A030005730002B41D06768BB7913B9FA79002AF1
:10A040003BD09DF81850012D7ED0022D00F0C1802C
:10A05000002D32D196F8542091072ED06BB39DF885
:10A06000193013F0100FC3F300160CBF01220822A1
:10A070009A4322D1089B8DF814508DF81550002B6F
:10A0800057D00DF1160305AA0DF1150106A8FFF72B
:10A0900055FD236893F841509DF814307BB906A80C
:10A0A000FFF76EF868B9236893F85530023B012B2F
:10A0B00003D89DF81530002B3FD103249BE745F0D2
:10A0C0000205002E3BD00DF117000027FEF72AFFF6
:10A0D000D4E9003803F14206FBF7B6FF9DF91730CB
:10A0E0002A46039706A90293237BCDE90003334652
:10A0F000404601F06BFA0028DFD00C990120FFF7F1
:10A1000091F90028D9D0236883F88D700B9A002A22
:10A1100000F08E805178C1F3031183F88E1011780E
:10A12000527802F00F0241EA0222A3F890200224A2
:10A1300061E7FF258DF81630C3E7FE25C1E7294604
:10A1400006A8FFF737F9B8E79DF8193003F01803B0
:10A15000182BB2D196F854305A0724D40DF11700B9
:10A16000FEF7E0FED4E9003603F14205FBF76CFF91
:10A170000023FF2206A903939DF917300293237B46
:10A18000CDE900032B46304601F020FA002894D098
:10A190000C990120FFF746F900288ED02368012290
:10A1A00083F88D20B2E70799002306A8B1FA81F160
:10A1B0001A464909FEF7F2FF00283FF47EAF0C9BD8
:10A1C0009B781F2BCAD8236893F84930002BC5D140
:10A1D00073E796F854309B073FF46FAF9DF8193042
:10A1E00003F01803182B7FF468AF0DF11700FEF78A
:10A1F00099FEFBF729FF0023FF2206A903939DF98F
:10A2000017300293237BCDE9000306F14203384661
:10A2100001F0DCF900283FF450AF0C990120FFF762
:10A2200001F900283FF449AF236883F88D506DE7AA
:10A23000FF2283F88E207AE7FFDFFEE7F804002094
:10A2400010B5041E0CBF05200320084405F09EF93C
:10A25000074B587350B1002C0CBF50244024FBF71F
:10A26000ADFC2046BDE81040FCF7AEB910BD00BF04
:10A27000F804002038B50D4D0E202B6893F86811B6
:10A28000FBF74AFFFFF796FA044608B9FFDFFEE73F
:10A29000FCF714F90020FCF775F921460020FFF7C0
:10A2A000CFFF6B6808221A7138BD00BFF804002088
:10A2B000F8B5384CFEF7B0FF656801F0BFF8636889
:10A2C0002860186808B9FFDFFEE701F0DFF80546EF
:10A2D00008B9FFDFFEE7236893F89E306BB123686F
:10A2E0001A6D93F89F10C3F8082193F854200A437D
:10A2F00083F85420002283F89E20206890F89C3038
:10A30000034493F86C71636880F868711A7952B1EC
:10A310001B79012B07D0002101F0FEFC18B9BDE824
:10A32000F840FFF76DB923681B4A93F89D30D05C65
:10A33000FBF77AFF236893F89C20134493F86C6131
:10A34000012E03D0022E22D0FFDFFEE701F070F8CD
:10A350003146FBF7E1FE2846FCF7B0F83146012014
:10A36000FBF772FF7B1E294658425841FFF768FFF2
:10A37000082162680023217351712168D380E3733F
:10A3800081F88C30A373237403231371F8BD0D205F
:10A39000DEE700BFF8040020B1CC050008B5FEF7E9
:10A3A0009BFEFBF7D7FFBDE80840FFF781BF08B56C
:10A3B000FEF792FEFFF716F9FBF7CCFFBDE8084069
:10A3C000FFF776BF08B5FEF787FEFBF7C3FF032054
:10A3D00008BD000008B5044B586801F093F8FEF77B
:10A3E0007BFE012008BD00BFF804002008B5FEF781
:10A3F00073FEFFF7F7F8FBF7ADFF032008BD000081
:10A4000070B51D4D06462B6893F86B4164092ED03C
:10A41000621E54425441640093F8690100F03F0009
:10A42000FBF702FF2B6893F95800FBF7EDFE06B32C
:10A430002B682246996E0120FBF76CFF2B682146A2
:10A4400093F88D30022B14BFFF204020FBF764FEF1
:10A45000FFF7B0F92B68044693F88C0010B9214639
:10A46000FFF7EEFE2046BDE87040FCF727B8012458
:10A47000D2E722468221DEE7F8040020F7B5274D17
:10A4800007462B6893F86B4164093ED0601E444236
:10A49000444164009B6E13B10120FFF7B1FF2B68AC
:10A4A000D3F88800FCF73CF82B6893F85420910708
:10A4B00003D593F88D10022905D0520707D593F8DC
:10A4C0008D30012B03D121460020FCF7A3F8D5E9FC
:10A4D000006318689236D7B901F06FF96B680746C8
:10A4E000186801F070F929680246304691F88D30FD
:10A4F00091F868110091394601F04BFA2B6883F806
:10A5000068410023AB7303B0F0BD0124C2E701F042
:10A5100062F90146304601F031FAEFE7F804002015
:10A5200008B50120FFF7AAFF024B06225B681A71EB
:10A5300008BD00BFF804002008B50020FFF79EFF0B
:10A54000024B05225B681A7108BD00BFF8040020A9
:10A5500008B5FEF7C1FD054B00211868983004F0DE
:10A56000E5F8BDE80840FFF74BB800BFF80400204D
:10A570002DE9F8435E4F0023064689467869D7F8EF
:10A58000008003704370FBF7B5FF054630B9002526
:10A59000032006F039F82846BDE8F8837C69032ECD
:10A5A000237833D123F00F0343F0030323700C23EC
:10A5B0006370D8F874307869C0F80930B8F878302A
:10A5C000A0F80D3098F87A1005F0CCFB00217869DE
:10A5D000FCF73EF93B6893F8482003F1420993F8F1
:10A5E0004180002A62D14C46236841467869C0F810
:10A5F0000330A388A0F8073005F0A7FB3D4BD3F844
:10A600000C32002B66D0FBF7A5FEC0E723F02F032A
:10A610003968222243EA4913627043F0050323702C
:10A620000B6DDB69C4F80F300B6D5A6AE274100AC7
:10A63000120C207540F2E24062759A8DB2FBF0F286
:10A64000A2759A6AB2FBF0F2E275C2F30722227693
:10A650009A69B2FBF0F26276C2F30722A2761A8CF4
:10A66000E276120A22775A8C6277120AA277D3F81E
:10A670009120C4F81F2093F8953094F8242084F892
:10A6800023300B6D22F01F0293F89C3003F01F0360
:10A69000134384F8243004F093F894F8243003F042
:10A6A0001F0343EA401384F8243082E793F85420D0
:10A6B00052070CD593F84C204AB193F84D0005F0A1
:10A6C00039F8044600288ED04FF001088CE77B68EB
:10A6D0005879F4E7052E7FF45EAF3B6821681A6D68
:10A6E000C2F80A10A188D1811B6D83F8098052E756
:10A6F000F804002000A0085010B500210320FFF747
:10A7000037FF18B9BDE81040FEF77ABF074C0321A8
:10A71000206801F001FB0028F4D001210846FBF776
:10A7200079FF636809221A7110BD00BFF804002088
:10A7300038B5164D6B68186800F0A8FE044608B9D5
:10A74000FFDFFEE76B680A22002128681A7101F01A
:10A75000AFFF2B6805201A6D237892F8904004EA29
:10A76000531404F001042146FFF702FF18B9BDE8B5
:10A770003840FEF745BF0421286801F0CDFA0028D3
:10A78000F5D02B681B6D83F8904038BDF80400208D
:10A7900010B5114C0C220121636820681A7101F078
:10A7A00087FF00210520FFF7E3FE18B9BDE8104040
:10A7B000FEF726BF0621206801F0AEFA0028F5D08A
:10A7C0002368012093F86811FBF724FF2368012216
:10A7D0001B6D83F8902010BDF80400202DE9F04196
:10A7E000044690B00D46FEF777FC237803F00F0384
:10A7F000072B06D00124FFF707FA204610B0BDE86A
:10A80000F08120469E4C06A901F080F8206806A938
:10A81000923001F0D7F823689DF8181093F88D2036
:10A82000914246D1032D03D193F88E20FF2A13D0F5
:10A830009DF8192016073CD50B9993F88E004A789D
:10A84000B0EB121F35D1097802F00F02B3F8903047
:10A8500041EA02229A422CD12A46072106A8FFF794
:10A86000BBF86368DB8823B30023089E8DF814309F
:10A870008DF815308DF81630F6B10DF1160305AAD6
:10A880000DF1150106A8FFF759F923689DF814602A
:10A8900093F8415045EA4605EDB29DF818209DF821
:10A8A0001570012A9DF8163008D0022A6FD0002AB0
:10A8B0004BD0FFF7A9F915E0FF25EEE79DF8190049
:10A8C000226800F0090C92F89210BCF1090F02D036
:10A8D00041B1000706D592F85420500704D46368AC
:10A8E0009B799BB901244DE06268D279002AF6D0A9
:10A8F000324606A8FEF752FC0028F0D020689830B7
:10A9000003F036FF0028EAD00C243BE0236893F8DC
:10A9100054309907E6D09DF819309A0700F1AB80C2
:10A92000FF2106A8FEF746FDDCE706A8FEF728FC97
:10A93000002840F0A380236893F85530023B012B98
:10A94000D0D8002FCED0FE21EBE7236893F8543007
:10A950009B07C7D09DF81930980716D566B906A889
:10A96000FEF70EFC40B9236893F85530023B012BEB
:10A97000B8D8002FB6D0FE25294606A8FEF794FDCC
:10A98000441CE4B2FEF72EFE37E7FF25F4E7226809
:10A9900092F854209107A5D0616889790029A1D047
:10A9A0009DF8191001F0090009289BD1920701F0C8
:10A9B00002015DD5002938D026B30DF11700002122
:10A9C000FEF7B0FA0320FFF7D3FD0646D4E90038BE
:10A9D00003F14207FBF738FB01232A4606A903933C
:10A9E0009DF917300293237BCDE900033B46404697
:10A9F00000F0ECFD76B900283FF474AF606800F019
:10AA000081FD6FE7002B96D006A8FEF7B9FB002862
:10AA1000D3D190E700283FF465AF2068983003F069
:10AA2000A7FE0028EAD00B24ACE70DF11700FEF7D3
:10AA300079FA0320FFF79CFD0646D4E9003803F1BC
:10AA40004207FBF701FB01232A4606A903939DF960
:10AA500017300293237BCDE900033B46404600F0CC
:10AA6000B5FD0EB10028D8D1606800F07BFD39E754
:10AA700000293FF455AF002E3FF457AF294650E769
:10AA8000F80400200321FFF7A9BE0121FFF7A6BEAD
:10AA900038B5174D2C6894F848303BB994F84130DC
:10AAA000012B23D194F847303F2B1FD86FF0004380
:10AAB000D4E920129A4208BFB1F1FF3F16D00FF03F
:10AAC000F0FAD4E92023904299410FD3012128685C
:10AAD000FEF7C8FB50B12D6804F0F6FC04460FF0F9
:10AAE000E0FA044BE4FB0301C5E9200138BD00BFD7
:10AAF000F804002040420F0010B50446FEF7E2FDC6
:10AB0000237A032B07D1174B1B68986E08B1FFDF20
:10AB1000FEE7FFF775FC237A012B06D003D9023B31
:10AB2000012B12D910BDFEF70BFA0E4C236893F9D6
:10AB30005800FBF769FB2368002283F88C20FFF79D
:10AB4000B7FBBDE81040FFF7A3BF064B1B6893F8A7
:10AB50008C301BB9BDE81040FFF7EEBCBDE81040DB
:10AB6000FFF7DEBCF804002090F83E00003818BF64
:10AB700001207047007A003818BF0120704700009C
:10AB8000036D10B504460BB9FFDFFEE7022207494B
:10AB900042721B884381FF2380F827304FF6FF73F2
:10ABA000038505F02DFD0023236510BDCF8F060022
:10ABB000002313B50446CDE9003301238DF8063098
:10ABC00068460CF061FF08B102B010BD009B83F82D
:10ABD0005840F5E710B50121044600200CF01AFF9B
:10ABE00010B12146FEF746FA012108460CF012FF8B
:10ABF00010B12146FEF73EFABDE8104000F00EBC51
:10AC0000F8B5174F064603F06DFD0121786100206D
:10AC10000CF0C6FE054608B9FFDFFEE74FF4B87238
:10AC2000002111F053FB012108460CF0B9FE044647
:10AC300020B14FF4B872002111F048FBBB680BB98A
:10AC4000FFDFFEE73046FFF7C5FF284601F02DF88D
:10AC500024B12046BDE8F84001F027B8F8BD00BF98
:10AC6000F8040020014B024A9A607047F804002063
:10AC700050B0060003680BB9FFDFFEE7034A13601C
:10AC80006C33536093681B68184700BFF8040020BA
:10AC900008B5044B586800F065FCBDE80840FEF7B5
:10ACA000AFBC00BFF8040020FFF7F2BF80F84A10E5
:10ACB000704711F001031CBF012280F86C218A0744
:10ACC00042BFC018022380F86C31704780F85710DB
:10ACD000704710B504460846194694F84030023BC8
:10ACE000012B0AD994F8400000F0FD000038BDE8BF
:10ACF000104018BF012004F06FB90028F2D102F013
:10AD0000FD02101E18BF012004F0E4FB0828E9D062
:10AD1000012010BD90F8400000F0FD00003818BF81
:10AD2000012004F059B938B504460D4690F89E301C
:10AD300003F0FF00D3B994F85430013B012B14D831
:10AD4000042912D1D4F808310BB1FFDFFEE7216DE1
:10AD500009B9FFDFFEE704F1E00001F023F884F811
:10AD60009F50FF2384F89E30012038BD0020FCE76F
:10AD700080F840107047000038B5044690F8400055
:10AD800000F0FD0004F14201003818BF012084F8F2
:10AD9000410004F0E9F894F84030023BDBB2012BAB
:10ADA00094BF0123002384F8483007D994F8413038
:10ADB000012B14D194F847303F2B10D804F084FBBA
:10ADC00005460FF06EF9064BE5FB0301C4E92001CF
:10ADD00000212046FEF746FA08B9FFDFFEE738BD3E
:10ADE00040420F0001F0FD0380F85510B3FA83F3E1
:10ADF0005B0980F84B30704710B504460846194689
:10AE000000280CBF0123002384F8560084F84C303E
:10AE10004FF0080384F84D3008D102F0FD02101EF7
:10AE200018BF012004F056FB84F84D0010BD0AB98C
:10AE3000FFDFFEE780F859101368C0F85A30938896
:10AE400090F84120A0F85E30036D5A72D0F842208D
:10AE5000C3F80A20B0F84620DA81704780F849101C
:10AE60007047F0B5D0F8C0509DF8144095422CD1F1
:10AE700090F840208A4228D1002590F83DC104F086
:10AE8000020E2A462E46E9B28C4505D204F0050092
:10AE9000831B58425841F0BD471897F86C71042F36
:10AEA00046EA070604D1BEF1000F01D00132D2B24A
:10AEB00000EB810153F822700135D1F8C41029311B
:10AEC000B94202D10132D2B2DDE70020E3E790F8C7
:10AED00054300246590705D590F85600431E584293
:10AEE0005841704713F00300FBD092F8550000F072
:10AEF000FD00F3E7012938B5044601D1FEF772FBE6
:10AF000094F8543004F16C0513F0030F02D0284676
:10AF100000F028FB284600F0D5FA2046BDE838406E
:10AF2000FEF7CCB8983003F02CBC00000149363055
:10AF300005F07CBBAD8F060010B501210446002052
:10AF40000CF068FD08B9FFDFFEE7637880F8543045
:10AF50002378DB0744BF012380F86C31A37880F8A5
:10AF60004030E178FFF73EFF237980F84A3063797B
:10AF700080F8573010BD10B504466C3000F0F2FA7E
:10AF80002046BDE81040FEF799B8000010B5084C07
:10AF90000222636820681A7101F046FA38B9206805
:10AFA000FFF7E9FF2068BDE8104001F061BB10BD6C
:10AFB000F80400207D8F0600D1970600399706001F
:10AFC000A9AC060029920600559606008598060051
:10AFD00075A20600AFA306009DA306002D960600ED
:10AFE0003D960600B998060051A50600CD900600D2
:10AFF000019606008DAF0600B1A20600098F06007B
:10B0000039A5060021A50600098F0600098F060054
:10B01000F9A6060031A706008197060091A7060051
:10B02000A19F0600F59006008BAA060085AA0600DF
:10B0300075950600DD980600EDA30600C5A3060081
:10B04000159C0600159C0600D5A30600E990060095
:10B05000F9AA0600C4AF0600D4AF0600ECAF0600A4
:10B0600020B0060038B00600082970B5064615461F
:10B0700008461C460AD0194604F036FA08B9FFDF24
:10B08000FEE7237843F00203237070BD737C2370C6
:10B0900073681A682A609B88AB80F6E708B50CF0E5
:10B0A00009FE054AD2E84F3F0133DBB2C2E8413F17
:10B0B0000029F7D108BD00BF10050020024BA0F108
:10B0C00008015868FFF7EABF100500202DE9F84F86
:10B0D0001E463B4B0D46934600211A7804689DF8A6
:10B0E00028709DF82C809DF930909DF834A0016067
:10B0F00032B9A4F108015868BDE8F84FFFF7CEBF98
:10B100001A2204F1090011F0E1F80123A372BBF146
:10B11000060F4FD8DFE80BF00433394E434E3D00A5
:10B12000E37A23F0130343F01303E372012304F1E2
:10B130000E0241462846237547F6FF7384F818909F
:10B14000E38204F10D03FFF78FFFE37A5B0733D54A
:10B15000BA1E04F11C03012A8BBFAA683268116869
:10B16000E2618ABFE161B28892889A80E776002323
:10B17000237214492046BDE8F84F05F057BAE37A28
:10B1800023F0150343F01503CFE7E37A43F01003F0
:10B19000CBE7E37A23F0120343F01203C5E7E27A28
:10B1A0004AF01A0A22F01B020AF01B0A42EA0A02BB
:10B1B000E272BBE7FFDFFEE7FF23E376D7E700BFDE
:10B1C00010050020E9B10600036863B1EFF31082B7
:10B1D00072B603681968016002B962B600221A707B
:10B1E0005A709A70DA7070472DE9F04704468CB0B7
:10B1F0000D46002001210CF00DFC064608B9FFDFCA
:10B20000FEE7A03000F053FD18B196F85430042B3F
:10B210002ED13046FFF7A8FC50BB754D05F108064E
:10B2200005F10C07A36A93B92046FFF747FF4FF4D7
:10B230000073ADF804309DF80430002063F307007C
:10B240009DF8053063F30F200CB0BDE8F087A16ACC
:10B250000B68B142A3624FF000030B704B708B7010
:10B26000CB70DFD0B942DDD06868FFF717FFD9E7B0
:10B27000A66AA6B35F4B9E421CD10027012004237F
:10B2800004F123012B7007F11803A27A5343EA70EB
:10B290002A1D02336B7004F10B0353F804CB8B426D
:10B2A00042F804CBF9D1227D012A37D0022A35D0C9
:10B2B000FFDFFEE7043B9E42DFD006F13B0840463D
:10B2C00002A900F023FBE37A05F11C00DA0609D598
:10B2D0009DF8187005993A4611F046F8CEE704F14A
:10B2E0003308ECE7002EC8D09DF80830022BC4D0FC
:10B2F000014694F83230E522404604F0A4FE94F86A
:10B30000323007460344404684F8323004F093FE5E
:10B3100094F832301B1A58425841B0E7637D6A7383
:10B3200033B1012B03D0022B01D0FFDFFEE7AB735B
:10B33000EF762F4F07F1080A56450ED12B790222DE
:10B3400004F1280062F346132B71FFF73DFF02263C
:10B350002046FFF7B3FE042712E007F10C094E4523
:10B3600015D104F12800FFF72FFF627D6AB92B7910
:10B37000042762F346132B7102262046FFF79EFE38
:10B380008DF804708DF8056055E70027F4E736B3B3
:10B3900000B304F128084046FFF716FF31467868ED
:10B3A000FFF77CFEA36A0022534584F83220C5D003
:10B3B0004B4505D12B79404662F346132B71C4E708
:10B3C0009DF80830022B05D12B7923F06803012664
:10B3D0002B71C0E72B79012262F34613F7E7E77A76
:10B3E00017F01007CCD02B7966F346132B71AEE71C
:10B3F000100500201C050020343270B5054692B2BD
:10B400000C461E460CF020FC25B1034A556014740E
:10B410005674147070BD00BF1005002010B5034CA9
:10B4200060680CF031FC237C237010BD10050020F7
:10B43000014B587C704700BF1005002038B5124DF5
:10B4400068680CF027FC044608B9FFDFFEE7D5E882
:10B450004F3F013BDBB2C5E8413F0029F7D104F182
:10B4600008033422184610F031FF47F6FF7201211D
:10B47000E462E283FF22627584F82320E27C61F3B8
:10B480004612E27438BD00BF10050020333070470B
:10B4900038B5436A04467BB9094D68680CF0FAFB7D
:10B4A000606208B9FFDFFEE7D5E84F3F013BDBB242
:10B4B000C5E8423F002AF7D1606A3B3038BD00BF83
:10B4C00010050020036810B5044673B19A6A0AB1EA
:10B4D000FFDFFEE7596A41B101F108008342084BE2
:10B4E00008BF22605868FFF7D9FD216831B1044BCD
:10B4F00008395868FFF7D2FD0023236010BD00BF54
:10B500001005002038B5046805469CB11349204653
:10B5100005F0ADF8124B00221A735A739A73DA735E
:10B52000EFF3108272B6A16A0C3399B9A362E36299
:10B5300002B962B62C68616A49B101F108039C4204
:10B5400003D0074B5868FFF7A9FD0023636200236F
:10B550002B6038BDE16A0B60E9E700BFE9B1060086
:10B560001005002070B50668044656B3716A154D83
:10B5700041B101F108039E4202D06868FFF78EFDD9
:10B580000023736221684E7DB6B100232B726B726B
:10B59000AB72EB72EFF3108272B6886A0A4B40B955
:10B5A0008B62CB6202B962B62046BDE87040FFF7FD
:10B5B000A9BFC86A0360F4E708396868FFF76EFD41
:10B5C000266070BD10050020180500202DE9F04709
:10B5D0000468914606460D469A469DF820209DF83F
:10B5E0002C800CB9FFDFFEE7614F3B78ABB9B8F1B7
:10B5F000020F0CD008D9B8F1030F0BD03368002B21
:10B6000000F08380FFDFFEE7FFF75CFFF6E7FFF760
:10B6100079FFF3E7FFF7A6FFF0E7636A0BB9FFDFF7
:10B62000FEE783F81180CB6873B1097C238E0B444D
:10B6300040F272618B4206DDFFF794FF3368002B06
:10B6400063D0FFDFFEE723860123A3729DF9283034
:10B650002376B8F1000F5BD122756B691BB15B7863
:10B66000C3F30313A3752A78511E4B424B41E17A71
:10B6700063F30001C1F34003022A08BF43F0010352
:10B6800063F34101C1F34003002A14BF002303F018
:10B69000010363F3C301AB68E1721BB1CBB243F0AA
:10B6A0000403E3722B6A13B193F90030E3756B68FE
:10B6B00043B104F10D0304F10E029DF82410284655
:10B6C000FFF7D2FCAB688BB1A9F1020104F11C02B7
:10B6D000012995BFDAF800301968E361E16194BF90
:10B6E000BAF804309B88938084F81B90A969B8F15C
:10B6F000000F0FD179B38B784A7803F01F0352EA19
:10B70000032228D13046FFF7DDFE0020BDE8F08798
:10B710006275A2E70022636A1A705A709A70DA7032
:10B72000A26AE2B9A362E36289B14A78897801F03A
:10B730001F0152EA01220AD1A16A3A727A72BA72E0
:10B74000FA720C4A71B9A2620023E26233600A49BC
:10B75000204604F08CFF636A33B9FFDFFEE7E26A3C
:10B760001360E0E71A60EFE7002301206362CDE792
:10B770001005002018050020E9B106001FB50024BF
:10B7800003949DF9204002949DF81C4001949DF87B
:10B7900018400094FFF79AFC04B010BD1FB5039346
:10B7A0009DF91830CDE90123FF23042200930023E3
:10B7B000FFF78CFC05B05DF804FB18B1407BFF3847
:10B7C00018BF0120704708B9FFDFFEE7C07EFF38D1
:10B7D00018BF0120704708B9FFDFFEE7807DFF3802
:10B7E00018BF0120704770B50C460546164604F098
:10B7F000B5FA6074284604F0BCFA062EA07407D887
:10B80000012303FA06F212F0550F06D19E4212D020
:10B8100000236370C4E9013313E06370EB1C6360C1
:10B820000023A3606B78063B13F0FF030AD00935B1
:10B830002374E56070BD03236370EB180935636002
:10B84000A56000231D46F3E738B50D46C1780446D0
:10B8500011F03F0105D128462822BDE8384010F0FC
:10B8600035BD04F07BFA6874204604F082FAA874AF
:10B8700023796B70E078830900F03F002B70227908
:10B8800012F001011ABF611D0B230523696012F03C
:10B8900002011CBFE1180633A96018BFDBB25107D3
:10B8A00044BF0133DBB212F008011CBFE1180233C0
:10B8B000696118BFDBB212F010011CBFE11803333D
:10B8C000A96118BFDBB212F020011EBFE1181233CC
:10B8D000DBB212F04002E96100F104011EBFE21880
:10B8E0000133DBB22A62C91A11F0FF0114BFE2185A
:10B8F0000A466A626278013A121AD2B22A741AB1FE
:10B900000B441C44EC6038BDEA60FCE7027802F0AE
:10B910000F02072A01D1FFF797BFFFF764BF037833
:10B92000012B13D0022B09D0FBB1437823F0200365
:10B9300043700023C3610374C360704743780022DF
:10B9400023F00303426082604370EEE743780229EC
:10B9500023F0020343704FF000038360E5D0427888
:10B96000436063F300024270DFE7437813F0100294
:10B9700002BF62F3C30342614370D6E7012381F043
:10B98000010103704370037100238170C370437120
:10B99000704730B501250024AB4284700571C57035
:10B9A000447107D0022B01D03BB130BD047044700C
:10B9B0004571FAE704704470F7E701704270037153
:10B9C000C370F2E703782BB14B7823F001034B707F
:10B9D00000234B6043782BB14B7823F002034B706C
:10B9E00000238B6003792BB14B7823F020034B703D
:10B9F0000023CB6183782BB14B7823F008034B7085
:10BA000000234B61C3782BB14B7823F010034B70AC
:10BA100000238B61437913B100230B74CB60704713
:10BA20004378002223F022038260C2614370704792
:10BA300010B504460246064900F588700FF0ACFBCD
:10BA4000224604F5A0700249BDE810400FF0A4BBE7
:10BA50001DC20600012970B506460C4603D0022916
:10BA600016D0FFDFFEE74FF4BC7520468C35FAF7A1
:10BA7000CBFE00F522434FF47A72B133B3FBF2F3FD
:10BA80005819D6F8083113B1012C08BF400070BD19
:10BA90006025EAE790F85430012B06D1022940F6E0
:10BAA000480008BF4FF485607047022907BF40F285
:10BAB00076234FF4856040F2464340F64800184430
:10BAC00096307047002110B50B4690F83D41CAB240
:10BAD000944205D2D0F8C000C31A5842584110BD54
:10BAE00000EB820229330131D2F8C4201344EEE77F
:10BAF0002DE9F0411E46D0F80831804617462BB19B
:10BB0000FFF7E0FF0130C0B2BDE8F081D0F8C040DF
:10BB10000725A4FB0545FFF7D5FF50B1D8E92A2337
:10BB2000A41845EB0303A74276EB03030AD20320D4
:10BB3000EAE7D8E92E32E41845EB0205A74276EB96
:10BB4000050501D20220DFE70120DDE72DE9F04104
:10BB500004460EF0A6FA074688462046D4E92A2372
:10BB6000FFF7C6FF06460EF087FB1828034603D8EA
:10BB700000263046BDE8F081421CD4E9341513D0CC
:10BB80004218AA42D4E9282028BF6B1AD21B60EBC6
:10BB90000800012A70F100054FF000052FDB9342E9
:10BBA000854100DB13465D186D1A41F288339D42D2
:10BBB00028BF1D460EF075FAC7F1320303449D42BB
:10BBC000D6D3314628460EF07EFB06460028CFD05D
:10BBD0000EF06BFAD4F8D820D4F8D030A818D4F8E6
:10BBE000D4202B44C4F8D8009342C4F8D03003D1F9
:10BBF000D4E93823C4E92E230EF055FAB9E72B46D1
:10BC0000D1E70000014B1870704700BF8900002089
:10BC100038B5044690F80C3103F0FF0083B3FF23DE
:10BC200084F80D3104F5887528460FF01BFB284673
:10BC300004F5A0750FF04BFB28460FF013FB2846C8
:10BC40000FF045FB00212046FFF754F994F80E3120
:10BC500004F1E005ABB1D4F80031E3B1284606F0B9
:10BC60008BF9002384F80D3194F80E0110F0FF00D9
:10BC700018BF0C2084F80E31C4F8083184F80C3158
:10BC800038BDD4F8080130B1D4F800311BB900F543
:10BC9000D87006F0E7F8284606F0E4F8E1E790F8F7
:10BCA0000C310BB1FFF7B4BF7047FFF7F8BF90F846
:10BCB0006C00003818BF0120704710B50B785A0788
:10BCC00001D5FFDFFEE790F80C3103F0FF040BB164
:10BCD000FFDFFEE70A78D30701D4FFDFFEE78B68BA
:10BCE00080F83D41293B4968C0F8C4309307C0F84B
:10BCF000C010C0F8F01040F27121A0F8F41003D584
:10BD00006FF02803C0F8C83010BDD0F808310BB16F
:10BD1000FFF77EBF0C20704770B505460E4690F8C1
:10BD20000D31002B3AD10EF0BCF90446062E20D876
:10BD3000DFE806F0043636212436360095F86831FF
:10BD4000012B03D0022B12D0FFDFFEE74FF4BC73B0
:10BD50009833D5F8A820D5F8D060A41A8C3E1C449E
:10BD6000A6420ED9A64294BF0020012070BD6023D8
:10BD7000EEE7FFDFFEE74FF45773EAE740F20123F7
:10BD8000E7E72846FFF7E2FE0028EBD0D5F8D030F1
:10BD90008C3B9C422CBF00200120E7E70020E5E718
:10BDA0000120E3E7F8B50D46064601F5D8770021F6
:10BDB000D5F8B80106F0AAF8B042044606D1826868
:10BDC000D5F8B8319A4213D2816989B121463846F3
:10BDD00006F066F8002333622CB194E80E005B187D
:10BDE00042F1000201E000231A46C5E96C32F8BDB9
:10BDF0009A422CBFB260B360F2693762002AF2D077
:10BE00000ECAECE72DE9F04F04468FB09A469146F2
:10BE1000BDF860B003910EF044F907462046049146
:10BE2000FFF750FED4F8C4800546BAF1000F00F0C9
:10BE3000D281B9F1000F50D0824617F5FA6305930D
:10BE4000049B43F10003069306F056F8064604F1FE
:10BE5000E0003146079006F023F8D4F8081111B13C
:10BE60000798FFF79FFF9DB1D4F8E8509EB1B068E6
:10BE70002A46D6E90031C018059B009341F1000124
:10BE8000069B019306F05CF8854205D2FFDFFEE7D2
:10BE9000D4F8C050EAE73046059BC518069B43F12D
:10BEA0000006D4F8C030BBF1000F00F078811FFA13
:10BEB0008BFB42F2107C29463246EBFB0C1203F25C
:10BEC000CF7C6044B0FBF3F04343EB1A66F1000013
:10BED000C4E92812C4E9383038E0002839D06FF0BE
:10BEE0000043D4E928129A4208BFB1F1FF3F29D09C
:10BEF00094F83C312046234493F86C11FFF7AAFDD7
:10BF000017F1AB02049B0546099008A843F1000312
:10BF10008DF82090CDE90C2340F20243ADF8283093
:10BF20000FF0B8F908B9FFDFFEE7D4E928320C9921
:10BF30005B1A0D9962EB01025B1B62F10002002AA1
:10BF4000C0F232813D46049E4FF0010A4FF0000BD3
:10BF50009EE0D4E93826D4F8C050BB1AAA18B3FB27
:10BF6000F5F305FB03F346F100069B18A3EB07026C
:10BF700046F10006AA2A05D8ED1846F10006CA4681
:10BF8000CB4685E094F86C112046FFF763FD04234F
:10BF9000D4F8B0208DF82930D4F8C050099020464C
:10BFA0008DF82090D4E93813521AB2FBF5F26A43A7
:10BFB000521843F10003CDE90C23FFF799FD294600
:10BFC0008DF8280008A803F053FCDDE90C56D6E7ED
:10BFD00051F8042F013302F1290CD4459FBF821A76
:10BFE0000BF1010B92445FFA8BFBDAB29645EFD866
:10BFF00004EB0B03204693F86C11FFF72BFD504424
:10C0000004EB8B03D3F8C420824207D3A2EB0A02CD
:10C01000002A20DAFFDFFEE7AA46F4E094F83D119B
:10C02000D4F8C03059450FD9AB420BD90BF1010BF5
:10C030005FFA8BFB04EB8B03D3F8C42002F12903D6
:10C040001D46E5E7FFDFFEE7AB42F9D85B009D4206
:10C05000F6D3FFDFFEE7D4E93810D4F8A8305B1A36
:10C0600001D5FFDFFEE7D4F8C0C0AD19B3FBFCF388
:10C070000CFB03F348F100065B1840F10000C4E933
:10C080003830EB1A002BC0F2888090464FF0000A3F
:10C0900004EB0B03204693F86C11FFF7DBFCD4F89C
:10C0A000A030D4F8A4105A1B0590069361EB06004B
:10C0B000012A70F100034FF000037BDB90458341C0
:10C0C00000DB904604EB8B0BDBF8C400804528BFF7
:10C0D0008046C4F8D480B9F1000F05D0D4E93823E4
:10C0E000C4E92A56C4E92E23059B2046039AC4F8C6
:10C0F000D03004230791C4E92C5653722A463346A4
:10C10000FFF7F6FC039B059A18725A60BAF1000F0C
:10C110005BD00123039A07991370069B049ADB1BDB
:10C1200061EB0202012B72F100004FF0000043DBD3
:10C13000394E9E42904100DB1E46D4F80831D4F8B7
:10C14000C090002B3DD107252046A9FB055AFFF7DB
:10C15000B9FC98B3D4E92A32ED184AEB0203AF4296
:10C16000049A9A410ED2ED1B049A63EB02036FF01E
:10C170000102AA424FF000029A4102D3AE4228BF08
:10C180002E46B146039BC3F81090059B984534BFDB
:10C19000002001200FB0BDE8F08FFFDFFEE74FF079
:10C1A000FF316FF000428AE63D46049E4FF0010ADF
:10C1B000C846E5E6984685E70646BEE7D4E92E324E
:10C1C000CAE74FF0FF352B46C9E7039B83F800A071
:10C1D000C3E90456D9E7B9F1000F7FF42EAED4F8C5
:10C1E000C02007F1AB05D4E938137E1AB6FBF2F68E
:10C1F00056437618A5EB060543F10008AA423FF620
:10C200000BAFA5EB020A002394F83DE104F1C00155
:10C210006FF028009B46E8E60040420FF0B5044668
:10C2200089B0052900F29A80DFE801F0035D6964B6
:10C23000988590F80D3103F0FF054BB10121FEF711
:10C2400059FEFAF7D7F809B0BDE8F0400EF094BFF8
:10C250000EF064F8D4F8E020831AC4E92A0101D56D
:10C26000FFDFFEE794F83D71D4F8C0100294059505
:10C27000BFB1B3FBF1F601FB0622801A2A46D6B203
:10C28000013204EB8606D6F8C46006F1290C60453D
:10C2900022BF29380135801BD6B228BFEDB2B74284
:10C2A000EDD2B4F86A2184F83C51C2F30C028DF847
:10C2B0001850D2B1D4F83821039203228B4202A83D
:10C2C0008DF8102034BF00230123032A08BF002368
:10C2D0008DF81930FEF7CEFCD4F8D0008238C4F8BF
:10C2E000D8000DF0E0FE09B0F0BD8B422CBF00225B
:10C2F0000122E3E709B0BDE8F040FAF7B1B9B0F8C0
:10C300006A31C3F30C030BB1FEF735FE00220123A3
:10C3100002A920460092FFF775FD40B102A904F57D
:10C3200088700EF03FFF0028DDD1FFDFFEE72046DA
:10C33000FEF7FCFDD7E790F80D3123B109B0BDE859
:10C34000F040FEF7A5BCB0F86A31C3F30C03002B34
:10C35000F4D1FFF7FBFB0028C5D1EFE7FFDFFEE7D5
:10C3600030B5044689B00D4690F80C2102F0FF0369
:10C370000AB1FFDFFEE7FF2280F80C2180F80D31C3
:10C3800080F83C31FFF79EFBC8B994F83D11034695
:10C39000C2B28A420BD9C4F8E8300122002302A9B4
:10C3A00020460095FFF72EFD60B9FFDFFEE704EBA6
:10C3B000820229330130D2F8C4201344E8E741F265
:10C3C0008833E8E702A904F588700EF0EBFE08B99F
:10C3D000FFDFFEE709B030BD38B504460D4690F8E2
:10C3E0000C310BB1FFDFFEE709B9FFDFFEE7FFF716
:10C3F0001FFBC4F8085195F8873003F0FF010BB11B
:10C40000FFDFFEE784F80E112046BDE83840FFF755
:10C41000A7BF38B504460D46FFF70AFB294620465C
:10C42000BDE83840FFF79CBF90F86B312DE9F04F25
:10C430005D0989B0044600F09F80691E4D424D4160
:10C440006D0094F9692103F01F0394F86A91002AA2
:10C4500094F8692149EA0329B4BF4FF496771E275F
:10C46000D20907FB09F90CBF4FF01E0B4FF4967B66
:10C47000F9F7F0FD0646F9F72FFE94F86931A9EBBC
:10C480000606804613F0400F06EB0B07C8440CBFAE
:10C490004FF4FA7A4FF0320A02F09AF9714B824463
:10C4A000B6F5837F0AFB07F707F5742707F23F27E6
:10C4B000B7FBF3F76AD394F80D3103F0FF02002BBA
:10C4C0005CD128460192FAF797F9674B4FF47A7AD4
:10C4D00053F8259009F52243B133B3FBFAF6BA3687
:10C4E0005E4406EB470606442846FAF785F90090B5
:10C4F0002846FAF789F9294683462046FFF7CAFA03
:10C5000000F18C05009BA9EB0B093544019AED1A4B
:10C5100004238DF808208DF81130D4E92A32B9FBB4
:10C52000FAF9933BA5EB090542F1FF3213EB08033F
:10C53000039542F10002DB1B62F10002CDE90632F5
:10C540004A4B1878FE2803D094F854305A0701D487
:10C550000DF0E8FE8DF8100002A904F58870C4F80B
:10C56000D050C4F83861DDE90623C4E92C230EF06D
:10C5700019FE18B9FFDFFEE7012562E7F9F73AFF78
:10C580000EF0FAFD012009B0BDE8F08F28464FF407
:10C590007A7AFAF731F9344B53F8259009F2E736F5
:10C5A000B6FBFAF620365E4446443E44064428462E
:10C5B000FAF722F983462846FAF726F90246294671
:10C5C0002046FFF767FAA9EB020900F18C03D4F8C3
:10C5D000D050B9FBFAF93344A3EB0B03A3EB090AE0
:10C5E00055452AD2214B93F80090B9F1FE0F03D0A4
:10C5F00094F854305B0702D40DF094FE814648460F
:10C600000DF03AFEAAEB05034946192B38BF192352
:10C61000834228BF034618461D460DF054FE0028ED
:10C62000B1D00DF042FDD4F8D030E818C4F8D000F5
:10C630008238C4F8D8000DF036FD94F83C31A8F1EA
:10C64000100802A802948DF818300223A8EB0707FF
:10C6500003968DF81030002305978DF81930FEF7FA
:10C6600009FB8FE740420F0054CB050089000020F2
:10C6700010B5044688B090F80D2102F0FF0382B98E
:10C680001A4602A90093FFF7BDFB38B102A904F5D1
:10C6900088700EF087FD20B9FFDFFEE72046FEF729
:10C6A00045FCF9F7A7FE08B0BDE810400EF064BDE8
:10C6B00001292DE9F347054603D9022971D0FFDF8F
:10C6C000FEE701F00107D0E92A46F9F7E1FC95F809
:10C6D000688182463846414603F01AF98146404651
:10C6E000FAF792F8463C46F1FF36A7B3B8F1020FCD
:10C6F0000CBF4FF4A6734FF4FC733D4A4FF47A71AC
:10C7000014EB0A0452F8282046F1000614EB090441
:10C7100002F2E732D5F8088146F100060244D8F863
:10C720001870B2FBF1F2A41A66F10006E41846F1A3
:10C73000000605F0DBFB05F1E00383420ED03A462C
:10C74000CDE90046D8E96C0105F0FAFB87420346C3
:10C7500005D2FFDFFEE74FF4FC73CEE70023254A46
:10C76000D5F8081112689A4291BF40F2E2408A69F6
:10C7700018469B189EBFB3FBF0F24243981A8A6298
:10C7800041F66A028A8541F66902904201D9FFDFCB
:10C79000FEE71B1946F10006C1E96C3602B0BDE8A0
:10C7A000F087D0F808310BB9FFDFFEE7002483F8EB
:10C7B000874090F8682183F8682083F86920FF2675
:10C7C00083F86A60D0F808012146303003F0D8FFC2
:10C7D000D5F8080109F016FCC5F8084185F80E6186
:10C7E000F9F708FE02B0BDE8F0470EF0C5BC00BF87
:10C7F00060CB05002405002018B101280BD0FFDF15
:10C80000FEE7084B1860074B1A6841F669039A4225
:10C8100006D9FFDFFEE7034B40F6C4121A60F2E7C9
:10C82000704700BF240500202DE9F0411D46D37B51
:10C8300088B014468846013307462146D3734046E4
:10C8400004236A460FF0DBFBE37B04AE2146013391
:10C8500040463246E37304230FF0D1FB57B17B1EF1
:10C860006A461F37117813F8010F4140BB4202F8A6
:10C87000011BF7D16B462C461A46083403CAB24254
:10C8800044F8080C44F8041C1346F5D105F11003D4
:10C890003246083303CA43F8041C08A943F8080CBD
:10C8A00016468A42F4D108B0BDE8F08100EA4000A3
:10C8B00000EA400000EA400000EA400000EA4000D0
:10C8C00000EA4000B0FA80F04009704710B5044615
:10C8D000FFF7ECFF08B9002010BDE043FFF7E6FFCB
:10C8E0000028F8D0E31683EAA4635A1E1A42F2D055
:10C8F000204604F094F81828EDD8A3B2B3EB144FF7
:10C9000004D184EA142313F0FF1FE4D0034B6340E7
:10C91000581E1840003818BF0120DDE7D6BE898EAA
:10C92000F0B5070C164BA7F5AA4203EA9023543A38
:10C93000012A20D927F4004042F6AA22801A18BF03
:10C940000120002216211F24164687EA060562EA06
:10C950000505013511D0DD0301394FEA5303ADB2AE
:10C9600045EA56064FEAC4354FEA5404ADB245EAEB
:10C970005202EAD1F0BD0020E3E70020FAE700BF51
:10C98000E0FF3F00F7B5002523272E4603F0E8FF20
:10C990000446FFF79BFF78B1CDE9006668460BF0CF
:10C9A00073F828B10223CDE900668DF806300FE058
:10C9B000009BDB699C42F1D10020013F01D000289F
:10C9C000E4D07DB9FFDFFEE7009BDB699C42F3D03A
:10C9D00068460BF059F80028F6D020462546FFF7A8
:10C9E0009FFFEAE7284603B0F0BD10B5044638B112
:10C9F00001F092FE24EA0000B0FA80F0400910BD78
:10CA00000120FCE72DE9F0411646B0F85A70B0F865
:10CA10005C5071B309F0D5FA0446022102F054FFCC
:10CA200080460221204602F04FFF474540F648036A
:10CA300028BF4746BFB21B2F38BF1B27FB2F28BF7D
:10CA4000FB27854228BF05467780ADB21B2D38BF36
:10CA50001B25FB2D28BFFB25B4F5A47F38BF4FF461
:10CA6000A474F5809C4228BF1C46B4803481BDE884
:10CA7000F08106F00BF8CFE72D4BF0B5B0F85C7005
:10CA80000C4611469A88B0F85A6085B09742DD8806
:10CA900028BF1746964228BF16461B2E2BD0B5F549
:10CAA000A47F2AD040F6480301AA9D4228BF1D4614
:10CAB000FFF7A8FFBDF80A30BB4228BF3B46E38022
:10CAC000BDF80C30AB4228BF2B462381BDF80630A1
:10CAD000B34228BF33466380BDF80830AB4228BF5D
:10CAE0002B46A380FF232370E3881B3B9BB2E02BE4
:10CAF00005D9FFDFFEE71B2FD1D105B0F0BD63885C
:10CB00001B3B9BB2E02B01D9FFDFFEE72389A3F596
:10CB1000A4739BB2B3F5E06F01D9FFDFFEE7A388F2
:10CB2000A3F5A4739BB2B3F5E06FE6D9FFDFFEE790
:10CB30002805002013B5012100200AF06BFF0446F0
:10CB400088B9012108460AF065FF0446C0B90023F0
:10CB5000CDE9003303238DF8063068460AF094FFD0
:10CB6000C8B100200AE0A030FFF7A1F80028E8D003
:10CB70002046FEF7ACF90028E3D0012002B010BD3A
:10CB8000A030FFF794F80028E1D02046FEF79FF987
:10CB90000028DCD0F1E7009C204606F003F90028CD
:10CBA000DBD0204607F073FC0028D6D0E5E7002351
:10CBB00007B5CDE9003303238DF8063068460AF047
:10CBC00063FF08B1002004E0009806F0EBF80028AD
:10CBD000F4D003B05DF804FB08B5012100200AF091
:10CBE00019FF40B9012108460AF014FF50B9BDE809
:10CBF0000840FFF7DCBFA030FFF759F80028F1D05C
:10CC0000012008BDA030FFF752F80028EFD0F7E769
:10CC100010B50446FFF7CBFF10B10CB9002010BDD2
:10CC2000012100200AF0F6FE30B9012108460AF081
:10CC3000F1FE38B90120F2E7A030FFF738F80028FC
:10CC4000F3D0EBE7A030FFF732F880F00100C0B27C
:10CC5000E5E70000012817D80D48824216D8012BBD
:10CC60000DD140F252739A4210D9A1F6C410094B6B
:10CC700098420BD88A428CBF122000207047042BA8
:10CC8000F3D140F6C313EEE712207047302070470F
:10CC90008FFD7002CBF3700210B504460A48FEF710
:10CCA0004BF90A492046FFF708F82046FEF732F80C
:10CCB00038B12046FEF760F82046FEF733F9002031
:10CCC00010BD1220FCE700BF300500203805002011
:10CCD00038B50D4604460BF065F8A84212D320463D
:10CCE00007F09FFD08B11F2D0ED8204607F086FBE8
:10CCF00060B12946204607F0ACFB00280CBF452058
:10CD0000002038BD0720FCE71220FAE74220F8E7B0
:10CD100038B5044607F072FBB8B1204606F042F879
:10CD200008B9002038BD204605F089FD054620469B
:10CD300005F02AFE58B9002DF3D0022128880AF008
:10CD40007FFE0028EDD0FFDFFEE74220EAE70C205F
:10CD5000E8E730B5841F40F67A45A4B2AC421CD84F
:10CD60008C1FA4B2AC4218D8884216D80132B2F552
:10CD7000FA7F12DCA3F10A0040F6764480B2A042AA
:10CD80000BD842F210704A43584340F6C4135A433A
:10CD9000904294BF0020012030BD0020FCE708B580
:10CDA000428983899A420AD80389C2888188408847
:10CDB000FFF7CFFF00280CBF3020002008BD122055
:10CDC000FCE72DE9F04186B00546008801A902F094
:10CDD000E7FD0446002879D1029B93F85321D11E28
:10CDE0004A424A418DF802209DF80420002A71D160
:10CDF00093F88920222A70D19DF8022082F0010246
:10CE000093F8D8308DF803209B0603D49DF80330A7
:10CE1000002B66D0EB881B3B9BB2E02B63D82989A3
:10CE200044F24810A1F5A4739BB283425BD86B888F
:10CE30001B3B9BB2E02B56D8AA88A2F5A4739BB2E9
:10CE4000834250D840F64807B9424ED8BA424CD82F
:10CE5000029E4FF0FF0886F81B819DF80230002BE0
:10CE60003DD19DF8041003AA3046B1FA81F1490979
:10CE7000FFF7C8FD6A88BDF81230BDF81410934260
:10CE8000E88828BF1346B942AA88A6F8203128BFEF
:10CE90003946BDF80E30834228BF03462889A6F8DC
:10CEA0001C31BDF81030BB4228BF3B46834228BF2F
:10CEB00003468A42A6F81E31134628BF0B46A6F841
:10CEC000223186F81A81002386F81B31204606B0ED
:10CED000BDE8F0819A6F92068ED4224690E73A24FC
:10CEE000F1E71A24F2E71224F0E71124EEE700003C
:10CEF00010B5032100200AF08DFD044658B9032126
:10CF00000AF04EFD044608B9FFDFFEE7034B93F934
:10CF1000201007F017FA204610BD00BF280500209A
:10CF20002DE9F04385B006468846008802A902F044
:10CF300037FD054640BB039C94F8663103F0FF05BE
:10CF40001BB1B8F1020518BF012594F88930262BD2
:10CF500094F8D93043EAD3030CBF85F001094FF0B0
:10CF60000009DB0702D4B9F1000F3BD0B77817B93D
:10CF700001F0D2FB0746F078B0BB01F0CDFB3FB922
:10CF8000B9F1000F29D10925284605B0BDE8F08385
:10CF90000028F5D0FF2384F825310DBB94F8243107
:10CFA00003F0FF05E3B984F8270101A984F824817F
:10CFB000204684F82671B3788DF80430F3788DF824
:10CFC00005303379727943EA0223ADF8063002F076
:10CFD0008AFC002384F82531D6E700200746D9E7EC
:10CFE0003A25F6E71A25CFE7002FD3D1C8E7037813
:10CFF00043B1406890F8BA3123B1002380F8BA31C8
:10D0000005F055BD70470000024B987DC04300F00D
:10D01000010070476C090020044B987DC0F340006C
:10D0200080F0010000F00100704700BF6C09002093
:10D0300038B501F07FFF164C02F076F901F0A8FB3D
:10D0400004F1100503F0ECF904F098FE02F08AFDFB
:10D0500009F006FF00220F4B0F491A600F4B228088
:10D0600063600F4B19601B215A745A829A82032203
:10D0700099809A750B4B1868083333F8042CA0601C
:10D08000A28193E80700012385E80700637738BD94
:10D0900028050020080E002003021B001B00480189
:10D0A0006C090020BCCC0500054B41F64C5240F603
:10D0B000A661C3E902121B221A74FFF7B9BF00BFB1
:10D0C0006C09002073B51E4D0446AB6803631D4B0D
:10D0D000836105F0DBFC064601F018FB8306297C22
:10D0E000204653BF1B236B88AA881A466687164EB4
:10D0F000A4F85A30A4F85C2084F83810314602F0C5
:10D10000F2FB01236A8804F110006978E385033299
:10D11000AB88019192B216F8121C033300919BB2B6
:10D1200004F114010AF038FD23690BB9FFDFFEE7B3
:10D1300063690BB9FFDFFEE7002002B070BD00BFDE
:10D140006C09002000093D007E090020F7B5044667
:10D150000D4607F053F9002869D0204607F04EFB32
:10D1600038B1B5F80130013B7F2B02D9122003B052
:10D17000F0BD204607F046FB08B90C20F7E7204633
:10D1800005F010FE0028F8D1204607F0A7F8074662
:10D190000028F2D1204607F081F90028E6D042F2BB
:10D1A0001073B5F80160E97820465E4307F00FFB85
:10D1B000204607F01BFB014630B93246204605F0F9
:10D1C00041FB90B3FFDFFEE702210DF106000AF0FC
:10D1D000B3FB054608B90D20C9E7394602F014FC37
:10D1E000BDF80630204629462B8007F02DFC20464E
:10D1F00007F017FB80B9216A204607F016FB0146AD
:10D200002846FFF75FFF32462946204605F01AFB05
:10D21000024618B1FFDFFEE70121F1E7054B5B6A2B
:10D220001BB105F58D712846984700209FE74220E5
:10D230009DE700BF28050020024B1B6803B118477B
:10D240000C207047080E002010B5FFF773FC044651
:10D2500030B904F093FD204602F078F8204610BD66
:10D260000C20FCE710B503780446012B01D91220ED
:10D2700010BDFFF7B1FC58B9207810F0FD000DD1BA
:10D2800004F11703E21D611CBDE8104002F088B8EC
:10D2900002F006F90028EFD00C20E9E7A37903F0AB
:10D2A000C003C02BE3D10120EAE710B50446FFF725
:10D2B00041FC80B92078012803D9FF2807D012202B
:10D2C00010BD611C04F060FD38B10020F8E70120BA
:10D2D00002F03CF8F9E70C20F2E70720F0E708B588
:10D2E000008802F0E3F800280CBF3020002008BDC1
:10D2F00038B50546FFF770FC044638B92878003881
:10D3000018BF012002F0C6F8204638BD0C20FCE70B
:10D3100008B5FFF761FC18B902F0A6F8002008BDB7
:10D3200002F0BEF80028F7D00C20F8E7102243F2F4
:10D330000D130270C2705922A0F801308280C380A0
:10D3400000207047014B93F920007047280500200A
:10D35000F7B5054610460F461E4609F043FD00216D
:10D360000CF064F9012D044612D0022D13D0E5B95A
:10D37000032138460AF04EFBC8B1214607F031FAC6
:10D380001EB1204609F01CFD3070002003B0F0BD36
:10D39000FDF70EFCF4E76946384602F001FB002871
:10D3A000F4D1019B83F87440EAE71220EEE74220B3
:10D3B000ECE7012138B5054608460AF02BFB08B911
:10D3C000FFDFFEE7A030FEF772FC044620B92846D6
:10D3D000FFF712FA204638BD0C20FCE710B50446D2
:10D3E00001F06AF928B90020214601F0A5FD0020CE
:10D3F00010BD0020FFF70CFC0028F4D10C20F7E74B
:10D4000010B504460120FFF703FC28B10120214696
:10D4100001F092FD002010BD0C20FCE737B58378A9
:10D4200005461A2B08D8042B04D9144A22FA03F310
:10D43000DB0705D412241AE0292B01D03B2BF9D1AC
:10D440002888B0F5706FF5D2694602F0A9FA88B95C
:10D45000019B93F8182102F0FF046AB9AA7883F8B7
:10D460001921FF2283F818216846FFF7C0FD2046E6
:10D4700003B030BD0224FAE70C24F8E7200038049A
:10D4800037B500880C460D46694624F8020B80B279
:10D4900002F086FA70B9019B03F1910283F8C30090
:10D4A000116821601179217193F8C3100029F5D119
:10D4B00003B030BD0023C5F802302371F8E7FFF751
:10D4C00080BC37B508800D46694602F069FA04460B
:10D4D00040B99DF800102A460198B1FA81F1490936
:10D4E000FFF790FA204603B030BD10B50446FFF7B1
:10D4F00073FB78B92146E27911F8010B00F0FD00C9
:10D50000003818BF012002F037F980F00100400018
:10D51000C0B210BD01F0C4FF0028EBD00C20F8E72A
:10D5200010B583880446022B10D8C078FFF75DFA47
:10D5300008B9112010BDA078FFF757FA0028F8D0DD
:10D5400020460121BDE81040FFF7EABC1220F1E7B8
:10D5500073B503780546032B10D004D8013B012B8B
:10D560001DD9112019E0042BFBD10321B0F80100D3
:10D570000AF050FA044688B3783407E06946B0F8F8
:10D58000010002F00DFA40B9019C70342268D5F810
:10D59000033002B123BB0020236002B070BD012123
:10D5A00000200AF037FA044608B9FFDFFEE72B78BF
:10D5B000012B01D16034E9E7012108460AF02AFA7B
:10D5C000064604F1A000FEF772FB18B194F854303F
:10D5D0005B07EFD4002E18BF3446EBE74220DCE7B0
:10D5E0000C20DAE7F8B503780446032B02D912259C
:10D5F0002846F8BD4378032BF9D8437E8578002B65
:10D6000032D1012DF3D101F087F885435BD1A678A3
:10D6100016F0010506D001232269A168E078FFF722
:10D6200019FB0546B00707D502232269A168E078F7
:10D63000FFF710FB2843C5B2710707D50423226901
:10D64000A168E078FFF706FB2843C5B2002DCFD1D3
:10D65000237E013B062BCAD8012128460AF0DAF9BD
:10D66000064638B9FFDFFEE76B1E062BBFD8AE07B4
:10D67000BDD4C8E7A030FEF71AFB18B196F85430B5
:10D680009A0722D1607EE2780038A178B4F800E0F1
:10D6900018BF0120012AA66814BFB2FA82F2022242
:10D6A00094F818C018BF5209CB07094B48BF276927
:10D6B00019725A72A3F80AE083F80CC058731974EF
:10D6C000C3E9056794E7112592E70C2590E700BFB1
:10D6D000280500202DE9FF4106460078012813D1D6
:10D6E0007378012B03D9022B0CD1B38853B1728804
:10D6F000A2B1B38893B10A214A434FF4A0614B43CE
:10D700009A420BDB122414E00028FBD101210AF01D
:10D7100081F9054600287CD1FFDFFEE701210020CA
:10D720000AF078F9054608B9FFDFFEE7B38823B1B0
:10D730001124204604B0BDE8F081FDF715FA002859
:10D7400063D195F80C31002B61D12846FFF7A4FA7C
:10D750000028D7D10121DFF8088108460AF05AF9DC
:10D7600098F81C30074613B108B9FFDFFEE7002226
:10D7700098F80840CDE90222E20744BFD8F8182003
:10D78000029214F00404D3D1002B3BD097F80C3153
:10D79000C3B37388B3BB98F808303846009302AB24
:10D7A000D8F8142098F80A10FDF75BFB50B3384600
:10D7B000FEF7ABFA07F14003064605F14002643775
:10D7C00053F8041BBB4242F8041BF9D12846FFF76B
:10D7D00063FA024608B1FFDFFEE70C2E04D10146D2
:10D7E0002846FEF716FEA4E70EB1FFDFFEE798F825
:10D7F00009302846296D43F0040385F85430FEF7BC
:10D80000EBFD96E7B2887188EAE73A2491E70C24A9
:10D810008FE7FEF7FDF9044600288AD195F85430C9
:10D8200095F89E2022B195F89F20134385F89E001D
:10D83000053B012B3FF67DAF2B6D0BB9FFDFFEE7FC
:10D84000012108460AF0E6F829464FF4B872064668
:10D850000EF08AFD0423316D304686F85430CEE751
:10D860002805002008B5FBF721FB002008BD13B5F3
:10D870000C46694602F094F830B9019B9DF80020EF
:10D88000B3F87E3012B9238002B010BD0133FAE73D
:10D890002DE9F04F447A89B00546A20718D544F027
:10D8A00001044472072C15D800F036FF34EA00005A
:10D8B00040F0F38195F848308BB9012C0AD1AB695F
:10D8C000924AA3F25373934200F2E581012609E0E4
:10D8D0006307E7D11225284609B0BDE8F08F14F0A0
:10D8E0000106ECD1A70745BF731CB1464FF0FF09F5
:10D8F000DEB260070AD5B31D854A55F82330A3F67A
:10D90000C413934200F2C7810136F6B205F108074D
:10D9100005F122044FF000085FFA88F39E422DD8EB
:10D920002B789A1E022A40F2B881012BD2D813B963
:10D93000AB78012BCED86B78032BCBD895F8493038
:10D94000013B062BC6D8DFF8CCA1012100200AF04C
:10D9500061F89AF81C300646002B41D10121084697
:10D960000AF058F8002818BF064606F1A000FEF796
:10D970009EF9074600284DD00C25ACE799452AD0E2
:10D98000D7F804A03B695345A4D8628B238C9A42F4
:10D99000A0D8B4F802B0E289A38A58462189CDE91B
:10D9A0000223FFF7D6F9002800F07581B8F1000FC7
:10D9B00011D0208858458DD1E08888428AD1A1892C
:10D9C000029A914286D1628A039B9A4282D13B6835
:10D9D0009A4540F0628108F10108043702349BE760
:10D9E000A030FEF764F90028B8D06FF00043D6E904
:10D9F00028129A4208BFB1F1FF3FAFD16B7A30468F
:10DA0000009305F11803EA686978FDF72AFA0746DA
:10DA10000028A3D03046FDF7ADF808B13A255AE703
:10DA20003046FDF7A1F801460028F7D10DF11200AC
:10DA300009F082FF0446002800F02B81364B0DF1DF
:10DA40001408BDF8129018681B79059088F8043006
:10DA50009AF8283013B1404602F064F800212046BD
:10DA600002F01BF8A4F80090DFF8B09040F2E24B0F
:10DA7000D9F808305A46236395F84A3005EB43033A
:10DA8000988C598D00230BFB00F00BFB01F184F8FF
:10DA9000763004F091FAA4F8C4B1A061C4F8C001D2
:10DAA000204608F08EFA834600F030FEB9F80220D6
:10DAB0008106B9F8043099F810C052BF1B211146F5
:10DAC000184684F838C058BF0846A4F85A100121F7
:10DAD000A4F83AB0A4F85C000333E185033299F866
:10DAE00001109BB292B204F11000019199F800105C
:10DAF000009104F114010AF04FF823690BB9FFDF1C
:10DB0000FEE7636963B9FFDFFEE700BF3CF6700222
:10DB1000CBF37002280500207AD005006C090020A4
:10DB2000FEF730FFE06102F01BFF20F07F40D9F8E4
:10DB30000C106062204695F84A3005EB43031A8EBC
:10DB4000DB8E2284638408F039FA414604F19000A8
:10DB500002F048F89AF8283013B9FF2384F81532F8
:10DB6000DAF8243023B1012204F58D71204698475C
:10DB70005E49204601F0B7FE02F0F2FE0C230121BF
:10DB8000B0FBF3F202FB1300C0B2431DDBB2082B63
:10DB90009CBF0D30C3B2204684F89C3001F07DFF5D
:10DBA000204608F01FFA1FB969783046FDF7E0F803
:10DBB00005F1030AAA78297830465346FDF789F81B
:10DBC000002864D017B93046FDF7D6F829785346B7
:10DBD000AA783046FDF710F995F8099000F09CFD01
:10DBE00009EA0001304601F00501FDF762F817B9B6
:10DBF000042386F8543034655246A978304601F043
:10DC0000FD01003918BF0121FDF711F92B78ABB1E7
:10DC100001213046FDF722F9002F40D00421304683
:10DC2000FDF781F800285ED10C250021208809F03D
:10DC300007FF00283FF44FAEFFDFFEE795F802B084
:10DC40000593C8F80430404609F01EFF0028DFD1D4
:10DC5000DDF814904C45F6D00BF0FD0009F10303FC
:10DC600099F802205146003818BF012001F096F9BA
:10DC70000028E8D009F10A0399F8092004F10A0103
:10DC8000607A01F08BF90028DDD00B25CDE7122555
:10DC9000CBE70D251FE630251DE611251BE6EB68B9
:10DCA0008DF8147006936B7ADB0704D5AB69079384
:10DCB00001238DF8143041463046FDF7FEFF95F8FC
:10DCC00048103046003918BF0121FCF7FFFF95F8D6
:10DCD00049103046FCF7EAFF3046FDF723F92146AC
:10DCE0003046FEF779FB0025F5E500BF7E090020F0
:10DCF00038B50121002009F08DFE054608B9FFDF87
:10DD0000FEE7A030FDF7D3FF1B4B1B7F3BB3D8B121
:10DD100095F85430053B012B16D82846FDF7F5FF42
:10DD2000044608B1FFDFFEE72846FCF729FF95F817
:10DD300054302246214623F00403284685F8543007
:10DD4000FEF767FB204638BD0121084609F062FE58
:10DD5000054608B9FFDFFEE7A030FDF7A8FF08B9C8
:10DD60000C24EFE72846FDF7D0FF04460028E9D150
:10DD70002846FCF705FFE5E72805002013B5044613
:10DD80006946008801F00CFE20B122884FF6FF732F
:10DD90009A4205D1204602B0BDE81040FEF7FFBF11
:10DDA00002B010BD13B504466946008801F01DFE9F
:10DDB00028BB9DF8003023BB2046FEF7F0FFF0B9EA
:10DDC000019B93F82C2202F0FF00E2B940F2E241FD
:10DDD000A2884A438A4218D9A3F81E12C3F8242203
:10DDE000E179A27942EA0122A3F82822227A617A13
:10DDF00042EA0122A3F82A22FF2283F82C2202B051
:10DE000010BD1120FBE73A20F9E71220F7E713B520
:10DE1000044601F00BFDF8B12046FF2401F092FE0C
:10DE20000023CDE90033684609F02EFE60B10022E0
:10DE30004FF44033FF24CDE90023684609F024FE67
:10DE400030B1002002B010BD009B83F81542EAE714
:10DE5000009B83F88240F0E71220F3E773B5044695
:10DE60006946008801F0C1FD054650BB9DF80030B1
:10DE700053BB019E96F85E3203F0FF0533BB96F864
:10DE8000D830DB0724D5D4F8023006F51172C6F875
:10DE90005432D4F80630C6F858326389A6F85C329A
:10DEA00004F10C031C3453F8041BA34242F8041B76
:10DEB000F9D10C2106F50C7009F0C2F9FF2386F8A0
:10DEC0005E32284602B070BD0C25FAE73A25F8E725
:10DED0001A25F6E730B589B0034600F118056A4601
:10DEE0001868083353F8041C1446AB4203C4224696
:10DEF000F6D11868022320606846ADF81C30FFF7A1
:10DF0000ADFF04461E22002168460EF000FA2046AE
:10DF100009B030BDF7B5077804460D46EF2F0FD88E
:10DF200090F901204378002A0ADB8278920707D112
:10DF300013F010001DD19E0603F0030202D51AB1A2
:10DF400012256DE0032AFBD01907F9D42179E27874
:10DF5000E67942EA0122617942EA0142A17941EA85
:10DF60000621267A41EA06418A42E9D81F2A0FD8BB
:10DF7000E6E713F0600FE3D103F00702052A05D0AE
:10DF800003F00F010D22CA40D207D9D51E07DDD5F7
:10DF9000627A013A062AD3D8A27A032AD0D813F09B
:10DFA000040302D1023A012A03D8E27A012AC7D82F
:10DFB00013B9A37C032BC3D8237DF8B1012BBFD1A8
:10DFC000237E012BBCD818B36378D90702D500F0A3
:10DFD0003DFB20B36378227D03F01803082B30D17A
:10DFE000022A1CD10321384609F014FD064670B3FD
:10DFF00004F0D8FE002835D00C2511E0022B9FD06C
:10E00000A37D013B022B9BD8E37D0F2BD8D997E74B
:10E0100000F082FB820709D4237D022B03D1112556
:10E02000284603B0F0BDA37D022BF8D000F074FBAE
:10E030004307C9D4237D032BF1D0A37D032BC3D188
:10E04000EDE7022ACED0237F002BCBD0E7E70321D8
:10E05000384609F0A5FC064640B3154B93F920104D
:10E0600006F070F9304606F0BEFB21462870E074D9
:10E07000304606F08BFAE37E0546002BD0D0002810
:10E08000CED10246716C684609F0A4FE2A46706C37
:10E09000012109F037FF716C6846042209F09AFEED
:10E0A0002A462946706C09F02DFFB9E70725B7E726
:10E0B000280500202DE9F74306464778032100781C
:10E0C00009F0A8FC0446002852D006F0AAFB042F51
:10E0D000054696F8039004D1B9F1000F4ED01220F6
:10E0E00013E0606C09F075FFF37800EB09081FFA84
:10E0F00088F86BB9204606F051FB80450ED92046C2
:10E1000006F08FFB0028EAD1072003B0BDE8F083BA
:10E11000204606F055FB0028ECD1E0E741462046BA
:10E12000FEF7D6FD0028F0D1FB1E012B22D9B9F154
:10E13000000FD4D0002DD2D1012F04D10222616C66
:10E14000684609F047FE4B4672680121606C09F091
:10E15000A9FE0028D8D0023F012F07D8606C09F033
:10E1600038FF01210246606C09F0CCFE0020CCE7AC
:10E170004220CAE785F00102D2B2E0E70028AED122
:10E18000204604F00FFE0028A9D0606C09F037FF8C
:10E190000028A4D0204606F092FCE7E72DE9F743DB
:10E1A0000746467890F803900321007809F032FC86
:10E1B0000446002845D0406C09F016FFFB7800EBC0
:10E1C00009081FFA88F84BB941462046FEF780FD42
:10E1D000054650B1284603B0BDE8F083204606F05E
:10E1E00009FB0028F0D11225F4E7042EFBD0032E02
:10E1F0000CD1204606F015FB08BB012E14BF0522EA
:10E200000622616C684609F0E5FD08E0B9F1000FEF
:10E21000E9D0204604F0C6FDA8B9012EE9D04B464E
:10E220007A680021606C09F03DFE70B1023E012E5B
:10E23000D0D842460021606C09F064FECAE704228F
:10E24000DFE74225C6E70C25C4E70725C2E738B556
:10E2500003210546007809F0DDFB0446A0B104F077
:10E26000A1FD28B92046691C06F087F9002038BDB9
:10E27000204606F0BFFA08B10C20F8E7204606F069
:10E28000B5FA0028EED0F7E74220F0E737B50C46A4
:10E290000546FEF72DFE002301A9ADF805508DF8C7
:10E2A00004308DF80740FEF751FF03B030BD08B5CC
:10E2B000FEF71EFEBDE80840FEF72ABD10B50C466D
:10E2C000022109F0A7FB20B12146BDE8104007F06C
:10E2D000ABBC022010BD37B5038804460B8098B252
:10E2E000638813B9122003B030BD694601F058FBB2
:10E2F0000028F8D1658842F21072019BA9B29C698E
:10E300005143DA8D62431C8C04FB02229142E9D313
:10E310009A699C699442FBD10022A3F8B450C3F8D7
:10E32000AC20621E0A44B2FBF4F2C3F8B020DAE774
:10E3300013B504466946008801F032FBA0B9019B81
:10E34000A27893F86C10914210D07F2183F8860058
:10E3500083F8831083F88510E17883F86D102179B4
:10E3600083F86C2083F86E1002B010BD0C20FBE720
:10E3700037B50D466946144601F012FB60B9019BA2
:10E3800093F86C20012A09BF93F983200C202A708E
:10E3900093F8843008BF237003B030BD10B50C462D
:10E3A000022109F037FB90B1022C12D804F00102CF
:10E3B000C4F3400480F8BD2180F8BC4112B190F84C
:10E3C000BA310BB9002010BD04F071FBFAE702204E
:10E3D000F9E71220F7E700000278034672B14278AD
:10E3E00062B142881A2A09D982881A2A06D9006895
:10E3F000034A106000209B8893807047122070476A
:10E400006C09002002680020014B9A60704700BF31
:10E410006C09002002680020014BDA60704700BFE1
:10E420006C09002010B504460078003818BF0120A0
:10E4300007F0BEFD2078003818BF012004F000FB73
:10E44000002010BD10B503210446007809F0E2FA5F
:10E4500040B16178C1F3400201F0010106F033FBE5
:10E46000002010BD4220FCE708B5052000F042F96D
:10E4700008F076FC014B024A5A6208BD28050020CC
:10E4800079CA060008B5052000F034F907F024FC2D
:10E49000014B024A5A6208BD2805002079CA0600CD
:10E4A000062000F027B9082000F024B908F05ABC73
:10E4B00007F01EBC10B5044604B910BD2368984788
:10E4C0006468F9E703680BB9016070471A465B6836
:10E4D00013B18A42FAD170478A4218BF516070471F
:10E4E00008B505F06DFF04F09FFABDE8084005F09F
:10E4F00015BF08B5022009F0FCFA002009F0F9FA6E
:10E5000009F09AFB00F0CEFCFAF7A2FB08B1FFDF9E
:10E51000FEE708BDFFF7EDBF08B507F047FDFEF7C2
:10E5200011FFFCF757FBBDE8084003F069BC08B5D4
:10E5300003F060FC07F032FDFEF704FFBDE8084081
:10E54000FCF75EBB08B5FE20FDF75CFBBDE80840AC
:10E55000FFF7E2BF08B5FFF7F5FF08F0AAFB08B127
:10E56000FFDFFEE708BD08B504F02AFA05F0C6FE95
:10E5700008B1FFDFFEE70320BDE8084009F0B9BAA3
:10E5800008B5FFF7F0FF06F023FF08B1FFDFFEE755
:10E5900008BDFFF7AEBF08B500F08CFCFAF764FBCE
:10E5A000022009F0A6FA0020BDE8084009F0A1BA4F
:10E5B00008B50122054B1A7005F00AFF06F00AFFA4
:10E5C000FFF7E9FFBDE8084001F054BF5405002003
:10E5D00008B5FCF747FBFFF7AAFFFFF7DCFF08F0E1
:10E5E0006AFBBDE8084001F03DBF000010B5074CD4
:10E5F0000C2000F07FF80649201DFFF763FF04F1AF
:10E6000008000449BDE81040FFF75CBF5405002036
:10E61000C4000020CC00002010B5084C0849201D83
:10E62000FFF750FF04F108000649FFF74BFF04F124
:10E630000C000549BDE81040FFF744BF5405002019
:10E64000D4000020DC000020E4000020014B1878FA
:10E65000704700BF5405002010B507200A4C00F099
:10E6600049F80C2000F046F8201D0849FFF72AFF62
:10E6700004F108000649FFF725FF04F10C000549E5
:10E68000BDE81040FFF71EBF54050020F400002035
:10E69000FC000020EC00002010B5064C01F0A6FEA6
:10E6A0006068FFF707FFFEF7FFFC02F071F9012336
:10E6B000237410BD54050020014B187C704700BF27
:10E6C0005405002010B5064CA068FFF7F3FEE06883
:10E6D000FFF7F0FEFEF7ACFC0023237410BD00BF73
:10E6E0005405002000487047650500200048704729
:10E6F00067060020C208044900F007000123834098
:10E70000885C03438B54704790000020014BD3E991
:10E710000001704790000020034B1868C0F30020F0
:10E72000400040F0010070479000002010B5C37811
:10E73000044691B163B90388012B01D95B0823809A
:10E7400002F0F6F82388B0FBF3F202FB1300A0708E
:10E75000E37883F00103E37010BD002BF8D1038848
:10E76000FE2BEDD85B009BB2FF2B88BFFF23E6E7B3
:10E77000837813B1013BDBB28370B3FA83F04009B5
:10E7800070470123038040F201134380704700006B
:10E7900008B50BF0D7FB0023074A32F8231081425B
:10E7A00005D302EB83029378044A137008BD01334A
:10E7B0000C2BF2D10023F7E7E4CC05006907002019
:10E7C000024B1878072828BF0720704769070020E8
:10E7D0000BF0B8BB0B46152203F8032BD0F8092029
:10E7E000C1F80320427B1A71704737B504460D46C5
:10E7F000FEF70AFC00B3A4F5AF7002210388684657
:10E80000ADF8003034F8FA3CADF8023034F8F83C9A
:10E81000ADF80430FEF784FB08B1FFDFFEE7ADF88A
:10E8200000009DF80030002063F307009DF80130E0
:10E8300063F30F2003B030BD1B232B70D4F80930D5
:10E84000C5F803300423ADF80030EAE710B544689A
:10E85000238884F87411A4F8753194F86830012B7A
:10E8600003D0022B01D0FFDFFEE784F8773194F864
:10E870006930012B03D0022B01D0FFDFFEE784F8C3
:10E88000783104F26B10034901F0EEFE002384F8A6
:10E89000243110BDD5E7060038B5436804460D465F
:10E8A00093F82421012A0FD11E21FFF7CFFF6368BF
:10E8B00075B1182283F80921092283F8882093F87A
:10E8C000C230CBB9FFDFFEE7002283F82421EEE758
:10E8D00093F88920A2F12401062901D9322A05D111
:10E8E0000022204683F8892002F0E8F8204618210B
:10E8F000BDE8384002F02CB9002038BD436893F8D9
:10E9000088200AB1FFDFFEE7242283F888207047C1
:10E91000034610F0010002BFC3F340035B00D8B20E
:10E920007047CBB284B0C2B2C1F30721012BC0F350
:10E93000072015D101291BD0012A15D1012817D094
:10E9400011400340880754BF01F0010002209A07DC
:10E9500054BF03F00103022340EA032004B07047D0
:10E96000022BE9D10229E6E7022AE9D10228E6E7EB
:10E970001040034019400B46E4E72DE9F84F0746E5
:10E9800010461E4642EA0104FFF7C2FF83460846CE
:10E9900092464BEA0404FFF7BBFF88460A9D0443F6
:10E9A0008146E4B2003C18BF0124FFF7B5FE10EA2F
:10E9B0000A0A18BFDA46FFF7AFFE97F8683010EA88
:10E9C000080118BF4946534508BF4FF0000A85F8B3
:10E9D00000A097F869308B4208BF002169705AEA9D
:10E9E00001010BD1B7F87E30013EF61A47F6FD73F0
:10E9F000B6B29E428CBF002404F001042046BDE85C
:10EA0000F88F012803D0831E5842584140007047B8
:10EA10007FB50B4644681146184694F86860FFF7C6
:10EA200080FF94F86950C3B2C0F30720B34208BF17
:10EA30000023854208BF002084F81A3284F81B02A4
:10EA400004B070BD40680749038800F5AF70A0F8B6
:10EA5000093010F8FE3CC37210F8FD3C037301F05E
:10EA6000E5BD00BFEBE706002DE9F0414D68044627
:10EA7000884695F81B02FFF7C4FF064695F81A0270
:10EA8000FFF7BFFF95F80F3107467BB946EA000351
:10EA900013F0FF0308D0284602F07CF8D8F80430C1
:10EAA000B3F87E3003449BB2A5F81832B5F818329B
:10EAB0000520A670E3701B0A67702371BDE8F08122
:10EAC0002DE9F743446805468846914694F88970D5
:10EAD000002F6AD194F88830283B022B5FD9394641
:10EAE00001A800F003FAE0B1019B0DF10301DB780E
:10EAF0008DF80330162294F8880002F009F80646D3
:10EB000088B102461621284601F0E9FF3523284640
:10EB100084F8893001F0C1FF3E46304603B0BDE8BD
:10EB2000F0833946E6E798F8013013F007022ED05B
:10EB300098F8023013F0070329D084F8602084F895
:10EB4000613094F82531DBB994F82431012B17D0CA
:10EB500094F8602094F869309A4222D194F86120A8
:10EB600094F868309A421CD16B68022283F8242101
:10EB7000B4F86630B4F86420A4F82831A4F826214B
:10EB80002623284684F8893001F087FFC5E74A46E6
:10EB90004146284603B0BDE8F04301F0EABF202714
:10EBA000BAE72846FFF74EFFEAE70126B5E770B55A
:10EBB0004468064694F88950A5F12403062B45D9EC
:10EBC000322D43D0002D3FD194F88830292B3DD0F1
:10EBD0004B7813F007032DD08A7812F0070229D062
:10EBE00084F8612084F8603094F82531D3B994F822
:10EBF0002431012B16D094F8602094F869309A42A1
:10EC00001ED194F8612094F868309A4218D10223FA
:10EC1000B4F8642084F82431B4F86630A4F82621CE
:10EC2000A4F828312623304684F8893001F035FFD6
:10EC3000284670BD30460978BDE8704001F088BFB5
:10EC40003046FFF7FFFEEDE70125F1E72025EFE76E
:10EC500013B5446894F88830242B22D14B7813F0F4
:10EC600007021AD08B7813F0070316D000218DF815
:10EC700004208DF80530ADF80610019AD4F826115D
:10EC8000FFF7C6FE0123002084F8C2302823A4F831
:10EC9000BE0084F8883002B010BD0023A4F81A32F8
:10ECA000F0E70120F7E72DE9F04F456887B004460B
:10ECB00095F888B0ABF12503D3F1000848EB0308C1
:10ECC000052A3ED195F88930272B40D189358A789D
:10ECD0004F7802F0070A039207F007090AF1FF30A4
:10ECE00009F1FF3300EA0A0003EA0903034340F095
:10ECF0009780B1F80360FFF70FFD039A174307F001
:10ED00000707874340F08C805046FFF701FE676895
:10ED100010B397F8683098421ED097F826211AEA67
:10ED2000020F7DD0BBF1250F16D097F861201AEAAB
:10ED3000020F11D102286FD1013B012B0CD9FFDF4B
:10ED4000FEE7414607B0BDE8F04FFFF7A5BDBBF1B8
:10ED5000250F5FD18835BAE74846FFF7D9FD40B1A6
:10ED600097F86930834204D097F8273119EA030FE6
:10ED700056D005AB38465246494600933346FFF716
:10ED8000FCFD63680746F8B993F82421012A18D1DD
:10ED900001462046FFF75AFD2F70636803F1890290
:10EDA000954202D1002283F88920636803F1890229
:10EDB00095422BD1204601F081FE002007B0BDE82E
:10EDC000F08F83F82401E8E7B3F87E20A3F86C62A3
:10EDD000013EB61A47F6FD72B6B2964206D928220F
:10EDE000204683F8AB2002F03BF9DEE793F8892058
:10EDF0000D2A02D00A3A012A01D82A22F0E7BDF8EA
:10EE00001420A3F86E2229232B70CEE7002283F86A
:10EE1000C220D2E70220D1E7012B9DD0022B8ED158
:10EE2000414620468EE7436810B593F88920044692
:10EE3000B3F81A12262A15D181B983F8891093F8EC
:10EE40002431012B01D1FFF701FD6368002283F813
:10EE500024212046BDE8104001F030BE292283F86D
:10EE60008920F6E793F88820282A0DD141B983F844
:10EE70008810FFF7EBFC6368002283F8C22010BD06
:10EE8000292283F88820F6E7FFDFFEE7436893F83E
:10EE90008920262A02D00AB1FFDFFEE7272283F865
:10EEA00089207047024B002283F822209A84704701
:10EEB0006A070020FFF7F6BF044B93F82220012ACF
:10EEC0001ABF036001200020704700BF6A070020BE
:10EED000054B024693F8221001291BBF01209A849A
:10EEE000002083F8220070476A070020054B024685
:10EEF00093F8220020B1136009B19B8C0B80012094
:10EF0000704700BF6A070020044B002293F82200DC
:10EF10009A8410B1012083F8222070476A070020EC
:10EF2000034B93F82200B0FA80F04009704700BF0D
:10EF30006A0700207047000050B90A4A01201346B2
:10EF400003F8010B0868C2F801008A889A807047AC
:10EF5000012805D1034B0A68D8719A608A889A8182
:10EF6000704700BF9007002050B90B4B187888B14C
:10EF7000D3F80120B3F805300A6001208B80704778
:10EF8000012806D1044BD87920B19A689B890A6080
:10EF9000F3E70020704700BF9007002030B54240E3
:10EFA0001C7808785D7860404C786C409D782044EF
:10EFB0008C786C40DD782044CC786C401D795B798E
:10EFC00020440C7949796C404B402044184410444B
:10EFD000B0FA80F0400930BD10B9044B1878704782
:10EFE000012806BF014BD879002070479007002008
:10EFF000F7B58A8800238DF80600ADF8042008686C
:10F000000B4A8DF807300146147802F5A872019D6D
:10F01000D8B2844201D8082007E052F8087F0133B3
:10F020005668AE4208BF8F42F2D103B0F0BD00BFB8
:10F03000A0070020084B0146002230B55C7803F29F
:10F040000113D0B2844201D8082004E013F8015F14
:10F0500001328D42F5D130BDA007002002460020CC
:10F060000139C9B2FF2900D17047535C83F0010315
:10F070000344D8B2F4E70000F8B52D4C63782218A9
:10F08000013B92F80251DBB28342637030D01A0127
:10F090000101961C8F1C2644274406F1100C56F8DB
:10F0A00004EB664547F804EBF9D182328231224401
:10F0B000214402F1100652F8047BB24241F8047B6D
:10F0C000F9D1E118221891F8026182F8026106264E
:10F0D0007343704303F5857300F58570E618E358B4
:10F0E00027182350B388BB8091F83A3182F83A311F
:10F0F0002846FFF79FFF082818D12378013BDBB291
:10F100009D42237012D02B3305F12B0204EBC30375
:10F1100004EBC20293E8030082E803002078FFF7C3
:10F1200089FF08281CBF241884F80251F8BD00BFCD
:10F13000A0070020F0B5254D89B095F8984105F25B
:10F140009911684622460DF00FF921466846FFF7EF
:10F1500085FF0446B8B300EB400102A8C9B208F02D
:10F160006FF8631E95F8A1610124DBB295F8981140
:10F1700005E0721CB2FBF1F001FB1022D6B206F1E1
:10F1800020020DEB020010F8202C002AF1D103EB35
:10F19000430100F8204C06EB460220312A44694422
:10F1A00011F8187C82F8A27111F8177C11F8161C5E
:10F1B00082F8A37182F8A411013BAA19DBB282F88C
:10F1C0009941FF2BD2D109B0F0BD00BFA0070020AC
:10F1D00010B5094C617804F5A170FFF73FFF0228D4
:10F1E00038BF022084F89801002084F8A101BDE80E
:10F1F0001040FFF79FBF00BFA007002070B50C4D67
:10F2000004462E1896F899310BB1FFDFFEE704EBA8
:10F21000440401F08DFB2B19020A83F8A201000CB3
:10F2200083F8A32183F8A401012386F8993170BDE6
:10F23000A0070020164A30B492F8A131D41894F8EF
:10F24000991109B9FFDFFEE703EB430101331144D4
:10F2500091F8A251057091F8A35191F8A41145704D
:10F260008170002184F8991192F89811B3FBF1F0A4
:10F2700001FB103382F8A13192F8C2312BB9054954
:10F2800002F5DD7030BC01F0D4B930BC704700BF6E
:10F29000A007002035F1060070B5064688B00C4680
:10F2A000C81C2AB3FFF7C6FF65790D220021684606
:10F2B00005F03F0545F0400565710DF007F8E3786E
:10F2C00004AA69468DF80F30304623798DF80D5029
:10F2D0008DF80E3004230CF092FE9DF81F30237041
:10F2E0009DF81E3063709DF81D30A37008B070BD8E
:10F2F000032107F0A5FFD7E7044B5A78824286BF67
:10F300001B1893F84A010020704700BFA007002097
:10F31000044B5A78824286BF1B1893F842010020A2
:10F32000704700BFA0070020074B00224FF4617117
:10F330001A8083F8C32183F8C421A3F8C61183F887
:10F34000C221FFF745BF00BFA0070020014B83F893
:10F35000C4017047A0070020014B93F8C401704717
:10F36000A007002010B51446FFF742FE082813D06E
:10F37000FFF760FE094B5A7882420DD904B1207024
:10F38000184490F83A3190F84A01012B08BF40F038
:10F39000010000F0010010BD0120FAE7A0070020E5
:10F3A0002DE9F0478246894616461F46FFF720FEA4
:10F3B00008288046054603D0FFF73CFE08284CD1BC
:10F3C000284C6378072B4AD8B8F1080F13D1257859
:10F3D0006B1C072D237001D9FFDFFEE705F12B021F
:10F3E000D9F8000004EBC20344F83200B9F8042055
:10F3F00083F806A09A8094F8018006F1100208F1C3
:10F4000001034FEA081163704B1C234412F8010DED
:10F41000B24203F8010FF9D1813107F11003214401
:10F4200013F8012D9F4201F8012FF9D14444102116
:10F43000384600F011FA102184F84201304600F0FD
:10F440000BFA84F80251002584F84A0184F83A51F5
:10F45000FFF7BEFE2846BDE8F0871220FBE7072035
:10F46000F9E700BFA0070020064B10B55878013817
:10F4700040B2002800DA10BDC4B22046FFF7FCFD00
:10F48000601EF5E7A0070020014B5878704700BFC9
:10F49000A0070020014B83F8C3017047A00700209C
:10F4A000014B93F8C3017047A0070020431E4AF2A6
:10F4B000B7129BB293429DBF024BA3F8C601012035
:10F4C00000207047A0070020014BB3F8C601704729
:10F4D000A007002008B5FFF78BFD082803D0BDE882
:10F4E0000840FFF7A7BD08BD0A4B30B55C788442E1
:10F4F0000ED9184490F802012B3003EBC004A57913
:10F500000D7053F8300010600120A388938030BD47
:10F510000020FCE7A007002070B506460D46F7F76F
:10F520005FF8F6F771FB0A4890F8C34164B141787F
:10F5300061B100F1820302303246002D08BF184647
:10F54000F6F70AFBF6F790FB204670BD0C46FBE78A
:10F55000A007002008B5F6F7B5FB18B1BDE80840D4
:10F56000F6F7C4BB082008BDF6F7ACBB08B5064BE0
:10F57000024603EB0113012103F18200F6F7ECFAD6
:10F58000BDE80840F6F770BBA00700200246074818
:10F5900010B590F8C34124B1417821B10230F6F79B
:10F5A000DBFA204610BD0C46FBE700BFA007002099
:10F5B0002DE9F84F274C9A46804689466378934652
:10F5C000834244D9231893F8425185F00105F9B1DB
:10F5D00093F84A31E3B945F002070135BAF1000F5B
:10F5E00018D1FA070AD5062104EB0810524601FB90
:10F5F0000841823001F58571FFF74EFEBB0723D528
:10F6000004EB0810524649460230FFF745FE1BE066
:10F610002F46E3E794F8A161002DE2D0A31993F8F7
:10F6200099312BB9BBF1000F0CD03046FFF7E6FD46
:10F63000013694F89831013DB6FBF3F203FB1266F4
:10F64000F6B2E9E747F004073846BDE8F88F00272F
:10F65000FAE700BFA0070020F8B50646174C48B3EC
:10F66000617804F5A170FFF7F9FC94F8985107460A
:10F6700004F299102946FFF7F1FC2D1AEDB2AF42C2
:10F680001AD800256278EBB29A4201D80120F8BD61
:10F69000E21892F842215AB90621324601FB034191
:10F6A00004EB031301F5857103F18200FFF7F4FD0C
:10F6B0000135E7E70546E5E70020E8E7A007002079
:10F6C000F0B51B4E89B007460D46737883422CD99E
:10F6D000331893F8424144BB0D22214668460CF092
:10F6E000F5FDEB7806EB071004AA8DF80F3069469C
:10F6F0002B7982308DF80E306B798DF80D30042324
:10F700000CF07DFC2A789DF81F309A420AD16A7865
:10F710009DF81E309A4205D1AC789DF81D30E31A51
:10F720005C425C41204609B0F0BD0020FBE700BF11
:10F73000A0070020074B5A78824209D91A1892F87C
:10F7400042212AB9062202FB003000F5857070477D
:10F7500000207047A0070020064B5A78824281BFE4
:10F760001B1893F83A01B0FA80F0400998BF0020C6
:10F77000704700BFA0070020F8B50E4607460621D7
:10F780001546304600F068F8044670B10C4B002274
:10F79000587803F23913D1B2884202D801242046A6
:10F7A000F8BD013203F8015FF5E731463846FFF74F
:10F7B00091FE0828F3D0024B034483F83A51EDE759
:10F7C000A007002070B5054652B3174C94F8A1016C
:10F7D00094F89831461CB6FBF3F203FB126623182B
:10F7E00093F8993131B91BB1344494F899315BB92C
:10F7F000184670BD0BB9FFF701FD344494F89931F8
:10F8000013B9F0B2FFF7FAFC2846FFF713FDE81C26
:10F81000FFF710FD6B7903F03F036B710123E7E7FE
:10F82000062107F00DFDF5E7A007002070B503796C
:10F830001F2B0FD8461E051D002416F8010F01F0DE
:10F84000DDF80444AE42E4B2F7D1012C94BF0020AD
:10F85000012070BD0020FCE701440023884203D151
:10F86000B3FA83F04009704710F8012B1343F5E712
:10F87000F8B505460C46D0E904760BF00BFD08B947
:10F88000FFDFFEE7E4B1D5E90423D21B63EB0603F7
:10F89000012A73F100014FF0000113DB6FF001004A
:10F8A0009042994101DAFFDFFEE7631E1344B3FB88
:10F8B000F4F35C43E41946F10006C5E904461C462E
:10F8C0002046F8BD0C46FBE7022905D13C2808D9A3
:10F8D00080100F3880B27047702802D9C0100E38DF
:10F8E000F8E70020704738B50D460446FEF714FFD0
:10F8F0002B78002B08BF034684F864306B78002B0C
:10F9000008BF034684F865306B88A4F8663038BDBC
:10F910000129034603D0022909D0FFDFFEE740F2A8
:10F92000E24240F6C410002B08BF1046704740F674
:10F93000C410704780F87410704700000B2801D97C
:10F94000FFDFFEE7014B33F81000704714CD0500D0
:10F9500030B5002442F21075A0F84040B0F84440A1
:10F960004C43B4FBF2F4A0F84440541E05FB03439F
:10F97000B3FBF2F3A0F84230084BB3FBF2F30133D0
:10F98000A0F84830838F05FB0344436B5943B4FB15
:10F99000F2F4B1FBF2F18463416330BD005A6202BC
:10F9A00038B50C460021054608F034F8606018B1FF
:10F9B00000230020237038BD0221284608F02AF8D1
:10F9C000606008B10123F4E70220F4E7436893F88C
:10F9D0008700C0B293F8AA302BB900F0FB000038C2
:10F9E00018BF012070470020704710B50C46FFF784
:10F9F000D7FF38B92046FFF7E9FF80F0010040004B
:10FA0000C0B210BD0220FCE770B504460D4641BBF4
:10FA10004FF426720CF05AFC012384F8DE5084F86F
:10FA200090306FF0360384F8D930042384F8DA304C
:10FA30006FF03B0384F8DB306F2384F8DC306FF029
:10FA40003C0384F8DD306FF07F0384F8DF302B2334
:10FA500084F8D830FE2384F80E317F2384F8833075
:10FA600070BD012911D10023A0F8C43180F8BB3149
:10FA700040F6B8338269A0F8B4301146438C04F1E3
:10FA80007800BDE87040FFF763BF0229E8D1B0F805
:10FA90007A32D0F874228169F1E770B504460D46D8
:10FAA00041BB4FF418720CF011FC012384F8DE50B6
:10FAB00084F890306FF0360384F8D930042384F84A
:10FAC000DA306FF03B0384F8DB306F2384F8DC30EE
:10FAD0006FF03C0384F8DD306FF07F0384F8DF3093
:10FAE0002B2384F8D830FE2384F80E317F2384F84A
:10FAF000833070BD01290CD140F6B8338269A0F87B
:10FB0000B4301146438C04F17800BDE87040FFF733
:10FB10001FBF0229EDD1B0F82A32D0F82422816922
:10FB2000F1E70000054B1B7833B9054B1A681B79C8
:10FB300002600371012070470020704768090020AF
:10FB400098000020054BFF221A70054A01681160D9
:10FB50000179117100221A70704700BF68090020F6
:10FB60009800002007B5064A106812790090684690
:10FB70008DF80420FFF7E6FF03B05DF804FB00BF3B
:10FB80007AD00500C2B292FAA2F2030A93FAA3F362
:10FB90001B0E100E40EA0320704701310530002291
:10FBA000C9B270B510F8013F8B4214D310F8054C60
:10FBB0000023012505FA03F626421CBF01F1FF319F
:10FBC000C9B259B10133082BF4D10132D2B2052A9E
:10FBD000E8D1FFDFFEE7C91AC9B2F6E703EBC200BE
:10FBE000C0B270BD0B6870B5C0F8013004460B7927
:10FBF0000546461D03F01F0343710023C37215F829
:10FC0000010F00F0FBFE6871B542E37A1844E07220
:10FC1000F5D170BD81EA114170B58CB20546C17A4B
:10FC2000032682EA0400FFF7ADFF013E00EB00105F
:10FC300016F0FF0604EB000290B2F4D144402522F6
:10FC4000B4FBF2F302FB1343C3F3C402D8B203F0D4
:10FC500007032A445678012202FA03F31E4207D111
:10FC600061432846C1F30741BDE87040FFF795BFE7
:10FC700070BDF8B590F8235004466B1E242B01D9B3
:10FC8000FFDFFEE7DAB1007E002843D194F825308B
:10FC900094F8241002FB01322523B2FBF3F103FB9D
:10FCA0001123DBB204EBD30203F0070684F82530FE
:10FCB000517E0122B240114202D084F82630F8BDB4
:10FCC000B3FBF5F205FB123304F11D01013303F020
:10FCD000FF0311F8012F9A4219D311F8055C002295
:10FCE000012606FA02F72F4208D0013B13F0FF036A
:10FCF00004D102EBC00284F82620E0E70132082A92
:10FD0000EFD10130C0B20528E3D1FFDFFEE79B1A37
:10FD1000DBB2F6E7E28804F11800C969FFF77AFF61
:10FD200084F82600CBE7034612EA010003D013F063
:10FD30003F0018BF0120704740787047D0F803306B
:10FD40000B60B0F807308B8070470378890123F08F
:10FD5000400301F040010B43037070470078C0F38B
:10FD600080107047037803F07F0343EAC1130370E8
:10FD700070470078C00970471F2A38B505461446F9
:10FD800001D9FFDFFEE7063409300CF0EDFA6C70A4
:10FD900038BDFFF7F1BF0378024603F00F03032BD2
:10FDA0003ED0052B42D1C37F90F82000034392F848
:10FDB0002100034392F82200034392F8230000F04D
:10FDC0001F00184333D05378222B2FD1B2F81930AB
:10FDD000B1B1B3F5506F13D940F607518B4225D816
:10FDE000B2F81B30B3F5FA7F20D2B2F81D0040F60E
:10FDF00076430A3880B298428CBF002001207047B9
:10FE0000991F40F67A4089B281420FD8917D481EF1
:10FE100007280BD8994209D2B2F817109942DEE7A9
:10FE20004078A0F10C0358425841704700207047B9
:10FE3000F8B5C7780D4617F03F0600F08780072910
:10FE400000F28480DFE801F0040E172029323B44E1
:10FE5000017901223846FFF766FF00280CBF002019
:10FE60000520F8BD017902223846FFF75CFF002823
:10FE7000F7D005245AE0017904223846FFF753FFF2
:10FE80000028EED0052448E0017908223846FFF723
:10FE90004AFF0028E5D0052439E0017910223846D0
:10FEA000FFF741FF0028DCD0052429E0017920225A
:10FEB0003846FFF738FF0028D3D02C4618E00179E8
:10FEC00040223846FFF72FFF0028CAD0052406E05D
:10FED000017940223846FFF726FF441DE4B2202274
:10FEE0003846FFF720FF00EBC00004EB4004E4B20B
:10FEF00010223846FFF717FF00EB40000444E4B23D
:10FF000008223846FFF70FFF04EB4004E4B2042256
:10FF10003846FFF708FF0444E4B202223846FFF7F0
:10FF200002FF00EB400004EB4004E4B2012238463B
:10FF3000FFF7F9FE072D00EB400004EB4000C0B2D4
:10FF40008FD1031FB342C8BF00208AE7002088E793
:10FF500070B50C46064611461D460CB9FFDFFEE79C
:10FF6000FFF766FF08B9FFDFFEE7031F2B443F2BB7
:10FF700001DDFFDFFEE72A4621463044BDE8704040
:10FF80000CF0F2B910B50446FFF752FF00B120445F
:10FF900010BDC07800F03F007047C37803F03F0306
:10FFA00043EA8113C370704730B5C1F38003C1F3D6
:10FFB0008014C1F340052344C1F3001404EB44044E
:10FFC0002344C1F3401404EBC40403EB4403C1F322
:10FFD00000042C44C1F3C005134404EB44042C4436
:10FFE00003EB440313F0FF031CBF01330171C1781D
:10FFF00018BFDBB221F03F0103F03F042143C17081
:0200000270008C
:10000000591C41701AB104339B1A013AC25430BDD5
:1000100070B5C4780646154604F03F041319FE2B4C
:1000200001DDFFDFFEE70135201D2C4430440CF0DC
:100030009BF9747070BD4378C278013B02F03F02B7
:10004000981AC0B27047F8B50D46194617460646CD
:10005000FFF7F1FF441AE4B2BC4228BF3C464DB161
:10006000F278284602F03F0204321144224631441D
:100070000CF07AF92046F8BD2DE9F047C678012248
:1000800001793046FFF74FFE022205463046FFF762
:100090004AFE202282463046FFF745FE08220746E8
:1000A0003046FFF740FE102281463046FFF73BFE08
:1000B000042204463046FFF736FE40228046304692
:1000C000FFF731FE05EB0A0307EBC707804404EB9B
:1000D0004404B94403EB430304EB08004B4400EB36
:1000E000430010F0FF001CBF0130C0B2BDE8F08734
:1000F00038B5C5780446AB09032B1ED005F03F0583
:100100004378AB4219D9FFF7B7FFA84215D895B18C
:100110002379DB060FD504212046FFF733FF48B1D2
:10012000037803F03F03242B07D880785F288CBF27
:100130000020012038BD0120FCE70020FAE702780A
:10014000437802F00F02072A12D8DFE802F0080411
:1001500008111111080E0C3B584258417047063BDC
:100160001F2B8CBF0020012070470BB1FFF7C0BFD1
:1001700000207047027802F00F02072A0AD0082AEE
:100180000AD0042A0ED1407806381F288CBF0020E0
:1001900001207047FFF7ACBF4078A0F10E03584232
:1001A00058417047002070470346084671B13F2B05
:1001B0000BD8074AD35C03F07F02914205D08CBF75
:1001C0000120002000EAD31070470120704700BFD3
:1001D0002CCD05008388A1B1B3F5506F11D940F63D
:1001E000075293421CD8C388B3F5FA7F18D200890E
:1001F00040F676430A3880B298428CBF0020012036
:1002000070479A1F40F67A4192B28A4208D84278E3
:10021000511E072904D89A4202D242889A42E1E745
:100220000020704737B50C466946FFF7B9FB10B19F
:10023000002003B030BD019B21461D69284607F010
:100240004EF801460028F3D0284607F084F9033021
:10025000EFE700002DE9F7430C4669469146FFF7AA
:100260009FFB054620B9019F2CB9012387F88F30E9
:1002700003B0BDE8F083D7F810802146404607F070
:100280002EF8064610B3124B5B88A3421ED30146DC
:10029000404607F060F90223A0F801500370304691
:1002A00007F061F9214680F80990404607F04FF8C1
:1002B00008B9FFDFFEE79DF800302BB16846FCF778
:1002C00096FE019BA3F8B2510023CFE7FFDFFEE7C4
:1002D0006C09002073B50E466946FFF761FBB8B99B
:1002E000019B5C69204607F08FF80546F11E204609
:1002F00007F035F985420DD1204607F090F82046E9
:1003000007F082F820B107F02EF90379002BF3D122
:1003100002B070BD07F027F901230371F8E7000070
:10032000FF230B7002234B7083238B70014B1B78D0
:10033000CB707047840900202DE9F843D0F8048081
:1003400007460D46D8F81490484607F0F6F80646DA
:1003500008B9FFDFFEE70146484607F0FCF836889B
:10036000B2B20AB9FFDFFEE70C4BC41CB8F80000BC
:100370001B684BB9B8F800304846EE80AB8007F0F8
:10038000F4F838B9FFDFFEE7214698470028F1D19D
:10039000BDE8F88300232C603B71F9E70C0E0020C8
:1003A00038B5104C10220021201D0BF08FFF0125C5
:1003B000257404F108031022002104F11400C4E99B
:1003C00001330BF083FF84F8205004F11803064A30
:1003D000C4E9053300236362A36284F82C30136000
:1003E000236338BD840900200C0E002010B5064C94
:1003F0002378FF2B01D0FFDFFEE70BF061FE2070BA
:10040000BDE81040FFF7CCBF9D00002010B5034CA5
:1004100020780BF06DFEFF23237010BD9D0000209F
:10042000FFF7BEBF014B18780BF06EBE9D00002099
:1004300010B409B9FFDFFEE74A600B72EFF31084D6
:1004400072B6031D0B6042681AB1127A012A08BF06
:10045000036003681960016004B962B610BCFFF75D
:10046000E1BF0000014B024A1A607047100E0020E5
:1004700039030700014B024A1A607047100E002032
:1004800039030700F7B50546504FBB68BC69227AAF
:10049000012A1DD13A6B3AB1137A0BB9FFDFFEE79F
:1004A0003C6BBCB900207DE01A7A012AFAD01C46C8
:1004B000474AEFF3108172B650680068506001B986
:1004C00062B6A34208BF3C63237A1BB9FFDFFEE795
:1004D000404AEEE7267AF6B205232372731E0B2BF1
:1004E00066D8DFE803F063061F316165396565652D
:1004F000655663680BB9FFDFFEE72046294698473B
:100500000420EFF3108272B6237A052BD9B253D1AF
:1005100000232372396BA14200D13B63002A34D1FE
:1005200062B632E063680BB9FFDFFEE7294620467A
:1005300098470346ADF80400C0B2C3F30723012B6C
:100540002ED0022BDDD11BE063680BB9FFDFFEE785
:10055000204698470020D4E763680BB9FFDFFEE729
:100560000D222A7001221988AA706A710022A5F84A
:100570000310AA71627A1869EA7106F050FF04202C
:100580003B6BA34201D100233B6300283FF47DAFC6
:1005900008E0114B294620461B689847034648B996
:1005A000267270B103B0F0BDFFDFFEE7FFDFFEE7AC
:1005B000FFDFFEE70220E3E709B9FFDFFEE70020E7
:1005C000ACE7002B7FF461AF6CE700BF840900202B
:1005D0008809002098090020100E0020014B1860A7
:1005E000704700BF0C0E00201346027A0AB1FFDFED
:1005F000FEE70A4601460148FFF71ABF88090020B6
:100600000222FFF7F1BF00000346064890F83420AD
:100610003AB190F82C2022B9034900F8243BFFF7A7
:10062000EFBF704784090020210307000322FFF772
:10063000DBBF0422FFF7D8BF0A46037A0BB1FFDF06
:10064000FEE7014607230148FFF7F2BE98090020A4
:100650001346027A0AB1037270470A4601460148FE
:10066000FFF7E6BE880900200222FFF7F1BF032250
:10067000FFF7EEBF012903D10E30C00080B27047F2
:10068000022902D10F308000F8E7FFDFFEE7A0F576
:10069000A17014230B700388A1F80330838FA1F895
:1006A0000530B0F84030A1F80730C38FA1F8093009
:1006B000B0F84230A1F80B30704730B587B004462F
:1006C0000D46FCF7A9FC78B36FF4A57369461C448A
:1006D00024882046FCF7F5FE08B1FFDFFEE7BDF8F1
:1006E000063003A8ADF80C40ADF80E30BDF8083068
:1006F000ADF81030BDF80230ADF81230BDF804305E
:10070000ADF81430FCF7DBFE08B1FFDFFEE7ADF813
:100710000C009DF80C30002063F307009DF80D30AD
:1007200063F30F2007B030BD2B461A2203F8032BCA
:10073000D4F80920C5F80320D4F80D205A60B4F885
:1007400011201A810423ADF80C30E2E740687047AD
:10075000C08A70478A880B8910B5CC884988A0F870
:100760005440A0F85010A0F85220A0F8563010BD08
:100770008383BDF8003001834283C3837047000048
:100780001B234FF01B128384038482618382C26027
:10079000038539B94FF4A473034AC3844384C26107
:1007A000C3820261704700BF480148010346084602
:1007B000F0B4B3F85420B3F84840B3F8561094425C
:1007C000B3F84460DF8F28BF1446B3F84C20B3F869
:1007D00042508A42DC8728BF0A46B3F8461091424D
:1007E000A3F8422038BF1146A64238BF2646A7428A
:1007F000A3F84610A3F844601FD1AA1A18BF01221B
:10080000B3F84A50B3F85040B3F85270A5429E8FE7
:10081000B3F8401028BF2546B3F84E40BC429D8730
:1008200028BF3C46AE42A3F8404002D1A14200D1CD
:100830002AB10449F0BCFFF717BF0122E0E7F0BC82
:10084000704700BF8F0607000B8BA2F80900104607
:10085000A2F80B304B8BA2F80D308B8BA2F80F3027
:10086000CB8B0249A2F81130FFF7E0BEBB060700B0
:10087000C28B08B50346408C824228BF0246187AD4
:10088000FFF7F8FE5B89934228BF1346984238BFB2
:10089000184680B208BDF8B507460E46808919464D
:1008A000FFF7E8FE054638461446FFF7E1FF8542AC
:1008B0009DF8181028BF0546B88AFFF7DBFEFB8AB3
:1008C000ADB2834228BF0346A01D9BB230442B44E7
:1008D0001844F8BD07B590F86930002296213030F1
:1008E000009390F83830FFF7D6FF03B05DF804FBB3
:1008F00038B514460D4619469634FFF7EBFF2044F1
:10090000A84294BF281A002038BD38B50D461146BC
:100910000446FFF7DFFF2844606338BD01F19C0304
:1009200083423DBF9C38401A4008002070470000B9
:10093000094AD2E90003434083EAB01181EA432126
:100940004FEAF34311605360044B58434FEAF060A1
:1009500000EB8000704700BFBC090020BB79379EC8
:10096000094AD2E90003434083EAB01181EA4321F6
:100970004FEAF34311605360044B58434FEAF06071
:1009800000EB8000704700BFA0000020BB79379EBD
:1009900010B50A4C0821094806F052FCD4E900328F
:1009A0001343F7D0064CFFF7DBFF2060FFF7D8FFBB
:1009B000236860601843F6D010BD00BFA00000207F
:1009C000BC09002000F05533400800F055300344C6
:1009D00003F033329B0803F033331A4402F00F3331
:1009E000120902F00F32134403F0FF101B0A03F048
:1009F000FF13184400EB1040C0B2704700F05503DD
:100A0000400800F05500034403F033009B0803F056
:100A10003303034403F00F0000EB1310704780EA28
:100A20006000FFF7CFBF32280CD006D8162818BFB9
:100A3000012894BF012000207047A0F13E035842D6
:100A4000584170470120704708B50246FFF7EBFF99
:100A500040B10846FFF7E7FF20B18A420CBF2320D0
:100A60002A2008BD8A420DD1A2F13000C0B20B2865
:100A700008D840F62103C34013F0010F0CBF00203B
:100A80002320EEE70020ECE74368002283F888206B
:100A900083F8C220A3F8BE207047037842682BB9C0
:100AA000A2F8C430012382F8C63070470023A2F8B0
:100AB000C43092F8C63001335BB2F4E70378426881
:100AC00013B982F8C630704792F8C630013B5BB26A
:100AD000002B82F8C63001DAFFDFFEE7704743687B
:100AE00083F80B1183F80A217047A0F10A03042B45
:100AF0000CD9A0F14703012B08D9A0F12403322817
:100B000018BF062B94BF01200020704701207047BA
:100B100038B5A0F10B0314460D46DBB22046432B3B
:100B200096BF0A4AFE21D15CFFF78EFF68B965B116
:100B30002978272907D03F2908BF3E212046BDE854
:100B40003840FFF781BF2621F8E738BD6CCD05009E
:100B50004268936F10B513F0080408D143F00803FE
:100B600082F808119367FFF798FF204610BD012017
:100B7000FCE7436810B593F889404CB90A7883F8CC
:100B80000821032283F88920FFF787FF204610BD44
:100B90000124FBE7008C063080B27047174B184ADF
:100BA0009A60184ADA62184A1A61184A5A61184A51
:100BB0009A61184A1A63184A5A62184ADA64184A3B
:100BC0009A64184A9A63184B184A9A60184A1A622B
:100BD000184A5A60184A1A60184A9A62184ADA6221
:100BE000184ADA60184A9A61184A1A63184A9A64CD
:100BF000184ADA64184A5A62704700BF140E00207F
:100C0000B1100700CF1507009D15070061150700FB
:100C1000ED150700211B0700E1180700211A070046
:100C2000491A070081180700140F0020CD10070093
:100C3000D91907002D110700B71207002318070064
:100C4000511607003D1807000D180700CD1B0700BF
:100C50008D1A07007B1A0700ED190700174B184A79
:100C60009A60184A5A60184A1A60184A9A62184AD2
:100C7000DA62184ADA60184A9A61184A1A63184AFE
:100C80001A62184ADA64184A9A64184A5A62184B67
:100C9000184A9A60184A5A62184ADA62184A1A615F
:100CA000184A5A61184A9A61184A1A63184A9A648B
:100CB000184ADA64184A9A63704700BF141000207B
:100CC000B1100700E1100700271207006D1607009A
:100CD000451707009D1607005B170700211B07003B
:100CE00081180700211A0700491A0700E1180700B8
:100CF00014110020CD100700ED1907007D17070023
:100D00002917070099170700B1170700CD1B070027
:100D10008D1A07007B1A0700D9190700054B064AF0
:100D20001A65064A5A65064B064A1A65064A5A6506
:100D3000704700BF140E0020591307002B13070043
:100D4000140F002017130700F1130700044B054A86
:100D50005A65054B054A1A65054A5A65704700BF32
:100D6000141000201114070014110020171307009D
:100D70003F140700054B064A9A65064ADA65064B9A
:100D8000064A9A65064A1A66704700BF140E00208C
:100D9000C1EA060051EC0600140F0020FDE8060031
:100DA00027EE0600054B064A9A65064A1A66064B68
:100DB000064A9A65064ADA65704700BF141000209B
:100DC000AFEB0600A7EC060014110020FDE80600BA
:100DD0008DEE060070B505460C46182A00F2EB8031
:100DE000DFE802F00D425D6984EBEB94969DEBEB3E
:100DF000A0AC96E9E9B0EBEBC4C4DDDDE4004568E6
:100E000040F2E240D5F82412B5F81E22B1FBF0F30F
:100E1000B2FBF0F22371C3F3072362706371B5F87C
:100E20002832A3711B0AE371B5F82A3223721B0A18
:100E3000637295F80F3133B905F5077305F508723C
:100E4000284600F07DF9B5F81C3240F2E2420C2051
:100E5000A3721B0AE372D5F82032B3FBF2F3A3703E
:100E6000C3F30723E37070BD4668D6F81032C1F8AB
:100E7000013096F814324B71406890F80F313BB94D
:100E8000FFF788FE6B68B3F87E301844A6F81602A8
:100E9000B6F816320820A3711B0AE371E3E7037862
:100EA000012B436802D193F8103101E093F8193116
:100EB00002206370D7E743681720D3F85422C1F8A3
:100EC0000120D3F85822C1F80520B3F85C22A1F81C
:100ED0000920D3F83422C1F80B20D3F83822C1F806
:100EE0000F20D3F80031C1F81330BCE74268D2F8C4
:100EF000CE31C1F80130D2F8D231C1F805304368A3
:100F00000D20D3F80431C1F80930ACE74368CAE7D3
:100F1000084600F031FD0028A5D1FFDFFEE700F014
:100F20003DFDF8E7102306204B7059238B700023FA
:100F3000CB700D230B7131234B7194E7436893F809
:100F40000A31B5E70278436852B993F810213AB1F3
:100F500093F80D214A7093F80C310320A37082E7B7
:100F600093F80B21627093F80A31F6E74268092082
:100F7000B2F854304B701B0A8B70B2F81231CB7040
:100F80001B0A0B71B2F850304B711B0A8B71B2F80F
:100F9000103192F810211B0ACA710B7263E7436883
:100FA00093F826214A7093F82731D6E70146204668
:100FB000FDF75AFDAFE7FFDFFEE7012053E7000032
:100FC0003F289ABF024B53F820000020704700BF13
:100FD000140E00203F289ABF024B53F82000002037
:100FE000704700BF141000203F289ABF024B53F8EF
:100FF00020000020704700BF140F00203F289ABF38
:10100000024B53F820000020704700BF141100204D
:1010100030F8023C73B504460D4630F8A26C63B15B
:1010200001226846ADF801608DF80020ADF803306C
:10103000FCF702F908B1FFDFFEE70A23A5F8036019
:101040002B70002354F88E0CAB70637A6B7106F032
:10105000F0F908B9FFDFFEE7042002B070BD000020
:10106000F7B5456804464FF6FF772E690DF102018A
:101070000DF101023046ADF8027006F081F901A9C8
:10108000304606F09FF940B1019806F06CFA6168AD
:1010900000220272FFF7D0FAE8E7044905F1A20046
:1010A00003B0BDE8F040FFF7C1BA00BF1110070060
:1010B0004368002093F88A20063A012A81BF4A78C3
:1010C00083F88B20062283F88A207047426892F8C2
:1010D0008A30063B012B84BF072382F88A30704791
:1010E000426870B592F88950F5B9CB88B2F87E6045
:1010F000A2F86C32013B9B1B47F6FD769BB2B342D4
:1011000006D9282382F8AB30FFF7AAFF284670BD26
:10111000D1F80130C2F86E324B7982F872320A226D
:10112000436883F88920F1E70125EFE7436893F8E6
:1011300088200AB1FFDFFEE70B2283F88820704782
:101140002DE9F74F0646894690460193FFF722FDA9
:10115000D6F8CC7104465FB90023C8F80030B6F861
:101160007E3023449CB2019B1C8003B0BDE8F08F0D
:1011700000F052FE0028EFD1D6F818C0D6E96C3244
:101180000CFB04FE1EEB030ED7E9021342F1000232
:101190000B44D7E900155B1845F10005734575EB65
:1011A000020112D2BEEB03016FF0010B62EB050AE4
:1011B0008B4570EB0A0A01D2FFDFFEE73869471E54
:1011C0003944B1FBF0F1E0FB0135B3EB0E0365EB05
:1011D00002056FF001029A424FF00002AA4101D2CB
:1011E000FFDFFEE7B3FBF9F209FB1233B3FBFCF2BE
:1011F00091B20CFB1133C8F80030B6F87E301C44B5
:101200001444A4B2AFE70B46082203F8032BD0F82E
:101210000920C1F80320D0F80D205A60427C1A72D0
:101220000023CB707047436870B593F88950064629
:101230000C46002D3DD129462046FEF7CBFF28B9AC
:1012400021783046BDE87040FFF782BC7268638940
:10125000B2F87E10A2F86C32013B5B1A47F6FD71C2
:101260009BB28B4207D92823304682F8AB30FFF778
:10127000F7FE284670BDA38840F2E2414B43C2F816
:1012800074326378C3EB431003EB800303EB8303F7
:101290005B00A2F86E3263884B43C2F87032E38879
:1012A000A2F878322389A2F87A320D2382F88930A5
:1012B000DFE70125DDE7436893F888200AB1FFDF07
:1012C000FEE70D2283F88820704737B50C46B1F849
:1012D000051005461A291CD9B4F80730B3F5A47FC8
:1012E00017D3B4F801201A2A13D9B4F80300B0F5C3
:1012F000A47F0ED36C68009004F13000FFF738FA39
:101300006968204601F5A171FFF750FA012003B08A
:1013100030BD0020FBE7436893F888200AB1FFDF67
:10132000FEE7212283F88820704738B545680446D7
:1013300095F88830213B022B0CD8FFF7C6FF18B177
:101340000421606804F088FE002085F8C20085F85A
:10135000880038BD0120FCE7F7B50446406890F8E6
:101360008950002D42D1B1F805601A2E04D9B1F888
:101370000730B3F5A47F05D2204603B0BDE8F040A6
:10138000FFF7F7BBB1F801701A2FF5D9B1F803C018
:10139000BCF5A47FF0D33A4631463030CDF800C0DA
:1013A000FFF7E6F9636893F88820212A09D163687A
:1013B000232283F889202046FFF76FFB284603B0DD
:1013C000F0BD93F81B31002BF1D1636893F81A310B
:1013D000002BECD162682223114682F8893002F298
:1013E0004B1231F8300BFFF72FFAE4E70125E5E760
:1013F0004368002210B5044683F88920A3F8C4206E
:10140000FFF75CFB60680421BDE8104004F024BED7
:1014100038B54568044695F88830213B022B0CD836
:10142000FFF753FF18B10621606801F0A1FB00200F
:1014300085F8C20085F8880038BD0120FCE74268C5
:10144000936FD90610B5044601D4FFDFFEE7990675
:1014500001D5FFDFFEE723F010039367FFF72EFBB4
:1014600060680621BDE8104001F082BB0B230B70C1
:10147000D0F80930C1F8023070470B460C2203F84F
:10148000022BB0F809204A80C27A9A707047000097
:10149000F0B5044685B00D46FF2600F8A96C10F89B
:1014A000AA3CE3B1164F3B780BB1FFDFFEE70C21FE
:1014B000381D05F0C5FE3E70002304F8A93C092341
:1014C0002A4602F8033BD4F80930C5F80330D4F8B3
:1014D0000D305360D4F81130936005B0F0BD01A811
:1014E0000C2105F0ADFEA4F5BE73039A1A6001ABA2
:1014F00003CB44F8B20C44F8AE1C04F8AA6CDBE74A
:10150000C409002010B5054C23782BB90C21201DEF
:1015100005F096FEFF23237010BD00BFC409002014
:10152000024690F8D631BBB990F8D73103F0FF01ED
:101530000BB100207047094B18780028F9D01970BA
:10154000D9680433C2F8041103CBC2F8CE01C2F843
:10155000D211FF2382F8D63101207047C409002040
:1015600010B50446406890F888301A2B14D100F169
:10157000F00200F50D71052300F511700AF03FFD32
:10158000636801220020002183F88D201D22C3E919
:10159000380183F8882010BD0220FCE7436893F8E7
:1015A0008820142A11D1D1F80120C3F83C22D1F8A7
:1015B0000520C3F8402243680020D1F80920C3F871
:1015C00004211A2283F8882070470220704743685C
:1015D00093F88820102A05BF00201322022083F8E8
:1015E0008D0008BF83F888207047000038B5436835
:1015F000044693F888201F2A24D1002283F8C720AC
:1016000083F8C22083F85E22436893F8C81003F27F
:101610009F101D8869B10C4983F8C820A3F8A9510F
:1016200083F8A821FEF7ECFF6368002083F88800A8
:1016300038BD012283F8A811A3F8A951034983F802
:10164000AB21EFE70220F3E77B1407006D140700DE
:10165000436893F88820132A01D0FFDFFEE70122B8
:1016600083F8C820122283F88820704738B5436871
:10167000054693F8894034B1113C0F2C8CBF0124EE
:101680000824204638BD93F88E30002BF9D0FFF7A0
:1016900004FA6B68112283F88920F2E7426838B5B2
:1016A00092F8893004460D463BB1132B05D0113B0F
:1016B0000F2B8CBF0120082038BD92F8C83013B919
:1016C0002046FFF7EAF96268D5F80B30C2F8C63158
:1016D000D5F80F30C2F8CA316368D5F81320C3F8C3
:1016E00000211A88A3F88922D5F80120C3F88B229B
:1016F000D5F80520C3F88F226368B5F80920A3F850
:1017000093226368002583F8D6516068054900F587
:101710002070FEF775FF63681622284683F889203B
:10172000CAE700BF91140700436893F88920162A7E
:1017300001D0FFDFFEE7012283F8C720182283F8DB
:1017400089207047436893F88920122A05BF132225
:101750000020022083F889207047436810B593F871
:10176000893004461C2B07D1FFF7A8F963682022B3
:10177000002083F8892010BD0220FCE7436893F81D
:101780008920112A01D0FFDFFEE7012283F8C7205C
:10179000122283F889207047436893F88920182A19
:1017A00001D0FFDFFEE71C2283F88920704700008C
:1017B00038B54368044693F88920202A01D0FFDF1A
:1017C000FEE7002293F8C8101D8803F29F1083F8EB
:1017D000C72069B10B4983F8C820A3F8A95183F841
:1017E000A821FEF70DFF6368002283F8892038BD29
:1017F000012283F8A811A3F8A951034983F8AB216A
:10180000EFE700BF7B1407006D140700436893F8EF
:1018100088201D2A01D0FFDFFEE71F2283F88820E1
:101820007047436893F888200AB1FFDFFEE7012282
:1018300083F8C720102283F888207047436893F804
:10184000882022B193F8C8200AB9FFDFFEE7012201
:1018500083F8C720142283F8882070470B4607229C
:1018600003F8032BD0F80920C1F80320D0F80D208D
:101870005A60B0F811201A81C27C9A727047000039
:1018800038B50578446825B994F8893023B101202A
:101890001BE0A36FDB07FAD4D1F801200E4BD1F87F
:1018A000051013400D4AC4F8D830C3F307630A404B
:1018B00043F00803C4F8DC2084F8DB30FFF7EDF8D0
:1018C00025B9042384F88930002038BDA36F43F084
:1018D0000103A367F8E700BF2FC904F76FDB00809F
:1018E00038B5436893F88820042A30D1D1F8012014
:1018F0004C1CD1F80550C3F8D820C2F30762C3F8D6
:10190000DC5042F0080283F8DB20002283F8C2207A
:1019100083F8882002780AB983F82B2193F8812173
:1019200002F0FF000AB1002038BD1A8883F8820156
:1019300003F27910A3F88321D1F801200549C3F8F7
:1019400085216268C3F88921FEF75AFEEBE7012082
:10195000EAE700BF5D180700406890F8813143B99D
:10196000038800F27910034943811A234372FEF77A
:1019700047BE70475D18070010B50446FCF7C6FE69
:10198000044A054B024009200B40C4F80120C4F86A
:10199000053010BD2FC904F76FDB008037B50C464A
:1019A0004568FCF7B3FE0A4B0A4A03400A4095F823
:1019B000D81000930B4001928DF800306B4603CB9A
:1019C000C4F801000920C4F8051003B030BD00BF01
:1019D0002FC904F76FDB0080436893F888200AB1B1
:1019E000FFDFFEE7042283F888207047027843680F
:1019F0002AB983F88920A3F8C420FFF75FB89A6F4B
:101A0000D10701D4FFDFFEE722F001029A67F4E775
:101A10000E230B706FF49C73184403884B8070473F
:101A20004368017893F8882061B9052A08BF00222D
:101A30004FF0000002BF83F8B62083F8C22083F87D
:101A4000882070470F2AF1E738B50578446855B902
:101A500094F8893053B9FFF720F84DB9022384F880
:101A60008930002038BDA36F5B07F4D50120F9E76A
:101A7000A36F43F00403A367F3E7037823B142683D
:101A8000936F23F004039367FFF718B8436893F844
:101A900088200AB1FFDFFEE70278002A14BF0F2278
:101AA000052283F88820704710B5D0E90D42A24284
:101AB00006D30B8C121BC98D05334B43934202D3C3
:101AC000012380F83E3010BD38B5DB04154604D53F
:101AD000837D13B10023436338BD446B01344463F9
:101AE000FFF7E2FF836B9C42F6D300230349436375
:101AF00005F10D00BDE83840FEF7B6BD111A07002C
:101B000001230B7000238B7030F8CA3CA1F803301E
:101B1000437A4B714389CB8083890B8170470000E6
:101B200070B544680546067894F88830012B08D0D3
:101B300026B994F8893023B101203AE0A36F9807C1
:101B4000FAD494F8C9309A0713D44A78D80784F89D
:101B5000D3204A88A4F8D4208A88A4F8D62043F059
:101B6000020284F8C9200ED5174904F1CA00FEF715
:101B70007BFD94F8C930D90710D4DEB994F88930C8
:101B800033B1FFDFFEE794F82A31002BECD1F0E708
:101B9000012384F889302846FEF77FFF94F88830C7
:101BA0000020012B4FF0000304BF84F8883084F834
:101BB000C23070BDA36F9A0701D5FFDFFEE743F087
:101BC0000203A367E7E700BF011B070010B54468E5
:101BD00094F8C92092070CD494F888300BB1FFDF39
:101BE000FEE70122A4F8BE3084F8882084F8C220E1
:101BF00010BD037843B994F889300BB9FEF75EFF46
:101C0000002384F82A31F3E7A36F9B07F8D5FEF78A
:101C100055FFA36F23F00203A367F1E719230B70AD
:101C2000D0F80930C1F803307047000038B5446877
:101C3000054605F0F3F87F28014684F883003DD07F
:101C400094F89E2094F985006B6884F884200A1A21
:101C500093F86D5012B2002AB8BF524292B2AA4213
:101C60002CD3FF2D2AD094F886200132D2B284F8EA
:101C7000862093F86E50954201D37F281ED1002212
:101C800084F8851084F8862093F86C20012A15D1F9
:101C900093F8342192B91A8803F596700849A3F88D
:101CA000352194F8832083F8372194F8842083F831
:101CB00038210222BDE83840FEF796BC38BD00BF8F
:101CC0001D1C070010B50B7901284C790A6843EAFE
:101CD0000421104608BF41F4803110BDF0B51F4DFE
:101CE00000242B7814709BB1013B6D68DBB21E1B86
:101CF000012E0FDC05EBC40655F8347076688E4271
:101D000008BF874227D0B84271EB060612D2147082
:101D10000020F0BD1E197710C6F3470655F837C0EE
:101D200005EBC70E8445DEF804708F412CBF3346A7
:101D30003446DCE705EBC30455F8335064688C4245
:101D400008BF854206D0A84271EB040428BF0133C6
:101D50001370DDE71C4601201470DAE7D409002077
:101D600010F0070201D0FFDFFEE718B1024B197235
:101D700058601A70C8007047D4090020014B002237
:101D80001A707047D40900202DE9D343FFF79AFF5A
:101D90000DF1070207460E46FFF7A0FF90B90F4C62
:101DA0002378227A9A420ED0626819469DF807E09D
:101DB00002EBC3008E4509D302EBCE020133C2E928
:101DC00000762370012002B0BDE8D08350E902897B
:101DD000013960E80289C9B2ECE700BFD4090020EC
:101DE00007B5FFF76FFF0DF10702FFF777FF03B0AD
:101DF0005DF804FB014B00221A607047E4090020E3
:101E000008B5044B186810B9FFF7F4FF08BD0C20A3
:101E1000FCE700BFE4090020024B1879003818BF26
:101E200001207047E409002013B5CDE90012054BED
:101E3000FF225A7100F11003DDE9000183E803007D
:101E400002B010BDE4090020C3693BB983692BB916
:101E5000034B1B681B1A58425841704701207047BA
:101E6000E409002030B50D4AFF231371D0E9065371
:101E700073B1D0E902149D610C44D9682144D96042
:101E8000816939B1CB610023C0E90633137130BDDC
:101E90001560F5E7002BF6D0D960F4E7E4090020DF
:101EA00010B5114AFF231371C16179B913688361B9
:101EB00003B1D86110600023C169C36089B1CB68E8
:101EC0006BB18468A34208D2FFDFFEE78B698861AB
:101ED0008361002BEFD0D861EDE71B1BC3600023AB
:101EE000CB600023137110BDE4090020014B18687A
:101EF000704700BFE4090020034B00201B6803B9B2
:101F0000704718469B69FAE7E40900200B4B002252
:101F100030B51B6804464FF0FF35104623B911B9A0
:101F2000002808BF104630BDDA68A24203D3AA4297
:101F30003CBF154618461A469B69EFE7E4090020A6
:101F400030B585B01546089BC01A099B61EB0304A8
:101F5000002C214602DA404264EB440103AB2A46DE
:101F6000009302AB0AF04FF9002C039801DA00B19C
:101F7000281A05B030BD000070B50E4CFF23237148
:101F8000036A1BB181689D68A94201D2FFDFFEE7A9
:101F9000C2698669DA619E6152B193619A691AB128
:101FA000D361C26811444A1BDA600023237170BDFB
:101FB0002360F3E7E4090020F0B54FF0000C04467D
:101FC000264E084686F805C0002135680B4685B9BF
:101FD0007579002DF6D15BB1984222D3013CB0FB5C
:101FE000F3F11C4403FB01F5B4FBF3F48C420BD971
:101FF000F0BD2F690BB19F4204D23B460FB9FFDF02
:10200000FEE7A98AAD69E2E7B5FBF3F603FB1656D6
:1020100026B9B5FBF2F602FB1656DEB10139ED1A10
:10202000E4E7451E1D44B3FBF4F4B5FBF0F5AC4208
:10203000DED3B3FBF5F605FB16374FB9B6FBF2F767
:1020400002FB176727B9B6FBF1F701FB17671FB152
:102050000135ECE72846CBE73046C9E7E409002024
:1020600008B5F4F7D1FB00F544404FF47A734930DA
:10207000B0FBF3F0BC3008BD10B5044690F8690021
:10208000FFF7EEFF012201462046BDE81040FEF7B3
:102090003CBC000038B5084B4FF47A720C4653F83C
:1020A00020303C3403F52243B133B3FBF2F52C442A
:1020B000F4F7A2FB204438BD54CB05002DE9F04FC6
:1020C00004468BB00E461746984690F86990FCF788
:1020D0007FFB834694F87700FDF730FC834494F847
:1020E00089A01FFA8BFB87BB94F88730032B2CD178
:1020F000BAF10D0F29D1B4F86C32B34225D1D4F81E
:10210000F0312046B4F8C421C4F8E031A369C4F822
:10211000E431B4F862321344C4F8E83103F0ACFDA2
:10212000D4E99C23A262B4F86E22A361A285D4F8FC
:102130007822226241F64B5293428CBF0023012346
:1021400084F87630022384F88730B4F86052B4F80B
:102150007EE0751BA6EB0E0E2DB20FFA8EFE002D43
:1021600010DA7546D4E99223C4E99623012294F843
:102170008730032B00F26C81DFE813F00600FE00CD
:1021800054001D014246F2E794F8691094F8BE012C
:10219000FDF7BEFB8146A06A5946484407F088FE19
:1021A0005946C4F8EC01A06907F082FE07A9C4F8FB
:1021B000F00108A8F4F748FA079B0093DDE908232B
:1021C000D4E9960107F075FF83462046FFF754FFD8
:1021D000D4F8643294F86900A56A0393F4F714FB09
:1021E000039B00F52240D4F8EC111D44B1304FF4AC
:1021F0007A735C3D6D1A3031B0FBF3F04D44A38D22
:10220000A5EB0B0503EB41012D1A94F86900FFF7CC
:1022100041FFD4F86432C4F8F401EB1ACC2B54D843
:10222000FFDFFEE7A36A5946D4F8E401184407F03B
:102230003FFE5946C4F8EC01A06907F039FEC4F826
:10224000F0012046FFF718FFA36AD4F8E4511D44BB
:10225000B4F8C431002B40F08B80B8F1000F00F0CF
:10226000878094F86900F4F7CFFAD4F8EC11D4F829
:10227000503200F522406D1A94F86920B1305C3D6F
:102280001D448C4B53F822304FF47A7203F2E7333B
:10229000D4E992BCB3FBF2F3B0FBF2F0A5EB0B0573
:1022A0001D442D1AD4F8E031D4F8E82194F86900DF
:1022B00002FB0311A38D303103EB4101FFF7EAFE6E
:1022C0000123C4F8F40184F88730A36904F50C797C
:1022D000A3F1E50BD4F8F031ABEB030B00238345FE
:1022E00084F83032D4E9963228BF834604F13000B6
:1022F0005B19C4F8C0B142F10002C4E99032FEF7A4
:1023000025FA04235844A4F8606284F83932C4F8EA
:102310003402D4E99023C4E99623B4F8B0319B1B6E
:102320001BB2002BD4BF00220122BAF10D0F4FEADD
:10233000420284F8382200F08D80B8F1000F40F09E
:102340008C8094F88730002B00F0A380A169484668
:10235000D4F8F031C91AFDF78BFA80B2002800F0EA
:102360009880149B03B1188001200BB0BDE8F08F5A
:10237000D4F8EC116D1A95E7D4F8F001A369B4F81C
:10238000C4111B1AD4F8E8217144D4F8E0C15D43AC
:10239000D4F8EC31891A303301390CFB023300FBDD
:1023A0000133A18D94F8690001EB4301FFF772FE40
:1023B000C4F8F40189E7D4F8F0B1A369A3EB0B03E7
:1023C0005D4394F88830292B03D094F88930292B69
:1023D00009D1B4F86C32F31A1B0404D494F86F32A8
:1023E000002B18BF9946B4F8C4C14AB3BCF1000F22
:1023F00026D1D4E99410D4E992238A4273EB0000E9
:1024000001D3FFDFFEE794F869205C39294B4FF4D4
:102410007A7053F822300393D4E99223CDE9042350
:10242000039B03F2E732049BC91A039B03F5224383
:10243000B2FBF0F2B1331144B3FBF0F3C91A0D440F
:102440000CEB0E0148460BFB01F130314900ADE7C2
:10245000FFDFFEE7B8F1000F1BD0B4F8D80100B3DE
:10246000B4F8DA1194F8DC214D1CA4F8DA1101FB60
:10247000022290420DDD002B0BDD0023A4F8DA517F
:1024800084F83832FEF754FA00F00700013084F87F
:10249000DC01494604F5027008F084FE18B9FFDF3C
:1024A000FEE70146DEE787F0010784F800720020AE
:1024B0005BE700BF54CB05007FB5044608B9FFDFDA
:1024C000FEE7052900F2BD80DFE801F003B52C2707
:1024D000BBB090F80032B0F87E20ABB1B0F8FE315E
:1024E000934208BFB0F8B4319A1AA0F8B621A4F804
:1024F0007E302046D4E99023C4E9922303F0D2FA37
:1025000094F8BB3104B070BDB0F8FC319B1AA0F850
:10251000B631B0F8FC319BB2E9E704B0BDE87040D9
:10252000F4F79EB807F0BDFDD4E99223801A61EB61
:102530000301012871F1000301DAFFDFFEE76FF00C
:10254000010383424FF000038B4101DAFFDFFEE716
:10255000A3690BB1B0FBF3F394F88910B4F8FE2132
:102560000D2932D10132A4F8FE21B4F8623202AE54
:10257000B4F87E500133A4F86232B4F8BA301D4486
:10258000B4F8B830013DED1AADB2B4F8FE116B1AD3
:10259000180435D40023204600961A46FFF78EFD16
:1025A0000128AFD1B4F8FE21B4F8B011BDF808305D
:1025B0001344521A12049BB204D5EA1A12F4004FC3
:1025C00018BF0B46A4F8FE31DFE7B4F87E100B44C9
:1025D0009BB2D11A0D044BBF013301329BB293B2AF
:1025E000A4F8FE3194F80132002BBED1B4F8B43116
:1025F000B4F8FE21934204BF0133A4F8FE31B4E7DE
:1026000094F88C3030460394002B14BF08233E23EB
:1026100084F8AB3001238DF80830FEF721FD204609
:1026200002F0DFFE002384F887306BE704B0BDE8DA
:102630007040F6F739BC90F88730042BF2D0FFDFFA
:10264000FEE7FFDFFEE7002313B51A4680F8873068
:10265000A0F86032194600930446FFF72FFD08B139
:10266000FFDFFEE70123C4F8E801C4F8E00184F8C5
:102670008730A4F8FE01A4F8FC0184F80102B4F844
:102680007E30A4F86202013BA4F87E3002B010BD97
:102690002DE9F8430E46044608B9FFDFFEE7052999
:1026A00000F2A680DFE801F00376413DA42E07F09A
:1026B00035FEC4E94E01204602F0BEF9D4F82C01E3
:1026C000A43807F0F0FC204602F098F8054600BB5D
:1026D0000146204601F097FE00F1AE06D4F82C0129
:1026E000B04209D2301A0321192838BF192007F047
:1026F000EAFD60B107F0D9FCC4F82C61204602F075
:10270000AFF945B12046BDE8F84302F0AAB901256A
:10271000F2E70025F2E7D4E94E23C4E94823BDE8F7
:10272000F883BDE8F843F3F79BBF01F0ADFE042347
:102730008146884684F8313107F0B3FC07220F4602
:10274000A9FB023102FB0811D4E948525B1941EBA5
:102750000205D4F808213AB159EA080204D0984297
:1027600077EB050228BF012684F83061D4E95026B2
:10277000121A66EB070694F8501139B9012A76F15E
:1027800000010BDA204602F06FF903E0012A76F12E
:102790000006F7DB002384F84831C0E7984277EB66
:1027A00005010FD259EA08080CD01B1A65EB070186
:1027B0009A4276EB010005DB012B71F10000A4BF0A
:1027C0001A460E460B49012304F1E000914284F8B9
:1027D00049314FF0000384F82831B341B8BF0A46AD
:1027E00004F5947108F08CFD002898D1FFDFFEE716
:1027F000FFDFFEE70040420FF8B50D460023D0F89A
:102800000811044680F80C31D0E94E6781F8BE21EA
:1028100080F848310121D0F80801FDF7F5F8D4F827
:102820000801C0E99267C0F86452C0E99667FFF7F3
:102830000AFFF3F7DFFDBDE8F84008F09DBCD0F8D3
:10284000080170472DE9F84304460E46154690F8F6
:10285000483103F0FF07002B40F08E8000F1E008C4
:1028600039467822404609F031FD22464349404628
:1028700008F092FCC4F80861FF2384F8483166B17F
:10288000FEF76EF800F0070032463D49013086F849
:10289000DC0106F5027008F07FFC40F20243A4F868
:1028A0003031002384F8283107F056FB00F1490647
:1028B000204601F0A3FF0146B6B298B3FBF788FFAC
:1028C00000F5CD61284689B207F0F2FA2844AE3D02
:1028D000C4F82C0107F0E5FB301841F10001C4E910
:1028E0004E01012084F80C0102F0E6F92D1AC4F81B
:1028F00010514FF0FF356FF000414046D4E94E23B0
:10290000C4E95051002504F59471C4E94623C4E993
:10291000482384F8495142F2107208F0F1FC20BBC0
:10292000FFDFFEE72046DFF85C9001F06CFDAE3083
:10293000C4F82C01B9F8000048B1E08C38B1FEF7BA
:102940000FF8B9F80030B0FBF3F202FB13000644B5
:1029500007F0A7FB361841F10001C4E94E61002DD4
:10296000C7D0AD1941F10001C7E72946204602F062
:10297000A3F83846BDE8F8830C27FAE7912607004C
:10298000B9240700EC09002038B5044690F8483116
:102990009BB1FF2380F85031012102F08DF894F8AB
:1029A000483153B104F1E005284608F05BFC2846A5
:1029B00008F08DFC002384F84831002038BD000069
:1029C000F0B5002385B0CDE9003303238DF8063040
:1029D000684605F059F888B10123124EB370002300
:1029E000CDE9023302238DF80E3002A805F04CF831
:1029F000044638B10023B37005B0F0BD0098FFF76E
:102A0000C3FFE5E7029D95F88730002BEDD005F573
:102A10000277384608F026FC384608F058FC85F85E
:102A20008740E2E7EC090020044B0022DA709A703C
:102A300042F210721A80FFF7C3BF00BFEC090020FA
:102A4000014BD870704700BFEC09002008B590F822
:102A5000502142B990F80C2142B1D0E94431994259
:102A600002D902F001F80022104608BD0122FBE75E
:102A700008B5F3F70DFB044B5A6882422ABF9878D9
:102A8000002080F0010008BDEC09002082694FF4AD
:102A9000C271006B904208B528BF1046FDF73EFF9B
:102AA00040F64803984228BF184680B208BD7FB55B
:102AB000044690F8BB3103F0FF05002B56D190F887
:102AC0008730032B52D107F0ECFAD4E99223801A15
:102AD00061EB0301012871F1000347DB6FF0010393
:102AE000834275EB010101DAFFDFFEE7A269B4F86A
:102AF0007E300AB1B0FBF2F2013313449BB2A4F86A
:102B0000FC31B4F8B431B4F8FC219B1A1BB2002B91
:102B10002CDD04F5027008F0A5FB38B3FF2384F820
:102B20000132B4F8BA300DF10E06B4F87E501D44EF
:102B3000B4F8B830013DED1AADB2B4F8FC31EB1A7F
:102B40001B0413D4B4F8FC1100230122204689B2DF
:102B50000096FFF7B3FA012808D1B4F8FC31BDF8AC
:102B60000E2013449BB2A4F8FC31E6E704B070BD1C
:102B7000F7B5044606296FD8DFE801F004241222D5
:102B8000282D6900354B9B7803F0FF0243B9009272
:102B90000123B0F8B411FFF791FA20B1FFDFFEE78F
:102BA000042384F88730F3F725FC08F0E5FA0023C6
:102BB000B4F87E20A4F86232A4F8FE2184F8013231
:102BC00003B0F0BD032380F88730F9E7F3F79AFAF2
:102BD000C4E99401F4E790F86900FFF741FAA569A8
:102BE000D4F8F0311D4F9D4288BFED1AFB7898BF95
:102BF00000251BB9236B9D4228BF1D46D4F8C06138
:102C000004F13000FDF7A2FD0644022007F034FB7A
:102C10000221AD1B25EAE575854228BF05462846F9
:102C200007F051FB10B12E4407F03FFA01234FF497
:102C3000807231462046FDF75BFED4F8C0317860E3
:102C4000A069184403B0BDE8F04007F02CBA03B007
:102C5000BDE8F040FFF710BAFFDFFEE7EC09002007
:102C6000012A70B506460D4614460BD0022A0ED036
:102C70008AB9F3F70DFA224601462846BDE87040AE
:102C8000FFF7BABDF3F704FAC6F8640270BD01227B
:102C9000D0F86412F1E7FFDFFEE770B5044619B122
:102CA00001297BD0FFDFFEE701F0EEFB94F849310C
:102CB00005460E46DBB150EA010318D0D4E946328E
:102CC000D4E94E01C01A334661EB02012A4609F0ED
:102CD000A6FA05FB01F300FB0633A5FB0002134433
:102CE000D4E94621121843EB0103C4E94623E38CDF
:102CF000EBBB0020D4E94632ED184FF0000346EB61
:102D000002062D1840F2024284F8283146F10006EE
:102D100084F84931A4F83021C4E94656C4E94E5636
:102D200094F8503103F0FF01DBB96FF00043D4E9B0
:102D300050029A4208BFB0F1FF3F25D02046D4E9A7
:102D40004E5601F060FBAE30D4E950325B1B62EBB3
:102D500006021B1A62F10002002A15DA204601F071
:102D600083FEF3F747FBBDE8704008F005BA204644
:102D700001F044FD0028BCD1FDF7DAFDE38CB0FB87
:102D8000F3F202FB1300B5E704F5947104F1E000DF
:102D900008F008FA0028E4D1FFDFFEE7002380F8FE
:102DA0000C31DEE790F84801003818BF0120704769
:102DB0000B46062203F8032BB0F80920A1F80320E4
:102DC000C27A9A7070470B46172203F8032BD0F88B
:102DD0000920C1F80320D0F80D205A60427C1A72F5
:102DE00070470000044B1A78012AD0B203D018783B
:102DF000831E584258417047F40900200A4B4FF493
:102E00007A72022953F8213003F2E733B3FBF2F36D
:102E100010B500F1FF3414BFF022602203EBC4139D
:102E200000FB023010BD00BF60CB0500F0B5D92813
:102E3000BDF814600546044606F0020728BFD925F0
:102E400016F0010601F5A5700DD16FB9002B35D133
:102E5000022A0BBF31353035ADB2ADB20CBFAD007B
:102E6000ED0028443FE09FB1022A0DD001F29A31D3
:102E70004FF4B07001F59A710844F6B1022A14BFFC
:102E8000C0236423184440E001F27621B420F1E726
:102E90003BB1022A02D001F69211E9E701F2725128
:102EA000F4E7022A04D13135ADB200EB8501EDE73C
:102EB0003035ADB200EBC501DAE733B1022A40F696
:102EC000480108BF4FF485610CE0F12C214628BF72
:102ED000F121022A0BBF1931183189B289B20CBF16
:102EE0008900C9000844D92C0FD9D93CF721A4B2D4
:102EF00063B1F63440F69213B4FBF1F440F2725130
:102F0000022A08BF0B4603FB0400F0BDB4FBF1F33B
:102F100040F2725540F69211DBB2022A08BF2946F0
:102F200001FB0300C3EB4311C3EBC103E41AA3B2DB
:102F3000002BEAD00833022A9BB20BBF9B00DB00B8
:102F400003F5BB7303F5CD739CE70000022913B5AD
:102F50000CBF0B330A3341790CBF9B00DB00012906
:102F600003D002290BD0FFDFFEE70024D101CA31D4
:102F700003FB02120E4B9A4203D9FFDFFEE7012446
:102F8000F4E71E23B2FBF3F290F83C300020C2F3CA
:102F90000721D2B203F03F0343F0400363F307007D
:102FA00041EA441362F30F2063F3174002B010BDEF
:102FB000C3BF0300194BDB6910B5D3F80F20002401
:102FC000C2615A7D197D120442EA0122D97C0A436A
:102FD00040F2E2414262B3F8192080F876404A4359
:102FE00082619A7DC2EB421402EB840202EB820200
:102FF00052008285B3F817204A438262B3F81B203F
:103000000284B3F81D20428493F8243003F01F0299
:103010005B0980F89C2080F8773010BDF40900200F
:10302000054AD16902F11503127D11F8030BC0F3B3
:103030008010FBF7B3BF00BFF40900200378A0F8AD
:10304000B91080F8B830437C80F8B7200BB190F805
:10305000403080F8BB30AE300149FDF7D1BA00BF37
:10306000FD36070010B504460E498430FDF7C8FA56
:103070000D4904F1BC00FDF7C3FA94F88D20B4F8B3
:103080008E102046FFF7DAFF084B00221A70084B1B
:103090001B682BB12146206A0222BDE81040184768
:1030A00010BD00BF25310700B12D0700F409002035
:1030B000181200200346074AD069D3F86120C0F8EF
:1030C0000320B3F86520A0F8072093F86010FCF700
:1030D0003CBE00BFF40900208B88F7B513F018053B
:1030E00006460C461CD1086808B9FFDFFEE701F070
:1030F0008AFD217CFFF782FE677CA38801463A4661
:10310000304600932B46FFF791FEA430D4E902230A
:10311000824273F100032CBF0120002003B0F0BDF8
:103120000120FBE738B513220B460C4603F8032BAE
:1031300000F10902293052F8041B824243F8041BB3
:10314000F9D1127802211A700123A588A3712846AB
:1031500004F060FC40B1E37833B10221284604F06A
:103160006FFC08B1FFDFFEE738BD0000836F73B569
:103170000BB101221A604388DB0724D50023134ECC
:10318000056ACDE9003302238DF80630FF2333753D
:10319000684604F079FCB0B9009CA542F8D005F16E
:1031A0000A036A7A04F10A01607AFBF7F7FE002845
:1031B000EED0A3783375D4F80330C6F81530044B3D
:1031C000B4F807209A8002B070BD00BFF409002057
:1031D000090A002038B5084D044600F161010623B4
:1031E000E8690022FCF7B4FE94F86010E869BDE8D5
:1031F0003840FCF7AABD00BFF409002010B5044612
:10320000FDF796FB82B204F1610104F12E00FCF798
:1032100001FD84F83C0010BD37B504460D46FFF7AC
:10322000EDFF01222B466179204603B0BDE8304016
:10323000FFF78CBE07B503F0E9FD8DF807000548E0
:10324000012306220DF10701C069FCF781FE03B0DE
:103250005DF804FBF409002038B504460D4690F8EB
:10326000D0307BBB037880F8D13003F0D7FD082D38
:1032700004F1D30284F8D90014D004F1D201284615
:10328000FCF732F908B9FFDFFEE794F8D23043F0DB
:10329000020384F8D23004F1C8000B49BDE838407D
:1032A000FDF7AEB9094BD869034613F8031BC1F308
:1032B000801184F8D210D0F80310C4F8D3109B8882
:1032C0009380E8E738BD00BFC72D0700F409002050
:1032D00038B5B0F840300446194D0133C3F30E033E
:1032E000A0F840302B7B2BB1F3F77AF9F2F78CFC86
:1032F00000232B7300232B7094F881302BB1012114
:103300002046BDE83840FFF7C8BC637CB3B1B4F8D1
:1033100040209A4212D301212046FFF7BEFC638869
:103320002046DB0747BF236A432243224FF6FF7143
:1033300048BF1988BDE83840FFF780BE0021DFE7AD
:10334000F409002010B5FFF74DFD064C28B1237B92
:103350001BB1F3F745F9F2F757FC206ABDE81040BE
:10336000FFF7B6BFF40900200346074A106A03B905
:1033700009B9FFF7ADBF1378526A03F180431269B0
:10338000033B52F823301847F409002070B501467A
:10339000FFF728FD054608B9FFDFFEE71E4C19B30D
:1033A000E169226A11F8096B02F1610392F8602069
:1033B000F009FBF7F3FDB8B10021E069FCF7EBFC85
:1033C00090B1256AFFF70EFD08B9FFDFFEE723780D
:1033D0002846626A06F00F0103F180435269013BFF
:1033E00052F8233098470546237B1BB1F3F7F8F8D2
:1033F000F2F70AFC7DB1206AFFF728FB30B1F2F743
:10340000A9FF636ABDE870409B681847206ABDE861
:103410007040FFF75DBF70BDF409002003292DE95E
:10342000F043054685B0174607D14388980720D456
:103430000024204605B0BDE8F083428890F8803033
:10344000D107DBB2F4D5002BF2D14FF00108DFF841
:10345000D09099F80C60AEB1FCF77CF80828387071
:1034600013D002AA0DF10701FCF73EF820B9FFDFE7
:10347000FEE74FF00208EAE702A99DF80700FEF711
:10348000AFFC06463B78082B08D1D9F81C1011F880
:10349000030BC0F38010FEF7A3FC0646D9F81C10FE
:1034A00005F1680395F8672011F8030BC0F380104D
:1034B000FBF774FDD9F81C10044611F8030BC0F398
:1034C0008010FCF707F88146FCF746F940B1B9F1E6
:1034D000080F1BD04846FBF70FFF80F00103D8B25E
:1034E0003A78082A14D01CB96C7FA21A544254416D
:1034F0006A8853079DD400289AD176B9EC7C44455C
:1035000018BF002C0CBF0124002492E70020E7E73D
:1035100080F001022240D4B2EAE7344689E700BFD6
:10352000F409002038B504468B69104640F2E242A7
:10353000B3FBF2F3A4F8A43004F198020B8CA4F8C6
:10354000A6304B8CA4F8A83091F8773084F8AA30D4
:10355000237F4BB394F86030012B25D194F866306B
:1035600003F0C003402B1FD1D4F86130C4F8983069
:10357000B4F8653093800828236A04F19E019A7894
:1035800003F1030584F8912004F19202D3F803308B
:1035900015D0C4F89E30AB888B8004F19101FBF705
:1035A000A3FF28B9FFDFFEE70023C4F89830E1E766
:1035B00094F8913043F0020384F8913038BDC4F898
:1035C0009230AB8893800023C4F89E308B80F5E75F
:1035D0002DE9FF4708230DF10702052104468DF868
:1035E0000730FFF71BFF064620B90026304604B01F
:1035F000BDE8F087FFF714FD05460028F5D1DFF898
:10360000EC800DF10809216AD8F81C2091F890305F
:10361000104610F8037B03EA571303F0010381F807
:103620009030D2F80330C1F803308388A1F8073016
:103630001346276A13F81F1BC1F38011B970D2F823
:103640001F001B79029038468DF80C30FFF7B2FC52
:10365000276A494694F912A007F19000FCF7C2FAD4
:1036600040F20113A7F868304FF0FF0987F86A901D
:10367000294607F13000FDF783F851463846FCF73C
:1036800059F9216A84F88D5020460B889DF807204F
:10369000A4F88E304FF6FF7384F8AB90A4F8AC30EA
:1036A000FFF740FF124904F18400FCF7A9FF236AE9
:1036B000104904F1BC001A88A4F8C52093F8903092
:1036C00084F8C730FCF79CFF236A2A4620461988F5
:1036D000FFF7B4FC084B88F800501B68002B85D01E
:1036E0002A462146206A984780E700BFF409002057
:1036F00025310700B12D0700181200200B461622B5
:1037000010B503F8032BD0F80920C1F80320427B41
:103710001A71CB788BB130F8AC3C1B070DD4B1F8E3
:1037200005400221204604F075F930B102212046FF
:1037300004F086F908B1FFDFFEE710BD032973B579
:10374000044604D005292BD0012002B070BD082307
:103750000DF107028DF80730FFF760FE0028F3D067
:10376000237C23B19DF807102046FFF775FD114D0E
:10377000062204262046EB695A701E70FFF79AFC59
:10378000216D94F85420E869FCF703FBE8692E707A
:10379000F2F794FE0021E869F3F75AF80020D4E725
:1037A000054B1B68002BF9D0984780F00100C0B290
:1037B000CBE700BFF409002014120020F8B504463E
:1037C0000F4619B300F12805284601F007FAA0B901
:1037D00063881A072ED5284601F015FA06462846B2
:1037E00001F0FCF9301AC0B201F066FA474A53689A
:1037F00003442846536001F0C6F9284601F0C8F991
:10380000F2F712FD21792520F2F786FC3F4E0023C6
:1038100094F86E20F069037043706388103B0D2BA1
:1038200068D8DFE803F063675F0C67446767676722
:10383000676767442046BDE8F840FFF749BD0623A7
:103840004370202303702046FFF734FC638823F085
:1038500008039BB2152B05D094F84C20A16CF0699D
:10386000FCF78AFAF069F2F729FE0021F069F2F715
:10387000EFFF0323217900203370F2F7E5FC0546C2
:1038800007B9B06063881B0704D501F0F2F905445D
:10389000C4F814516388103B0D2B33D8DFE803F0D4
:1038A00034322C2C322C323232323232322C0C2343
:1038B00021214370034603F8091B52B1D4F86F204D
:1038C0000121C0F80920B4F873209A80FCF74AFA65
:1038D000B9E7A26EC0F80920B4F86C209A8094F879
:1038E0006710F3E7062303704370ACE7022303700D
:1038F0000623F9E7FFDFFEE721790120BDE8F84064
:10390000F2F788BEFFDFFEE7F8BD00BFF409002034
:1039100038B543880446102B04D10121BDE8384056
:10392000FFF74CBF0B4D2B7B23B1F2F747F940203B
:10393000F2F74AFEE869F2F7C1FD608810F0040072
:1039400002D12179F2F766FE0020F2F71BFE012377
:103950002B7038BDF40900200121FFF72FBFFFF7BE
:10396000FBBF0000024B0121186AFFF727BF00BF11
:10397000F4090020FFF7F6BF03292DE9F7430446B9
:1039800005D0052900F08880FFF7A2FC80E008231D
:103990000DF103028DF80330FFF740FD002879D0C8
:1039A000237C23B19DF803102046FFF755FC01232B
:1039B000B4F802803E4E00251F464FEA9812F06987
:1039C000294662F3861707224370C8F380180270F5
:1039D000C570FCF7E2FA2A463946F069FCF7E4FACA
:1039E0002046FFF7F7FBF069FCF746FBB4F85430CC
:1039F000C0F1FE05AB42B4BFDDB2EDB2AB422AD995
:103A000047F010070022A5F10309F0693946023D8D
:103A1000FCF7CAFAF069FCF7BCFA411920465FFAD4
:103A200089F9C9B2FFF7F8FB0422C0F307238DF828
:103A30000400C0F307400DEB02018DF805304D4640
:103A400003238DF80600F069FCF782FA002239465C
:103A5000F069FCF7A9FAB8F1000F06D094F912202A
:103A600094F83C106079FFF7E5FB2A46216DF06978
:103A7000FCF7CEFAFF20F5816179F2F74DFB0723C1
:103A8000F0693370F2F71AFD0021F069F2F7E0FEF9
:103A9000002009E0204677E7064B1B68002BF7D093
:103AA000984780F00100C0B203B0BDE8F08300BFCA
:103AB000F40900201C1200207047000070B5044675
:103AC000007F0E46134668B994F86000012809D1BA
:103AD00094F866003F2805D804F16100BDE8704005
:103AE000FBF770BE65883246607F15F0040118BF91
:103AF00004F16F01FBF75CFD4107054621D4C207C5
:103B00000BD50123607F84F86030FBF713FE036858
:103B1000C4F861308388A4F86530AB0701D4012074
:103B200070BD094B0121D869D4F86F3084F86E104C
:103B3000C0F80930B4F87330A0F80D30FCF712F972
:103B4000EDE70020ECE700BFF40900202DE9FF4776
:103B500008230DF10702052104468DF80730FFF711
:103B60005DFC002800F08A80FFF75AFA002840F038
:103B70008580444D02AF206AFFF71CFAEB69D3F849
:103B80001F0093F8232002903A71226AD3F80310A1
:103B9000C2F80310B3F80710A2F807101B78206AC8
:103BA000C3F380138370384B1B6813B10122214685
:103BB0009847266A0E23E8694FF0080896F80290A5
:103BC0000021437080F80080FCF7E7F900224FF0F5
:103BD0000301E869FCF7E8F92046FFF7FBFA4946DC
:103BE000E869FCF7BFF806230122F11CE869FCF73D
:103BF000AFF96179FF20F2F78FFAE869F2F75EFC1E
:103C0000E8690021F2F724FE266A94F80590394607
:103C100006F1900094F912A0FBF7E4FF86F8689093
:103C200086F86990FF2786F86A70002106F1300057
:103C3000FCF7A6FD51463046FBF77CFE216A0023C7
:103C40009DF80720204684F88D300B8884F8AB70EF
:103C5000A4F88E304FF6FF73A4F8AC30FFF762FC87
:103C6000236A1A8885F80080A4F8C52093F890305C
:103C700084F8C730012004B0BDE8F0872046FFF784
:103C800027FBF7E7F40900201812002010B5134CA9
:103C9000237B1BB1F2F7A4FCF1F7B6FF206AFEF715
:103CA000D5FE216A18B14B8803F0180323B90846E2
:103CB000BDE81040FFF70CBBFFF794F808B9FFDF31
:103CC000FEE723780846626A03F18043D268013B2D
:103CD000BDE8104052F82330184700BFF409002017
:103CE0002DE9F347154642880F46064612F00301B8
:103CF00002F0020308D0D00703D5002B4FD0FFDF1E
:103D0000FEE7002BFBD0022102F00400002B50D074
:103D1000002848D1002D7ED0034601209C46012476
:103D200044EA4C04DFF81C82C2F380124FF0000A10
:103D300044EAC004D8F81C0044EA0314072380F8BE
:103D400003A044EA82140370012304F05B0443706F
:103D5000FCF723F952462146D8F81C00FCF724F959
:103D6000E207A1465FFA84FA02D53046FFF732FA3D
:103D70001AF0020F0ED0D8F81C0006230122002FE3
:103D800056D006F16F01FCF7E3F80121D8F81C00CA
:103D9000FBF7E8FF0023002B51D0FFDFFEE712F016
:103DA000040319D00121B5B3002301204FF0010C09
:103DB000B5E708BBA5BBB6F84C3002F0200423B928
:103DC0004CBB2B462846AC46A9E7B4FA84F4012341
:103DD00064091846AC46A3E7347935B9A11E4C42B4
:103DE0004C4101210B460846F4E7023C294618BF26
:103DF000012401209C4693E795B9B6F84C3002F0B7
:103E000020041BB984B92B462846CFE7B4FA84F4C2
:103E100001236409EDE70123AC4618462C467FE7F1
:103E200001209C461C467BE7012318469C46F5E78B
:103E300006F16801FCF78CF896F86710A6E71AF00F
:103E4000080F1AD0F26B01A98DF80530C2F30B22CE
:103E5000BDF80430D8F81C0062F30B0396F83E203E
:103E6000ADF804301209C3F3072362F307130322EA
:103E70008DF805300223FCF76BF8012D4CD1B6F814
:103E80004C30002B48D073889B0745D4D8F81C00D1
:103E9000FCF77FF8471CB6F84C208246FFB2B8F812
:103EA0000E30C7F1FF01D31A8B42AABFFF43DFB226
:103EB000FFB2BA4225D9728812F0010221D144F032
:103EC0001001033FD8F81C008946FFB2FCF76CF8DC
:103ED0000AF1040130463944C9B2FFF79DF90422C2
:103EE000C0F307238DF80400C0F307400DEB020177
:103EF0008DF8053003238DF80600D8F81C00FCF778
:103F000027F83A46B16CD8F81C00FCF781F8B8F8ED
:103F10000E301F44A8F80E7019F0400F0BD06DB989
:103F200006F12800347900F079FE014696F9122056
:103F30002046FFF77FF902B0BDE8F087747996F864
:103F40003C10F3E7F4090020F7B504460A4619B916
:103F500090F86E10FFF7C4FE144EF0690379DA068C
:103F600022D5C3789B061FD0FBF7E6FE054604F179
:103F70002800277900F032FE421C2B463946D2B287
:103F80002046FEF7E3FF0422C0F307238DF8040068
:103F9000C0F307400DEB02018DF8053003238DF8C7
:103FA0000600F069FBF7D4FF03B0F0BDF409002070
:103FB0002DE9F74304460F4690F83C00F2F734F938
:103FC0006179FF206E4DF2F7A7F8002F3CD1E86928
:103FD000FBF7B2FE94F80480064604F1280000F0D6
:103FE00012FEB8F1020FAB680CBF0B360A3603EBBA
:103FF000C0130CBFB600F600CA3300FB063163885D
:1040000000201E07296142BF6B68C91829616279C7
:10401000F2F780F9638898071DD0F7B9617901201C
:10402000F2F7F8FA94F86E1001222046FFF758FED6
:10403000E869F2F743FA0021E869F2F709FC062380
:104040002B7003B0BDE8F08362794FF4A5710020B6
:10405000F2F774F9DEE7002FE4D0C3F34007C3F3AF
:1040600080129907E86987F001074FF0070348BFFE
:10407000D4F850804FF000064FEAC7074CBFB4F8A1
:104080005490D4F84880314647EA821758BFB4F8B4
:104090004C900370012307F04807C6704370FBF78C
:1040A0007CFF32463946E869FBF77EFF3A0717D5B1
:1040B000E26B01A9BDF80430C2F30B22E86962F398
:1040C0000B0394F83E20ADF804301209C3F3072324
:1040D00062F3071303228DF805300223FBF738FF44
:1040E000E869FBF7C9FFEB89C0F1FE06A9EB030203
:1040F000B242B4BFD6B2F6B2334499452BDD0022AA
:1041000047F01001E869FBF74FFFE869FBF7B4FFE0
:10411000EB89C0F1FE06E869A9EB0303B342B4BF23
:10412000DEB2F6B2FBF735FF811920460131C9B284
:10413000FFF772F80422C0F307238DF80400C0F3E0
:1041400007400DEB02018DF8053003238DF80600C2
:10415000E869FBF7FDFE63885B0606D594F912203B
:1041600094F83C106079FFF765F8E9893246E86910
:104170004144FBF74DFFEB891E44EE8158E700BF39
:10418000F409002010B5084CB0F85430E2899A4286
:1041900005D00121FFF70CFF0723237010BDBDE8F8
:1041A0001040FFF795B800BFF409002038B54388E8
:1041B0000446194D13F0020F0FD1DB070DD4EA8925
:1041C000B0F84C309A4203D1BDE83840FFF780B8D0
:1041D0000121BDE83840FFF7EBBE00206179F2F71E
:1041E00019FA6388617913F0020F0CBF22200C20AA
:1041F000F1F792FF02232B702B7B23B1F1F7DEFC4A
:104200004020F2F7E1F90020F2F7BCF9E869BDE8D7
:104210003840F2F753B900BFF40900202DE9F84304
:1042200000F128072C4D0123044638466B7300F03B
:10423000D5FCA8B9638813F010010CD16A7B52B188
:1042400003F02303B4F84C20134304D02046BDE808
:10425000F843FFF7ADBE2046BDE8F843FFF738B896
:10426000384600F0BBFC28B963881B07F3D53846F5
:1042700000F089FC384600F08BFCF1F7D5FF21797E
:104280002520F1F749FF01212046FFF75DFEE8698F
:10429000D5F80890FBF750FD8046384600F0B3FC97
:1042A0000646384600F09AFC711E4246091A2079EB
:1042B000C9B200F0D4FC227909EB00010020F2F72A
:1042C00029F8E869F2F7FAF80021E869F2F7C0FA8C
:1042D00005232B70BDE8F883F409002090F88C309A
:1042E0000BB10120704790F8C430002BF9D190F841
:1042F000B600003818BF012070470000064810B50E
:10430000037803F0FF042BB91C22214607F0DEFFDF
:10431000204610BD0C24FBE7F409002010B5002353
:10432000074C2370FAF7DEF9E061FFF7E7FF08B109
:10433000FFDFFEE7636A0BB9FFDFFEE710BD00BFDA
:10434000F409002030B54FF4AC7285B00D46002161
:10435000044607F0BBFFFF2323701323638042F260
:104360001073E38403F0EEFC0022014660646846AB
:1043700003F030FD00220121606C03F0C3FD042234
:10438000616C684603F026FD0022606C114603F064
:10439000B9FD04F12800A57400F0DDFB02A8FBF7CD
:1043A000C1FB08B9FFDFFEE702A904F12E00FBF70D
:1043B00019FC05B030BDFF23486C0B7003F0EEBC58
:1043C000014B024A5A627047F4090020F84A07007C
:1043D000044B054A1A60054B054A1A60054B064A0C
:1043E0001A60704714120020D135070018120020FF
:1043F000612C07001C1200204D3B07000078FF389D
:1044000018BF01207047F7B5044628300E4600F06B
:10441000FAFB61880746CA0605D5282200F02CFC65
:104420006D3003B0F0BD8B07606C0FD503F009FE53
:10443000217905463846FEF7E1FC638801462846A7
:10444000009333466279FEF7F1FCE9E703F0E9FDFA
:10445000EEE7034608465A8812F0180F30B587B0C9
:1044600010D103F12801ADF80420D3E902459B885F
:1044700000916946ADF81030CDE90245FEF72CFEFB
:1044800007B030BD0120FBE7D0E902017047C07CD6
:10449000003818BF01207047017570472DE9F041C1
:1044A000067D0446B31E06F0FD06DBB2012B8CBF71
:1044B0004FF000084FF00108371E18BF0127012BED
:1044C00015D800F1680190F86700FBF703F805467E
:1044D00063889B0612D4082D0BD14EBB04F16101F9
:1044E0003046FAF741FD48B90020BDE8F0810825C3
:1044F000EEE72846FAF70CFF0028EED1657784F83E
:104500001C8084F86070FAF7DFFF054605F0C9FDEE
:1045100000220D4B84F86E20E5FB0301C4E916016F
:1045200011462046FFF7CAFA0028DED1FFDFFEE77A
:10453000E37E002BD8D0D4F81530C4F86130B4F83D
:104540001930A4F86530D9E740420F0070B5044631
:10455000407F0E461546082809D194F86030337024
:10456000D4F861302B60B4F86530AB8070BDFAF7D9
:10457000CFFE0028F1D10323F1E70B68C0F8153016
:104580008B88A0F819300123C37670472DE9F04FCE
:1045900007469BB00D46064610AC0FCF0FC40FCF99
:1045A0000FC497E80300777984E8030008A800F0B7
:1045B000D2FA6C78AB7A95F81480C4F38002039336
:1045C000C4F340092B78B8F1010FC4F3C00AC4F357
:1045D000001B049304F001030592C4F34012C4F3DA
:1045E000801404D0B8F1020F01D0FFDFFEE7697834
:1045F000C90606D4AF7D012F03D0022F01D0FFDF03
:10460000FEE7697A08A8A401CDE9063200F0AAFA0B
:10461000297DDDE90632022944EA42142A7F0CBFD3
:10462000697D012144EA0304059B08BF013102F1C1
:10463000010244EA0B1408BFC9B244EACA04D2B268
:1046400044EA830444EA490A0DF1200948465446E5
:1046500000F08AFA1AF0080F66D1484600F0D3FA43
:104660006B788346DA064ED403F09CFB82464146C3
:104670005846FEF7C3FB012301463A4650460094D4
:10468000FEF7D4FB40F27122297900F29920EB78F1
:10469000B0FBF2F043EA01236979504343EA014356
:1046A0005343984234D84FF0000B95F818A0079365
:1046B000AB7C706C05930AF1FF33D3F1000A4AEB2F
:1046C000030A03F0AEFC0690706C03F0BAFC069986
:1046D000079B814238BF014688B240B30AA90C93B8
:1046E0000693CDF82890ADF82C40CDF834B08DF875
:1046F00038808DF83970FEF7EFFC069BB8B945207D
:104700001BB0BDE8F08F2822514600F0B5FAB9E79A
:10471000E979AB7943EA0123297A43EA0143534318
:10472000834228BF0346BEE700239B46BDE7CDE991
:10473000123B059B049A8DF853308DF8457010AFED
:10474000039BADF8424034468DF850A08DF85430AC
:104750008DF840208DF844800FCF0FC40FCF0FC4C9
:1047600097E8030084E8030099E80300B0620020A2
:10477000B185EB7A03F0FD03003B18BF012386F8F7
:104780006730EB68B3662B8AA6F86C3096F83E303B
:10479000EA7D62F3071386F83E30B1E7438813F0F1
:1047A000100005D013F0040F14BF00201F20704725
:1047B0009A0704D4DB0701D403F0F4BAEE20704763
:1047C00008B5FFF7EBFF003818BF012008BD4FF414
:1047D0000043A0F8403043881D2B08BF00214174DE
:1047E00070478174704790F912007047408800F05C
:1047F000010070478078C0F3400070478078C0F3B4
:10480000C000704710B54488406CE30654BFC4F341
:104810004004002403F0FCFB84F001042043C0B2F8
:1048200010BD8078C0F3001070474079704710B514
:104830000446FCF77DF8C0F30B00A042F9D010BD90
:104840002DE9FF41584F04463A7802F0FF0312B9B0
:104850000278FF2A01D1FFDFFEE77B60FB817B73DB
:1048600080F88130514B684604F128050093504B85
:104870000193504B02937B6A5B680393F1F716FE3A
:10488000F1F770FCF1F7ACFEF1F7BEF94A48F1F729
:10489000C1FC4A48F1F704FE284600F074F92846A6
:1048A00000F076F9F1F7C0FC21792520F1F734FC0E
:1048B00094F91200F1F7A8FC04F14801606C03F0D0
:1048C0003CFB064604F15001606C03F05DFB804642
:1048D000002E43D094F82430002B3FD0B4F9405040
:1048E000ED43ED0F237F53B963885B0707D494F83A
:1048F0006030012B0DD194F866303F2B09D86FF052
:104900000043D4E916129A4208BFB1F1FF3F2FD1FC
:10491000ADBB94F883301BB946EA0806F6B2AEB1D7
:10492000638813F0100511D1E06BC0F30B20FFF783
:104930007EFF94F83E3084F83D00C0F3032023F05E
:104940000F03034384F83E3084F88350F869033042
:10495000FAF71CFE387304B0BDE8F081B8F1000F1F
:1049600004D094F82550002DB8D1BBE74546B9E7EF
:1049700005F097FBD4E9162390429941C8D3012250
:1049800029462046FFF79AF850B1FAF79DFD0546F3
:1049900005F087FB0A4BE5FB0301C4E91601B8E704
:1049A000002DB6D0FFDFFEE7F40900208D3C0700A4
:1049B0008D33070069330700D6BE898E55555500E3
:1049C00040420F0073B50446FFF73AFF2046FEF75A
:1049D00015FC658815F0100518D000212046FEF75B
:1049E000EDFE94F882305BB16846FBF79BF838B176
:1049F000694604F12E00FBF7F5F8002384F88230B5
:104A0000204602B0BDE87040FEF7B0BB094E294613
:104A10002046FFF799FAF069F1F750FD2946F06951
:104A2000F1F716FF21792846F1F70EFC0523B06057
:104A30003370D6E7F4090020024B18625B6A1B68EA
:104A4000184700BFF409002090F8603001624B72F3
:104A5000D0F86130C1F80A30B0F86530CB817047CA
:104A60007047FEF735BC000043881A0710B50446AE
:104A70000ED5036A3C220F49843042721B88438161
:104A8000FF2380F827304FF6FF730385FBF7B8FD4F
:104A900063882046DB0747BF236A3C223C224FF64F
:104AA000FF7148BF1988FEF7C9FAFF2384F88130E7
:104AB00010BD00BF2531070080F880107047FF232C
:104AC00080F88330704780F8241080F825207047E4
:104AD00059390700B93A0700113907005F39070053
:104AE0001D420700AD410700854107006530070002
:104AF0003D37070079390700C549070045330700EE
:104B000075390700D04A0700D84A0700F04A070065
:104B10008278034612F0010002D0D978C90710D577
:104B2000900702D5D97889070AD512F0040008D079
:104B3000D878C0F3800080F001008000C0B27047D8
:104B400002207047C0F34002C0F3800300F0010070
:104B50001344184470470023C0F802300123437007
:104B6000037070478170704710B542701446017031
:104B70008078FFF7E7FF484304FB00F2FE2A01DDDF
:104B8000FFDFFEE710BD0023C37043710371704760
:104B900010B50446FFF7BCFF637962780133DBB2DE
:104BA0009A4263710CD1E3780022A17803436271C9
:104BB000DBB29942E37001BF2379E27001332371C4
:104BC000022805D0042805D0012805D0FFDFFEE724
:104BD000262010BD2720FCE72520FAE738B504463B
:104BE0008078FFF7AFFF0146E078FFF7ABFF23784F
:104BF000227965789B1A6B4359436379C91A00FB84
:104C00001510C0B238BD014608B58078FFF79AFF8D
:104C10004A780B7853435843C0B208BD08B542796F
:104C20004AB1FFF775FF042817D0012813D00228D6
:104C30000FD126200CE0C2789107FAD4D1070AD40C
:104C400083785A0709D413F0020F14BF26202520B9
:104C500008BDFFDFFEE72520FAE72720F8E7022856
:104C60000BBF0B320A329200D200803201FB02F0FD
:104C7000704740F2EE2070470138022801D9FFDF6B
:104C8000FEE7132905D811290ED8102908D0FFDF17
:104C9000FEE71529FBD1074B03EB4003D88870478B
:104CA000044B33F810007047024B03EB4003988924
:104CB000704700BFB0CD050040F25A3358437047EB
:104CC000436893F88920182A01D0FFDFFEE71E22EF
:104CD00083F88920704700000C4A0346117889B98F
:104CE000906833B9B0F85810828F91420AD8FDF716
:104CF000BFBE93891B0707D590F88A00073818BFF5
:104D00000120704700207047012070471C0A0020D6
:104D10002C4A034630B49489402B906844EA03043B
:104D2000948103D1042130BCFDF722BF802B01D137
:104D30000521F8E703F00304032C01D1FFDFFEE7B0
:104D4000DD0706D50C6811612478062C10D00B2CD9
:104D50001AD09C0706D509680978052911751ED057
:104D60000B2928D09B0644BF0823137030BC704722
:104D700090F889401C2CECD100240025C0E938456E
:104D8000012480F88D40E4E790F88940122C01BF9F
:104D9000002480F88D40012480F8C840D9E790F8BD
:104DA00089101829DED1002400250121C0E93A45E7
:104DB00080F88E10D6E790F889101129D2D1002101
:104DC000F6E700BF1C0A0020436893F88920352AC3
:104DD00004D1002283F88920FBF770BE182A03D182
:104DE0001E2283F889207047FFDFFEE7436893F8AF
:104DF0008820092A0BD193F8091193F810219142C8
:104E000005D1002283F8882083F8C22070479A6F6A
:104E1000110704D522F008029A67FBF74FBEFFDFA7
:104E2000FEE738B50E38536814460D4693F88820CF
:104E3000092840D8DFE800F0053F3F3F0F3F183F0B
:104E40003F27042A05D12046FBF71EFE2046FCF72B
:104E500083FD002038BD0F2AFBD1002220461146D9
:104E6000BDE83840FCF7DCBD212AF2D12046FBF733
:104E70000BFE002DEDD0626892F8D83023F02003AD
:104E800082F8D830E5E793F88920272AE1D1002578
:104E9000204683F88950FBF711FE636893F82431AC
:104EA000012B03D129462046F9F7D0FC6368002284
:104EB00083F82421CDE7FFDFFEE7000073B5044649
:104EC00040680D46836F13F0300F4AD1B1F80510DA
:104ED0001A2904D9B5F80730B3F5A47F06D229788A
:104EE000204602B0BDE87040FBF732BEB5F80120A5
:104EF0001A2AF4D9B5F80360B6F5A47FEFD33030A1
:104F00000096FBF735FC184B9A8992070DD51B7D4F
:104F1000142B0AD16268936F43F010039367204605
:104F2000FBF7BBFD002002B070BD636893F88820DA
:104F3000212AEFD093F81B31002BEBD1636893F853
:104F40001A31002BE6D16268936F114602F24B12C0
:104F500043F0200331F8300B42F8D33CFBF774FCEC
:104F6000DDE70120DFE700BF1C0A002090F80E31CA
:104F7000FE2B01D0FFDFFEE7002380F80E1180F842
:104F80000F3112B9A0F8C4207047A0F8BE30012339
:104F900080F8C2307047000013B5044601A8F9F745
:104FA0008BFF08B9FFDFFEE722220021019807F0FE
:104FB0008DF901992246064801F8034FFBF70AFFD5
:104FC000F9F786FF08B9FFDFFEE702B010BD00BFAA
:104FD000200A0020224B70B59C6894F86E3294F839
:104FE0006F22C3BB94F86800BABB94F8691084F8C8
:104FF000680084F86910FF2184F86A1094F824117D
:10500000012901D0134303D000211648F9F71EFCF3
:1050100004F130063046FBF799FB04F5A171054613
:105020002046FBF7C3FB20460621FDF7A1FD3046D5
:10503000FBF78CFB854204460BD205F073F9014661
:10504000601B192838BF192005F03DF910B105F093
:105050002CF8012070BD1846C6E71146C7E700BF0F
:105060001C0A0020200A00202DE9F843684D06465E
:10507000AC68002840F08880AB891A072AD594F8DC
:105080000E31FE2B01D1FFDFFEE7FE2384F80E3147
:1050900094F889301E2B06D184F8C700281DFBF731
:1050A0000DFD84F8896094F88830242B0AD194F897
:1050B0008930A3F12402062A29D9322B27D02523AF
:1050C00084F8883094F88A30072B02BF02236B756E
:1050D00084F80E31AB89DB071BD4AB895F077BD427
:1050E000990740F18380287D0122AB680D2883F861
:1050F0000F2178D0112800F08480072800F08380E9
:10510000FBF77CFF034600286ED1FFDFFEE732236A
:10511000D6E7D5F80880296998F88930D1F8009049
:10512000113B99F800700F2B09D8BB1EDBB2092B7D
:105130006BD840F2333222FA03F3D80765D50979E8
:105140003846FBF731F820B939463248FBF700FD05
:105150003AE0012F01D9162F22D198F88800FBF7E9
:10516000C4FC40B198F88830242B04D0252B07D1FB
:10517000322388F888303846FBF72CFF03461CE0C2
:10518000162F14BF022620262B781B0705D594F86E
:105190008930113B0F2B98BF08263046BDE8F883B5
:1051A000112F15D005D8072F14D00D2FE3D11A4B8E
:1051B00005E0142FDFD1194B1B68002BC4D02A69DE
:1051C0004946144812799847002886D00646DBE7FE
:1051D000134BF4E7134BF2E794F88A20062A04BF36
:1051E00001226A757CE7104B0A489847AB89DA06BA
:1051F000CAD594F889300A2BC6D10B2384F889309C
:10520000C2E70A4BF0E70A4BEEE70826BCE700BF0F
:105210001C0A0020200A0020515307002012002001
:105220008F53070079520700C14C0700C94D070092
:10523000ED4D0700837D63B9437CA3F11002032A7F
:1052400007D990F8500028B1202B8CBF00200120F6
:10525000704701207047837D63B9037CA3F110027E
:10526000032A07D990F8500028B1202B8CBF0020CA
:10527000012070470120704738B504464878A0F1F6
:105280000E03DBB2092B08D8012140F2512201FAAA
:1052900003F5154203D1082B06D0002038BD224665
:1052A000BDE83840FFF7BDBD636893F88830252B13
:1052B00001D0322BF1D12046FBF7E6FB636893F86F
:1052C0008920262AE9D093F8D9201A21204622F0F5
:1052D000010283F8D920626892F8D93023F00803DC
:1052E00082F8D930F9F7B2FAD7E7A0F10E03002916
:1052F000DBB208BF1F21092B70B5144607D8012562
:1053000040F251269D40354203D1082B06D00020A3
:1053100070BD0021BDE87040FFF783BD556895F86A
:105320008830252B08D12046F9F790FA002385F81C
:10533000883085F8C230EAE7322BE8D195F8893019
:10534000A3F12402062AF1D9322BEFD02A21EAE771
:1053500002464068497890F88830252B0FD0322BD0
:105360000DD0042B0DD00F2B0DD0212B0DD090F88C
:105370008930272B0CBF1720FE20FFF7B6BF162061
:10538000FBE70E20F9E71220F7E71420F5E70246C5
:1053900040680B4690F8D81041F0040180F8D8100E
:1053A00099785878FFF7A1BF10B50C46D1E90401F0
:1053B00002F02EFC94F887304BB104F502742046BD
:1053C00005F050FF2046BDE8104005F080BF10BD3D
:1053D0000020704708B5FBF741FCBDE80840FCF72A
:1053E00091B80022A0F8882080F88C2090F8BB317A
:1053F00013B10221FDF7BCBB0321FBE72DE9F84FF8
:10540000B24F0E468046B989BC688D0504F1780A12
:1054100054BFB4F8B8200023504653BF0132A4F85B
:10542000B83084F8BF31A4F8B820FFF703FF30B1DB
:105430000B4604F5967221465046FCF745FBBB89A6
:1054400003F4C0632BB194F88C30002B46D0032BAF
:105450004BD094F88C20BB89012A04D1180544BF95
:10546000022284F88C20B8F1000F40F09480590695
:1054700057BFB4F8D8214246013292B2A4F8D821DD
:1054800003F00A020A2A0CD13A7D022A09D123F03C
:1054900008033046BB81FFF7E7FD30430823C6B25F
:1054A000BB813046FFF7E0FDBD68304395F80E3113
:1054B000C6B2FE2B3CD1DEBB95F88A30063B012BF1
:1054C00036D995F81831ABB195F81931012202217E
:1054D000A5F8BC6085F81031284628E1012184F840
:1054E0008C102046FDF744FBB3E70223012184F82A
:1054F0008C30F6E795F889B0ABF1100B5FFA8BFBB7
:10550000BBF1100F40F2E680AB6FDA0702D53246EE
:105510000921E1E7980740F1928032460C212846A4
:10552000FFF724FD95F8C93043F0010385F8C93031
:10553000B4F8B83194F8BC510133A4F8B831002D57
:1055400000F0E381F3F7BEFC10B10023A4F8B831FA
:1055500094F88C10012940F20D8294F88A30072BC0
:1055600040F0EB81B4F8B830022B40F20382B4F87B
:10557000BA500135ADB2B4F87E302B44A4F8B03146
:1055800094F8BD31002B00F0F9810123B4F87E209E
:105590001344A4F8B431BB89BD685B0657BFB5F8A6
:1055A000C4310023B5F8B6219B1858BF9BB2A5F8AB
:1055B000C43195F8183123B995F88A30063B012B90
:1055C00006D8B5F8BC30B5F8B6211344A5F8BC3000
:1055D00095F8C21031B1B5F8BE30B5F8B621134414
:1055E000A5F8BE3095F9C620002AC1BFB5F8C43071
:1055F000B5F8B6011B18A5F8C43095F8AB3063B9FF
:10560000B8F1000F40F048827B7D022B40F0FD8115
:1056100095F81031062B18BF162395F8AA2022B949
:105620002B4885F8AB30FBF71BFD2846FFF7D9FE6A
:10563000002384F8BB31BDE8F84FF9F765BC590782
:1056400002D53246132147E71A0706D595F80831E7
:10565000324685F8103107213EE713F0300F59D05C
:1056600095F81B31002B55D195F81A31CBB195F82F
:10567000893005F58D7105F26E22292B24D095F81D
:105680008830A3F12900434243412846FBF762F8E2
:10569000AB6F23F0200343F01003AB67002385F8C2
:1056A0001A31AB6FDB0635D505F5A1712846FBF73E
:1056B0007DF8B5F8523000221521A5F81031B5F863
:1056C0005630A5F8123107E70123DEE71C0A002057
:1056D000200A0020D7F8089099F88930182B32D08A
:1056E00013D8112B20D0162B24D095F88830002BFE
:1056F00067D195F88930103B102B6AD995F8B630F0
:10570000002B66D001221221E6E6202BEDD1324695
:1057100006210BE0B86890F88930262B41D0352B54
:10572000E3D10022112102E032460B214846FFF767
:105730001DFCFDE64846FBF7F3FE00283FF4F8AEFB
:1057400000220421F2E799F86832012B07D1324692
:1057500005214846FFF70AFC89F86862E8E699F8EF
:105760006832022BD9B27FF4E3AE99F8C83053B156
:105770000623324689F810314846FFF7F7FB00232D
:1057800089F86832EAE703210622B048FBF7A7F957
:1057900099F8D830324613F0040F0CBF0D211121B7
:1057A000EAE790F82431022B02D100221721BEE74C
:1057B00090F82431012B98D190F82531002BF4D0AA
:1057C00093E7092B05D195F80931012285F81031AD
:1057D00041E7BBF1100F7FF6ABAEBD6895F888903E
:1057E000B9F1000F7FF4A4AE95F82B313BB1012243
:1057F0000E212846FFF7BAFB85F82B91AEE795F806
:105800002A318BB195F8C93013F003090CD101226C
:105810000C212846FFF7AAFB95F8C930134385F8F9
:10582000C93085F82A9199E795F81A3133B395F87C
:105830001B311BBB95F8893005F58D7105F26E2281
:10584000292B19D095F88830A3F129004342434110
:105850002846FAF77FFF002385F81A310122142128
:105860002846FFF783FBB5F85230A5F81031B5F89C
:105870005630A5F812315BE60123E9E795F82431AB
:10588000012B7FF455AE95F82531002B7FF450AEF7
:1058900095F88930A3F12402062A7FF649AE322B0F
:1058A0003FF446AE95F86800012803D0022801D0E5
:1058B000FFDFFEE795F86910012903D0022901D026
:1058C000FFDFFEE7022895F826210BD0012A14BF3E
:1058D0000022012242B90A3B042B7FF629AE0122A5
:1058E0001621F9E5022AF2E7022995F827210AD0C4
:1058F000012A14BF00220122002AECD000215348C3
:10590000F8F7A4FF14E6022AF3E7F3F7D5FA08B193
:10591000A4F8B851F3F7DEFA00283FF419AE94F872
:10592000BF310133DBB2022B84F8BF3182BF0023C9
:10593000A4F8B83184F8BF310AE694F8B6301BB148
:1059400094F888300F2B15D1B4F8BA505046B4F8FB
:10595000B830ED1A033DFFF76DFC68B1D4F8B030F4
:10596000D4F8AC20033B9B1A9D42A8BF1D46012DD5
:105970003FF700AE0125FEE52B46F5E7012D7FF64A
:1059800004AE94F8893013B10B2B7FF4FEAD94F87C
:105990008830002B7FF4F9AD94F88A30002B7FF427
:1059A000F4AD02297FF4F1AD94F8BF31002B7FF400
:1059B000ECAD2069B4F82E9001F03BFD00283FF4D7
:1059C000E4AD94F80E31FE2B7FF4DFADB4F8B231C4
:1059D000012B7FF6DAADB4F8B821238C9A42BFF4DC
:1059E000D4AD013D9B1AADB29BB2B5FBF9F59D421A
:1059F00028BF1D4605FB09F3003D03F1010318BF55
:105A000001259BB284F8BA51C0E5012B09D195F864
:105A10008B30002B7FF401AE00212846FDF7A8F85B
:105A200006E64EB1F00635D4310735D4B20635D48A
:105A3000B30735D1FFDFFEE751B1B5F8BE10B5F8B9
:105A4000C030994204D32223E7E500BF200A00209A
:105A5000002A05DDB5F8C420B5F8C0309A42F2D26C
:105A6000B5F8BC20B5F8BA309A420AD295F88C2025
:105A7000B5F8B83052B1B5F8BA209A42CCD808235C
:105A8000CBE595F81831002BDDD1EFE7052BC3D915
:105A90003E23C2E51E23C0E53D23BEE52323BCE52E
:105AA0002A23BAE573B55B4B0025012204469860B2
:105AB0001A719D811D705D75FF2380F8BB31B0F8B0
:105AC000B231D3B190F80E31FE2B16D190F81831C7
:105AD0009BB190F88A30063B93420ED990F8193169
:105AE0000221A0F8BC5080F81031FFF73FFA80F88F
:105AF000BA510846FFF750FA03E094F80E01FE2869
:105B0000F8D1B4F8B61104F17806E38D0139B4F890
:105B1000B821304689B2B1FBF3F31344A4F8B8318D
:105B2000B4F8B8300B44A4F8B830FFF783FB20B1C9
:105B3000D4F8AC300B44C4F8AC30B4F8B231002522
:105B4000012B9CBF0133A4F8B23109B184F8BF51D5
:105B500094F8893084F8BA51A3F10A02012A29D8AD
:105B6000B4F87E30B4F86C229B1A19043BD404F2CA
:105B70006E2104F19000FAF735F884F88950FF237C
:105B800084F8C330B4F8B62121463046FAF771F8EC
:105B900094F889302049113B204A0F2B8CBF0023F9
:105BA000012301931E4B00931E4B03C9F3F774F8B6
:105BB00002B070BD292B16D1B4F86C22B4F87E3037
:105BC0009B1A1A040FD484F88950FFF703FA014690
:105BD00030B984F8240102B0BDE87040FFF70EBC74
:105BE00084F82451CEE794F8883003F0FD03292B84
:105BF000C8D1B4F87E30B4F86C229B1A1B04C1D40F
:105C0000002384F88830FFF7E5F901460028B9D170
:105C1000E1E700BF1C0A0020200A0020114D070008
:105C2000FD530700D94C070038B50446084694F8E0
:105C3000683213B10C25284638BD94F88930162BEC
:105C400001D0182BF6D194F8883203F0FF05002B11
:105C5000F0D178B194F8D6310BB9FFDFFEE7052318
:105C600004F1F00204F5E37106F0C9F9012384F8A8
:105C70006832E0E70223FAE7D0F87432826993428F
:105C800010B5044604D1D0F87812026A914215D0BA
:105C9000228804F28D100F49A4F8972140F2E242C5
:105CA000B3FBF2F3A4F89931B4F87832A4F89B313D
:105CB000B4F87A32A4F89D31FAF7D6FC02212046D6
:105CC000F9F7A2FE002384F88930032384F88C308E
:105CD00010BD00BF0712070008B5FBF737F8024BED
:105CE000024A1A6008BD00BF20120020BD4E070006
:105CF000FBF758B8F7B50123104E33700023CDE9F8
:105D00000033684601F0C0FE044618B1002333702A
:105D100003B0F0BD009D95F88730002BF1D005F55C
:105D2000EC77384605F09EFA384605F0D0FA05F5CE
:105D3000D87085F88740FCF795F8E2E7340A002030
:105D4000074B10B553F820400846F0F75DFD4FF4BF
:105D50007A7304F585640444B4FBF3F0C83010BDD5
:105D600060CB050010B5044690F8691090F8680003
:105D7000FFF7E6FF002201462046BDE81040FAF793
:105D8000C4BD00002DE9F04705460C46164691F8C3
:105D900088801F4623B100220121204600F08EFF9B
:105DA00094F88730032B69D8DFE803F002645A6463
:105DB0000EB9FFDFFEE74FF0000A01232046D1466F
:105DC00084F88730FFF7CEFF00262046D4E96C32F6
:105DD00019EB030342F10002C4E96C322E70C5E9ED
:105DE000043294F888300B3BDBB21E2B9EBF2E4E44
:105DF000DE4006F0010600F0B7FF30B1002E3FD1C3
:105E000094F88700012818BF02200423287204F1A7
:105E100030006B72FAF79AFC6860002F42D0A8F14C
:105E20000D08B8F1010F3DD951462846F9F720FD7C
:105E30001FFA80F8204600F097FF07464EBB8045CA
:105E400027D309FB00F12E72D4E96C325B1842F1C2
:105E50000002C5E90432B9F1000F13D1FFDFFEE7FC
:105E6000D4F82032D4F808A20AEB0309032384F8FB
:105E70008730A9E7D4F81890CA46A5E7FFDFFEE708
:105E80000020C2E751462846F9F7F2FC07441FFA02
:105E900087F801224146204600F010FFD5E904238F
:105EA000C4E96C23BDE8F0870500004010B586B05A
:105EB000044613460A4601466846FFF763FF6946F3
:105EC00004F5EC7005F06EF908B9FFDFFEE7B4F8F1
:105ED0007E300133A4F87E3006B010BDF8B504461C
:105EE00008B9FFDFFEE7052952D8DFE801F0034BD0
:105EF000413D514790F887300BB9FFDFFEE700F0D6
:105F00000BFE002846D0244F94F8691094F86800DE
:105F1000FFF716FF7B78A5691BB9236B9D4228BF4D
:105F20001D4604F13000FAF711FC00F129060220A9
:105F3000AD1B04F0A1F9022125EAE575854228BFD1
:105F40000546284604F0BFF910B12E4404F0ADF820
:105F5000002331462046AC22FAF7CAFC7860A069DB
:105F6000BDE8F84004F09FB8BDE8F840F0F778BB12
:105F700001220021BDE8F840FFF798BFBDE8F840D6
:105F8000F2F792BF90F88730042B03D0FFDFFEE7D3
:105F9000FFDFFEE7F8BD00BF340A0020024B0022FD
:105FA000C3E90022FFF7A6BE340A0020FFF7A2BE15
:105FB000014B5870704700BF340A0020C0F8B81178
:105FC0007047826940F23B11006B904208B528BFD0
:105FD0001046FAF7A3FC40F64803984228BF18463B
:105FE00080B208BD024608B9FFDFFEE790F88730AF
:105FF0000BB1FFDFFEE7024900F5EC7005F0CCB80D
:10600000DD5E070010B5044686B008B9FFDFFEE785
:1060100090F8872002F0FF030AB1FFDFFEE7014698
:1060200001226846FFF7AEFE694604F5EC7005F004
:10603000B9F808B9FFDFFEE706B010BD08B5F0F704
:1060400027F8044B5A6882422ABF1878002080F053
:10605000010008BD340A002013B5044604294BD8BA
:10606000DFE801F00316121B4500244B1B7803F0F8
:10607000FF024BB90121FFF719FFF0F7BBF902B09E
:10608000BDE8104005F078B8042384F88730F4E7C1
:10609000032384F8873002B010BD8369D0F824222E
:1060A000C0F8083240F2E2438261ADF80430D0F823
:1060B00020328362B0F81E328385D0F82832036222
:1060C00041F64B539A428CBF0023012380F876306F
:1060D000C38D00F5D8705343009302AB13E906005B
:1060E000FBF7A2FE2046FFF73DFE0223D1E702B0F8
:1060F000BDE81040FFF736BEFFDFFEE7340A0020A0
:10610000174B30B51C895A6804431C8100F0030406
:10611000032C01D1FFDFFEE7C50748BFD960840724
:1061200006D5096809780629197406D00B2910D0FC
:10613000820644BF08225A7430BD92F888101D2987
:10614000F6D1002400250121C2E93A4582F88E10DB
:10615000EEE792F888101329EAD10021F6E700BF94
:106160003C0A00200D4A0146507C90B90129536831
:1061700006D1B3F858209B8F9A420DD8FFF75EBF27
:106180001289520707D593F88A00063818BF0120F4
:106190007047002070470120704700BF3C0A002074
:1061A000436893F810212AB1002283F8882083F8ED
:1061B000C220704783F88920FAF780BC436893F8BF
:1061C0008820032A05D1002283F8C22083F8882082
:1061D0007047FAF773BCA1F11203012B0AD910B969
:1061E000192902D87047122906D91F298CBF00200F
:1061F00001207047012070470020704738B590F8A3
:10620000883004460D3B012B2AD8B0F87E30B0F818
:106210001C2201339BB29A4222D1038840F2E2420F
:1062200000251049A0F8973100F28D10D0F8973072
:106230004572B3FBF2F38381B0F89B30C381B0F8B1
:106240009D300382FAF710FA84F82C52022120467E
:10625000F9F723FC03212046FFF7FEFE84F888505F
:1062600038BD00BF071207001D4B70B55C6894F87D
:106270001A220AB994F8682094F81B320BB994F8E2
:10628000693084F8682084F86930FF2384F86A3024
:1062900004F1300600211248F8F7D8FA3046FAF730
:1062A00055FA04F5A17105462046FAF77FFA204613
:1062B0000421FFF7D1FE3046FAF748FA854204463A
:1062C0000BD204F02FF80146601B192838BF1920A3
:1062D00003F0F9FF10B103F0E8FE012070BD00BF2C
:1062E0003C0A002038B5142853680D46144693F82C
:1062F00088300CD016281AD0122831D1052B14D191
:10630000002220461146BDE83840FBF789BB213BFF
:10631000022B0AD81046FAF7B7FB35B1626892F83B
:10632000D83023F0200382F8D830002038BD242B49
:10633000FBD11046FAF7A8FB6DB1626892F8D9302C
:1063400023F0010382F8D930626892F8D93023F043
:10635000080382F8D9301A212046F8F777FAE4E7E3
:10636000FFDFFEE702464878162807D84FF4A80357
:10637000C340DB0702D50121FFF7B4BF00207047FF
:10638000002908BF1F21142838B504D008D80328D5
:106390000CD0122808D10021BDE83840FFF7A2BF79
:1063A0001628F8D0FE2827D0002038BD546894F86D
:1063B00088301A2B01D0142B1ED194F8C830DBB9C9
:1063C00084F8C73084F8C23094F8A73103F0FF0591
:1063D0000BB1FFDFFEE7238884F8A811A4F8A931E8
:1063E00084F8AB5184F85E52044904F29F10FAF726
:1063F00007F984F88850D7E70220D6E76D14070024
:1064000043680246497893F88830A3F110001028B9
:1064100009D9212B09D0052B09D0242B0CBF16201C
:10642000FE20FFF7ADBF0320FBE71420F9E71220A1
:10643000F7E7024640680B4690F8D81041F0040197
:1064400080F8D81099785878FFF79ABF2DE9F7436C
:106450009F4F0E46804639897C68880504F178058F
:1064600054BFB4F8B820002228465CBF013292B273
:10647000A4F8B820FEF7EFFE30B10B4604F5967293
:1064800021462846FBF720FB3B8903F4C06343B158
:1064900094F88C302BB90121204684F88C10FFF73A
:1064A000DBFDB8F1000F40F0E380002E40F0E0800B
:1064B0003B897D68590707D595F88A20062A02BFCF
:1064C000012285F88A60BA749A0710D5387C0123B6
:1064D000072885F80F3107D011281DD0FAF784FD61
:1064E000034610B9FFDFFEE77A4B794898473B89AE
:1064F0001B074AD57B6893F80E21012A0ED0032A88
:106500001CD0AAB9B3F87E10B3F81C02091A0C0407
:106510000ED483F82C220BE06F4BE6E7B3F87E2015
:10652000B3F81612521A100402D4002283F88820FD
:1065300093F80E21FE2A11D1FFDFFEE793F88820A1
:10654000143AD2B2092A05D840F2412121FA02F2C6
:10655000D107EDD4002283F85E22DCE7FE2283F827
:106560000E2193F888200D2A2FD0292A2FD00B2A0C
:1065700002D10C2283F8882093F88A20072A01BFD1
:106580000222BA74002283F88A203B89DA0732D5C6
:10659000FA687B68166893F8881093F8C800347816
:1065A000FFF719FE28B1112C50D84C4BE340DB0704
:1065B0004CD511792046F9F7F7FD50B9FB68314603
:1065C00043481A79FAF7D5FA14E00E22D2E72A22C4
:1065D000D0E70D2C34D0112C34D0072C34D02046E9
:1065E000FAF7EEFC03460028E8D0FA68314638484E
:1065F0001279984706467B7C1C0708D595F88810C9
:1066000095F8C800FFF7E7FD002818BF08262846C0
:10661000FFF7F4FD7C6894F80E31FE2B28D194F836
:106620008A30063B012B23D994F8183103F0FF027E
:1066300073B10023A4F8BC300223A4F80E3117E094
:10664000274BD2E7274BD0E7274BCEE70826D2E7E8
:1066500094F88830002B49D194F8B620002A51D004
:106660001222A4F8BE30A4F80E21012384F8C2300F
:106670007C6894F8183123B994F88A30063B012BD2
:1066800004D8B4F8BC300133A4F8BC3094F8C2107C
:1066900021B1B4F8BE300133A4F8BE3094F9C6205D
:1066A00022B1B4F8C4300133A4F8C430B8F1000FFB
:1066B00040F02982BB7C022B00F02182012B40F0AC
:1066C000CF8194F88B30002B40F0DD810021E5E193
:1066D0003C0A0020BD610700A16107007428020088
:1066E0000164070033640700656307001D2B31D088
:1066F00015D8122B28D0132B20D0032B2CD0103BD5
:10670000102BB5D994F88930042B31D8BBB3023B98
:10671000022B00F28680DFE803F09379EC00282B4F
:1067200020D0352BEBD11123A4F8BE2084F888208B
:10673000A4F80E31012384F8103199E70B23A4F853
:106740000E31A4F8BE2090E7D4F83032C4F80031FE
:106750000323F4E70623F2E794F8093184F81031B3
:1067600007236AE71823A4F8BE20A4F80E317FE7B8
:10677000262B00F0A68040D8223B012B67D994F845
:106780000E31FE2B7FF474AF7D6895F80E31FE2B31
:1067900000F0B18094F88830002B7FF469AF94F852
:1067A0001532002B3FF464AF94F88900FAF79DF995
:1067B000054600287FF45CAFB4F87E300A2B7FF6E4
:1067C00057AF6846F9F7AEF900283FF451AF0522FC
:1067D00004F19101684605F069FD002800F03D8153
:1067E0009DF80430009884F814320123C4F8100294
:1067F000A4F80E3184F815523AE7352BBFD1112396
:10680000A4F80E31002384F810311DE094F808310B
:1068100084F810310723A4F80E31002384F889305E
:10682000ADE70C230022A4F80E3194F8C930A4F887
:10683000C42043F0010384F8892084F8C9309EE71E
:106840001323A4F80E310023A4F8C430E6E794F82B
:106850001B31002B93D194F81A31BBB194F88930D5
:1068600004F58D7104F21A22292B28D094F888306F
:10687000293B012B8CBF002301232046F9F76AFF37
:10688000232384F88930002384F81A3194F889305E
:10689000232B7FF474AF04F5A1712046F9F786FF2E
:1068A000B4F85230A4F81031B4F85630A4F81231CC
:1068B0001523A4F80E310023A4F8C4305FE70123A8
:1068C000DBE794F82431012B0ED094F82431022B0D
:1068D0007FF455AF226ED4F826118E48F8F798F859
:1068E0001823A4F80E314AE794F82531002BECD197
:1068F000F0E70923F5E795F88830002B7FF44AAFDD
:1069000095F82C3283B195F88900FAF7EEF858B96A
:1069100095F88930342B07D0A5F80E0194F80E3184
:10692000FE2B7FF4A5AE35E795F85E3203F0FF024B
:10693000B3B195F88D304BB195F88E300BB9FFDFC0
:10694000FEE70A23A5F80E31002306E0D5F8302231
:10695000C5F800210322A5F80E21A5F8BE3007E0F6
:1069600095F82B3143B10823A5F8BE20A5F80E31C8
:10697000012385F8C230D1E795F82A3173B195F833
:10698000C93013F00302C9D10C2143F00103A5F86B
:106990000E1185F8C93085F82A21BFE795F81A311C
:1069A0001BB395F81B3103BB95F8893005F58D7144
:1069B00005F21A22292B16D095F88830293B012B95
:1069C0008CBF002301232846F9F7C4FE002385F875
:1069D0001A31B5F85220A5F81021B5F85620A5F8BF
:1069E00012211422B7E70123EDE795F82431012B9A
:1069F00094D195F82531002B90D195F88900FAF7BC
:106A000074F800288AD195F86810012903D002296A
:106A100001D0FFDFFEE795F86920012A03D0022AA2
:106A200001D0FFDFFEE7022995F8263106D0012BC1
:106A300014BF002301231BB9162383E7022BF7E7BA
:106A4000022A95F8273106D0012BF5D100213148D3
:106A5000F7F7FCFE62E7022BF7E784F81502CBE6B6
:106A60004EB1F0064DD431074DD4B2074DD1B30627
:106A70004DD4FFDFFEE7C9B1B4F8BE10B4F8C030A2
:106A8000994213D9222384F8AB302248FAF7E8FA66
:106A900000230221A4F8883084F88C302046FFF7C8
:106AA000DBFA03B0BDE8F043F8F72EBA2AB1B4F828
:106AB000C420B4F8C0309A42E4D8B4F8BC20B4F88A
:106AC000BA309A420FD2B4F8BC20B4F8C0309A421F
:106AD000D8D294F88C20B4F8B8304AB9052B7FF698
:106AE000F5AD3E23CFE794F81831002BCAD1EAE781
:106AF000B4F8BA209A423FF6E9AD0823C3E716235B
:106B0000C1E71E23BFE73D23BDE72A23BBE72323BD
:106B1000B9E700BF3C0A00207FB590F88920002328
:106B2000514D0446292A2E462B7068602B816B74C8
:106B3000AB7412D1B0F81812B0F87E20521A1104BA
:106B40000BD480F88930FFF78FFBB0B900210846DD
:106B5000FFF77CFC002004B070BD94F88830293B1E
:106B6000022B0AD8B4F81822B4F87E309B1A1A0403
:106B700003D4002384F88830E5E794F888300B3B91
:106B8000012B16D8B4F87E30B4F816229B1A1B04D9
:106B90000FD404F5047104F19000F9F723F894F888
:106BA00088300C2B04BF002384F88830FF2384F83E
:106BB000C330B4F80022214604F17800013292B2C9
:106BC000F9F757F80023A4F8003294F8C2302BB13B
:106BD000B4F8BE20B4F8C0309A42B7D294F9C630A7
:106BE0002BB1B4F8C420B4F8C0309A42AED2B4F895
:106BF000BA20B4F8BC309342A8D294F88C10B4F800
:106C0000B83059B9052BA1D894F80E41FE2C19D0F3
:106C100003A8F8F751F920B9FFDFFEE79A42F3D84D
:106C200094E722220021039805F050FB03992246A5
:106C30000D4801F8034FFAF7CDF8F8F749F908B90C
:106C4000FFDFFEE76B68094A93F8881093F8C800E5
:106C5000FFF7C1FA064B01900093064B96E803003C
:106C6000F2F71AF8012076E73C0A002001610700DC
:106C70004D6407006561070038B50C46D1E9040191
:106C800000F0C6FF94F887303BB104F5EC75284658
:106C900004F0E8FA284604F01AFB04F5D8742046FC
:106CA000FBF7D2F820B12046BDE83840FBF7DAB850
:106CB00038BD00207047F9F771BF0000F8B5B0F893
:106CC000003200F1780704460D460B441646A0F842
:106CD0000032B0F8B8300B44A0F8B8303846FEF7B0
:106CE000BAFAA0B1D4F8AC3038460B442146C4F807
:106CF000AC30FAF7D9FED4E92B239A4207D300230C
:106D0000164904F23910C4F8AC30F9F7ADFC94F828
:106D1000C23023B1B4F8BE302B44A4F8BE3094F98D
:106D2000C63023B1B4F8C4302B44A4F8C43094F86E
:106D3000183123B994F88A30063B012B04D8B4F8F3
:106D4000BC302B44A4F8BC302046FFF757FA26B1DC
:106D5000B4F87E301D44A4F87E50F8BD111A070027
:106D6000F9F7DCBFFAF706B810B590F88C200146A9
:106D7000B0F8B830D2B9C3F1020491F8B6301BB103
:106D800091F88830052B16D101F17800FEF763FAEF
:106D900098B1D1F8B030D1F8AC00043B181AA04239
:106DA000A8BF204620EAE07080B210BDB0F8BA401B
:106DB000E41A043CE1E70020F1E72046EFE7000099
:106DC000074B93F900301844142804DC10F17F0FAE
:106DD00003DB40B27047142070476FF07E007047AD
:106DE0004F0A0020084B1B785B425BB21844142802
:106DF00004DC10F17F0F03DB40B2704714207047B2
:106E00006FF07E00704700BF4F0A002008B5EFF713
:106E100017FABDE80840FFF7D3BF00007F2307B58E
:106E20000DF107008DF80730EFF7E8FB03469DF9F9
:106E3000070053B1094B5B785B425BB218441428DE
:106E400006DC10F17F0F05DB40B203B05DF804FBF8
:106E50001420FAE76FF07E00F7E700BF4F0A00202A
:106E6000024B00221A705A70704700BF4F0A002070
:106E7000054B00221B78826001330260034A4260A6
:106E8000C371FF2303727047540A00207001080089
:106E9000064A074B02604FF418729B7882800822E2
:106EA000C371002382710372704700BF796C0700C1
:106EB000540A0020064A074B02604FF42672DB7822
:106EC00082800822C371002382710372704700BF61
:106ED000A9530700540A0020064A074B02604FF4EA
:106EE000AC72DB7A82800822C371FF238271037245
:106EF000704700BFB7430700540A0020094B07B58D
:106F00001A896846ADF80020DA889B88ADF804201D
:106F1000ADF80230F7F760FA08B1FFDFFEE703B023
:106F20005DF804FB540A0020F8B5C31D002806468E
:106F300023F007040CBF0020204600F039FC071E98
:106F400002DA6FF00B00F8BD394DE988A8880331EB
:106F50006B7A03302A7A89B280B200F0F3FD002800
:106F6000EFDBEB78002EA978194404EB070303F15B
:106F7000030300FB01F108BF002023F0030418BF46
:106F8000204600F0F3FD23180EB9002BD9DBE97A77
:106F90001C4679B10333002EAA8923F003040CBFE9
:106FA0000020204600F090FE0028CADB04440EB901
:106FB000002CC6DB012000F0F1FBA8B1A97B99B140
:106FC0002B7C23B340234FF481720734002E24F02E
:106FD00007040CBF00202046F4F70EFA0028B0DBAF
:106FE00004440EB9002CACDBAB7AD3B1EB7A8BB195
:106FF0000734002EA97A24F007040CBF0020204695
:10700000FAF7AEFE00289CDB76B100209BE7252333
:107010002822DAE7012000F0C1FB10B1AB7B002B86
:10702000E6D1002EF1D101E024188AD420468AE767
:10703000540A002010B5044604F0C6FE10B94FF003
:10704000FF3010BD02F07EFFB0F5FA7FF7D80E4B8F
:1070500000221A76023303F8022C9A730B4AC3F803
:10706000124002F10C0152F8040B8A4243F8040B5F
:10707000F9D112881A80EFF3108472B601F022F968
:1070800004B962B60020DCE7540A0020C2CD050036
:1070900038B5144600284CD1274D2B7E032B45D004
:1070A00071B112B96FF0150038BD0139062940D809
:1070B000DFE801F0041316282B3437001378AB7087
:1070C0000020FFF731FF0028B7BF012302236FF034
:1070D0000B002B76A8BF2B76E6E71378EB70EFE773
:1070E0001379002BDED05379002BDBD013881A2BB9
:1070F000D8D953881A2BD5D9136892886B600F4B57
:107100009A80DDE71378EB72DAE7012000F046FBA6
:10711000237808B1012BC5D9AB73D1E71388AB81B4
:10712000CEE71388FF2BBDD8AB72C9E74FF0FF3015
:10713000BAE76FF02C00B7E7540A0020580A002085
:10714000F8B50D46064620B319B311F0070420D157
:10715000114F3B7E012B02D16FF00B00F8BD032BCA
:1071600002D14FF0FF30F9E700F070F80028F8D0B6
:107170002846FFF7D9FE0028EEDBEEF7C8FC3046C4
:107180002146F7F789FAFFF7B9FE032320463B763D
:10719000E4E76FF01500E1E7540A002010B5064C53
:1071A000237E032B03D1F7F78DFAF9F72FF901F0BE
:1071B000ADF80020207610BD540A002008B5F7F77E
:1071C00015FA03490320BDE8084000F0DFBA00BF0C
:1071D000D96E070008B5F7F71FFA03490220BDE88A
:1071E000084000F0D3BA00BFB56E070008B5F7F746
:1071F00033FA0649012000F0C9FA0549002000F0E1
:10720000C5FA044B01221A7408BD00BF716E070055
:10721000916E0700540A0020F7F734B9F7F724B944
:10722000F7F741B9F7F742B9F7F742B9F7F738B9C5
:1072300002680020014B1A60704700BF700A0020EE
:10724000014B1B68184700BF700A0020024B1868EA
:10725000003818BF01207047700A00200A8870B5F6
:1072600095B2C67CC2F30E020488023602F11803FE
:107270003444C35AA4B233442344013BB3FBF4F374
:1072800003FB0422438892B29342044B8BBF2B40F2
:10729000AB4313439BB20B8070BD00BF0080FFFF68
:1072A000F8B5941C0E46054617460C446343B3F5E7
:1072B000004FA8BF4FF0FF3310F0030101D0FFDFF4
:1072C000FEE79CB2B4F5004F01D9FFDFFEE71422C0
:1072D000043004F0FBFFEF746C802E80F8BD03884F
:1072E0008B4210B501D2FFDFFEE7C388048983EA31
:1072F0000402C2F30E020AB9A34207D1C3F30E037C
:1073000001221833C1528274184410BD1046FCE7A4
:10731000023101444A43B2F5004FA8BF4FF0FF329B
:1073200090B21B3020F00300B0F5004F34BF00B224
:107330004FF0FF30704740881B3020F00300B0F55D
:10734000004F34BF00B24FF0FF3080B2704738B505
:1073500003888B4201D2FFDFFEE7857C65B1C388DD
:10736000C3F30E031833C25A8A4207D3C152811D98
:10737000FFF774FF00238374284638BD0025FBE720
:1073800003461830F0B59E88DD88B4B2C6F30E0609
:10739000A54214D05F89DD7C845B3D44E41B02354B
:1073A000A4B2354428440D88A54284BF0C802546EC
:1073B0005989B1FA81F149091170DD81F0BD0025CB
:1073C0002846FAE7F8B582880026C38904460D46A8
:1073D00092B20E60B3B14189C2F30E020B4418326F
:1073E0009BB28718825A4381934201D9FFDFFEE79F
:1073F00004D1011DFFF732FF46812F6000230120D9
:10740000E381F8BD1846FCE701898388C1F30E02C9
:107410009BB218321044994208BF002070478388FD
:10742000014602899BB29A4202D00831FFF716BF8B
:1074300070478388C0889BB2C31A5842584170472E
:10744000828873B595B2C488C2F30E02AC4202F1D1
:10745000180212D04189C689835A314499420EDB01
:107460000DF10601ADF80650FFF7F8FEBDF8060075
:10747000001B18BF012002B070BD0020FBE70120F7
:10748000F9E770B5C488034606891830C4F30E05C1
:1074900084EA0602C2F30E020AB9B4420FD19C89F3
:1074A0001A880CB1465B921B914207DCDA7C2C44B3
:1074B0000232224410440A461A8270BD002210464D
:1074C000FAE7F8B5038A002B35D08B4233D3C48852
:1074D00000F118038589C4F30E041E1995B91D55D2
:1074E000757085891E5B0D443144ADB28581195399
:1074F000BAB1811DFFF7B2FE00238381002303820E
:107500000120F8BD1E5BAE4201D0FFDFFEE7C57C67
:107510002644878A023535445E195F53857DB570F0
:10752000DFE7C27C254402322A4499189B5A8382A1
:107530008B788375E2E70020E3E78388C2889BB2FB
:107540009A4206D0428922B9C3F30E031833184475
:10755000704700207047C37C0233C8187047C37C53
:107560000233C81A70470230704738B58388C28822
:107570009BB29A4207D045892DB9011DFFF76EFED7
:10758000C581012038BD0020FCE7002383810382F0
:10759000704703881380C388C3F30E031833034472
:1075A00080890B60704700004A1E03460846062A81
:1075B00001D8FFDFFEE7094A914201D9FFDFFEE76C
:1075C00011B94BB1196070472BB11B680022C3E998
:1075D00001211A1D1A600430704700BFFAFFFF7FB7
:1075E0000368002223B9C0E90132031D036070471C
:1075F00059681B680A44F5E70729034670B501D8A6
:10760000FFDFFEE70068C0B1446806461A688C4296
:1076100010D0106860B901F10805AC420DD3546870
:1076200050501868651A541800686560505002E0A0
:107630001346E9E7146830461C6070BD0023C1E9B9
:10764000003203680B600160704730B545880488DC
:107650002C441D44A24298BFA41AAA4201D2FFDFC3
:10766000FEE723449A4201D2FFDFFEE7081930BD4E
:1076700070B54688048834441E44A24298BFA41AB8
:10768000B24201D2FFDFFEE723449A4201D2FFDF7C
:10769000FEE74680081970BD30B504884588E41AB5
:1076A0001D44A4B2944224BFA418A4B295420480FD
:1076B00001D9FFDFFEE72344934201DDFFDFFEE750
:1076C0004580081930BD70B504460088C618B5B2AB
:1076D000954224BFAD1AADB2258065889D4201D286
:1076E000FFDFFEE7964201D9FFDFFEE7ED1A08440F
:1076F000658070BD30B590B18478B1FBF4F304FBC4
:10770000131300EB430252898A4201D1D8B230BD33
:10771000C27822B900F10803D0B2844201D8FF2018
:10772000F5E733F8025F01328D42F5D1EFE7827859
:10773000038805324B4303EB4203184470470000B3
:1077400010B5114B00EB41041A786389B3FBF2F3D7
:1077500003FB0223013A1A44B2F5706F0279807874
:1077600028BF00231A440B18B2FBF0F100FB1121D3
:107770005B1AB3FBF0F100FB113313446FEA434390
:107780006FEA5343638110BD740A0020024B03EB80
:1077900080035960704700BF740A0020034B03EB5D
:1077A00080035868003818BF01207047740A002011
:1077B0002DE9F04F10F0070985B0044601D0FFDF36
:1077C000FEE7564E824606F12805A8462F46336846
:1077D0008DF80B903BB101A898479DF80A30082B13
:1077E00001D9FFDFFEE79DF80B0038BB04B128602C
:1077F000043604354645EAD1002C76D00022DFF865
:1078000020810926964688F8002057F82690013EE8
:10781000B9F1000F5CD099F8045099F802C0FF2D1F
:1078200068D031460023481C3FD19C44BCF1FF0F77
:1078300046D90AB188F800E0FFDFFEE79DF80AC0EC
:10784000BDF80810CCF10003614401391940B1F5CD
:10785000803F01D3FFDFFEE7BCF1020F00F105031B
:1078600038BF4FF0020C5A000AEB43030CF1FF3E05
:10787000CCF1000C734403EA0C039CB19A1A4FF04C
:10788000010C2A609070118082F803C09DF80CC032
:1078900082F804C0DDF804C04FEA1C4EA2F808C00C
:1078A000A2F806E001FB003AA2E757F8210028B150
:1078B00090F804B0AB4504BF80781B180139B2E7DB
:1078C000DBB2E64589F804303CBF5FFA8CFE01224A
:1078D000731C9AD10AB188F800E0092540F6FF69C7
:1078E00057F82560BEB9013DFAD2AAEB040005B0F5
:1078F000BDE8F08F0023E4E706EB410308F101083F
:107900003046A3F80A90FFF71BFF5FFA88F1B378BF
:107910008B42F1D8E7E74FF00008F6E7780A00203D
:10792000740A0020034B03EB8003D86A00B180780F
:10793000704700BF740A00204FF6FF73024630B450
:107940000380164B03EB8103D86AA8B184780379CE
:10795000B3FBF4F104FB1133DBB2194600EB410534
:10796000B5F90A50002D0CDB0131B1FBF4F504FB35
:107970001511C9B28B42F1D1002030BC7047FFDF36
:10798000FEE700EB41046389C3F30E031380C27862
:10799000002AF4D0638130BCFFF7C9BE740A00200E
:1079A0001B4B03EB810370B5DC6A05462CB3030463
:1079B00001D5FFDFFEE701462046FFF79BFEFF28CB
:1079C000014604D02046BDE87040FFF7B0BEA07865
:1079D000B5FBF0F300FB1353DBB219460A1D04EBB1
:1079E0004206B6F90260002E09DB0131B1FBF0F26C
:1079F00000FB1211C9B28B42F0D1002070BD8B4246
:107A000001D00023E37004EB42025580DAE700BFA7
:107A1000740A0020094B03EB8103014610B5DC6AB0
:107A20002046FFF767FEFF28014604D02046BDE848
:107A30001040FFF77CBE002010BD00BF740A00207C
:107A4000F8B5104B074603EB81030146DC6A20467C
:107A5000FFF750FEFF28054611D0E288238953EA3C
:107A6000024606D001462046FFF761FE0146384631
:107A7000B04720462946FFF763FE0020F8BD0520E9
:107A8000FCE700BF740A002038B50E4B044682792B
:107A900003EB8203D86A08B9052038BD8278E17902
:107AA0009142F9D24B1CE37100EB41035D89B3F9BC
:107AB0000A30002BF3DBA580FFF739FE20600020A1
:107AC000EBE700BF740A002037B500240546CDE976
:107AD00000448DF806006846FFF7D6FF22460134C1
:107AE0000028F8D02846FFF71DFF801AC0B203B067
:107AF00030BD37B500240546CDE900448DF80600B9
:107B00006846ADF80440FFF7BFFFBDF8044008B178
:107B100003B030BD29462046FFF792FF0028EFD082
:107B2000FFDFFEE708B5064B03EB81030146D86A89
:107B3000FFF7E0FDFF2801D1FFDFFEE708BD00BF32
:107B4000740A002070B51E460D460A21FFF7E0FBBF
:107B50000446324609212846FFF7DAFB40EA0403CF
:107B60001B0454BF00194FF0FF3070BD70B50446C0
:107B700010F003000E4601D0FFDFFEE7FFF714FD13
:107B8000054624B1034831460460FFF70DFD284641
:107B900070BD00BFC80A00202DE9F14FDFF86CB0BE
:107BA0001E4607460D46DBF8003090469DF828A09B
:107BB0009DF82C900BB9FFDFFEE752460A214046A4
:107BC000FFF7A6FB4A4684B209213046FFF7A0FB27
:107BD00081B2DBF800002144FFF70EFD386018B9D0
:107BE000286001B0BDE8F08F0444534641460A22A4
:107BF0002C603868FFF754FB4B4609223146286851
:107C000001B0BDE8F04FFFF74BBB00BFC80A002032
:107C100070B50E460446FFF78EFB05463046FFF76B
:107C20008AFB044B2A1821461868BDE87040FFF70C
:107C300005BD00BFC80A0020024B186808B1FFF755
:107C4000CFBC7047C80A0020D31D23F0070370B5CE
:107C5000083380B110F0070401D0FFDFFEE70460B5
:107C60004FF6FF75C28000F108040A468180013A90
:107C700092B2AA4203D103FB01F0083070BD06683E
:107C8000266004601C44F2E718B1C2888188FFF7BF
:107C9000DBBF70470346EFF3108272B6006830B165
:107CA000016819600023037043708370C37002B9C8
:107CB00062B67047EFF3108372B602680A60016023
:107CC00003B962B6704700001F2A1346F0B5044698
:107CD0000BD89200033222F00300B0F5803F2CD283
:107CE000A4B1A3070ED0FFDFFEE7FF2B4FEA42024D
:107CF00004D9FF339A42A8BF1A46EBE77C2AB8BFE3
:107D00007C22E7E70E4B19705C601881282322F073
:107D100003020025012703FB01F01204084B120C9B
:107D20005B68EEB2B14200D8F0BD14B126181F70E6
:107D30005E60104401352833F3E74FF0FF30F3E77E
:107D4000CC0A0020144A002170B553681578C8B2D7
:107D5000854201D8FFDFFEE71C461846013114F8C2
:107D6000286B0EB92346F2E700219970012412898D
:107D7000996103F126055C709208D96103F11E0434
:107D8000596824F8022FA54243F8041F1144F8D182
:107D900000234361037070BDCC0A002001230370EF
:107DA000704700000A4B1B89B3F5FF7F4FEA930031
:107DB00006D25A089B1A9BB2984238BF18467047A1
:107DC000B3F5EE6F01D8FF22F4E740F27263F3E7F8
:107DD000CC0A00204B782DE9F04106460C4602F013
:107DE000040702F0FB05E3B1A5BBFF23A3707B08EA
:107DF00004EB57073A7D032A02D1022D18BF013345
:107E0000E2180121117503F10C01002204EB830338
:107E100024F811205B68A27030463360B280BDE860
:107E2000F081002DE1D1012301F11E028D61204678
:107E30004B7004F1260C1A4BCD611B8949689B08D5
:107E400022F8023F944540F8041F1944F8D100235A
:107E50006361CAE7D1F8048014220021A018617080
:107E600004F034FA0E4B1B89B3F5FF7F0FD25A088A
:107E70009B1A9BB208EB0301C4F804802384A16021
:107E80006284C4F80C80A3842161E284ADE7B3F579
:107E9000EE6F4FF0FF02EBD940F27263EAE700BFEA
:107EA000CC0A0020F8B50C46054611461E4684F063
:107EB00001046400E4B2FF23837003191B7D012BCE
:107EC00005D00134E4B203191B7D012B0AD105EB67
:107ED00044073B8B3A8C9819904205DD00232C44D3
:107EE0003B8323750020F8BD05EB840432466068AF
:107EF000184404F039FA3B8B1E443E830023AB70D8
:107F00000120F0E781F00101490010B5C9B2FF235B
:107F1000837043181C7D012C07D10C3120F81120EF
:107F200002221A750023837010BD0131C9B24318B3
:107F30001C7D012CF1D0FFDFFEE7024630B58378CF
:107F400003F0FF00F3B9137D022B19D0537D022BF0
:107F500015D10346012089B10024D5180C332C75A6
:107F600022F81340131803241C7502EB80035B688E
:107F70000B6000F10C0332F813308B80012030BD10
:107F80000123E8E70020FAE7034630B5827802F0E3
:107F9000FF00E2B99A7D022A17D0DC7D022C13D1B2
:107FA000032281B11D1900200C34287523F8140018
:107FB00098180324047503EB82000C32406833F8F0
:107FC000123008608B80012030BD0324E9E70020D7
:107FD000FAE7037D012B01D1008B7047437D012B14
:107FE0000CBF408B00207047837D012B01D1808B1B
:107FF0007047C37D012B0CBFC08B00207047038BE3
:1080000023B9408B003818BF01207047012070470A
:10801000838B23B9C08B003818BF01207047012023
:108020007047027D022A01D1008B7047437D022BED
:1080300001D1408B7047032AF6D0032BF9D00020E2
:108040007047827D022A01D1808B7047C37D022B4D
:1080500001D1C08B7047032AF6D0032BF9D0002042
:10806000704730B503B930BD013BDBB2CC5CD55CA9
:108070006C40C454F6E701390244002310B5904225
:1080800000D110BD11F8014F43EA440300F8013B51
:108090000B78DB09F3E704287FB509D101230591AB
:1080A00001A800218DF80430ADF80830E2F79AFFFE
:1080B00007B05DF804FB0000104B2DE9F0410646C7
:1080C00093F800805D680027FCB2A04501D800202D
:1080D0000FE0AA7BB37B9A420DD1EA7BF37B9A42F5
:1080E00009D10C223146284604F0E0F818B9601C8A
:1080F000C0B2BDE8F08101371035E5E7D80A0020AD
:1081000038B50B460446B8B1B1B10201002118469A
:1081100004F0DCF8094A0346014602F1100052F867
:10812000045B824241F8045BF9D1054A0121002039
:1081300011701472536038BD0120FCE71DCE05009C
:10814000D80A002038B50446FFF7B6FF90B90A4AAE
:108150001378117A99420DD951682046103401EBF9
:10816000031150F8045BA04241F8045BF9D10133DC
:10817000D8B2107038BD00BFD80A0020014B187863
:10818000704700BFD80A0020044B187801281EBF92
:1081900000F1FF3018700020704700BFD80A00209F
:1081A00038B5022814464FF000020D46A270228016
:1081B00008D10B880BB9012038BD0122A270002024
:1081C0002380F9E71028F6D1084633B1FFF7BAFF4C
:1081D000A0700028EFD0AB89F1E7FFF76DFFF7E75C
:1081E0000023FFF7DDBF000070B509B9012070BDA5
:1081F00000230B708378012B09D122B103881370FF
:1082000003881B0A5370022300200B70EFE7EDD99F
:108210000D4C25789D42E9D39AB103F180536468EF
:10822000013B04EB0313144603F1100553F8046BF0
:10823000AB4244F8046BF9D10388137303881B0A1B
:1082400053731023E0E700BFD80A00200B4B012234
:108250004FF0FF3000215A60C3F80803C3F800153F
:10826000C3F804255A6040F6FE72C3F80803C3F849
:10827000001503F57033C3F80825704700600450FB
:108280000E4B802200210E4883F88A1383F8E513F1
:1082900083F8851383F8472383F84623C27783F84E
:1082A000D71383F8052483F84B2383F81C23C022BB
:1082B00083F81E2383F81D23704700BF00E100E010
:1082C00000ED00E008B5FFF7C1FF0E4B4022C3F8F8
:1082D0008820BFF34F8FBFF36F8FC3F8882140F61C
:1082E000FE72094BC3F8082500F002FA00F0ACFC5E
:1082F0001D2000F093F800F059FDBDE8084000F0A3
:108300001BBE00BF00E100E00020085008B5FFF7E9
:108310009DFF0A4B4022C3F88820BFF34F8FBFF365
:108320006F8FC3F8882140F6FE72054BC3F808250D
:1083300000F040FDBDE8084000F014BE00E100E0A0
:10834000002008500920704702F06EBE03F028BAE2
:1083500003F016BF02F070BE06207047203838B513
:10836000C3B20C462F2B09D8054B53F82050D1E946
:108370000223D1E90001A847206038BD0120FBE7B6
:1083800030CE0500114B1A6870B5E2B15A68092168
:10839000012501321E68092A28BF002205FA02F4CD
:1083A00026420DD05A60EFF3108172B61A6822EAA5
:1083B00004021A6001B962B65B680360002070BDF8
:1083C0000139E6D15A600520F9E700BFE40A002030
:1083D000074BB3F90830002B09DB5A09012103F0E0
:1083E0001F03994002F14003024A42F823107047EC
:1083F000E40A002000E100E010B4EFF3108172B64F
:10840000054A0123146803FA00F02043106001B903
:1084100062B610BCFFF7DCBFE40A0020024B00226A
:1084200018811A605A607047E40A0020044B1A68E9
:10843000012303FA00F01040003818BF01207047F4
:10844000E40A0020F0B5164B40F20114C3F80045D1
:10845000D3F80444E407FBD50023114C93424FEAC0
:10846000830513D1D4F81834D80706D401230C4A55
:10847000A360D2F80434D907FBD5094B0022C3F816
:108480000025D3F80424D207FBD5F0BD51F82360B2
:10849000D4F80474FF07FBD501334651DEE700BF73
:1084A00000B00450012910B53BD0022912D0002998
:1084B00049D1264C2378022B01D0FFDFFEE7D4E917
:1084C0000121E068FFF7BEFF05232370BDE81040DF
:1084D00002F052BE1D4C01F0E4FDD4E90432C01A92
:1084E0001B4B61EB020183424FF000038B4120D311
:1084F000A369F3B92378022B01D0FFDFFEE7C0F5B3
:10850000452084F82830012304F1200100F5416062
:10851000A361206304F1380002F044FE80B9FFDF5C
:10852000FEE70A4C2378052B05D003F0FB03022B52
:1085300007D1032000E00220FFF75EFF0023237035
:1085400010BDFFDFFEE7FFDFFEE700BFF00A0020FF
:108550000F5C0C00F8B5044608B9FFDFFEE790F8A1
:108560005850052900F2BC80DFE801F0037A42622E
:108570006B7490F82A30033B012B01D9FFDFFEE733
:10858000052380F82A30002380F859300378EBB1B6
:108590002378012B24D102F09DFE636894F82860B3
:1085A0006362C4E90601F6B901F089FD314620464F
:1085B00003F05CF9236A3146284698470146204675
:1085C00003F08EF9022840F08D80F8BD01F069FDBE
:1085D00007460E4602F07EFE87428E41F6D3D7E76D
:1085E000D4E90401D9E72046BDE8F84003F046B9D4
:1085F00090F82A30DA1E012A01D9FFDFFEE790F851
:1086000028202AB121462846BDE8F84003F0F4B8F6
:10861000042B036A18BF012180F82A10052128467F
:1086200098470028D1D00378002BCED0FFDFFEE79B
:1086300090F82A30052B01D0FFDFFEE7036A022104
:10864000BAE790F82A30052B01D0FFDFFEE7036A76
:108650000121B1E790F82A30052BC4D0FFDFFEE7F7
:1086600090F82A30052B06D090F829200AB1032B68
:1086700001D0FFDFFEE794F82820002AC2D194F849
:1086800059307BB102230821284684F8592084F808
:108690002A30236A9847002897D00378002B94D07B
:1086A000FFDFFEE794F8292052B1214604F13000A3
:1086B00084F8293002F076FD002886D1FFDFFEE73E
:1086C00002230721284684F82A30236A9847002885
:1086D0003FF47BAF0378002B3FF477AFFFDFFEE77B
:1086E000FFDFFEE70128236A0CBF0421032163E7B3
:1086F000014B00221A707047F00A00202DE9F04764
:1087000004460F469146002A00F08C80E4F726FDCF
:1087100018B10F252846BDE8F08709F1FF35AD00F7
:1087200015EB040840462CBF01260026E4F716FD91
:108730000028EED1002EECD13C4BD3F82C33B4EB17
:10874000832F4FEA83226FD290456DD244EA07030C
:108750009B0769D13846E4F701FD0028D9D1E81913
:108760002CBF4FF0010A4FF0000A5546E4F7F6FC23
:108770000028CED1BAF1000FCBD12D4B1A682D4B6A
:108780009A4205D04A4639462046FFF75BFEC1E7CC
:10879000294E33780BB11125BCE70220FFF746FEC6
:1087A0000028F8D10320FFF741FE02460028F2D14D
:1087B000224906F1380002F0EFFC0123C6F818A0A8
:1087C0003370C6F80490C6E9027401F06AFC33788D
:1087D000012BC6E9040101D0FFDFFEE7240986F87A
:1087E0002030174B3146C4EB181406F138005C43B7
:1087F0004FF47A7304F5AD3404F2A714B4FBF3F428
:1088000040F203431834338547F2305374623363C4
:10881000022301F8203B02F0C5FC00287FF47AAF68
:10882000FFDFFEE7092575E7102573E700C0FF00AD
:10883000BC0B0020BEBAFECAF00A0020A5840700C7
:10884000C0570100024B4FF08042C3F8002170472F
:1088500000E100E0233023289ABF024B185C03207C
:10886000704700BFF0CE050010F1230F02D018B101
:10887000FFDFFEE74FF4005070470020FFF7BCBD5C
:1088800010B50A295BD8DFE801F006060606064D9A
:108890005A525456580001392A4C032903D8DFE8AC
:1088A00001F01215181B002003F0ACF8A36800209B
:1088B0009847002839D003782370032B30D8DFE89D
:1088C00003F0100E1012A3680120F1E7A368022044
:1088D000EEE7A3680320EBE7A3680420E8E743681A
:1088E0006360184810BD4368002BF9D01A782273D2
:1088F0004AB91A7922749A6862615A79DB6862749B
:10890000A361114BECE7012A08D11A792274DA68C5
:10891000A2615A799B6862746361F2E7FFDFFEE748
:10892000FFDFFEE70420FFF767FD0020DAE70620FF
:10893000F9E70520F7E70720F5E7FFDFFEE7FFDFB0
:10894000FEE700BF500B00205C0B002008B503F0D1
:108950009BFBBDE80840FFF787BF08B503F098FB15
:10896000BDE80840FFF780BF08B503F0A0FBBDE8F5
:108970000840FFF779BF000008B50449002001F066
:1089800051FABDE80840FFF765BF00BF7B880700CC
:1089900008B5002001F060FABDE80840FFF75ABFB3
:1089A0000146002008B501F06FFABDE80840FFF766
:1089B00051BF000008B5034A02F068FBBDE808405B
:1089C000FFF748BF4588070010B5044603F020FBB9
:1089D0002060002010BD000013B504460720FFF7FB
:1089E00025FD80B90DF10701084803F035F8FFF7C0
:1089F00031FF30B99DF807300BB1FFDFFEE7044BC4
:108A00009C6002B010BD1120FBE700BF8188070009
:108A1000500B002008B5002003F054F8BDE80840D2
:108A2000FFF718BF1FB5F8B103788DF800307BB998
:108A3000836802938388ADF80430C3680393694662
:108A4000002003F05DF805B05DF804EBFFF702BF0E
:108A5000012B07D1C36803938388ADF80430836882
:108A60000293ECE7FFDFFEE7072005B05DF804FBAB
:108A700070B506460C460025AE4204F10C0401DC3C
:108A8000002070BD002354F80C0C013554E902128B
:108A900003F0B5FAF0E7014600F1200208B5103105
:108AA000002303F0ACFA002008BD0000094A137847
:108AB000FF2B01D1FFDFFEE7EFF3108172B61378D1
:108AC0000133DBB2012B137004BF034A136301B9F6
:108AD00062B670476C0B002000E01050094A137812
:108AE0000BB9FFDFFEE7EFF3108172B61378013B9D
:108AF000DBB2137013B9044B01225A6301B962B699
:108B0000704700BF6C0B002000E0105008B5FFF765
:108B1000CDFF044B044AD3F8181551600122C3F865
:108B2000182508BD00B004506C0B002008B5FFF7F5
:108B3000D5FF034B5A68034BC3F8182508BD00BF87
:108B40006C0B002000B0045008B520B101280BD0F8
:108B500042F2040008BD094B1A7A1AB901221A72AE
:108B6000FFF7A4FF0020F5E7044B1A7A002AF9D09A
:108B700000221A72FFF7B2FFF4E700BF6C0B00206F
:108B800082B0104B104A60B14FF48051C3F8041307
:108B9000D2F8303543F00103C2F83035002002B07E
:108BA0007047D2F8301521F00101C2F830154FF4AA
:108BB0008052C3F80823C3F83001D3F83031019351
:108BC000019BEBE700E01050000012500B289FBF04
:108BD000064AD2F8303523F01E0343EA40009ABF1C
:108BE000C2F83005002042F2050070470000125024
:108BF00001289DBF044B53F82020002007209EBF72
:108C0000136819431160704714CF050001289DBFF8
:108C1000054B53F82020002007209EBF136823EA4D
:108C200001011160704700BF14CF050001289DBFEE
:108C3000044B53F82030002007209CBF1B680B60BA
:108C4000704700BF14CF0500084B4FF4E0420849BD
:108C5000C3F808230022C3F830210A720A700122E7
:108C60005A632022034B1A62704700BF00E0105085
:108C70006C0B002000E100E008B5074BD3F8302171
:108C80002AB100220120C3F83021FFF7B5FBBDE86F
:108C9000084000F0F9BE00BF00E010502DE9F04799
:108CA0003E4C05460E46D4E90032013342F1000243
:108CB000C4E90032120402D50820FFF79DFB636867
:108CC000DB0301D500F082F9B0464FF00009B8F19E
:108CD0000F0F34D816F00F0725D094F83830F61B54
:108CE00003EB070835442E4EB8F1100F12D994F853
:108CF000273006F1200206F1100130460133B84654
:108D00004FF0010984F82730042303F078F9002399
:108D100084F8383020333A462846D9B2314403F03B
:108D200023FB84F83880B9F1000F34D01C4B0020AD
:108D300003F110021946BDE8F047F3F775BDA6EB45
:108D40000803EF1894F8383073B194F827304FF0D7
:108D50000109144A0133A2F1100184F827300423D9
:108D6000A1F1100003F04BF9DFF838C03B460CF1DD
:108D700010076246083303CABA4243F8080C43F8A6
:108D8000041C9446F5D11023A8F1100884F838305B
:108D90005FFA88F89BE7BDE8F08700BF780B0020FA
:108DA000800B0020A00B0020FFF778BF0820FFF702
:108DB00023BB000010B5074C3422002104F1080049
:108DC00003F084FA00230022C4E90023002384F87E
:108DD0003C3010BD780B0020034B93F83C00431E41
:108DE00058425841704700BF780B002038B50546FF
:108DF0000C46E4F7E9F960B9084B93F83C30012BD5
:108E000009D10CB9002038BD21462846FFF746FF9E
:108E1000F8E71020F7E70820F5E700BF780B0020FF
:108E200070B50646E4F7D0F9044690B90A4DFFF74D
:108E3000C1FF304605F1080305F118021946F3F7A2
:108E4000F3FCFF23204685F83830012385F83C30B9
:108E500070BD1020FCE700BF780B0020014B187894
:108E600003F052B9A8000020F8B51D4C01F019F923
:108E700006460D46D4E90223904271EB030314D356
:108E800001F056F8174BD4E902121B685B18D4E9BD
:108E9000040142F10002834272EB01073CBF184615
:108EA0001146C4E9023201F008F9D4E904239642DC
:108EB00075EB030313D34FF0FF324FF0FF33D4E9C8
:108EC0000201C4E90423B1F1FF3F08BFB0F1FF3F45
:108ED00001D001F0F2F8BDE8F84000F097BAF8BD13
:108EE000A8000020B80B002001F0DBB830B4074C1C
:108EF0000B46C4E90401D4E90254A842A34102D2BA
:108F000030BC01F0DAB830BC704700BFA8000020C8
:108F100010B5044601F0C5F8054B201841F10001D9
:108F2000C3E90201034B1C60BDE8104001F0C5B865
:108F3000A8000020B80B002010B5074C2378FF2BA9
:108F400001D0FFDFFEE7054803F0BAF820700448BF
:108F5000BDE8104001F0AFB8A8000020698E0700FE
:108F60005D8E070010B5064C002001F0A4F82078B3
:108F7000FF2803D003F0BCF8FF23237010BD00BF0F
:108F8000A8000020034B044A1968914204BF002244
:108F90001A607047BC0B0020BEBAFECA08B5084B69
:108FA0001B6803B19847BFF34F8F0649064BCA6849
:108FB00002F4E0621343CB60BFF34F8F00BFFDE7C5
:108FC000C00B002000ED00E00400FA0570B50C4D68
:108FD0000C4B2A689A4211D1FEF7E0F8044608B11A
:108FE000FFDFFEE7EFF3108672B6E4F717F9FFF73D
:108FF0008DF902F087FE2C6006B962B6002070BDC4
:10900000BC0B0020BEBAFECA2DE9F047054688B069
:109010008846EFF3108672B6DFF8E4A1DFF8E4913A
:10902000DAF800304B4506D106B962B6082420466E
:1090300008B0BDE8F08774480021744A121A03F0A2
:1090400045F97349734A7448744B521A1B1A9A4271
:1090500001D0FFDFFEE703F087F9714A136A990632
:1090600048D493685B0645D4946814F0800441D1D9
:109070002346EC20590903F01F0752F82110F9404C
:10908000CF0710D5674F002157F804CB634531D087
:1090900001310629F8D1D11891F800737F0940FAFF
:1090A00007F7F90726D50133B3F5007FE2D1404633
:1090B000CAF80090E4F762F8002840F094805A4B18
:1090C000C3F80080002D52D02846E4F7A1F800280C
:1090D00040F089802A78022A00F28B806B7872B97E
:1090E000013B1F2B04D8AB78212B01D8012B0BD1CE
:1090F000072479E006B962B641F2010497E7002B34
:10910000F6D1AB78002BF3D1EB780B2BF0D8AB7901
:10911000002BEDD0454BD3F8103503F00303032BA0
:109120006AD1434B02AF03F1180C1868083353F8A7
:10913000041C3A46634503C21746F6D1AB780121B9
:109140002A888DF80230ADF8002008AAEB7839485B
:1091500002EB430333F8183CADF8043000238DF8DC
:10916000063002F055FC024618B1FFDFFEE7324D33
:10917000D0E71C21684602F077FD08B1FFDFFEE76B
:10918000A88800F061FF08B1FFDFFEE7FDF752FF9E
:1091900008B1FFDFFEE7FFF773F8FEF70FF8FEF701
:1091A00019F8FEF739F8FEF73FF8FEF71FF8FEF75B
:1091B00035F8FEF737F8FEF733F8FEF737F8E4F73F
:1091C0002BF8A8791D4A6B78504323B11C4A5343AE
:1091D000984228BF184608B1FFF79AFE002E7FF488
:1091E00026AF62B623E7102406B962B6FFF7EEFE9B
:1091F0001DE74FF48054F7E741F20304F4E700BFA2
:10920000BC0B0020BEBAFECA0401002024120020BC
:1092100074C40700F8C40700800000200401002087
:1092200000E100E024CF0500C00B002000200E501C
:109230003CCF0500C40B00201CCF050040420F00AE
:1092400090D00300044B054A1B689A1A53425341BD
:1092500003700020704700BFBC0B0020BEBAFECADE
:10926000112810B50C4609D012280BD010280DD1AA
:10927000D1E90001FFF7C8FE206010BDFFF7A6FE90
:109280000020F9E70868FFF7DDFFF9E70120F3E7C1
:109290002DE9F0410D4D04466B78834214D96F6877
:1092A00007EBC00898F8046000F082F910B9FF23BA
:1092B00088F80430AB6853F826302BB157F83410D7
:1092C0003046BDE8F0411847BDE8F081240C00208D
:1092D000FF2B70B505460C461046194601D1FFDF3D
:1092E000FEE712F0030201D0FFDFFEE7DE0030B13F
:1092F000054BC3E9010530449970DC701A8000F019
:10930000BBF8304470BD00BF240C0020064B024661
:10931000D9781878814201D8FFDFFEE7996841F8D3
:109320002020421C1A707047240C00202DE9F041C7
:109330001B4C0F4611460346227882421CD96668B0
:10934000002594F801C0FF2006F10408EAB2944514
:1093500014D8FF2806D1A27862451AD00CF1010278
:109360006046627006EBC002137146F8307000F080
:109370009BF878B9FFDFFEE7FFDFFEE718F835E07E
:10938000BEF1FF0F08D09E4507D156F83520BA42EE
:1093900003D10020BDE8F08110460135D6E700BFBB
:1093A000240C0020F8B5114D034600246A686E783D
:1093B00002F1040CE0B2864200D8F8BD1CF834700B
:1093C0009F4203D152F83470B94201D00134F1E721
:1093D00000F0BCF86B68FF2203EBC4031A716B78D2
:1093E000013B9C42E9D16C70E7E700BF240C0020F0
:1093F0000028054914BF03460123D1E900011818CC
:1094000041F10001FFF772BD300C0020F8B5194C96
:10941000237AFF2B1DD0FFF767FD277AE668D4E992
:10942000002156F8373006EBC705A0EB020C634568
:1094300089BF9B180020181A63469B1846F837000E
:1094400041F10001C4E90031267AFF2E01D02B68DA
:1094500003B1F8BD2B79FF2B237206D0E26852F8D6
:10946000330002EBC305FFF7C3FF3046FFF710FFE1
:10947000EAE700BF300C002038B50C4660B100238D
:10948000084D1946E860DAB2944207D8FF232B72E0
:10949000FFF72AFDC5E90001E00038BD40F83310B0
:1094A0000133F0E7300C0020F8B5274CE36853F89F
:1094B000306003EBC00C002E44D1FF22257A43F824
:1094C000301095428CF804200CD12072FFF70CFD6F
:1094D000C4E90001227AE36853F83200FFF788FFFD
:1094E0000120F8BD53F835208A4206D9521A20725D
:1094F00043F835208CF80450ECE72A4653F83270D4
:1095000003EBC20E3E44B14205D39EF804701546EB
:10951000FF2F3A46F2D1FF2AA1EB060117BF53F8FD
:10952000326043F83010891943F830101EBF53F8E9
:109530003260761A43F8326003EBC5038CF80420DE
:109540001871C7E70020CCE7300C002070B4174D2D
:109550002A7AEB6814461146FF2C01D170BC704783
:10956000844204D003EBC40621463479F4E78142F7
:1095700003D103EBC20212792A7203EBC005002665
:1095800053F8304003EBC10143F830602879FF28DD
:1095900008711EBF53F83010091943F83010FF2A24
:1095A000DCD053F8320070BCFFF722BF300C002033
:1095B00038B50F4D00232A7AE968FF2A16D0824277
:1095C0000AD151F832401C44FFF78EFC2B68C21AB6
:1095D000944208D2012008E001EBC20451F8322085
:1095E00013442279E9E72344181A38BD0020FCE728
:1095F000300C00200728034611DC10F12D0F10DB82
:10960000094A101890F82E0002EBC00292F93C2093
:109610009A4207D0002918BF0130C0B270471B2002
:1096200070470020704700BF54CF0500072808B5D9
:1096300007DCFFF7DFFF044B03EBC00393F93C00AB
:1096400008BD0820FCE700BF54CF050070470000AC
:10965000C0B220B9034B01229A601A607047FFDF45
:10966000FEE700BF00E0105010F0FF0013D10B4BDD
:1096700001225A60DA600A4AC3F800011070D3F878
:10968000082412F0010205D1C3F81021C3F81821F3
:10969000C3F814217047FFDFFEE700BF00E0105061
:1096A000550C0020014B01221A707047550C002008
:1096B00040B9054BD3F8103113B9044B18787047F3
:1096C00001207047FFDFFEE700E01050550C00203E
:1096D000044BD3F8103113B9034B187870470120AD
:1096E000704700BF00E01050550C0020024BD3F82B
:1096F000080400F00100704700E01050024BD3F85E
:10970000480400F00100704700E01050024BD3F80D
:109710004004C0B2704700BF00E010500749024645
:10972000D1F84C04D1F84C1410F4803005D0D0B2EC
:1097300001F003031B1A58425841704700E01050D3
:10974000184BD3F80C34DA0330B501D4FFDFFEE751
:10975000154A0124154B106A536620F03F009464AB
:109760005464136CDB03FCD4136A116C03F03F03E5
:10977000C1F30A01C1F5806181EAE1750B29A5EB0E
:10978000E17509DD3F2B04D0013303431362172D2C
:10979000E6DC0023936430BD0B31F8DA002BF8D0FF
:1097A000013BF2E700E01050000812500100008079
:1097B00038B50B4C23781BB100232370FFF7C0FF93
:1097C000EFF3108572B6637803F0FF000BB9FFF773
:1097D0004BFF05B962B6034B00225A6638BD00BF85
:1097E000580C002000081250F8B50E4E0127044610
:1097F0000D463318DF70FFF76BFF48B934B90A4BD9
:1098000011227771B560C3F80423F8BDFFDFFEE7CE
:10981000002DFAD01CB90220A847B460F5E7FFDF9D
:10982000FEE700BF580C002000E01050044B00225F
:10983000191803EB80034A719A60CA70704700BF21
:10984000580C002010B50446FFF732FF10B1024853
:109850002044C07810BD00BF580C0020014B188276
:10986000704700BF580C0020014B588A704700BF5A
:10987000580C0020014B188A704700BF580C00207C
:1098800010B5EFF3108472B6064B03445A780132D8
:10989000D2B25A705B78012B01D1FFF7D9FE04B91F
:1098A00062B610BD580C00200020FFF7E9BF000091
:1098B000034610B5EFF3108472B610490B445A7882
:1098C0000AB9FFDFFEE75A78013AD2B25A705B78E4
:1098D00083B90B7D43B10A4BD3F80C34DB0306D4B8
:1098E0004B7803F0FF002BB9FFF7BEFE02E0487D86
:1098F00002F00AFC04B962B610BD00BF580C00208B
:1099000000E010500020FFF7D3BF000010B5FFF7B4
:10991000CBFF0C4CFFF7DCFE60B1A37D3BB90A4BDB
:1099200001229A610423E3750023237610BDFFF71B
:10993000E9FFF9E703230122E375034BC3F804238E
:10994000F2E700BF580C002000E010500020FFF7A5
:10995000AFBE0000014B01221A62704700E01050B8
:10996000044B587E28B1044BD3F81001B0FA80F0B4
:1099700040097047580C002000E0105038B50A4BE1
:109980005D7E5DB901245C76FFF78EFF074B1022E8
:10999000C3F81051C3F80423DC6138BDFFF7E0FFC2
:1099A0000028FAD0FFDFFEE7580C002000E010503E
:1099B000024BD87D003818BF01207047580C00209A
:1099C00038B5154C237D0BB9FFDFFEE7012323706B
:1099D000A37DC3B9A37EB3B1227E013B9A4212DAC2
:1099E000FFF776FE054602F013FBA37E012B82BF34
:1099F000237E0133237655B1E369C31A0133022B69
:109A000009D935B1E061BDE83840FFF77FBF236A6F
:109A1000F3E72062F7E738BD580C002037B5184C43
:109A2000A37D63B9606A00F00300FFF777FE30B1F1
:109A3000EFF3108372B6E27D1AB103B962B603B0D8
:109A400030BD0122E27503B962B608230D4DC5F899
:109A500008334FF42073ADF80630BDF806309BB2E2
:109A60005A1E92B2ADF80620002BF6D1C5F80C3183
:109A700084F82830FFF74AFF0823C5F80433DEE7EF
:109A8000580C002000E010502DE9F74F4D4C237D7D
:109A9000002B00F093800323ADF804304A4BD3F839
:109AA0000051D3F80891D3F8142112B9D3F8182132
:109AB0006AB10026C3F81461C3F81861C3F81061D5
:109AC000637E0BB1FFF71EFF667601F03DFD3E4B56
:109AD000D3F81031002B56D0637E1BB1FFF712FF75
:109AE00000236376637913B102238DF80430003DBF
:109AF00018BF012545F01005344E0DF1040A324B14
:109B00004FF00008F71EC3F808531AF8010B03289A
:109B10000AD03B7843B14FF0000B336887F800B0B0
:109B200013B19847C6F800B008F1010304360137B5
:109B30004FF00108022BE8D1B9F1000F08D0224BF9
:109B40000022C3F808210422C3F80823FFF766FFA8
:109B500094F82860EA071C4BF6B2D3F80C7108D5CC
:109B6000E27D032A05D1A27D8AB90422E275012291
:109B70009A61AFB1144B0022C3F80C21E37D042B92
:109B80000AD0FFDFFEE7002DD6D00125B4E7FFF7AE
:109B9000B9FE0223E375ECE70223E375FFF7B2FE9B
:109BA00066B1002384F82830E37D022B01D1FFF752
:109BB000ADFE03B0BDE8F04FFFF7A4BE03B0BDE8B3
:109BC000F08F00BF580C002000E01050600C002007
:109BD00010B5054C606A00F00300FFF79FFD0028F8
:109BE000F8D0002010BD00BF580C0020F8B5054685
:109BF00050B10278022A07D8437842B9013B1F2BA3
:109C000002D88378212B07D96FF0150085E0002B4F
:109C1000FAD18378002BF7D1614B2022C3F8A02022
:109C2000BFF34F8FBFF36F8F5E4EC3F8A0217D232C
:109C30005D4CC6F808330023C6F80031C6F8083179
:109C4000C6F80C316370A370AB886382FFF74EFDDA
:109C500010B10123E3706370D6F80C0440F2563360
:109C600010F48030238218D0FFF71CFD4F4802F01B
:109C700027FA4C4E602360750022C6F804332B7817
:109C8000A978012B62766262A375A17622761DD037
:109C9000022B14D0DBB1FFDFFEE7C6F81001FFF79F
:109CA000D7FC404AD2F81031002BFBD0FFF748FD1B
:109CB0000020FFF7D9FC3E4B00225A66D6E7FFF79B
:109CC000F3FDD6F80C34D903FBD502236362FFF70A
:109CD00015FD40B3FFF71AFD636A03F003039842D2
:109CE00021D1AB79D3B9FFF773FFA37E63B12B7892
:109CF00053B9FFF7EDFC054602F08AF96FF0004317
:109D0000002D4AD0C4E90703012320220020237537
:109D1000234BE075C3F8A0211A62F8BD214B042241
:109D2000C3F80423E1E71F4B012200215A61C3F865
:109D3000081194F82410C3F840141A610422C3F8DF
:109D40000423AA79002AD0D1D3F80423520701D4DE
:109D5000FFDFFEE7174A1769116907F0100741F0A6
:109D600010011161D3F808310BB902F00DFA0D4E54
:109D7000D6F8083173B1FFF72BFF27B90D4A1369E5
:109D800023F0100313610423C6F808330023C6F838
:109D90000831AAE702F0F6F9EAE7C4E90730B3E7C9
:109DA00000E100E000E01050580C0020B1970700DF
:109DB0000008125000ED00E07047000038B5164C66
:109DC0000023E078237508B9FFF74EFCE37D042BF0
:109DD0000BD1124D0020FFF7A1FC18B1D5F80C31C2
:109DE000002BF7D00023C5F80C310023202263702C
:109DF000E375A3700A4BC3F8A020BFF34F8FBFF3E6
:109E00006F8FC3F8A0217D22044BC3F80823607D27
:109E1000BDE8384002F06CB9580C002000E010504A
:109E200000E100E038B50B4B0C46197909B1FFDFB2
:109E3000FEE760B95D790DB1002038BD01225A718D
:109E4000FFF71EFD21462846FFF7CEFCF4E76FF032
:109E50001500F2E7840C002038B50A4D04462B7932
:109E60000BB1FFDFFEE748B96B792BB1FFF7DEFCE2
:109E700020466C71FFF71CFD002038BD6FF0150007
:109E8000FBE700BF840C002038B5084B04460D46A4
:109E90001B790BB1FFDFFEE720B9FFF7D3FC286089
:109EA000204638BD6FF01500FBE700BF840C002092
:109EB00010B5F1B1E0B14FF0FF330F4A1C46E0FBA3
:109EC0000134944201D9FFDFFEE71A0DC3F30F10EE
:109ED0000A4B42EA04324FF22444B2FBF4F100EBA5
:109EE000024003FB1100B0FBF4F040EA01400130F6
:109EF00010BD0846FCE700BF3F420F00000024F4FD
:109F0000014B9B68184700BF840C0020014BDB68A5
:109F1000184700BF840C0020014B1B69184700BF85
:109F2000840C0020FFF716BDFFF728BDFFF718BD12
:109F3000034B1B790BB1FFDFFEE7FFF741BD00BF0D
:109F4000840C0020034B1A790AB9FFF78DBC988D59
:109F5000704700BF840C0020034B1A790AB9FFF741
:109F600089BC988A704700BF840C0020024B1B7983
:109F70000BB9FFF753BD7047840C0020014B9B6960
:109F8000184700BF840C002038B51C4C23791BB344
:109F9000FFF7C2FF50B91A4DC5F81001FFF7B0FF27
:109FA000D5F81031002BFBD0FFF7B0FF144B602227
:109FB000C3F80423636A9847002806DB94F82E3020
:109FC00023B10123002084F8303038BDFFF7D6FFDD
:109FD0000028F6DAFFDFFEE70A4BA3610A4BE361D4
:109FE0000A4B23620A4BA3600A4BE3600A4B2361CE
:109FF000FFF7FCFD0028E4D0E7E700BF840C002059
:10A0000000E01050D19B0700B99D0700B1990700EF
:10A01000A9980700059907004D99070010B5094C4C
:10A02000237943B194F830303BB1A36A98470028B4
:10A0300003DAFFDFFEE7FFF7C1FE002384F83030CC
:10A0400010BD00BF840C002038B5064B04461D79B6
:10A050000DB1FFDFFEE700F099FF2046FFF7FEFBA2
:10A06000284638BD840C002008B5074800F07CFF66
:10A07000054800F029F801F0D3FA01F0DDF900F00D
:10A0800053FB012008BD00BFB80C002008B500F04C
:10A090004DFF01F09BFA01F0EDF9BDE8084000F03A
:10A0A0005BBB01F0F9BA00F08FBF00F09FBF01F079
:10A0B00051BB01F011BB01F01FBB01F023BB01F04C
:10A0C0003FBB01F0FBBA0000024B186000221A717E
:10A0D0009A607047C00C0020F7B51E4C2379012B05
:10A0E000DAB204D0022A2ED0012003B0F0BD0DF167
:10A0F0000701A06800F03CFBA5686B7DDB071CD561
:10A10000AB7F042B19D000F09FFF0646A8B100F0EA
:10A11000A1FF2B69D5E900279A18B36847F100071A
:10A120000A332CBF012500251B1845EB010593427E
:10A13000BD4102D3A06800F0E7FB0023A3602371B8
:10A140009DF80700D1E70DF10701A06800F01AFBA8
:10A15000F3E700BFC00C002010B5837FABB9034606
:10A1600001F1180251F8044B914243F8044BF9D124
:10A1700001248477064B1A790AB1FFDFFEE7986065
:10A180001C7100F013FF204610BD0020FCE700BF4B
:10A19000C00C002073B505460C4600F055FF06467E
:10A1A000AB7F012B1AD021462B4604F1180251F83F
:10A1B000040B914243F8040BF9D101230DF107017F
:10A1C0002846AB7700F0D4FA16B1012002B070BD7A
:10A1D000034B0421186801F0FDFDF6E70020F5E7C8
:10A1E000C00C0020024B0621186801F0F3BD00BF2F
:10A1F000C00C002010B50446074B1A790AB1FFDFE6
:10A20000FEE7986002221A7100F0D0FEA07FB0FA3B
:10A2100080F0400910BD00BFC00C002038B50446D6
:10A22000A37F03B938BDA37F032B02D0A37F042BE8
:10A230000CD1EFF3108572B6204600F0BFFA05B9D5
:10A2400062B6A37F002BEDD0FFDFFEE7A37F012BDB
:10A2500001D1FFDFFEE701F095FFE1E713B50DF156
:10A26000070100F08FFA044600F0EEFE08B9FFDFA8
:10A27000FEE7204602B010BDF8B5074600F0E4FE48
:10A28000044608B9FFDFFEE700F0E4FEA4680025FD
:10A290002418384641F100062246334600F0DCFA25
:10A2A000A04271EB060309D3001B6FF0010361EBC1
:10A2B0000601834275EB010102D3F8BD2846FCE795
:10A2C0004FF0FF30F9E72DE9F04104460F4600F06A
:10A2D000BBFE064608B9FFDFFEE78568002362196A
:10A2E0005B4113B10020BDE8F08100F0B3FE2A18F5
:10A2F000384641F1000314EB020843F1000500F079
:10A30000ABFA4045A941EDD301F0C6F900F054FA8B
:10A31000B368012037752344B360E4E700F09ABEC8
:10A320008068704708B500F08FFE08B9FFDFFEE7D0
:10A33000007D08BDF8B5036904460BB1FFDFFEE7F9
:10A3400001F0AAF905460E46FFF7E6FD70B3643545
:10A35000D4E9003246F10001AB4272EB010001D2B8
:10A360002B460A46C4E90032EFF3108572B600F0BE
:10A370006BFE064698B100F06DFEB3680B332CBF40
:10A38000012200221B18D4E9006042EB0101B34214
:10A3900071EB00023CBF33460146C4E9003105B908
:10A3A00062B62046BDE8F84000F0C6BAFFF7D4FD1B
:10A3B000074600F061FEB84238BF3846963546F190
:10A3C00000024319D4E9000142F10002834272EB1A
:10A3D0000105C7D20346C4E7042300F118028377BE
:10A3E0000023037643768376C376044B196811B94C
:10A3F0001A605A60704759680A60FAE7CC0C00206E
:10A400002DE9F843174E002407468846B3682046D6
:10A4100033B928B3144B1878BDE8F84301F074BE83
:10A4200053E9061553F8082CD3F80090521845F15B
:10A430000005BA4275EB080510D24CB122681268CB
:10A440002260A3F11800FFF7C7FF01204B46DFE7AA
:10A45000B268002AF5D01268B260F2E71C46F5E750
:10A46000BDE8F883CC0C0020C000002000232DE9BB
:10A47000F04713600646324B986800285DD0A0F183
:10A48000180550E9063CB3427CEB01040AD250F8AF
:10A49000084CE3184CF1000C9E4271EB0C043CBFDD
:10A4A00033468C4650F8104C00270A3447F1000020
:10A4B000E3184CEB000C2846D5F81890B9F1000FC2
:10A4C0003BD059E906E89E4578EB0C0435D290F86C
:10A4D00014A019F8044CA24526D08CBF01240024F6
:10A4E000F4B105F11803B645136078EB01030CD203
:10A4F00059F8083C13EB0E0348F100089E429E46B3
:10A5000071EB08033CBFB646884659F8103CA9F1E8
:10A5100018000A3347F1000C13EB0E0348EB0C0C48
:10A52000AD6955B1183DC7E7B9F80440B0F81CA0B3
:10A53000A4EB0A04C4F3C034D2E7BDE8F08700BF3F
:10A54000CC0C00202DE9F04F85B082834F4A0446A1
:10A550000091D2F808C094F81580D0E90030BCF121
:10A56000000F40D0ACF11801002708F00109D1E933
:10A570000026934270EB06056ED3B9F1000F2CD084
:10A58000277D0D7DAF4228D38D68AD1846F10006BA
:10A5900015F10A0A46F1000E534570EB0E0219D26E
:10A5A0002269D21840F1000792457EEB070B01D2D9
:10A5B00052467746AA42B7410FD220460024FFF701
:10A5C0000BFF334B187801F09FFD009B1C7005B00A
:10A5D000BDE8F08F1A460746ECE78A690F4622B1BC
:10A5E000A2F11801C3E76246674618F0010F38D0A0
:10A5F000A168C91840F1000B019192B3019DD2E905
:10A60000001615F10A0E4BF10005714576EB0505B4
:10A6100027D294F814E0157DAE4519D395686D18CE
:10A6200046F1000615F10A0946F100084B4570EBAA
:10A63000080113D22169C91840F1000E894578EB51
:10A640000E0A01D24946C646A9427EEB060EB4D395
:10A65000926932B1183AD1E70A46C6E719468646EA
:10A66000F2E704F118035FB1BA69A261BB6103AA02
:10A6700000200021FFF7FAFE231A5C425C41A4E7A8
:10A68000024AC4F818C09360F1E700BFCC0C002068
:10A69000C0000020F8B5234C0023E360EFF31082E4
:10A6A00072B621686360E160236002B962B6002679
:10A6B000E36803B9F8BD9A79A3F11800032A07D11A
:10A6C0001A6801219E7153F80C3CE2609847EFE74D
:10A6D000196851B1A1F11803074600229D7F042D8E
:10A6E00007D09B7F032B02D1A2B9E16015E0FFDF09
:10A6F000FEE7B0F81CC09D8BA5EB0C052D049D69F1
:10A7000044BF07F118021846002DEDD01F46A5F1F1
:10A710001803E3E713681B681360C3680221867798
:10A72000D4E700BFCC0C002010B5084C2378FF2BD9
:10A7300001D0FFDFFEE7064801F0C2FC054B002216
:10A7400020709A601A605A601A8210BDC000002002
:10A7500095A60700CC0C002010B5044C2078FF28EB
:10A7600003D001F0C5FCFF23237010BDC000002002
:10A77000034B1A8A10B4541C1C8210BCFFF7E2BEB3
:10A78000CC0C002037B504460D4601AA002100205C
:10A79000FFF76CFE231A04F1180158425841287043
:10A7A000044801F03BFB10B100230120A37703B064
:10A7B00030BD00BFD40C0020FFF722BE38B5114BCE
:10A7C000044600F118011A68B2B11A6800209AB163
:10A7D00091420ED108B1A56905601D68A94204BF68
:10A7E00012681A605A68914200D158600023A3771A
:10A7F00007E010461268EAE7034801F00FFB002863
:10A80000F4D138BDCC0C0020D80C002037B505465B
:10A810000C46FFF7F5FD01AA28462146FFF726FE64
:10A8200028B100F11803034A536103B030BD034659
:10A83000F9E700BFCC0C002010B5064C616904F1AB
:10A84000080001F0EBFA18B1606900231838636161
:10A8500010BD00BFCC0C00209C46144BF0B59D6889
:10A86000FDB115F8043C183D834218D812F10A04D2
:10A87000D5E900364CF10001A34276EB01070BD27B
:10A880002F69FF1846F10006A7428E4107D3B4F1A5
:10A890000A0041F1FF31F0BD1C463146F7E7AD69D2
:10A8A000DEE74FF0FF300146F5E700BFCC0C00209B
:10A8B000837F022B1AD1437D13F0020302D00023C1
:10A8C000837770470322037643768376C3760C4BF7
:10A8D000827700F11802196829B91A605A60094B89
:10A8E000187801F011BC59680A60F7E7837F012BE3
:10A8F00004D0837F042B01D0FFDFFEE7704700BF49
:10A90000CC0C0020C000002010B500F11801044656
:10A91000074801F083FA08B9FFDFFEE72046FFF79A
:10A920005BFD044BBDE81040187801F0EDBB00BFA3
:10A93000D40C0020C00000202DE9F74FD0F810E023
:10A94000BEF1000F01D0FFDFFEE7836890F81480AE
:10A950000193D0E90014EFF3108972B6264BB3F8D7
:10A9600010C09B686BB1019D183B0A35D3E90026E6
:10A970004EF1000A6D1844EB0A0A95427AEB06077D
:10A9800007D2B9F1000F35D0C0E9001403B0BDE81B
:10A99000F08F8A4276EB04070CD31F69BF1846F18B
:10A9A000000BAF427BEB0A0B34BF0125002575B9C4
:10A9B0009B69D7E712F10A0A9D6846F1000715EB7B
:10A9C0000A0547F10007A94274EB0707ECE71D7D74
:10A9D000A84509D0ECD912F10A019D6846F100049E
:10A9E000691844F10004E3E79D8BA5EB0C052D04E9
:10A9F000DED5F0E762B6C7E7CC0C0020034B187831
:10AA000000F0FD00431E584258417047E80C0020FA
:10AA1000034B586808B9FFDFFEE7C36805211847F4
:10AA2000E80C0020024B0521986801F0D3B900BF63
:10AA3000E80C002038B5FFF7FFFE002580B1094C77
:10AA40006060C4E9035500F029FD606802232946CF
:10AA50008377C3689847D4E90601FFF7ADFE01206C
:10AA600038BD00BFE80C00202DE9F74F2F4C814680
:10AA700094F82430266A002B3AD1FFF7BFFF8046B6
:10AA800018B1E38C9E4238BF1E4600F005FE8319C4
:10AA90000F46054641F100011846CDE90013FFF7C6
:10AAA000B5FE40B3019B0099D0E900AB534571EB73
:10AAB0000B0205D2BAEB0605534659466BF1000767
:10AAC00028461B4AC4E9063100233946C4E90A571F
:10AAD000236300F0B7FD5046594600F00FFDB8F172
:10AAE000000F02D0E38C9E421DD00223114A13E0D6
:10AAF0004FF00008C9E794F8243033B12378023BC3
:10AB0000012B02D8636B01209847002584F824505C
:10AB100000F0F5FC2B46084A84F83830C9F80020CC
:10AB200003B0BDE8F08F0123E0E700BFE80C002090
:10AB300025AA070091AC07003DAB0700032910B51B
:10AB4000044603D8012906D8FFDFFEE70429FBD11C
:10AB5000FFF7C2FA08B9002010BD2046FFF784FFB6
:10AB60000220F9E72DE9F04780460F469146444C14
:10AB7000002B6FD04FF0000AD3E90065C4F830A075
:10AB8000864275EB01033CBF0D460646294630461A
:10AB9000C4E9066500F0B2FCE38CB6EB080803F1EB
:10ABA000640365EB070743455346BB410FDA94F84E
:10ABB00024304BB12378023B012B02D8636B012078
:10ABC0009847002384F82430FFF718FF8246236A51
:10ABD00003F5E173984577F100071CDABAF1000F2D
:10ABE00010D0E08C274A301A65F10001C4E90A014F
:10ABF00000F028FD0623244A84F83830C9F80020E4
:10AC0000BDE8F0871F4A30462946C4E90A6500F0CE
:10AC100019FD0523EFE700F074FCFFF777F9E08CEE
:10AC2000236ABAF1000F0BD0984209D9301A154A9D
:10AC300065F10001C4E90A0100F004FD0123DAE72F
:10AC4000F01A104A65F10001C4E90A0100F0FAFCAB
:10AC50000223D0E794F8243033B12378023B012B50
:10AC600002D8636B01209847002584F8245000F037
:10AC700048FCFFF74BF900F042FC2B46034ABBE7C8
:10AC8000E80C002025AA070091AC07003DAB0700A7
:10AC9000023970B50546032900F20681DFE801F0AC
:10ACA0000602083C814B002283F83920002070BD49
:10ACB0007E4C94F83830042B06D8022B24D8013B64
:10ACC000012B17D9FFDFFEE7053B012BFAD8FFF771
:10ACD00003FA0028EAD000F0CFFC00F0DDFC0646C5
:10ACE0000C46FFF793FD2A46034621463046FFF700
:10ACF00039FFA2E0FFF7F0F90028D7D000F0BCFC44
:10AD00002846FFF7B1FE98E0FFF7E6F90028CDD01E
:10AD1000012384F83930C9E7644C94F83830013B9A
:10AD2000052B00F2BF80DFE803F0032855767E96FE
:10AD3000FFF764FE10B194F8240008B1FFDFFEE7CE
:10AD4000636B9847012384F8243000F0A5FCA36AC4
:10AD5000574AC01A236B9842ACBF2063236304F1A7
:10AD600018000BC8C01A61F10001C4E90A0100F023
:10AD700069FC022384F8383098E700F0C1FBFFF744
:10AD8000BFF800F089FCA36AC21A236B9A42B8BFCD
:10AD90001A462263FFF732FED4E9063168B194F80F
:10ADA000240050B9E28C981A414A61F10001C4E9CB
:10ADB0000A0100F047FC0323DCE7323B41F1FF319D
:10ADC000981841EBE2713A4AC4E90A0100F03AFCF2
:10ADD0000423CFE7FFF712FE10B194F824500DB111
:10ADE000FFDFFEE700F058FCA36AC01A236B98420D
:10ADF000ACBF206323632846636B98470123D4E9E3
:10AE0000060184F824303238236B41F1FF31C01839
:10AE100041EBE371D7E700F075FB80B194F839306E
:10AE2000002B7FF45AAFFFF705FE00283FF455AF23
:10AE3000002384F838301F4B2B60022037E70020B6
:10AE40000021FFF7E3FC08B1FFF75EFD00F059FBBE
:10AE5000FFF75CF854E7FFF7D1FD10B194F82450E8
:10AE60000DB1FFDFFEE700F017FCA36AC01A236BE9
:10AE70009842ACBF206323632846636B9847012345
:10AE80000B4A84F82430236BD4E90601323841F1AF
:10AE9000FF31C01841EBE371C4E90A0100F0D2FBB5
:10AEA000052367E7FFDFFEE7FFDFFEE7E80C002092
:10AEB00025AA0700B9AE070002392DE9F041064680
:10AEC00004292FD8DFE801F0030A0C2E0F00164AE0
:10AED0001378003B18BF012382F8243000201FE0C4
:10AEE000FFF7FAF8FAE7DFF8408000F0E7FA00F041
:10AEF000D3FB0C460546FFF789FC0746D8F804004B
:10AF0000FFF7D6FC002300222846C8F804300023AF
:10AF10002146C8E906233B463246FFF723FE0220BE
:10AF2000BDE8F081FFDFFEE7E80C002010B5EFF38D
:10AF3000108472B60A4B9A6811680A4A91420CD181
:10AF400093F83830033B012B07D800F0DAFAFEF70C
:10AF5000DDFF00F0D4FA00F08FFB04B962B610BD3B
:10AF6000E80C002091AC0700064A002310B5064CFF
:10AF70000260A06084F838302370FEF7EDFF3230B5
:10AF8000206210BD3DAB0700E80C0020054B9A681D
:10AF90001168054A914201D0FFDFFEE732301862A6
:10AFA000704700BFE80C00203DAB070010B5EFF381
:10AFB000108472B6034B0421986800F00BFF04B9AB
:10AFC00062B610BDE80C0020064B5A680AB9FFDFD4
:10AFD000FEE7D3E906218018034A41F1000100F0A1
:10AFE00031BB00BFE80C002011AA0700034B5B68CF
:10AFF0000BB9FFDFFEE700F03FBB00BFE80C00200D
:10B00000034B5A680AB9FFDFFEE7D860704700BFFC
:10B01000E80C0020034B5A680AB9FFDFFEE718610D
:10B02000704700BFE80C0020024B1B690BB9FFDF23
:10B03000FEE71847E80C0020024BDB680BB9FFDF86
:10B04000FEE71847E80C0020014B5868704700BF26
:10B05000E80C0020034B5A680AB9FFDFFEE7D3E98A
:10B0600006017047E80C0020024B323118705A6319
:10B07000D9847047E80C002008B5FFF7BFFC08B181
:10B08000014BD88C08BD00BFE80C002010B5032888
:10B090000AD8DFE800F00C020C02A1F1320341F201
:10B0A0004A549BB2A34203D96FF0150003E000217C
:10B0B000FFF7DAFF002010BD0028ADBF00F16040AF
:10B0C00000F00F00044B00F56140B4BF185C90F82D
:10B0D00000034009704700BF14ED00E0044B1B68FB
:10B0E0000BB9FFDFFEE71A6A0321586A104700BF59
:10B0F000280D0020044B1B680BB9FFDFFEE71A6A1E
:10B100000421586A104700BF280D00202DE9F041A6
:10B1100005460E46D1B9104F3B680BB1FFDFFEE785
:10B1200038600E48FFF76CFF0D48FFF773FFFFF71D
:10B13000F5F86B7D04465B0708D5FEF7B8FF0A34C7
:10B14000241A7C6000F0BAFA0028FBD02B6A314642
:10B15000686ABDE8F0411847280D0020DDB00700FF
:10B16000F5B00700024B00221A601A81704700BF39
:10B17000280D002070470000054B1A680AB9FFDF50
:10B18000FEE70449D16000221A60FFF72BB800BF28
:10B19000280D00200DB10700C0E90812202200216F
:10B1A00001F094B830B587B00C461822002105464E
:10B1B000684601F08BF8637A4FF000026168C3F3D0
:10B1C0008003029183F0010363F38202237A8DF8F6
:10B1D0001430224B8DF81520039323785BBB9DF828
:10B1E0001500D4E904324007CDE9003207D50A3B07
:10B1F00001F10A0142F1FF320291CDE90032637A96
:10B2000069469DF81520C3F3400322F003025B005A
:10B2100043F0010313438DF81530114B5868C0F308
:10B220000800B8B11038FFF747FF98B92846FEF775
:10B23000B1FF07B030BD23690493FEF732FF9DF8DC
:10B2400015305B0744BF029B0A33CDE9000148BFBC
:10B250000293D4E72846FEF77FFFEAE70DB1070027
:10B2600000ED00E008B50A4B02465868C0F308003C
:10B2700040B11038FFF720FF20B91046BDE8084064
:10B28000FEF7ECBF1046BDE80840FEF7B3BF00BFB5
:10B2900000ED00E010B5037886B004460BB1FFDF87
:10B2A000FEE70593CDE90333D0E90423CDE900237C
:10B2B00043680293037A68468DF81430FFF73AF832
:10B2C0000120DDE90023C4E9042306B010BDFEF728
:10B2D000A5BF000008B5094B1B680BB9FFDFFEE7EF
:10B2E0005B7D5B0703D4BDE80840FFF717B8FFF7A5
:10B2F00015F80A3041F1000108BD00BF280D0020FB
:10B3000070B50B7886B00BB1FFDFFEE74C7A4FF0DB
:10B3100000060593C4F380034D6883F00103029592
:10B3200063F382060B7A8DF81430104B8DF815609C
:10B3300076070393D1E90431CDE9003107D50A3B03
:10B3400005F10A0541F1FF310295CDE900319DF883
:10B350001530C4F340046946049264F341038DF848
:10B360001530FEF7F9FE06B070BD00BF0DB1070045
:10B370007FB5FEF796FE002305930A4B039340F238
:10B380001E2302934FF0FF33CDE9000169460648C2
:10B390000493FEF7FFFE08B9FFDFFEE707B05DF894
:10B3A00004FB00BFD1B30700600D002010B5074CAF
:10B3B00094F820304BB9FEF7AFFD30B9012384F883
:10B3C0002030BDE81040FFF7D3BF10BD600D002056
:10B3D00008B505292BD8DFE801F0032C262A2A0D11
:10B3E000FEF7A2FD1348FEF79BFF1E38BDE808409C
:10B3F000FEF759BEFEF790FD38B10E4B002283F8E0
:10B400002020BDE80840FEF7EDBEFEF78FFD08B92D
:10B41000FEF78AFD00214FF40070FEF754FF00286C
:10B42000E0D1FFDFFEE7BDE80840FFF7A1BFFFDF87
:10B43000FEE708BD600D00204FF000430B4A0021DD
:10B44000C2F88030A2F58022C2F88031012302F5D3
:10B450007832C2F80435A2F58022C2F804352022E1
:10B46000034B184683F8201000F030BF00400C500A
:10B47000600D00200023084AC2F88030A2F5802227
:10B48000C2F88031012302F57832C2F80835A2F5FE
:10B490008022C2F80835704700400C5008B5FDF70F
:10B4A00035FB054AD2F8583743F00103C2F8583744
:10B4B000BDE80840FFF77ABF00200E5008B5FDF741
:10B4C00035FB0B4AD2F8583723F00103C2F858373E
:10B4D0000122084B5A604FF0FF32C3F808232022A4
:10B4E000054BC3F89021BDE8084000F0C5B800BF87
:10B4F00000200E500050085000E100E070477047F7
:10B500007047704708B5FEF707FDA0B90C4BD3F89C
:10B5100000313BB90B4A536A0133312B536209D9CD
:10B52000FFDFFEE7FEF702FD08B1FFDFFEE7FEF7F3
:10B53000F9FC012008BD034B00225A62F9E700BF65
:10B5400000E01050600D0020FFF730BF40F20251C4
:10B55000014808B500F01AFC95D0050018482022D3
:10B5600008B5C0F89020BFF34F8FBFF36F8F154B16
:10B57000C0F89021D3F8041521F00301C3F8041595
:10B58000D3F8081541F00301C3F8081592FAA2F1A7
:10B59000B1FA81F1092904DD40F29F310A4800F037
:10B5A000F5FBC3F8101501215960D9604FF0004137
:10B5B000C3F880104FF0FF31C3F80813026108BDD3
:10B5C00000E100E00050085095D00500124B4FF408
:10B5D000E062C3F838230022C3F8AC25C3F8BC25C9
:10B5E000C3F8CC25C3F82021C3F82421C3F82821AF
:10B5F00020220A4BC3F89C21C3F89C20BFF34F8F35
:10B60000BFF36F8FC3F89020BFF34F8FBFF36F8FDF
:10B61000C3F89021704700BF00200E5000E100E009
:10B6200008B5FFF7D3FF054B4FF4A062C3F83423EE
:10B630002022034BC3F89C21DA6108BD00200E5084
:10B6400000E100E00A4B10B51C680CB1FFDFFEE71B
:10B65000B1F5801F1A6001D3FFF778FF054B012277
:10B66000C3F8A005C3F8A415C3F8AC2510BD00BFEE
:10B67000880D002000200E50054A136833B10023C6
:10B680000449C1F8AC35C1F820311360704700BFE0
:10B69000880D002000200E5030B54FF0FF30064CD2
:10B6A0006FF04041D4E90023904271EB0305F9D3D8
:10B6B0001046C3F3130130BD40270E5008B5FFF705
:10B6C000EBFF044BD3E90223904299412CBF0120A8
:10B6D000002008BD880D002010B5029C241841F1FF
:10B6E0000001A01A61EB0301B0F1004F71F10001FC
:10B6F00001DBFFDFFEE710BD014B1861704700BFA3
:10B70000880D002008B50C4B1B690BB9FFDFFEE765
:10B71000EFF3108272B6B1F5801F01D3FFF716FF69
:10B72000064BC3F8C005C3F8C4150121C3F8CC15F6
:10B7300002B962B608BD00BF880D002000200E507F
:10B7400008B5FFF70BFF024B01221A6008BD00BFCE
:10B750000050085010B5FFF701FF0F4C0023C4F84C
:10B76000BC35C4F82431FFF797FF0A3041F10001DE
:10B77000B1F5801F01D1FFF7E9FE4FF00043C4F897
:10B78000B005C4F8B415C4F8A4310123C4F8BC351D
:10B79000024BC3E9020110BD00200E50880D0020AD
:10B7A000134BD3F8342312F4A06F10B501D1FFDF8F
:10B7B000FEE7D3F820215AB100220E49C3F8AC2588
:10B7C000C3F820210B680BB9FFDFFEE70A6098473A
:10B7D000074BD3F828214AB10022C3F8CC25C3F87F
:10B7E0002821044BBDE810401B69184710BD00BF5D
:10B7F00000200E50880D002008B500230B8581F82D
:10B800002A300B6A0921984718B103780BB1FFDF82
:10B81000FEE708BD034610B3007888B91A79012AFB
:10B820001ED85A79012A1BD89A680E49643A8A426E
:10B8300016D8D8680C4B98422CBF002001207047C6
:10B8400001280CD11A79012A09D85A79012A06D877
:10B85000DA680449643A8A4201D89868EAE7002025
:10B86000704700BF3C8601000040420F436A194404
:10B870004162A1F19600FEF716BC000070B50446C7
:10B88000FEF70FFC40F2F966656AD4E9063296339A
:10B8900042F100025B1905F5DF6542F10002B5FBDC
:10B8A000F6F55B1942F1000283428A410CD294F80A
:10B8B0002A30052B01D0FFDFFEE7236A0A2194F826
:10B8C00058009847FFDFFEE7044C236813B1984700
:10B8D00000232360BDE87040FFF74EBC9C0D0020A4
:10B8E00070B504460D4639B9012380F85930FFF789
:10B8F000C5FF0226304670BD0E78032E6CD801A31A
:10B9000053F826F0F3B8070015B907007FB9070010
:10B9100037B907004868C72801D80026EAE704219C
:10B92000FEF7D1FC0028F8D0FEF7BFFB696820467F
:10B93000FFF79CFFDEE790F8286006BB4D682846BD
:10B94000FFF768FF002847D02B78D3B90121217079
:10B950002B796A79003B18BF0123002A14BF042207
:10B96000022243F004032272AA68A5326260EA68E8
:10B9700063720323226184F82A3084F82910204658
:10B98000B5E794F82A30052B01D0FFDFFEE72670DB
:10B9900004F130002B796A79003B18BF0123002A9B
:10B9A00014BF0422022243F004032272EA68637285
:10B9B000A532A9686260D4E906325B1842EBE172F5
:10B9C0002146C4E90432042384F82A30FFF7EAFB55
:10B9D0000028D4D1FFDFFEE7012384F85930CEE7F9
:10B9E00070B5002400F0F0F805462646E0B2854226
:10B9F00000D870BD00F0EEF80134068580F82A60AA
:10BA0000F4E70000014B1860704700BF9C0D002058
:10BA1000F8B504460D46002700F0D6F80646F8B201
:10BA2000864204D8082D0CD96FF0150008E000F00C
:10BA3000D1F890F82A300137002BF0D04FF0FF30CA
:10BA4000F8BD2CB129462046BDE8F84000F0CEB83C
:10BA500021462046F8E700002DE9F84388460746CE
:10BA600058B300F0B1F84FF0000904465FFA89F6C8
:10BA7000B44203D86FF00B00BDE8F883304609F1FB
:10BA8000010900F0A7F890F82A50002DEED13046B9
:10BA900000F0A0F80A490446058580F82A500246BD
:10BAA00080F858603030FFF777FB01232762284683
:10BAB00084F82A3088F80060DEE76FF01500DBE7D5
:10BAC0005585070010B5044600F084F8014688B19A
:10BAD00090F828308BB990F82A3073B1013B012BD4
:10BAE00004D82046FFF788FE002010BD012380F80F
:10BAF0002830F9E76FF00100F7E76FF02200F4E774
:10BB000070B50D4600F066F80446002849D090F85C
:10BB10002A60731E012B4AD8002D45D02846FFF716
:10BB200079FE002840D02B78F3B9012323702B79BC
:10BB30006A79003B18BF0123002A14BF04220222A5
:10BB400043F004032272AA68A5326260EA68637255
:10BB500003232261214604F1300084F82A30FFF7E4
:10BB600021FB38BBFFDFFEE7022E20D1002323702C
:10BB70002B796A79003B18BF0123002A18BF0426DD
:10BB800043F004032672EA686372A532A968626012
:10BB9000D4E906325B1842EBE172C4E904320423B3
:10BBA000D8E76FF0010070BD6FF01500FBE76FF094
:10BBB0002200F8E70020F6E7024B00221A601A7113
:10BBC000704700BFA00D0020014B1879704700BFDF
:10BBD000A00D0020044B1A79824283BF1B686022AB
:10BBE00002FB003000207047A00D00200A4610F034
:10BBF000030110B50AD1074C2271206008B900205A
:10BC000010BD60235A4300F061FBF8E76FF00D00B0
:10BC1000F6E700BFA00D0020BFF34F8F0549064B8C
:10BC2000CA6802F4E0621343CB60BFF34F8F00BFDA
:10BC3000FDE700BF00ED00E00400FA05084B01221B
:10BC40005A604FF0FF32C3F808238022054BC3F837
:10BC50008820BFF34F8FBFF36F8FC3F888217047E1
:10BC60000070045000E100E0F8B5224F05460C4694
:10BC700016463B78002B3AD1FDF7E8FC7E601E4B60
:10BC800001263C814FF48062C3F8A4601B4BC3F8CB
:10BC90009020BFF34F8FBFF36F8FC3F89021FFF752
:10BCA000CDFF174B002D14BF28461846FEF76CF940
:10BCB0000546D0B9FFF756FAFEF758F9FFF790FEA0
:10BCC000FEF7D2F908B9FFDFFEE7002C0BDB04F02A
:10BCD0001F036409A4009E4004F1604404F561441C
:10BCE000C4F88061266001233B702846F8BD4FF000
:10BCF000FF35FAE7A80D002000A0085000E100E0A1
:10BD00006CD0050038B51D4C2378ABB3FEF7BEF9F7
:10BD1000EFF3108572B600236360FFF72BFAFEF78E
:10BD20007DF90121164B1748C3F8A4104FF4806326
:10BD3000C0F89030BFF34F8FBFF36F8FC0F89031D2
:10BD4000FFF77CFFB4F90830002B0BDB5A0903F036
:10BD50001F03994002F1200340F82310BFF34F8FD7
:10BD6000BFF36F8FFFF728FF074B0122C3F80825A9
:10BD700005B962B60023237038BD00BFA80D0020AE
:10BD800000A0085000E100E00020085008B572B69D
:10BD9000024B5B6803B19847FFF73EFFA80D0020F8
:10BDA000074BB3F90830002B09DB5A09012103F0D6
:10BDB0001F03994002F14003024A42F823107047E2
:10BDC000A80D002000E100E0014B1878704700BF8B
:10BDD000A80D0020F8B5037904460BB1FFDFFEE79C
:10BDE0004679017126B901234371217909B961713D
:10BDF000F8BD276820462671B84702280546F4D1C9
:10BE000003212046B84708B1FFDFFEE72368294633
:10BE1000204698470028E8D0FFDFFEE70346006889
:10BE2000884204D109B10A681A600846704728B9E7
:10BE30007047884202D10A681A60F6E70346006834
:10BE40000028F6D1704701F11003013813F8012DD5
:10BE50008B4200F8012FF9D1704700002DE9F84F0F
:10BE60000746894693469846374CDFF8E0A0384DA0
:10BE70002E780136F6B2D5E84F3F0133DBB2C5E884
:10BE8000403F0028F7D101216160C4F80001C4F8E7
:10BE90000401EFF3108072B62E4BC5F80490AB602E
:10BEA000C5E905B33B68C4F810357B68C4F81435A0
:10BEB000BB68C4F81835FB68C4F81C35264BC4F8B9
:10BEC00030351033C4F83835216000B962B6D4F883
:10BED00000312BB9D4F8043113B92B789E421CD011
:10BEE000B8F1000F09D00A9B3BB1D4F840350A9A4B
:10BEF000C8F80030D4F83C351360D4F80431002B76
:10BF0000B5D12978B142B2D1C4F80031C4F80431B6
:10BF10000323C4F80833BDE8F88FDAF81030DB06E5
:10BF2000D5D503238021C4F804330C4BC3F8881102
:10BF3000D4F80031002BCAD1D4F80431002BC6D17B
:10BF400000F020F9C3E700BF0070045000ED00E0EE
:10BF5000B40D00201000000BB80D002000E100E03F
:10BF60002DE9F04713F0010F8EB004460D46174639
:10BF70009A46DDE9168924D006A8FFF764FFA307D7
:10BF800035D002AA04F110052068083454F8041CC6
:10BF90001346AC4203C31A46F6D106AD02AC1AF002
:10BFA000020F4346CDF8009023D0294620460AAA26
:10BFB000FFF754FF0AA93846FFF745FF0EB0BDE86A
:10BFC000F08713F0040F0DD106AB0E4601F1100CF3
:10BFD0001D463068083656F8041C1A46664503C2EA
:10BFE0001346F6D1214602A8FFF72DFFD6E706AD8E
:10BFF000D5E73A4629462046FFF730FFDEE713B57E
:10C000000024CDE90044FFF7ABFF02B010BD0000F3
:10C010001A4B4FF4000270B5C3F89820BFF34F8F4E
:10C02000BFF36F8F164C0021164DC4F80011C3F8F2
:10C0300098212E692B6906F0100643F010032B613E
:10C040000123C4F804332360D4F800319BB11EB936
:10C050002B6923F010032B610123D4F808054FF45A
:10C0600000026360C4F808330023C4F80031034BB6
:10C07000C3F8982170BD00F085F8E5E700E100E025
:10C0800000700D5000ED00E003460020187070476E
:10C09000EFF3108272B6012103780170DBB202B9AE
:10C0A00062B6012B0CBF6FF0220000207047EFF347
:10C0B000108372B60022027003B962B60020704786
:10C0C00004230A4930B501EBC302157905F0FF04DA
:10C0D0001DB1013BF7D2FFDFFEE741F8330001213C
:10C0E0005471D8B29471117130BD00BFD80D0020C9
:10C0F000042801D9FFDFFEE7024B002203EBC00357
:10C100001A717047D80D0020042801D9FFDFFEE71F
:10C11000084B03EBC0000379012B01D0FFDFFEE7E2
:10C12000437982790133DBB29A4218BF4371FFF73A
:10C1300037BE00BFD80D002038B505240F4D95F847
:10C14000281005EBC1031A79012A09D158799A7987
:10C15000904205D05A79D2B29A7155F83130984749
:10C1600095F82830013C0133DBB2052B28BF0023B2
:10C1700014F0FF0485F82830E1D138BDD80D002037
:10C18000FFF7DABF20BF704720BF70479142F0B57C
:10C1900001D3FFDFFEE7B2FA82F33BB1C3F1200423
:10C1A00099409A4020FA04F4984021434FEA124CF7
:10C1B00093B2040C87B2B1FBFCF50CFB151E05FB1A
:10C1C00003F64FEA0E4E0EEB1040864205D9361AA2
:10C1D000964294BF01260226AD1B04EB01412804C0
:10C1E00005FB1211B1FBFCF40CFB1411634307EBCC
:10C1F0000147BB4205D9DB1B934294BF01230223B5
:10C20000E41A2043F0BD70B5044615461E46FFF7FC
:10C21000BDFF049B00FB154430601C6070BD2DE920
:10C22000F0411D4607460C46164652EA050301D169
:10C23000FFDFFEE785B9914204D2FFF7A7FF294649
:10C24000BDE8F08108462946FFF7A0FF05463246C3
:10C25000384605FB1641F0E7B5FA85F8012340089A
:10C2600003FA08F3C8F11F0840EAC470A3FB0212E6
:10C27000610803FB0522FFF789FF30FA08F04FF051
:10C28000000102D0013861EB010106FB01F3A6FBBE
:10C29000002C00FB0533BF1A634464EB0304B74270
:10C2A000AC41CDD3013041F10001C9E762B10139A0
:10C2B00010B5841810F8012B11F8013FA04201D0ED
:10C2C0009A42F7D0D01A10BD10467047F0B5C9B2E7
:10C2D0000446A30726460ED14FF0013522F0030392
:10C2E0004D43E718BC420CD1334402F003021A4418
:10C2F000934209D1F0BD002AFCD0013A04F8011B99
:10C30000E7E744F8045BEDE703F8011BF0E7FFF70C
:10C31000DDBF0000094B0A4AC3F800230132C3F80D
:10C320000C230132C3F818230132C3F82023013251
:10C33000C3F81C230132C3F81021704700A0085035
:10C3400004000080074B0022C3F80023C3F80C232D
:10C35000C3F81823C3F82023C3F81C23C3F8102103
:10C36000704700BF00A00850844641EA000313F064
:10C37000030359D1403A33D3F0B4F0C9F0C0F0C947
:10C38000F0C0F0C9F0C0F0C9F0C0403AF5D2F0BC3E
:10C3900026E0403A24D300BF0B6803604B6843603B
:10C3A0008B688360CB68C3600B6903614B69436131
:10C3B0008B698361CB69C3610B6A03624B6A436219
:10C3C0008B6A8362CB6AC3620B6B03634B6B436301
:10C3D0008B6B8363CB6BC36340304031403ADBD21D
:10C3E00030320BD30B6803604B6843608B6883600B
:10C3F000CB68C36010301031103AF3D20C3205D341
:10C4000051F8043B40F8043B043AF9D2043208D016
:10C41000D2071CBF11F8013B00F8013B01D30B8888
:10C4200003806046704700BF082A13D38B07B0D043
:10C4300010F00303ADD0C3F10403D21ADB071CBF15
:10C4400011F8013B00F8013BA3D331F8023B20F87F
:10C45000023B9EE7043AD9D3013A11F8013B00F8B8
:10C46000013BF9D20B7803704B7843708B78837063
:04C47000604670476B
:10C4740001000000001500207FFE00000000000005
:10C484001D40000000000000FFFFFFFF1FFF000031
:10C49400BAABBABA10101010FF0000000000000080
:10C4A400FFFFFFFFFFFFFFFFFFFFFFFFFFFFFFFF98
:10C4B400FF000000E1E406000000000067E506005C
:10C4C40000000000B1E506000000000081E5060060
:10C4D4000000000015E506000000000093E50600DA
:10C4E40000000000D1E506000000000055E506004C
:04C4F4000000000044
:040000035000A829D8
:00000001FF
