:0200000260009C
:105800002958060095580600395806003DA10700A2
:1058100059FF0600FD81060035A1070041A10700E0
:0858200039A107006DAA070081
:1058280000B5024880475DF804EB704779AD070082
:1058380071460420084202D0EFF3098101E0EFF33A
:105848000881886902380078102813DB20280FDBCC
:105858002D280BDB084A1268084B9A4203D16028AE
:1058680004DB074A1047022008607047054A1047C2
:10587800054A1047FFDF0000D40A0020BEBAFECA5E
:10588800F981060049A1070049B0070012490978C3
:10589800D9B904207146084217D106990F4A914296
:1058A80013DA0F4A914200DA0FDB069902290CDB62
:1058B80002394878DF2808D10878FF2805D14FF049
:1058C80001004FF00002074B18474FF0FF307146B8
:1058D8004FF00002034B184728ED00E000EC0700EA
:1058E8000058060091AD070007282DD01AB1012AEB
:1058F8000BD0812070474B7803F00703042BF8D8AE
:10590800DFE803F007220C131B004B78C3F3C20334
:10591800F4E7002A14BF032002207047032813D895
:1059280000280CBF05200F20704704280CD8023827
:10593800012894BF0F2005207047062804D00328AB
:105948000CBF0F20052070470020704773B5144620
:10595800ADF80410BDF8042003462280227842F0F6
:10596800040222709DF90420002A13DA104A9DF8D7
:105978000410927AA068C1F3001193420CD3FE2B55
:1059880004D107324942D20818F08AFB237823F061
:105998001003237002B070BDDE08012503F0070371
:1059A800825D9D40994022EA05020A438255EDE74F
:1059B800E8000020064BDA88824206D330B10C2278
:1059C8001B6850430C38184470470020704700BFCC
:1059D800E8000020820682B0C3B20BD41B0606D5AD
:1059E800054B9B7ADA1D4B4303EBD20399B2084669
:1059F80002B070470021FAE7E80000201388F0B5EC
:105A08000B8091F90030002B26DA144B0C789B7A26
:105A1800984204D344F0100400200C70F0BD95683F
:105A2800C60800F007070733AE5DDB103E4166F39A
:105A380004140C701178D27801F0030142EA0122B3
:105A480040F20121B2FBF1F101EB4121521A92B26D
:105A580000FB02302844E1E79068DFE7E800002017
:105A680010B5044649B1042113F08CFF38B1204623
:105A78000421BDE8104014F00DB8084610BDFF2001
:105A8800FCE700002DE9F7438146084616461D4607
:105A9800FFF790FF0446DDE90A7800285CD001781A
:105AA800480759D5B9F1000F4FDA5FFA89F92E4B3B
:105AB8009B7A4B4552D9224601A94846FFF79EFFDB
:105AC8002278E37840F2012102F0030243EA02233C
:105AD8006A04B3FBF1F101EB4121A3EB010189B2A7
:105AE8000AD58B4208D194F802C022790CF0030C35
:105AF80042EA0C22B24233D3B14231D3C5F30D028C
:105B08009519ADB2A9422DD38B4205D1A378290AA4
:105B1800257161F30103A370B8F1000F01D0A8F853
:105B2800002077B13946304418F006FB9DF8043060
:105B38002246484623F010038DF804300199FFF7F8
:105B480005FF002003B0BDE8F0831FFA89F0C909FA
:105B5800FFF786FF8146AAE70120F3E78720F1E7F0
:105B68000720EFE70D20EDE7E8000020CB1C23F02D
:105B7800030399422DE9F04107460D462ED1184CF2
:105B880000230E4640F201282160A0802381A272E2
:105B9800E380337813F0040001D1BDE8F081E28896
:105BA8000132E28013F0200216D103F00302F178EB
:105BB800707841EA022143EA0020B1FBF8F202EBD7
:105BC8004222891A89B2FFF705FF238903449BB251
:105BD8002381FB1A2B44B3600C36DAE78620DCE716
:105BE800E8000020044AD388108903EB43030130FE
:105BF80000EB830080B27047E80000202DE9F04FE9
:105C080040F2012487B081461546ADF8141002937E
:105C1800BDF8403005980393B2FBF4F404EB442438
:105C2800141BA4B22146FFF7D5FE0146FFF7DAFFA1
:105C3800DFF8F4C00C30BCF8042008449042DDE9D9
:105C480011766CDC9DF8148008F0A003A02B68D0B6
:105C5800BCF80600DCF800A0431C9BB2ACF8063088
:105C680006B1338018F0200B09BFBCF8086039462C
:105C7800891989B204BFACF80810511A4FF00C0208
:105C880008BF514402FB00F6FE200AEB06029160B1
:105C980005990492FFF75AFE049A18F0800FDFF86E
:105CA8008880D570C5F3012514714FEA14241AF8B9
:105CB800061045F0040521F0070145EA01050AF838
:105CC800065008BF0125917864F301014FF00004E4
:105CD8009170264699F802105171B9F80010D180D8
:105CE8004FF0000111731CBF0F4A957ABBF1000FEA
:105CF80018BF0027E3B29D4201D800200CE044F011
:105D080000400134CDE90076DDE90223B8F8061039
:105D1800FFF7B8FE0028EDD007B0BDE8F08F84206B
:105D2800FAE70620F8E700BFE80000202DE9F3476E
:105D38000446084692461D46FFF73CFE8146DDE9CB
:105D48000A6700283ED001784B073BD5C909204691
:105D5800FFF786FE1F4B9B7A834235D901A94A4635
:105D6800FFF74CFE99F8023099F80440BAF5806FB5
:105D780003F00303CAF3090844EA03210C460DD3D0
:105D880099F8002099F8033002F0030243EA02234D
:105D9800B3F5007F02DD6B1E8B4217DCA04517D8D8
:105DA800A4EB080292B2AA4228BF2A4607B13A8059
:105DB80026B100EB0801304618F0BEF9002002B009
:105DC800BDE8F0870120FAE78720F8E70B20F6E71F
:105DD8000720F4E7E80000202DE9F0470446FFF724
:105DE800E9FD064668B3184F25464FF0000940F212
:105DF8000128B7F806A0AA4509D23B89013C002032
:105E0800A3EB0903FC8030703B81BDE8F08728468E
:105E18000135FFF7CFFD0278C178ADB202F0030378
:105E2800407841EA032142EA0020B1FBF8F303EB92
:105E38004323C91A89B2FFF7CDFD48441FFA80F9F8
:105E4800D9E70120E1E700BFE800002010B51446BB
:105E580039B1013911800121FFF702FEA07000203D
:105E680010BD0120FCE70000F8B5154B04460C27CF
:105E7800DE8818682388B3421FD207FB03F1421853
:105E88001BD0415C5D1C11F0040F14D05379A37230
:105E9800D3889078238100F00300117941EA00212A
:105EA800A078A181E11CFFF7A9FD2061ABB2002019
:105EB8002380E38002E02580DCE70A20F8BD00BFEC
:105EC800E8000020012303827047000073B50646EE
:105ED80008461D46ADF80420FFF76CFD044658B38C
:105EE80001784B0728D5C9093046FFF7B9FD144B8F
:105EF8009B7A834222D922460199FFF727FDFF2D7D
:105F080017D0237840F20122E17803F0030341EA35
:105F18000321B1FBF2F202EB4222891A89B215B9C8
:105F280001F2012189B22378E170090A61F30103C2
:105F38002370002002B070BD0120FBE78720F9E73D
:105F4800E8000020F8B50646084617461D46FFF744
:105F580031FD0446F8B101784B071CD5C909304614
:105F6800FFF77EFD224639460646FFF747FD5DB13D
:105F78002378E27803F0030342EA0322B2F5007FB4
:105F8800CCBF002201222A70044B987AB04294BFF9
:105F980087200020F8BD0120FCE700BFE8000020B2
:105FA80090F82F30C279C3F30103134063F3010261
:105FB80013F00103C2711BBF837A90F832208372F9
:105FC80013401FBF90F831208372437A13408278C0
:105FD8004372037A9A4288BF8370704770B503781A
:105FE80004460D46052B08D003F0F703012B11D109
:105FF8000169042015F0C6F80CE0836801690420E3
:106008001E7815F0BFF8052E04D0054A0420216932
:1060180015F07CF829462046BDE8704000F05CB8D1
:1060280080C3C9012DE9F041054686B00F46012419
:10603800DFF850802B79013B55F823607378013BDA
:10604800DAB2012A05D858F823303946304698473D
:106058000446012C11D82B79013BD9B2297171B9A9
:106068000A2301A802968DF80430336A059305F0D7
:10607800DFFB204606B0BDE8F081032CF9D10324EC
:10608800D8E700BFDC7D060010B5044601460420B1
:1060980015F078F82146034A0420BDE8104015F0B1
:1060A80035B800BF80C3C90138B50D46802200212C
:1060B800044617F0F5FF012D01D0022D07D1204627
:1060C800657001F08BFB02230020A37538BD052005
:1060D800FCE7042015F056B838B50C4669B1002322
:1060E80005780B7005F0A4FB064B20782B441B7A2F
:1060F800834214BF0220032038BD05F099FB2046D7
:10610800FAE700BFDC7D060010B50379012B0CD03F
:106118004C780022012C0A7004BF0A744A615A1C88
:10612800027140F82310032010BD0420FCE700236F
:1061380037B58DF804300D464378012B03D0022B78
:1061480011D06C4606E0C468002CFAD0237C002BE2
:10615800F7D10C3401462046FFF7D6FF032804D0B8
:10616800042003B030BD0469EEE729462046FFF756
:1061780059FF9DF80430002BF3D0F1E720B1037CE0
:1061880013B10C30FFF74EBF0120704738B50546F4
:10619800C2F110001446284417F0CEFF102C0AD084
:1061A800C4F10F02802328460021D2B2AB54BDE8C7
:1061B800384017F075BF38BD2DE9F04788B00C4658
:1061C80011460546DDF848A004AEDDE91029D046A1
:1061D8004F4617F8010BC0F340008DF8100018F86F
:1061E800010BC0F340008DF811001868CDF81200BB
:1061F80098889B79ADF8160068468DF818301368B2
:10620800CDF819309388ADF81D30937932468DF862
:106218001F30102313F015FE2A4669462046032333
:1062280017F0E3FDB8F80430DAF801003246ADF8AB
:1062380014302946D9F8013004906846CDF8163054
:10624800BB88ADF81A3000230793102313F0F9FD2B
:1062580003232A466946204617F0C7FD08B0BDE863
:10626800F08700002DE9F04389B0054690461C46AA
:106278000E46DDE9107919B3032302462B4930464F
:1062880017F0B3FD10222946384613F0E4FD95F9BE
:106298000F30002B05DA1023254A3946384613F00B
:1062A800D0FD10223946484613F0D5FD97F90F3036
:1062B800002B05DA10231E4A4946484613F0C1FD53
:1062C80010220021284617F0EBFE102C14D822D1FA
:1062D80023463A46414604A813F0B3FD2A46014630
:1062E8001023684613F0ADFD03236946304617F0C6
:1062F8007CFD09B0BDE8F083103C684610232A46AF
:10630800A4B208EB040113F09CFD03236946304650
:1063180017F06BFDD9E7E2B241466846FFF736FF52
:1063280010234A4669460DEB0300D5E7A87D060011
:10633800B87D06001FB51B88044612880846ADF8CC
:1063480002300023ADF80020694603932246CDE9C8
:106358000133032317F049FD04B010BD30B589B0EF
:1063680004460D46106851686B4604AA03C300230F
:1063780069462846CDE90233032317F036FDBDF8F8
:106388001030238009B030BDF0B5027887B0002303
:106398000446012A06698DF8083047D0022A00F021
:1063A800BE8012B1012007B0F0BD0379013B032B79
:1063B800F8D8DFE803F0020B08237378012B40F0CC
:1063C800C18002230AE01D233370FAE77378022B99
:1063D80040F0B88033780C2BE4D1072301228DF8E4
:1063E8000830227022899A4216D2082301A88DF813
:1063F8000430236A0593FFF76FFED4E7B37D022BC1
:10640800D0D132781D2ACDD84F4BD340DB07C9D520
:106418000389012BD5D8C5E70B46052203F8042BC1
:10642800D4E9020183E803000320BCE70A78052ABF
:10643800B8D18DF80420026A8D6805929DF8102065
:10644800039563F300020379013B8DF81020032BB9
:10645800A8D8DFE803F00224125802270B230021F2
:10646800ADF808702B70037D01A803F01F036B7053
:10647800FFF7B4FD3770002095E79DF81030022231
:1064880043F00103ADF808208DF8103005232B7078
:10649800037D6B70027001A8FFF7A0FD83E7072357
:1064A8000021ADF8083001232B70037E6B70437E0A
:1064B80003F00103AB70837E03F01F03EB70C37E10
:1064C8002B71EB7813F0010315BF037FAB7103F059
:1064D80007036B711CBF6B71437F01A81CBF03F0DE
:1064E8000703AB71FFF77AFD2B68F362AB8833863D
:1064F800AB7986F8323063695B7873752B79B37042
:106508000D233370B7E702230021ADF808300E23BE
:106518002B70037D01A86B70FFF760FDABE70122CC
:1065280019468DF80420026A059203228DF8082086
:10653800027D01A88DF80920FFF750FD304601F0D3
:106548004DF998E705202EE7F0C0012070B59CB002
:106558000C46194602F120059DF880308DF82C3044
:106568000DF12D0352F8046BAA4243F8046BF9D1DC
:1065780022460DF14D03203452F8045BA24243F841
:10658800045BF9D107AB0BAA019303AB009341233A
:10659800FFF768FE1CB070BD2DE9F04FA1B01C4696
:1065A80020230DF1280B0DF1180A2C9ECDF804B00C
:1065B800CDF800A0CDE904014D490EA8DDE92A7502
:1065C800FFF750FE4FF4807305F101080DF1580CE8
:1065D800ADF84830731C07F1100E0393D6F801305C
:1065E800CDF84A30B6F80530ADF84E303378C3F3FD
:1065F80040038DF85030D5F80130CDF85130B5F85A
:106608000530ADF855302B78C3F340038DF857307B
:106618003B461868083353F8041C6246734503C2A6
:106628009446F6D123460DF1680C04F1100E186853
:10663800083353F8041C6246734503C29446F6D1E6
:106648000023DFF8B09012AA0EA98DF87C3035230C
:106658000498CDF87890CDE900ABFFF703FE4FF42E
:106668008073ADF84830D6F80130CDF84A30039B36
:106678009B88ADF84E30337807F11006C3F340031A
:106688008DF85030D5F80130CDF85130B8F80430D5
:10669800ADF855302B7816ADC3F340038DF857305D
:1066A8003B461868083353F8041C2A46B34203C211
:1066B8001546F6D11AAA04F110052068083454F8D2
:1066C800041C1346AC4203C31A46F6D1012312AA8E
:1066D8000EA905988DF87C300AABCDF87890019317
:1066E80006AB00933523FFF7BDFD21B0BDE8F08F61
:1066F800C87D0600656C7462F0B59DB00546259EA0
:10670800D6F801000B90B6F80500ADF830003078E7
:10671800DDE92374C0F340008DF83200D4F801009D
:10672800CDF83300B4F80500ADF837002078229C86
:10673800C0F3400004F110068DF839003888ADF830
:106748003A00B8788DF83C000DF13D0054F8047B10
:10675800B44240F8047BF9D10DF14D0003F1100467
:1067680053F8046BA34240F8046BF9D10DF15D03B3
:1067780002F1100052F8044B824243F8044BF9D15D
:1067880007AB0BAA2846019303AB00934123FFF7FD
:1067980069FD1DB0F0BDF0B5A3B09C4606460C4699
:1067A800289D0EAB05F1100E2868083555F8041C15
:1067B8001F46754503C73B46F6D112AB02F12007C9
:1067C8001068083252F8041C1D46BA4203C52B460D
:1067D800F6D122461AAB04F120051068083252F8A7
:1067E800041C1C46AA4203C42346F6D106AB0EAAD3
:1067F80061460AA8019302AB00935023FFF732FDCC
:106808000A9B336023B0F0BD2DE9F04300238FB01D
:1068180090F800C005460F46C4688DF82430BCF1D6
:106828001B0F00F28780DFE81CF01C00EC0232032B
:106838004E0389039403A903DB03F8035604810478
:10684800C904F104FD043F0587059405B705B9059A
:106858003B067D067F06B206CF064B076E072E075E
:10686800350714B123781D2B36D0AE68002E61D0C1
:106878000123296A8DF8243040F602230D91ADF8E2
:1068880028306B690B93AB88002B53D03278501E9D
:106898000D2821D8023A0C2A23D8DFE812F070001C
:1068A800EB0040011C0230025002790299024B00B1
:1068B8000D00AF00AD010102022B3BD114B12378CA
:1068C8000C2B09D102238DF8243073788DF82830E9
:1068D800002109A8FFF782FB002630460FB0BDE86B
:1068E800F083042014F04EFCAB88072B22D10CB3A4
:1068F8002378022B02D01A1F022A19D801232370E9
:106908003379DA1F092A1AD90A232B741D23394629
:1069180009A8237018232B7008238DF824302B6ABC
:106928000D9302238DF82830FFF7D6FB0646D4E7EF
:10693800012BE5D02B7C002B00F0F286E6E7A37054
:1069480003223368E362B3882386B37984F832304C
:1069580001232B70234603F82D2B0A93631D8DF812
:1069680024200B9304F114032A6A0C930D923946E0
:1069780009A8FFF7B1FB0646012EAED1DAE7072BCF
:10698800D8D1002CD6D023780D2BD3D1F17894F818
:106998002F20C1F3C0038807C2F3C00203EA020331
:1069A8007279C3F10703DBB204D11342ACD1B179D8
:1069B8000B42A9D194F8311022EA01021A42A3D15C
:1069C80094F83210B27922EA01021A429CD1337942
:1069D800DA1F092A98D8627D9A4201D9062394E7DA
:1069E80033680E226360B3882381B379A3720123CD
:1069F8002B70234603F82D2B0322AEE7412B99D1A8
:106A0800002C97D02378042B24D1E378D90791D58B
:106A1800731CE269413653F8041BB34242F8041B65
:106A2800F9D10B23002109A88DF824302B6A0D9386
:106A3800E3690A93FFF7D2FA2378042B0ED10523D2
:106A4800237003232B7008238DF824302B6A0D93B1
:106A5800412314E20F2B7FF46DAFD9E7A37D012BFF
:106A680002D81123237037E7032B14BF10231223F6
:106A7800237048E0112B7FF45DAF002C3FF45AAF30
:106A88002378042B17D1E378DA073FF553AFA046F4
:106A980006F1010958F8403B23F07E4303F0FF2339
:106AA800B3F5007F13D110224146484617F0E8FAA3
:106AB80068B9042329E7062B07D1E378DB07E6D476
:106AC800A37D022B7FF436AFE1E7112BFAE74846A6
:106AD800113650F8043BB04248F8043BF9D16178CC
:106AE800012914BF122307232370E378D80711D58F
:106AF8000129A27D40F02F86022A40F0278603F064
:106B08003E03022B09D104232B700C238DF824306B
:106B18002B6A67E0012940F02186052358E0112BF4
:106B28007FF408AF002C3FF405AF2378082B02D080
:106B3800132B7FF4FFAE04F17002711C113610465E
:106B480051F804EBB14240F804EBF9D1082B14BF1B
:106B5800142309232370E378D9071FD5A67D022EB5
:106B680004D06178022935D1012E30D8022ED4E91B
:106B780006010BD1666BC3F34403D6F800C0013B92
:106B88002CFA03FC0CF0010C4CF0800C1346CDF8E9
:106B980000C0024605A8FFF7D9FC0BE0A36A05A8C8
:106BA8000293636A0193231D009304F12C03616B24
:106BB800FFF702FB102205A904F1400017F060FA64
:106BC80000287FF476AF2378092B00F0C8850A23C4
:106BD8002B70CDE1032E2B6A06D104222A700C22D9
:106BE8008DF824200D93C2E609222A7008228DF818
:106BF80024200D93112342E1112B7FF49BAE002C2E
:106C08003FF498AE23780A2B13D1E278D2077FF5A8
:106C180091AE04F14008721C1136414652F8040B3B
:106C2800B24241F8040BF9D10A2B06D10B23237089
:106C3800CEE7152B7FF47EAEEBE72346162204F150
:106C4800500105A803F8602B626A0392A26A0292B7
:106C5800621D0192626B009204F17002FFF74CFD15
:106C6800102205A9404617F00BFA0646002840F006
:106C7800168320463146FFF793F9A378206AC3F1BB
:106C88001002184417F00CFA0F232B7006230A96EB
:106C98008DF824302B6A0D93A3788DF82C3066E696
:106CA800022B7FF447AE002C3FF444AE23781A1F22
:106CB800032A03D90E3B032B3FF63CAEA37D022BE0
:106CC8007FF438AE0846FFF7DFF90E238DF824303D
:106CD8002B6A0D93F9E5022B7FF42CAE002C3FF4C0
:106CE80029AE2378012B7FF625AE0C2B3FF422AE7C
:106CF80004238DF8283073788DF829301AE6112B83
:106D08007FF418AE002C3FF415AE2378172B7FF4D0
:106D180011AE62781421636A971E7A427A4101FBA8
:106D28000232731C1136926953F8041BB34242F8BD
:106D3800041BF9D1286AFFF7A7F9182392E60B2B51
:106D48007FF4F8AD002C3FF4F5AD2378182B7FF4D1
:106D5800F1AD62781421636A901E4242424101FB00
:106D68000233B6F801201B691A806278636A941EA0
:106D78006242624101FB02335A69D6F8033013605C
:106D8800D6F807305360286AFFF77EF917231FE704
:106D9800112B7FF4CFAD002C3FF4CCAD2378192B09
:106DA8007FF4C8AD6278636A911E4A424A41142151
:106DB80001FB0232731C1136D26953F8041BB3422B
:106DC80042F8041BF9D1286AFFF75EF91A2349E64D
:106DD800082B7FF4AFAD002C3FF4ACAD23781A2B11
:106DE8007FF4A8AD636A71781A7861F347021A7064
:106DF800D6F80220636AC3F80120F288A3F80520B8
:106E0800C1E70B78012B7FF495AD4B6804F11402B0
:106E180003F1180153F8040B8B4242F8040BF9D123
:106E2800E27994F82F10C2F3C003C1F3C0010B40FC
:106E3800E17863F30001237DE170002B7FF465ADF9
:106E4800217803291ED1607DA17888423FF6C6AD1E
:106E580063F3471202212046E271627A217163F3DB
:106E680007126272A27A63F30712A272FFF798F808
:106E7800082329708DF824302B6A0D9307238DF889
:106E8800283074E5E378DB077FF547AED9E50B7862
:106E9800052B7FF44FAD07228DF82430036AADF837
:106EA80028209DF830200D9322F001028B688DF880
:106EB80030200B9362681A6022899A80A27A9A71AC
:106EC8000423237004E50B78052B7FF433AD8DF88C
:106ED80024300C22036AD1E901010D930AAB83E83F
:106EE80003004123ADF828309DF8303023F001032A
:106EF8008DF830300A70BA68A369013203F1400195
:106F080053F8040B8B4242F8040BF9D1002109A86D
:106F1800FFF764F8E378012262F34503E37023780E
:106F2800052B09D1A37D934201D80723A0E5032BA4
:106F380040F03481082395E50F2393E50B78072B60
:106F48007FF4F8AC0B79002B7FF4DFAC8B68E3633C
:106F5800E3E5102104F1600012F034F9636BF3B932
:106F6800A37D012B06D807232B70AD4BC4E90D3345
:106F78000326B2E406232B700423C7E50B78022B03
:106F88007FF4D8AC0B79002B7FF4BFACA37D022B28
:106F980007D18B68002B3FF4CDAC6363A363072351
:106FA80016E6032BFBD16178A379012994F82E20EA
:106FB8001EBF194613460A46012A0DD1BA68002A8F
:106FC8003FF4B8AC6263E278D60707D5012B05D148
:106FD800FB68002BE2D1ADE4914AF3E7904BDDE783
:106FE800026A08230D92E2788DF82430D00709D57B
:106FF8006278A37D022A01D1012B0CD9032B0CBF87
:10700800092308232B7011238DF82830394609A845
:10701800FEF7E4FFAFE40923F4E70B78052B7FF4D0
:1070280089AC2278072A04F1600218BF4FF0110CCE
:1070380084F800C08DF82430036A8E680D931123FC
:1070480035460B96ADF828309DF8303023F0010313
:107058008DF83030032305F8013BE07810F0010F7C
:107068001ED1A36A28460293636A0193231D0093E5
:1070780004F12C03616BFFF79FF8236823F07E432C
:1070880003F0FF23B3F5007F7FF422AC2846403499
:10709800113650F8043BB04244F8043BF9D117E4E8
:1070A800A37D022B05BF636BC0F3440000231B685C
:1070B80004BF00F1FF30C340284608BF03F00103B6
:1070C800D4E9061708BF43F08003009313463A46F5
:1070D800FFF73CFAD1E70B78052B7FF42BAC112294
:1070E8008DF82430036AADF828209DF830200D93E0
:1070F80022F001028B6804F170018DF8302004221F
:107108000B9303F8012B04F1600252F8040B8A4236
:1071180043F8040BF9D1002109A8FEF75FFF237893
:10712800092B01D10A2382E513239BE4E378D907CD
:1071380039D5A27D012A24D16378012B04F170038B
:10714800D4E9061004F1600411D100260A4600941F
:1071580001460AA8FFF71FFB0D23002109A88DF897
:1071680024302B6A0D93FEF739FFFFF7B6BB0246B2
:1071780000930AA82346FFF70EFB0B2303262B7068
:10718800EAE7022A0FD1C3F34402132A0BD80132CB
:1071980062F34503E3706378012B01D1062361E4B0
:1071A80010232370B9E4236823F07E4303F0FF2300
:1071B800B3F1012F3FF490AB0B2309E5E378DA072D
:1071C80004D5A37D012B29D10C23D4E60F2304F188
:1071D800700205AE037004F160006378616B012BE7
:1071E8000CD113460246304600F0C0FAA0780021C0
:1071F800C0F11002304416F053FF47E5034630460D
:1072080000F0B4FA2046FEF7CBFEEFE70B78022B2E
:107218007FF490AB0B79002B7FF477AB0D23D7E489
:10722800A87D0600637804F17006D4F828C004F13C
:107238006008012B216AE26B04F150090CBF40463B
:107248003046CDF808C008BF3346D4F824C018BF6C
:107258004346CDE9000C4846FFF79EF96378012BB9
:1072680020D1A3780021206AC3F11002184416F037
:1072780017FFA36A32464946039305A8636A029337
:1072880004F12D030193636B00934346FFF734FA2F
:10729800102205A904F1400016F0F2FE10B10B23EC
:1072A800FFF733BB0E235AE20B78052B7FF442AB72
:1072B8008DF8243004F1700E036A04F160028868C6
:1072C80004F150010D9311230B90ADF828309DF86F
:1072D800303023F001038DF830300D2300F8013BE6
:1072E80094F801C0D4F83880BCF1010FD4E909360C
:1072F8000FBF04F1050C04F12D0C9946334618BF55
:107308004E46CDE9008CCDE902637346FFF7F4F9E8
:10731800002109A8FEF762FE6378012B09D10F232B
:107328002B7006238DF824302B6A0D9300230A93C3
:10733800B2E41523FFF796BB0B78032B7FF4FAAA68
:10734800E379DB0740F1A381102303700723FFF7DC
:10735800DDBB0B78042B7FF4EDAA0B1D04F114029E
:10736800183753F8041BBB4242F8041BF9D1636A6F
:10737800228CA3F80920636AA278DA71636AE1793A
:107388001A7A61F301021A72636A627A1A73636A7B
:10739800A27A83F82020F9E41223E0E191F8008032
:1073A800B8F1050F7FF4C6AA8B681426082143613B
:1073B8006278636A023A18BF012206FB02335869F1
:1073C80011F000FF6278636A04A8023AE16918BF05
:1073D800012206FB02335A6900F0DCF96078626A20
:1073E8000223023804A918BF012006FB0020093235
:1073F800006912F026FD626AB04B0DEB06000932F7
:10740800A169FEF797FF6278636A0DEB0601023AFD
:1074180018BF012206FB0233A278986916F08CFE89
:107428006278636A0021023AA07818BF012206FB3D
:107438000233C0F110029B69184416F031FE112284
:107448002B6AADF828209DF830200D9322F0010218
:107458006B698DF824808DF8302006220B9303F891
:10746800012B6178626A023918BF012106FB0122EB
:10747800926902F1100152F8040B8A4243F8040B96
:10748800F9D1002109A8FEF7A9FD00236B61132398
:107498002B7008238DF824302B6A0D930B23EEE410
:1074A8000B78052B7FF446AA8DF82430036A142044
:1074B80089680D930B230B91ADF8283007230B70C7
:1074C8006278636A023A18BF012200FB02331B6923
:1074D8001B88A1F801306278636A023A18BF01225A
:1074E80000FB02335A691368C1F803305368C1F8C6
:1074F800073023781C2B08D11A232B709DF83030C5
:1075080043F001038DF8303080E51723002109A8E6
:107518002B709DF8303023F001038DF83030FEF7E2
:107528005DFD25E515231AE10B78052B7FF402AAEA
:1075380011228DF82430036A1420ADF828209DF814
:1075480030200D9322F001028B688DF8302008223C
:107558000B9303F8012B6178626A023918BF012185
:1075680000FB0122D26902F1100152F8040B8A4291
:1075780043F8040BF9D1002109A8FEF72FFD1623C3
:107588002A6A2B7008230D928DF8243077E40B7843
:10759800052B7FF4CFA98DF824300822036AADF8B3
:1075A800282009220D938B680B931A706269127850
:1075B800C2F346025A706269D2F80110C3F8021089
:1075C800B2F80520DA8094E7667804F1040CE378D1
:1075D800022E03F001030CBF01210021C3F10703B0
:1075E80018BF012201F1050808BF00221CF8080095
:1075F80002F1050E18400CF808001CF80E8003EA8A
:1076080008030CF80E30002840F09C801B262670DA
:10761800002B3CD013F0010808D02244567A26F0FB
:1076280001065672112203262A7002E09E071BD417
:1076380001266278022A00D053B921444A7A12F00E
:10764800010818D022F001024A721722002622707F
:107658001CF80E2002437FF48FA9002B3FF48CA95D
:107668001C232370FFF788B92244567A68F3410631
:1076780056721422D7E712F0020FE9D068F34102DC
:107688004A721922E2E70B78062B7FF453A91B23D1
:10769800FFF79EBA2378012B3FF44CA90C2B3FF43B
:1076A80049A90923002102268DF82430036A09A874
:1076B8000D93FEF793FCFFF710B900BFD87D0600C5
:1076C8000A78052A1AD1036A8DF824200D938B684D
:1076D8000221ADF828109DF830100B9341F00101FC
:1076E8008DF8301039461A70027C09A85A70FEF7D6
:1076F80075FC192306462B70FFF73EB906230B705D
:107708001923FFF765BA01238DF82430036A0D9316
:1077180003238DF82830037C8DF829300023037467
:107728009DF8243063B10026002109A8FEF756FC15
:10773800002C3FF4D2A8204600F050F8FFF7CDB84F
:107748000126F5E7012E3FF465AF71E7012A3FF600
:10775800E4A9FFF7D8B9012A7FF6D5A909232B7028
:1077680008238DF824302B6AFFF743BA7FB5064605
:107778000D4618686C46596803C41068234651685A
:10778800324603C303236946284616F02EFB04B08D
:1077980070BD000030B5154685B0074A04466846F6
:1077A80002F130033232FEF7C5FD2A46694620460B
:1077B800FEF7D4FD05B030BDA87D06007047000077
:1077C80010B40446034B0846034A214610BCFEF792
:1077D800B1BD00BFD87D0600F37D06004378012BBC
:0877E80018BF0C230370704769
:107800002CFFFFFFDBE5B151009401000D31FFFFBC
:10781000730000008196980075A7B53A3CDD4A8058
:0C7820000BC04E1D23D7EEC1ACAF956924
:10782C00D915070009190700691A0700951A0700EE
:10783C00D71A0700151B07004F1B07007F1B0700FB
:10784C00B51B0700151C0700B9160700E1800600E0
:10785C00BDA606001DA7060045A7060095A70600B5
:10786C0029A806009DA9060099AA0600D1AA06001F
:10787C0035AE060029AF060069AF0600D5AF06008D
:10788C00F5AF0600CDB5060001B6060005B506003D
:10789C0069B506003DB60600CDB60600ADC30600C0
:1078AC0091C406003DC9060069CA060015CB060046
:1078BC0081CB0600EFCB0600E580060009CD060063
:1078CC0073CD0600E5800600E5800600E580060025
:1078DC00E5800600A1B0060019B10600E58006009F
:1078EC0029B20600E580060021B006005DB0060056
:1078FC0081B00600E5800600E5800600E580060004
:10790C00E5800600E5800600E5800600E5800600BF
:10791C00E5800600E5800600E1800600E1800600B7
:10792C00E18006002DDA0600B9DA0600D9DA060085
:10793C00FBDA06007DDC060025DB060031DB0600E9
:10794C0075DB060099DB060061DC0600A7DC06008F
:10795C00E1800600CBF20600E3F20600E9F2060035
:10796C0025F3060055F3060029F40600A9F40600D9
:10797C00C5F4060025F5060075F6060041F806006C
:10798C006DF9060089F9060041FC0600E18006004D
:10799C00E1800600E5800600E5800600E580060033
:1079AC00E5800600E5800600FF01020010011001D1
:1079BC003A0200001A020C01020000001100030040
:1079CC000300070008000330030003000D00000053
:1079DC0005000F000F0003000F00060007000F004A
:1079EC0004000500070007000C0003000F0007004F
:1079FC000F00030003000300030003000300030057
:107A0C000300030003000300030003000300030052
:107A1C000300030003000300030003000300030042
:107A2C000300030003000300030003000300030032
:107A3C000300030003000300030003000300030022
:107A4C000300030003000300030003000300030012
:107A5C000300030003000300030003000300030002
:107A6C0003000300030003000300030003000300F2
:107A7C0003000300030003000300030003000300E2
:107A8C0003000300030003000300030003000300D2
:107A9C0003000300030003000300030003000300C2
:107AAC0003000300030003000300030003000300B2
:107ABC0003000300030003000300030003000300A2
:107ACC000300030003000300030003000300030092
:107ADC000300030003000400030003000230001144
:107AEC000003030708080D0004050600C40100206C
:107AFC000200000B0406080A0C0E10121416181CB7
:107B0C001E20222426282A2C2E30323436383A3C99
:107B1C003E40424446484A4C4E021A500000000077
:107B2C00280000001800000000000000F0230000F6
:107B3C002413000000000000400600004006000076
:107B4C00000098086B03000000000000F023000008
:107B5C00241300000000000048A3000014A0000043
:107B6C00000040060C030000800000200200000B07
:107B7C00260200200200000C8A0200200200000BEA
:107B8C008A0200200100000C880200200100000C79
:107B9C00731D070005A20600F5D00600D5F90600F6
:107BAC00E50F070000000000FFFFFFFF0000FFFFD4
:107BBC00000003000230030003000F000F0004005C
:107BCC000D00130003000300080003000300030072
:107BDC00030006000700030003000300030003007A
:107BEC000300030007300300030003000700030039
:107BFC000300030003000300030003000300030061
:107C0C000300030003000300030003000300030050
:107C1C00070003000300030003000300030003003C
:107C2C0003000300110003000D0003000300030018
:107C3C00030003000430030003000900890F070050
:107C4C0071130700890F0700890F0700890F0700C0
:107C5C00890F07002BF206000BF206007BF20600E0
:107C6C009DD906005FD906007FD90600091F0700C1
:107C7C00731E0700C9BD06009BF206000000000041
:107C8C00BFF20600EBD90600000000000000000067
:107C9C00000000000000000049BE060001020203C3
:107CAC000300000028000000200100010000010179
:107CBC0000000100010000010001000000000100B3
:107CCC000B0002000A00050009000A00080014005D
:107CDC0007001E000600320005004B000400640083
:107CEC00030096000200FA000100F4010000F40108
:107CFC00FA00960064004B0032001E0014000A00CB
:107D0C000500020001000C0802170D01010209090F
:107D1C00010106020918180301010909030385036F
:107D2C000201230202240910040405050B0B040BA9
:107D3C002B1B1B159A9A1C021D16130501490D15B8
:107D4C000508061B1B0F01010000FEFEFEFEFEFED9
:107D5C00FEFEFEFEFEFEFEFEFEFEFEFEFEFEFE161F
:107D6C00FEFEFEFEFEFEFEFEFEFEFE1F1FFEFE26BD
:107D7C00FEFEFEFEFEFEFEFEFEFEFEFEFEFEFEFE17
:107D8C00FEFE3E3EFEFEFEFE3B3BA201B003BE05E8
:107D9C00EE024806A209C405F40B241200000000F0
:107DAC000000000000000000000000008700000040
:107DBC00000000000000000000000000BE83605ABC
:107DCC00DB0B376038A5F5AA9183886C00000300A3
:107DDC00116806009163060000000001020603040E
:107DEC00050000000700000100FB349B5F800000D1
:107DFC0080001000000000000000000045A10700FA
:107E0C0045A1070045A1070045A1070045A10700B2
:107E1C0045A1070045A1070045A1070045A10700A2
:107E2C00F1A4070045A1070045A1070045A10700E3
:107E3C0041A707004FA707005DA70700E1AB0700AC
:107E4C003DA9070045A1070045A1070045A1070072
:107E5C0075A90700C1A9070045A1070045A10700A6
:107E6C0045A1070045A10700E5A9070001AA0700E5
:107E7C0021AA070045A1070045A107006DA707002F
:107E8C0085A7070095A70700A9A707008BA80700DF
:107E9C0065A80700CDA7070009A8070019A80700C7
:107EAC0071A10700BDA7070045A1070045A1070068
:107EBC0045A1070045A1070015AC070011030303FA
:107ECC000303030303030303030703030303030372
:107EDC0003030F07030303030303030303050F004B
:107EEC0000E5104004E5104000100200DC05040021
:107EFC008A000000E500000085000000D7000000AB
:107F0C004E0000001C000000FA00F4019600640012
:107F1C004B0032001E0014000A0005000200010094
:107F2C00000000000000010101010101010101013B
:107F3C000101020202020202030304040505060603
:107F4C0007070808090A0B0C0D0E0F101112131459
:107F5C0015161718191A1B0010010000D20000008A
:107F6C0030010000D800000001000000E400000017
:107F7C0002000000EA00000002000000EC0000001B
:107F8C0003000000EE00000004000000F000000000
:107F9C0005000000F200000006000000F4000000E4
:107FAC0007000000F600000008000000F7000000C9
:107FBC0009000000F80000000A000000F9000000B1
:107FCC000B000000FA0000000D000000FB00000098
:107FDC000F000000FC00000011000000FD0000007C
:107FEC0013000000FE00000015000000FF00000060
:107FFC0018000000000000001B0000000100000041
:10800C001F0000000200000023000000030000001D
:10801C0028000000040000002D00000005000000F6
:10802C0033000000060000003900000007000000CB
:10803C003F0000000800000000100200FA000000E1
:10804C006E5246357800FFFFFFFF1F0075A7B53A4B
:10805C003CDD4A800BC04E1D23D7EEC1ACAF9569F9
:10806C00002F6A656E6B696E735F776F726B7370DE
:10807C006163652F776F726B73706163652F646FCB
:10808C00776E73747265616D5F746573745F626C27
:10809C00655F7364635F50522D31373932332F640F
:1080AC007261676F6F6E2F6D70736C2F6C6962737A
:1080BC002F73636865642F7372632F7363686564D1
:1080CC005F68616C5F74696D65725F677274632E53
:0480DC00630000003D
:1080E000012070470620704709F050B909F070B9B7
:1080F00038B50E4B0C461B7873B9602801D06A283E
:1081000010D160380A4B53F82050D4E90223D4E947
:108110000001A847206038BDA0F16003612BF0D9B1
:108120000120F7E743F20100F4E700BF3404002028
:108130002C780600054B984205D3054B98422CBF7E
:108140000020012070470020704700BF0058060043
:1081500000EC070008B50246FFF7ECFF0B4B19686F
:108160000B4B99420AD178B90A4B9A4205D30A4B74
:10817000186882422CBF0020012008BD20B9054BA1
:108180009A42FAD30548F4E70120F6E7D40A002022
:10819000BEBAFECA800000208400002080000020BB
:1081A0000A4B1A680A4B9A420BD10A4B1B6883424E
:1081B0000AD8094B98422CBF0020012080F0010012
:1081C0007047064B9842F4D20020F7E7D40A00200B
:1081D000BEBAFECA8400002000800120800000207A
:1081E00008B1FFF7DDBF704708B1FFF7B3BF7047B5
:1081F000FFF77ABFFFF77ABFFFF77ABF704738B54E
:1082000004460D4600F02AFB29462046BDE83840CA
:1082100001F086BB38B510220D460021044615F04A
:1082200043FF1723258163810A23A37338BD4FF6CB
:10823000FF730B800146022012F0A8BF704700892F
:108240007047837B03F00303022B1BBF838900204D
:1082500005200B807047837B9B0748BF8181704757
:10826000837B5B0700D509B14089704717207047B1
:10827000837B61F3C30383737047008820F400702D
:1082800020F00100C004C00C003818BF0120704766
:10829000827B034610B512F001040CD14181FFF737
:1082A000ECFF10B142F004029A739A7B42F0010293
:1082B0009A73204610BD0524FBE700002DE9F34129
:1082C000044607781546012062680E4600FA07F753
:1082D0004FF6FF71138827F408578B42BFB200F0A6
:1082E0001F811FB141F6FE510B4247D13B43138022
:1082F000002D00F0178100232B702278511E0C29CD
:1083000000F2FE80DFE811F00D003D00480065003E
:1083100081008C0096006500A800AC00C700E10059
:10832000EA0063689A7B900740F1F4802289162A5C
:1083300040F2EE8019899142C0F0EA8099891629AD
:1083400002D9914240F0E48029780220A5F801206A
:1083500060F305012970032131809A819A7B22F014
:1083600002029A73002F00F0D9806F4A02206188C0
:1083700012F0D0FE6368227800209A7002B0BDE847
:10838000F08104232B702389A5F801306389A5F8B7
:10839000033005233380E5E7B4F81080338808F113
:1083A00007081FFA88F84345C0F0B2800623E81D8D
:1083B0002B702389228AA5F8013063896169A5F8A9
:1083C0000330A389A5F8053015F0BAFEA6F80080A1
:1083D000C8E7082A0DF1070104F10C0014BF0823B7
:1083E00010232B702389A5F801306389A5F8033089
:1083F0000523EA18338011F0EBFD002840F0888057
:108400009DF8073032881344C4E70A232B70238970
:10841000A5F8013003233380636822899A80A1E79D
:108420000C232B702389A5F801306389A5F803304C
:108430000523F0E722893388520002F101081FFA70
:1084400088F8434564D3B8F1040F61D928460E2358
:1084500000F8013BE168B7E72B7843F040032B704D
:108460006289338802F103081FFA88F843454FD325
:108470002B781221E81C61F30503E1682B70238936
:10848000A5F8013015F05CFEA6F800802B7859069F
:108490003FF568AFC0E7A289338802F105081FFAEB
:1084A00088F8434534D32B781621681D61F3050302
:1084B00021692B702389A5F801306389A5F8033061
:1084C00015F03EFEA6F80080A6E72B78182262F38E
:1084D00005032B70237A6B7002235BE763681A88AD
:1084E000920417D5DA8823899A4215D11E232B705E
:1084F000012362683380138823F40053138031E72B
:10850000032033806268138823EA0703138035E76A
:108510000420F7E70520F5E70620F3E73846F1E702
:1085200009202BE7042029E780C3C9012DE9F04386
:1085300092F8009085B007461E4609F03F080C46A9
:10854000002900F0878118F0010F40D0B8F1190F11
:1085500094BF002101213046FFF782FEA042C0F007
:10856000798135884FF6FF739D4200F0738119F0D1
:10857000400340F071815FEAD91940F06D81ADF898
:108580000030B8F11F0F00F26381DFE818F05F01DF
:108590002200610198006101A7006101C80061012A
:1085A000DB006101EB006101F7006101FB0061018B
:1085B000040161010E0161016101610117016101A5
:1085C0002F0161013E016101370161015F0101215C
:1085D000C1E7052C40F03A8102238DF80030B378D2
:1085E0008DF804309378D17843EA0123ADF8063052
:1085F00013798DF80130537803F03F03023B162BBB
:1086000000F22481DFE813F0170022013D0022016F
:1086100040002201430022014600220149002201BC
:108620004C0022014F0022015200220122012201AE
:1086300055002201580015F0020F00F0078169462D
:10864000384605F0E7F8044668B9B8F11B0F0AD0C0
:10865000B8F11D0F07D03946022012F097FD33887C
:1086600003F400533380B37B5A0706D53046FFF737
:1086700004FE10B960F38203B373204605B0BDE871
:10868000F08315F0040FD8E715F0080FD5E715F0C3
:10869000100FD2E715F0200FCFE715F0400FCCE711
:1086A00015F0800FC9E715F4807FC6E715F4806FD9
:1086B000C3E715F4006FC0E715F4805FBDE7AB07B3
:1086C00040F1C480032C40F0C18053788DF8004005
:1086D000927843EA0223ADF80430B0E76D0740F129
:1086E000B580052C40F2B2805178012915D00229BD
:1086F00040F0AC801023023C042002338DF80410BB
:10870000A4B28DF80000B4FBF3F14B43ADF80610B2
:108710009C4240F09B80023212E00223EBE72807E4
:1087200040F19480013C0521A3B2C4F38D048DF87F
:108730000010B3EB840FADF8044040F087800132A5
:1087400002927CE7E90640F18180012C7ED006236D
:108750008DF800305378012B78D9023C8DF8043025
:10876000A4B2D0E7AB0671D50723013C8DF80030E9
:10877000B388ADF80640ADF80430E0E76D0665D586
:108780000823F2E7280661D50923013C8DF8003063
:10879000ADF80440D3E7E90558D5012C56D00A239B
:1087A0008DF800305378032BD6E76A054ED5012C9F
:1087B0004CD10B238DF80030B3888CE72B0545D5C1
:1087C000042C43D90C23053C05328DF80030B388C6
:1087D000ADF8043012F8023C12F8011CADF8084064
:1087E00043EA01230392ADF8063028E7ED042DD5C6
:1087F000012C2BD10D238DF8003020E7A80425D4BF
:108800005378917843EA0123F380B37B19071DD590
:10881000022C1BD9B8F11B0FA4F1030402F10302CF
:108820000DBF0E230F2345F400558DF800301CBFFB
:108830008DF80030358012F8023C12F8011CADF8BA
:10884000064043EA0123ADF8043079E707240AE73C
:10885000082408E7072410E708240EE702281FB5BC
:108860000B4606D10122694698B28DF8002004F02B
:10887000D1FF05B05DF804FB0B8810B5048F9C4256
:108880000CD9406BC418C05A40B1A0880633C0F35D
:108890000E00034400200B80146010BD0A20FCE78A
:1088A0001FB54B6B0C464BB10B2201938DF800208A
:1088B0000A8F6946ADF8082005F092FC0023636337
:1088C000A3F58033A36304B010BD00002DE9F04F81
:1088D00091464A6B87B006460D460AB9002487E0E8
:1088E000012BFBD10023474FADF80E3005AA0DF147
:1088F0000E012846FFF7C0FF024608B10A244AE0ED
:10890000059BB3F904100029F0DB1B883046109951
:108910001FFA83FA0B8004AB5146CDE900234FF4D4
:108920000073FDF707FA0446A8BBBDF80E30834676
:10893000ADF81230DDF81480B8F800309A4515D142
:10894000B8F8042093B2120410D4B8F8022043F40B
:10895000804351463046CDE900BB01F0CEF80446D5
:1089600068B9B8F804303B43A8F8043005AA0DF103
:1089700012012846FFF780FF0028DBD00A24059B60
:10898000002230461988BDF81030CDE9002201F0F0
:10899000B4F80A2CAAD00023ADF80E3005AA0DF1C8
:1089A0000E012846FFF768FF30B30A2C20D1B9F139
:1089B000000F93D00023ADF8123005AA0DF112017B
:1089C0002846FFF759FF002888D1059C109A238874
:1089D0001380A388628834F8061BCDE90040304636
:1089E00001F08BF804460028E7D00A283FF476AF60
:1089F000204607B0BDE8F08F059A9388C3F30E03B5
:108A00009380CBE70080FFFF2DE9FF470D46064628
:108A100017469DF83810002228469846DDE90C9A42
:108A200001F055F8832804461DD104230DF10602F8
:108A3000294630468DF800300023ADF80450FDF78C
:108A400085FAC7F3090369463046ADF80A80ADF8E8
:108A5000083005F0C5FB022801D030B18124204642
:108A600004B0BDE8F0870028F9D143463A462946CC
:108A70003046CDE90C9A04B0BDE8F047FDF75AB98D
:108A80002DE9FF470D46064690469DF83410012219
:108A900028461F46DDF830909DF838A001F017F801
:108AA000832804461ED100230DF1060229463046D4
:108AB0008DF800A0ADF80450FDF748FAC7F30D0398
:108AC00069463046ADF80880ADF80A30CDF80C9014
:108AD00005F086FB022801D030B18124204604B085
:108AE000BDE8F0870028F9D117F4004F4FF00004DB
:108AF000F4D13B46424629463046CDE90C9404B0B9
:108B0000BDE8F04700F0F9BFF8B5566B15464EB317
:108B100005386B8F82B24FF6FF7083421BBFF0188F
:108B200006330024848818BFE4182B8F18BFA4B222
:108B3000A71807F10800984216D8B1F8013030198B
:108B400005313353063031F8023C20F8022C20F86E
:108B5000043C15F0F5FA6B6B00206C873B44987170
:108B6000D871F8BD8320FCE70920FAE72DE9F04F22
:108B7000082B91B08A469946BDF868B01E9E0490B5
:108B80000792DDE91B1859D10B880922022743F00F
:108B900010030B803D463270022498F80030069393
:108BA0000A2388F800300AF1180318460893FDF7E5
:108BB0008DF9022F0CBFFD23FB230593C7F1FF03A3
:108BC0009BB209930BAB0498DDE9072100F0EEFEA0
:108BD00000285AD11D9B1B881B1BAB4255DBB9F1EA
:108BE000100F06D1022C1FBFA31CBDF82C205B1B4D
:108BF000F252BDF82E101D9B31531B88059ADB1BCA
:108C00001B1B9BB29A42099AB8BF1346594534D9E7
:108C1000079A049802920DF12A0201923A193244FD
:108C200000920022FFF7F0FE88F8000000283ED0F6
:108C3000832839D1022011B0BDE8F08FDAF81C305A
:108C40009878012815D11A88A2F5205292B2012AEB
:108C50000FD84FF420529871987204279A8042F6E8
:108C600001021A8100229A7311220B8843F020031B
:108C70008FE7102388F8003009E00AD1069A42B144
:108C8000134688F80020AAF818B0022C24D100203E
:108C9000D1E70DF12A02049801923A193244009268
:108CA0000022FDF747F8BFE7BDF82EB0EBE7BDF8AF
:108CB0002A20022C07EB0205EDB203D175702C447B
:108CC000A4B27FE77378AB4205D1BDF8381091426A
:108CD000F5D0FF2DF3D01D46B9F1100F01BFA31C35
:108CE000BDF82C205B1BF2521D9B1C800023C1E7AA
:108CF0000B46002110B518461446442215F0D4F94D
:108D000000F108028487C2614FF6FF724287172282
:108D1000C2870A2280F8422010BD4FF6FF730B80F5
:108D20000146032012F032BA10B50C46FFF7B8FD29
:108D30000023E362236310BD808F704790F84230B8
:108D4000024613F002000ABF538806200B807047CA
:108D500090F842309B0748BFA0F84010704790F849
:108D600042305B0700D509B1C08F704717207047AC
:108D700090F8423061F3C30380F8423070470388B3
:108D8000C3F3C00013F0F00F18BF40F00200DA0583
:108D900048BF40F00400990548BF40F008005A055C
:108DA00048BF40F010001B0548BF40F0200070474E
:108DB00070B590F84250044615F0010611D1C187F4
:108DC000FFF7DDFF10F03E0F1CBF45F0040584F8EF
:108DD000425094F8423043F0010384F84230304668
:108DE00070BD0626FBE72DE9F04F924695B01A7844
:108DF00081461D46209C02F03F0B0E46DDE91E8792
:108E0000C9B11BF0010F19D0BBF1190F94BF00219C
:108E100001212046FFF7A3FFB0420CD312F040031C
:108E20000ED1BBF11E0F0ED0218801F47F6111B964
:108E3000B8F8001039B94FF0040ACCE00121E8E796
:108E4000BBF1120FF7D1D209F5D10022ABF102012B
:108E50008DF82620ADF82820ADF82A201C2900F234
:108E6000F582DFE811F01D00F3023A00F302C000C2
:108E7000F3023401F3026E01F302AB01F302D802F4
:108E8000F3023401F302D601F302F302F3022002EB
:108E9000F3028A02F302F302F302F302F302DA02AC
:108EA00094F84230980701D5032E01D0042397E0AF
:108EB000B5F801304FF400620FA948466380ADF861
:108EC0002A208DF83C60ADF8403005F089F98246E3
:108ED000BAF1000F40F0578167E0052EE6D1B5F8F2
:108EE00001309AB22383ADF82830B5F8033099B237
:108EF0006383002A73D08A4271D80023A37223812E
:108F00004FF6FF73238404F1180318460693FCF709
:108F1000DDFF0FAB524604F1180148463E7000F0E9
:108F200045FD08B10A235BE09DF842300226012B83
:108F30001ABF02234FF0100B4FF0020B7B70002280
:108F40000DF1270110A811F043F850BB9DF8273010
:108F50005B4526D1BBF1020FB8F800300CBF0322ED
:108F600011229B1B9A421CDABDF83E300BAA0DF170
:108F7000270110A8BB53023611F02AF89DF82720CC
:108F8000B6B20BA90792B81915F0DAF8079A0FAB29
:108F900006993244484696B2524600F007FD002832
:108FA000CDD0022EBED0A8F800609DF8263053B177
:108FB00001223A702A783B7105237A70BDF8282087
:108FC0007A80A8F8003023884FF0000ABDF82A20E4
:108FD00023EA02032380504615B0BDE8F08F012339
:108FE0008DF82630E1E7062E0B927FF65FAFB5F8DD
:108FF000013099B22383ADF82830B5F8033098B228
:10900000638301230029EBD08142E9D8A3726B79F5
:10901000A979A27343EA01232381E369987801289F
:109020000ED11988A1F5205189B2012908D84FF431
:10903000205198719872998042F601019A731981B2
:10904000EB1D073E636204F11803268401261846CF
:109050000693FCF73BFF0723B3463B700023ADF8B4
:109060003E300FAB52460699484600F09FFC28B9A7
:10907000B8F800200BF104039A4210D2BBF1010FA3
:109080003FF450AFE3699B79012B04BFBDF83C303E
:10909000ADF82E300B9BBB51A8F800B085E7BBF1B3
:1090A000010F0BD0E2699279012A04BFBDF83C2080
:1090B000ADF82E200B9ABA510436B6B2BDF83E2058
:1090C0001FFA83FBADF82C20ADF82E20C9E7072E40
:1090D00002D0152E7FF4EAAEB5F801309AB22383A0
:1090E000ADF82830B5F8033099B263830123002A24
:1090F0003FF476AF8A423FF673AF701FA37200232E
:10910000E269691DC0B22381A37310F05DFF0028DE
:109110007FF408AF4FF6FF735246214623840DF1CA
:10912000260302930DF12A03CDE90387CDE900035D
:109130005B464846FFF71AFD238B8246ADF8283080
:10914000C6E6032E7FF4B2AEB5F8011040230FAA95
:1091500048462183ADF82A30B8F8003001927A1CD5
:10916000013BADF82810009289B29BB20022CDF8E5
:1091700008A0FFF749FC8DF82600B8B183287FF4DA
:1091800014AF4FF0020ABDF82A202388134323802E
:1091900093057FF520AF228F4FF6FE739A427FF43E
:1091A0001AAF4FF0030AE562268614E70B233B70E3
:1091B000BDF83C300133A8F80030F6E6052E7FF408
:1091C00075AE8023ADF82A30B5F80130238399B20B
:1091D000B5F80300ADF8283082B22084B2F5007FE4
:1091E00001D90723FCE642F47C420FA82284B8F898
:1091F00000300190781C013BCDF808A00090484653
:109200009BB2FFF701FC8DF826000028B6D10D2394
:10921000CDE7022E04D8002B3FF448AE0023CAE766
:10922000002BB5F801B0A6F1030305F103000CBF54
:10923000062205229BB200901FFA8BF14846079345
:10924000ADF828B00691CDE901A20022FFF718FC85
:109250002A78079B12F0400F8DF826000DD0238846
:1092600013F4807F4FF0000304D0228B06998A42CA
:1092700008BF63628DF826309DE7A0F18301238447
:10928000EB1C4FF480724842A4F818B063624FF0B0
:1092900013034841ADF82A203B7001234FEA400AEE
:1092A000A8F8003014E6042E7FF600AEB5F801B041
:1092B0004FF6FE73228F1FFA8BF1ADF828B00AB17A
:1092C0009A4226D10A222387731F48466FEA4343F6
:1092D000CDE901A26FEA53436A1D9BB20092B5F833
:1092E0000320FFF7CDFB4FF4007383288DF8260091
:1092F000ADF82A300FD1224629463046FFF704FC4C
:109300008DF8260010B183287FF44FAEA4F818B072
:1093100037E70722D8E738BB224629463046FFF711
:10932000F3FB8DF8260000287FF43FAE608FD4F861
:1093300034C0B8F800E00CEB00018A88531D9BB2E2
:109340009E45C0F089803CF80060063131F8040C7D
:10935000A8F800301723A7F80300781D3B70A7F882
:10936000016014F0EDFE20E6228F4FF6FE739A4264
:109370007FF41BAE0023238717E6022E69D195F8F0
:1093800001B0BBF1010F64D80AAB00222146484668
:1093900000935B46FFF79AFA8DF8420038B9BBF1AB
:1093A000010F20D0218F4FF6FF7291421BD0228FE8
:1093B000CAB14FF48062ADF82A200AAB21460122DF
:1093C000484600935B46FFF781FA06468DF8260073
:1093D00021464846FFF764FA002E7FF4E6AD1923D4
:1093E0003B700123E7E608220FA948468DF840B0FC
:1093F0008DF83C2000228DF8432004F0F1FE4FF45C
:10940000806202288246ADF82A203FF47FAF002810
:109410007FF4B9AED1E70623E2E523881A0718D511
:10942000012E16D109230FA948468DF83C30E38858
:10943000ADF8403004F0D4FE49468246032011F0D6
:10944000A5FE0823ADF82A30002329E7002B3FF4BE
:109450002DAD4FF0040A96E64FF0070A93E60000A0
:109460002DE9F04F8FB00D468046CDE906320B78DE
:1094700001224FF6FF7102FA03F323F47F63DDE963
:10948000187423F006039EB223888B42ADF8226045
:1094900000F0DE8116B11B0700F1DC810022069B83
:1094A0003A70B3F800902B78ADF82490022B8DF829
:1094B000212009D0032B3DD0012B40D0238823EA63
:1094C00006030726238053E01B233B7094F84230A9
:1094D0001807F3D50AAAA9F1030340460192FA1C22
:1094E0009BB200920022A988FCF724FC0028E5D159
:1094F000AB88A7F80130BDF828300333ADF824302D
:109500004FF00009BDF8226026F47F63002B00F0C5
:109510008E81AB4A4146032011F0FCFD2B7823716C
:1095200023881E439DF821302680002B40F0838144
:1095300000261DE01D233B70AB88E380C6E72B7936
:1095400095F805B0022BB4F800A08DF821B061D0D9
:10955000032B00F05381012BB0D10AF400622B8958
:10956000ADF82220002A00F04E81162B37D80526B0
:10957000258815F47F651CD1218ED1B1069B40460C
:10958000079A1B88ADF8243009ABCDE9017400932C
:10959000E36AFFF728FC012306460AA98DF8283064
:1095A0004046E36A0B9304F01BFE002818BF0646F2
:1095B000258694F842506B0709D52046FFF7DFFB5C
:1095C00010F03E0004BF60F3820584F84250BDF8FD
:1095D0002430069A138030460FB0BDE8F08FA28F7A
:1095E0009A42C4D3B4F84020162A01D99A42BED177
:1095F00039780322A7F8013062F30501ADF8242081
:109600003970A4F8403094F8423023F0020384F813
:10961000423075E70AF4FE661AF0F00FADF82260EA
:1096200042D01AF0C00F03D02A89238B9A429ED1D0
:10963000BBF1000F40F03C81AB7AD9070BD5CDF8D8
:1096400004B040462B690093EB89AA89298900F070
:1096500054FA00288BD1802E00F04B8100F2FC8060
:10966000202E04D0402E32D0102E7FF427AF09AB2D
:109670001AF0100F0497214603930DF121030CBF3C
:109680004FF010094FF0080902930DF12203079AD9
:10969000404601932B8900934B46FFF767FA064635
:1096A000002E3FF42FAF63E7B6F5807F00F0DF8038
:1096B0007FF604AFB6F5007F21D0B6F5806F7FF45A
:1096C000FDAE238BBBF1000F40F00E817BE00AAAB8
:1096D00009F1FF33404601927A1C9BB200920022AE
:1096E000218BFCF727FB0B238DF821003B70BDF885
:1096F00028300133ADF824304FF00A0902E72B89F6
:10970000208B98427FF433AFD4F834A0BBF1000F24
:1097100038D1AB7A03F00103BAF1000F1ED0002B51
:109720007FF425AF608F0AEB00018A88531D9BB23E
:109730009945FFF4C3AE3AF80060063131F8040CE5
:10974000ADF824301723A7F801603B70A7F8030099
:10975000781D14F0F5FC4FF01609D3E6002B3FF40A
:1097600006AFEA89531D9BB29945FFF4A7AEAE89B7
:10977000ADF82430172329693B70A7F80100A7F83A
:109780000360E5E7BAF1000FE5D000204FF6FF7265
:10979000ADF82600638FBDF82660B34200D038B123
:1097A00000210AF803109A448AF801106287D2E770
:1097B0000AAA0DF126012046FFF75EF83246E9E7D6
:1097C00080C3C901238B04F11802DBB22146404655
:1097D00000920122FFF77AF88DF8210020B91923B1
:1097E0003B700123ADF824300026214640464FF05F
:1097F0001809FFF755F853E70526F6E70AF4007352
:10980000ADF822300BB9002658E6218F4FF6FE73D3
:1098100099421BD1AB684FF6FF7133B1A8896363DE
:10982000208761871A705A7095E7218793E723880C
:1098300023EA060676E6012287F801903A70228B29
:109840003B7105237A80ADF8243071E606268FE659
:109850000826C0E61646BEE6B6F5007F3FF44FAFD9
:10986000B6F5806FAED0B6F5807F7FF427AE238B40
:10987000298999427FF47BAEBBF1000F15D1636A51
:1098800073B1AB7ADA077FF572AECDF804B040461B
:109890002B690093EB89AA8900F02FF98DF821003C
:1098A00013233B700123ADF824304FF0120929E651
:1098B000B6F5807FDBD00ED8402E3FF41DAF04D824
:1098C000102E3FF4D4AE202ECFE6802E7FF4F6ADDE
:1098D0004FF00C0916E6B6F5007F3FF410AFB6F571
:1098E000806F7FF4EBAD238B002B85D02B892383F6
:1098F0007AE70AAA09F1FF33404601927A1C9BB22B
:109900000092228C218BFCF715FA0D238DF8210093
:109910003B70BDF828300133ADF82430D8E700BFE4
:1099200003281FB50B4606D10222694698B28DF86E
:10993000002004F055FC05B05DF804FB406B0038D6
:1099400018BF012070470346887810B580B11A7897
:10995000904201D1088858B18878043148B18242D8
:10996000FAD1B3F8014031F8040C8442F4D100205C
:1099700010BD8120FCE7000038B5FCF737F90A4A32
:109980000B30938898420DDAD1880C2310684B4332
:109990000131C45CC518D18024F00404C4540020F3
:1099A000287338BD8420FCE7E80000202DE9F04F43
:1099B000D1F804A04FF6FF7B87B01F46A3F800B094
:1099C0004FF000089AF802300E460C8A8DF81230DB
:1099D000BAF800300190ADF810300B8802929C422A
:1099E0008DF8168038BF1C460C822046FBF7E6FF38
:1099F000054610B3338A2A78013352079BB207D445
:109A0000013408F101083382A4B25FFA88F8ECE768
:109A100005F10509514633824846FFF794FF0028B7
:109A200050D13B885B4504BF04F1FF339BB2A3EBED
:109A300008033B807388A34207D2013C4FF00A0819
:109A40003482404607B0BDE8F08F04A94846FFF7CE
:109A50007AFF8046002835D1AB7895F8049003F062
:109A6000030349EA032233895B459146009203933D
:109A70000ED0024629460298FBF73AFF10BB039B23
:109A80004B451FD14A46A968F06814F0FDFAC8B9E1
:109A90007C806B790198BB71EB882A78BB8002F0DF
:109AA0000302EB78297843EA0223A7F80C90C9094E
:109AB0007B81FBF7D9FF2A4607F10801FBF7A2FFDC
:109AC0003861BEE701344FF00008A4B28DE770B5ED
:109AD0000D461646FBF772FF014660B10478630736
:109AE00009D532462846FBF703FF18B914F04000A9
:109AF00018BF832070BD0120FCE7FBF7C7BF08B586
:109B0000FBF75CFF40B103785B0705D5C3880B808A
:109B1000437900208B7008BD0120FCE703785B08C7
:109B2000032B16D8DFE803F002060D1200230020F5
:109B30000B707047837903F0C003C02B09D1012358
:109B4000F5E7837903F0C003402BF7E783793F2BD8
:109B5000F5D943F2022070470378032B01D8FFF7B1
:109B6000DDBF43F20220704707B5002310488DF88F
:109B70000730837C3BB90DF107010930FFF7ECFF9B
:109B800070B1FFDFFEE7C37C022B03D0032B0CD0A8
:109B9000FFDFFEE7427A012A88BF03238DF80730F2
:109BA0009DF8070003B05DF804FB0123F6E700BF52
:109BB000F400002008B507F0E9FC08B9FFDFFEE774
:109BC00043780133437008BD0C4B07B55A7A012A1C
:109BD00003F10A0207D8104609F00FFC03B05DF844
:109BE00004EB07F0BBBBD3F80A00938800906846EB
:109BF000ADF8043009F012FCF0E700BFF4000020DB
:109C000007B502384FF0000318BF01208DF800306F
:109C1000CDF801308DF807006846ADF8053009F041
:109C200069FC03B05DF804FBF8B5044600680D4616
:109C30001746FEF7D9FA08B11020F8BDA08828B958
:109C40002368A08853B9B8B10920F6E70138236822
:109C50001844FEF7C9FA0028F2D0EDE71F28F3D820
:109C60000023834208DA2668F15C39B9F25C002AE5
:109C70003FD101338342F9DB0020DEE71E447278D6
:109C8000013A142A1DD8DFE802F00B1818303024EE
:109C9000242A2A1C1C1C1C1C1C1C1C1C1C182400F8
:109CA0000229D1D1B278062A3A7020D852071ED59F
:109CB0002A7842F001022A7003E0CE070CD5012970
:109CC0000AD02268A088D25C013213448342C8DDE6
:109CD000BAE74A1E1007F2D04FF44850ADE72A7891
:109CE000910706D442F00202E5E70620A5E70A2024
:109CF000A3E70B20A1E738B504460D46FEF72AFA84
:109D000060B96B1E072B0BD804EB850554F8040BC8
:109D1000FEF720FA10B9AC42F8D138BD1020FCE7AC
:109D20000C20FAE7A1F12003092B43D8DFE803F068
:109D300005070C161D222E33383DFFDFFEE70378A2
:109D4000202B39D1FFDFFEE70378233B022B33D9E9
:109D50001A4B9B78052B2FD0FFDFFEE70378222BD1
:109D60002AD0232B28D8FFDFFEE70378222B23D02D
:109D7000FFDFFEE70378223BDBB2072B04D8B522D6
:109D800022FA03F3DB0717D4FFDFFEE70378252B66
:109D900012D0FFDFFEE70378252B0DD0FFDFFEE7B3
:109DA0000378252B08D0FFDFFEE70378282B03D0AC
:109DB000FFDFFEE7FFDFFEE701707047F4000020E1
:109DC0007FB50D884FF6FF734C88CA888E880021B6
:109DD000ADF80030ADF80250ADF80440ADF8082001
:109DE000ADF80660ADF80A10ADF80C1098B19D42C0
:109DF00008BF06259C4208BF06249A4208BF4FF4BC
:109E000048629E42ADF80250ADF80440ADF808201B
:109E100008BFADF80610684609F0ACFB07F09EFAE3
:109E200004B070BD37B50C460DF107010546FFF7CC
:109E300093FE70B922789DF8073063F347022346FA
:109E400003F8012BD5F80120C4F80120B5F805204E
:109E50009A8003B030BD000013B510F0FD041378F4
:109E6000A0F102001FBF0F4C0DF1080C01944C79BA
:109E70001CBF0CEB941414F8044C012864F3470342
:109E80008CBF0020012013701346147860F3000487
:109E900003F8014B0868C2F801008A889A8002B072
:109EA00010BD00BF0302FF0102210FF06FBD38B5E6
:109EB00005460C4661B1FFF7F7FF08B9FFDFFEE783
:109EC000A5800389238163814389A3818389E381F9
:109ED00038BD37B50B780D46212B11D9ADF80400EC
:109EE00001A88DF8062009F0A3FA07F037FA044616
:109EF00018B921212846FFF715FF204603B030BDD1
:109F00000824FAE72DE9F043044685B008B9FFDFDD
:109F1000FEE77223037083681A78063A112A3DD847
:109F2000DFE812F04C0043011200430143014200FC
:109F300064013C003C003C00640064016401570182
:109F40006401640148015001B3F80370BEB23046A9
:109F5000FFF7AAFF0546304607F0D2FEA3685B79FB
:109F6000F8B922780221678061F3071263732270C7
:109F70000322227307F044FA21212846FFF7D2FE7C
:109F8000304603F0A7F8304604F002FB31460120CA
:109F900011F0FCF86B7F23F004036B7705B0BDE88C
:109FA000F08385F83130E7E7DA1DB3F80510B3F830
:109FB000030005B0BDE8F04308F096B89E8830462F
:109FC000FFF772FF054608B9FFDFFEE707F018FA52
:109FD000A36831460120DA882A811A896A815B895F
:109FE000AB8111F0D3F80023AB73D7E7DB782BB14B
:109FF0003C2BD3D0022BD1D0FFDFFEE707F000FAD5
:10A00000A568AB790BB9FFDFFEE7012BAE880ABF6D
:10A010007B4B4FF0FF0993F80390484607F0B6FAE0
:10A02000074608B9FFDFFEE7022130460FF074FC57
:10A03000044608B9FFDFFEE731220021013014F0A9
:10A0400033F82023222120462370FFF76BFE95F87A
:10A0500006800521304608F1FF3253425341627FAA
:10A0600063F3010262776A8B2281AA8B6281EA8B99
:10A0700084F81F90A2818DF800300FF04DFC01464E
:10A0800008B9FFDFFEE76A46304607F021FEBB88CD
:10A0900003213046ADF80430BB788DF806300FF060
:10A0A0003BFC014608B9FFDFFEE701AA304602F09B
:10A0B0009FFF0023CDE9023304238DF80E3002A860
:10A0C0000FF09EFC88B90421BDF80C000FF0E6FCEF
:10A0D0008146022130460FF0E1FC8145EFD1042199
:10A0E000BDF80C000FF068FC68B9BB88042130464D
:10A0F000ADF80830FB788DF80A300FF00DFC014602
:10A1000018B9FFDFFEE7FFDFFEE7304605F1140672
:10A1100002AA04F051F9062130460AF05FFB78B339
:10A12000EA79930701D5FFDFFEE7E37B62F347039C
:10A13000E373AB682361AB8905F10E07A38204F1D9
:10A14000160205F10801E879A61CFFF785FE062135
:10A1500038460AF043FB6378D8B1294A517A490856
:10A1600061F347036370D2F80A30C4F80230D38930
:10A17000B8F1010FB38016D1214B03229A700DE77D
:10A18000E37B012262F34703E3736B692361B388C6
:10A19000D2E7012262F347036370D5F80E30C4F8AA
:10A1A0000230BB88E4E7FFDFFEE705B0BDE8F0431F
:10A1B00001F01ABD07F024F9114A137D43F00203A0
:10A1C0001375EBE607F01CF90D4A137D43F0040309
:10A1D000F6E7DB78002B3FF4E1AE094CA378052BC2
:10A1E00009D1E078FFF7E6FC0323A37005B0BDE8D2
:10A1F000F04307F005B9042BF8D10223F5E700BFBF
:10A20000F40000202DE9F843037807460C46164673
:10A210001B09013B092B00F24D81DFE813F015010A
:10A220001C014B014B014B014B010A004B014B013F
:10A230000E0185682B78063B112B00F2FE80DFE8CB
:10A2400013F01200FC00FC00FC00FC00FC002C00E1
:10A25000FC00FC00FC003700BC008900A30060008B
:10A260001A00DA007400A888FFF721FE10231222DA
:10A2700033807CB922E1002900F023812A79EB7830
:10A2800043EA02231C228B806B790B72AB794B72F1
:10A290000A2333802280638010E1002900F01381BB
:10A2A00003231B220B726B888B8009233380F1E719
:10A2B000EF78002F40F00F81002900F0FD806A79CF
:10A2C0002B7943EA02238B806B8B4B820B826A7F54
:10A2D0002B7F43EA02238B82EA7FAB7F43EA022390
:10A2E00001F10802CB8205F10801E879FFF7B4FD1E
:10A2F000AB79012B01D1E37327761A231022338027
:10A30000C8E7002900F0E1804FF6FF7301F10A026F
:10A3100028798B80EB780B72EB7A4B72691DFFF713
:10A320009BFD112320223380B4E7002900F0C9806F
:10A330002A79EB7843EA0223684A8B806B790B72A7
:10A34000AB794B72137D23F0040313750A2321228A
:10A3500033809FE7002900F0BA80AB888B80EB78D0
:10A360000B72AB79022B07D85D4AD35C4B72EB7949
:10A37000022B03D9FFDFFEE7FFDFFEE7D35C2222DB
:10A380008B720B23338085E7002900F0A0804FF605
:10A39000FF738B802B794B72EB798B72EB783C2BB4
:10A3A00007D0432B07D1022323720B2326223380AD
:10A3B00070E70123F8E7FFDFFEE7002900F089805E
:10A3C0002A79EB7843EA02238B80B5F80530DBB2BB
:10A3D0000B81B5F80930DBB24B812A7AEB7943EA7D
:10A3E00002238B812A7BEB7A43EA02232422CB814E
:10A3F000102333804EE700296BD02A79EB7843EAAB
:10A4000002238B806B68C3F30F230B812A7AEB79CD
:10A4100043EA02234B81AB68C3F30F238B812A7B72
:10A42000EB7A43EA02232D4ACB81137D23F002030A
:10A4300013751023232233802CE7324621463846F9
:10A44000BDE8F84301F01DBD037B022B01D140881C
:10A450000AE7FFDFFEE790F80C80B8F1020FECD9B5
:10A46000B8F1030F24D171B345882846FFF71CFDCE
:10A470007B7B90F81F90414623722846A5800FF001
:10A480009BFA072128460FF097FA052128460FF07E
:10A4900093FA022128460FF08FFA002128460FF088
:10A4A0008BFA4846FFF786FB092311223380F1E639
:10A4B000FFDFFEE7FFDFFEE71A2333800020BDE861
:10A4C000F8830A23F9E70923F7E71123F5E70B23BC
:10A4D000F3E71023F1E700231A46C9E6F400002051
:10A4E000B4790600012838B51FD18CB22046FFF799
:10A4F000DBFC054608B9FFDFFEE70378212B16D009
:10A5000006F076FF50B112234480037002230373D8
:10A510000023AB73BDE8384006F072BF29462046E1
:10A520001322BDE83840FFF7D4BCFFDFFEE738BD9B
:10A530002DE9F041074615460C4609B9FFDFFEE755
:10A540001223137091F80080B8F1020F25D1FFF7A4
:10A55000ABFC064608B9FFDFFEE762884FF6FF73E3
:10A560009A4202D1A38893420BD106F049FF236897
:10A57000EB6063682B612389AB820023B373BDE872
:10A58000F081002BF1D1807B0128F8D1044A3946B3
:10A5900010F0C0FD86F80E80F1E7FFDFFEE700BF98
:10A5A00080C3C90107B520380B46052820D8DFE84D
:10A5B00000F0031F101F1607062003B05DF804FB10
:10A5C0008978188809F098F903B05DF804EB06F073
:10A5D000C5BE086803B05DF804EB01F089BE0B68E6
:10A5E00001A86946019309F024F906F0B7FEE4E7F3
:10A5F0000720E2E730B5054685B008460C46FDF772
:10A60000CFFDC8B9222D19D0252D17D0202D17D157
:10A61000254602A901A835F8023BADF8043008F040
:10A6200039FF06F09BFEDDF80A30C4F802309DF8D1
:10A630000E302B7105B030BD1020FBE70620F9E786
:10A640000720F7E700487047FD00002010B51622EC
:10A650000021194813F028FD01200FF01FF908B15F
:10A6600008F0A6FC144C012304F10A00A37005F0C5
:10A670007DFCA8B105F072FC012804D1E37B012028
:10A6800063F03F03E3734FF46173400023824FF4A0
:10A69000007360726382FFF797FA38B1FFDFFEE75D
:10A6A000062104F10A000EF091FDE7E700F0CEFD6F
:10A6B000BDE8104001F06EBAF4000020F7B507467F
:10A6C000FDF748FD10BB144CD4F8090004F109054E
:10A6D000B4F80D20E37B294600903846ADF80420FD
:10A6E0008DF80630FFF79EFB90B9FFF76DFA034631
:10A6F00048B10098BDF804109DF80620C4F8090080
:10A70000A4F80D10E273184603B0F0BD1023FAE769
:10A7100043F20223F7E700BFF400002038B50546F6
:10A72000FDF73EFD044640B905492A46487A0A31FC
:10A730004008FFF791FB204638BD1020FCE700BF22
:10A74000F400002030B5044685B008460D46FDF7FC
:10A7500027FDA8B9B4B90E4B9B78043B012B14D844
:10A7600008F026FC02AA0DF107010DF0EFF89DF8A4
:10A7700007002A4602A9FFF76FFB204605B030BD4F
:10A780001020FBE743F20400F8E70820F6E700BFDB
:10A79000F40000202DE9FF410D46044628B908F0D9
:10A7A0008DFDB0B143F2032010E0FFF7A4FA68B9C1
:10A7B000264604EB8507BE42F1D002A956F8040BE9
:10A7C000FFF7ACF90028F6D043F2022004B0BDE850
:10A7D000F081144F38720CB90020F7E704EB8508BC
:10A7E000444501D13D72F7E754F8046B0DF10701C0
:10A7F0003046FFF793F908B1FFDFFEE79DF8073019
:10A8000002A88DF80830D6F80130CDF80930B6F836
:10A810000530ADF80D3008F082FD0028E0D0FFDFF4
:10A82000FEE700BFF40000202DE9F04F0F468DB089
:10A8300090460646C8B9331E01A818BF01238DF8FB
:10A84000043008F089FD002868D108F095FD044621
:10A85000002863D1002E40F08D804F4B987CFFF78D
:10A86000CFF9044670B3FFDFFEE71146FFF743FA66
:10A87000044638BB0546DFF8209145450DD108F167
:10A88000FF3BA345D7DD04F101095FFA89F506EB2B
:10A89000850AA8452FD84C46F3E756F8250002A9AB
:10A8A0001030FFF759F918BB87B999F81230022B0D
:10A8B00014D1AFB9102156F8250009F08FFF68B107
:10A8C00043F2062420460DB0BDE8F08F57F825006E
:10A8D000FDF740FC0028E8D01024F3E70135CCE771
:10A8E000102157F8250009F079FF0028E2D0E7E7AA
:10A8F00043F20224E6E756F824005AF8041B037CCE
:10A900000A7C5340012B06D806221131113013F076
:10A91000BBFB00283DD00135EDB2BAE743F2042479
:10A92000D0E7D5F81130CDF80930B5F81530ADF8CD
:10A930000D300DF10F0355F8042B4D4543F8042B52
:10A94000F9D157B90DF11F0001F0B0FC02A8013494
:10A9500008F0C2FC70B1FFDFFEE757F824300DF1BC
:10A960001F0203F1100153F8040B8B4242F8040B51
:10A97000F9D1EBE744453FF470AF56F8245002A9F3
:10A9800005F110094846FFF7E7F80028C9D0FFDFB6
:10A99000FEE743F2052495E7F4000020F0B585B00A
:10A9A0000546FDF7D7FB002871D16868FDF71CFC50
:10A9B000044600286BD16A884AF2B8139A4203D938
:10A9C0000724204605B0F0BD2B78022B26D02B782B
:10A9D000002B37D1FFF7F8F804460028F1D1022602
:10A9E0002878FFF70DF906F0B9FC04460028E8D1F5
:10A9F0002B78284FBB74FE74686801F03FFC6B88AD
:10AA000002A8002B08BF4FF461733B82ADF80830F9
:10AA100008F099FC0028D4D0FFDFFEE709F0AAFD7A
:10AA20000746E6B2B742D2D9304609F00BFD10B165
:10AA300043F20624C5E73046013409F0F7FC00284C
:10AA4000EFD0F5E7013B012BBAD86E78022E10D07B
:10AA5000032E19D1002302A80093ADF8043002930D
:10AA6000ADF80C3008F0DAFC06F078FC044600285B
:10AA7000A7D14FF4407302A8ADF8083008F081FF69
:10AA80000028ADD0FFDFFEE743F2022499E710244F
:10AA900097E700BFF400002010B50446FDF780FBE7
:10AAA00008B1102010BD606830B1FDF799FB002897
:10AAB000F7D1606801F0FAFB044B00201A8A62802B
:10AAC000DA7C62709B7C2370ECE700BFF40000200E
:10AAD0002DE9F04F97B080460C469246FDF760FB9B
:10AAE00018B1102017B0BDE8F08F2046FDF77CFBB1
:10AAF0000028F6D15046FDF777FB0028F1D1B14D83
:10AB0000AA78012A02D1BAF1000FEAD098F80030F1
:10AB1000FF2B04D1012A00F088810420E2E7013BE9
:10AB2000DBB2FD2B40F27E81BAF1000F00F0018113
:10AB3000043A012A40F23A810023ADF804309AF831
:10AB40000030013B042B64D8DFE803F003131A2123
:10AB500028009DF8043023F0130343F013038DF80D
:10AB600004309AF81470032F53D8DFE807F01C1C48
:10AB70001C1C9DF8043023F01D0343F01D03EEE779
:10AB80009DF8043023F0150343F01503E7E79DF823
:10AB9000043023F0120343F01203E0E79DF8043081
:10ABA00043F01003DBE7BDF804309DF80460ADF816
:10ABB0000830002316F0040B8DF8033005D0DAF8C6
:10ABC0000400FDF7C7FA00288BD1AB7C43B1EB7CC6
:10ABD000022B05D1DAF80400FDF706FB002880D12E
:10ABE00016F0080903D0BAF80C30802B11D81FB129
:10ABF0002B7A5BEA03030CD09AF81730C3F30013E7
:10AC00008DF850309AF81530022B05D003D9042B5B
:10AC100017D0072066E701238DF84C300123DAF8BE
:10AC200004B08DF84E308DF84A70BBF1000F16D08D
:10AC30000DF103015846FEF771FF20B143F20220E7
:10AC400050E70323E8E7DBF801001190BBF805307B
:10AC5000ADF848309AF80F3033B1062042E7CDF80E
:10AC600044B0ADF848B0F5E7BAF81030002BF4D195
:10AC70009AF81230002BF0D19AF8132012F01F0B23
:10AC8000EBD1BDF808308DF838B0ADF83930DAF8CE
:10AC90000830C3F30721D8B2C3F307438DF83C1043
:10ACA0008DF83D308DF84030474B8DF83F100693BE
:10ACB000A3F104338DF83B00079316AB8DF83E00EB
:10ACC00003EB521212F8403C8DF84130FEF74CFF76
:10ACD0009DF8033006A98DF842000EA88DF8433088
:10ACE00001238DF84BB08DF853308DF84FB08DF8AF
:10ACF0004DB08DF854B008F079FC06F02FFB002819
:10AD00007FF4F0AE9AF80E20BAF80C30EA71BDF874
:10AD100004202B80AA80AF71B9F1000F02D00BB9CB
:10AD200080232B8006F0010600230236AE7088F8DF
:10AD3000003000230DF108098DF801308DF8023044
:10AD40008DF803308DF8043094BB27462646A04684
:10AD5000CDF80E40ADF8164001AA0DF1020104A88D
:10AD60000294ADF80C800497ADF81460FEF75CFF18
:10AD700000287FF4B7AE0DF103020DF10101484642
:10AD8000FEF752FF00287FF4ADAE9DF80230D807E1
:10AD900046D42B799DF8032013F0040316D1A9792A
:10ADA000A1B191071DD043F201209BE6082099E64E
:10ADB00094E80F00B4F804801746A689044689E891
:10ADC0000F00C9E7F400002007060504D20708D5E4
:10ADD0003BB92B8844F24F62013B9BB293423FF652
:10ADE00018AF5FFA88F221460DF119008DF818208E
:10ADF00013F0A6F906A808F0D2FC06F0AFFA002876
:10AE00007FF470AEF2B239460DF139008DF838207A
:10AE100013F096F90EA808F09DFC06F09FFA61E683
:10AE20000A205FE643F204005CE6BAF1000F7FF40B
:10AE300083AE7EE7F8B53B4D0E46AA78023A012A6A
:10AE400067D8002867D10EF0FBFD28B9AB78032B3B
:10AE500002D112242046F8BD0FF06AF9C0F1200497
:10AE600000200EF01BFD241A00200EF0E9FDAB7847
:10AE70002044042B08BF0138002801DAFFDFFEE779
:10AE8000FF2801DDFFDFFEE7C0B2002846D0032B1C
:10AE9000EF780ED1304606F079FB002840D0437899
:10AEA000002BD6D0304606F085FB04460028D1D1D1
:10AEB000EE7008F07DF80446FEF756FE0146204687
:10AEC0000CF0F4FCE979288808F08EFC06F046FACC
:10AED000044608B1EF70BDE7AB78032B15D1E878D5
:10AEE00006F054FB08B9FFDFFEE743780BB9FFDF3C
:10AEF000FEE7013B4370AB78032B01D0FFDFFEE799
:10AF00000523AB70A6E70423FBE7022BFBD0FFDF92
:10AF1000FEE708249EE743F204049BE7132499E725
:10AF2000052497E7F400002038B5B0B90D4DAB7893
:10AF3000043B012B14D808F068FC06F00FFA044615
:10AF400038B9AB78052B06D1E878FEF733FE03233A
:10AF5000AB70204638BD0223FAE743F20404F8E759
:10AF60000824F6E7F400002073B5064608460C46B0
:10AF7000FDF73AF938BB3046FEF796FF054620B399
:10AF80000378212B24D9437F03F00303012B18D12D
:10AF9000837B022B13D024B9684600F0E5FA60B930
:10AFA0006C4621460020FEF70BFF30B921463046A3
:10AFB00007F079F808B90123AB7302B070BD112016
:10AFC000FBE7FFDFFEE71020F7E743F20200F4E7BC
:10AFD0000820F2E738B50D460446FEF765FF014646
:10AFE00028B12A462046BDE83840FEF772BF43F23A
:10AFF000020038BD012808B504D1084B9B78012B0D
:10B0000009D041B901380023C0B208F0CFF9BDE83A
:10B01000084006F0A3B943F2040008BDF400002084
:10B0200070B5064608460C461546FDF7B9F808B156
:10B03000102070BD2846FDF7B3F80028F8D12A4645
:10B040002146304608F042FC06F088F90028F0D18D
:10B0500094F900307F2B08BF0520EAE7012307B5EC
:10B06000ADF8000068468DF802308DF803108DF8B9
:10B07000042008F00BFC06F071F903B05DF804FB46
:10B08000002307B5ADF800006846ADF802308DF832
:10B09000043008F0FBFB06F061F903B05DF804FB37
:10B0A00037B5054608460C46FDF754F840BB284620
:10B0B000FEF7FAFE30B30378212B26D9154B1B7D02
:10B0C0005B0724D42278072A16D86378072B13D875
:10B0D00042EA0301032911D88DF8033002236846A0
:10B0E0008DF80220ADF80430ADF8005008F01DFADC
:10B0F00006F034F903B030BD0720FBE70620F9E77E
:10B100001020F7E743F20200F4E70820F2E71120ED
:10B11000F0E700BFF4000020F0B587B006460D460A
:10B120001446FEF7C1FE002871D00378212B71D997
:10B130002846FDF759F810B1102007B0F0BD34B122
:10B140002046FDF74DF80028F6D12060A080354B51
:10B150001B7D9B0760D46946304608F0BCF910B1EE
:10B1600006F0FCF8E9E7BDF80810BDF80200BDF8EC
:10B170000470ADF80C60BDF80660ADF81010ADF8C5
:10B180000E60ADF81200ADF81470002D46D06A883C
:10B190002B88002A08BF3246002B08BF0346ADF8B3
:10B1A0000E20AA88ADF81230002A08BF3A46ADF842
:10B1B0001420EA880AB1ADF81020A4B1984201D257
:10B1C0001A1A2280BDF80E20BDF8105096423CBFDE
:10B1D000921B6280BDF814202A447D18AA42C2BF87
:10B1E000521AD21BA280984203D3BDF80E30B3424C
:10B1F00001D91320A1E7BDF814303944BDF810205F
:10B2000013448B42F5DC03A808F063F9A8E743F286
:10B21000020092E7082090E711208EE7002CE4D08E
:10B220000346CFE7F400002038B5054608460C4633
:10B23000FCF7B6FF38B92146284608F08EF9BDE87C
:10B24000384006F08BB8102038BD0000024B0022B9
:10B250001A605A601A8170470A0100202DE9F04FE8
:10B26000A5B006469A4615469DF8B870ADF806108A
:10B27000002A40F0CA804FF001080DF110094FF488
:10B28000C0530022494640468DF81280ADF8103078
:10B2900003F0DAFA0446002840F0C4808DF81280EA
:10B2A0004FF4285301461C228DF80A0016A8ADF869
:10B2B000103012F0F9FE112372780DF108080CA974
:10B2C0008DF80830C2F30102337816A85200ADF8A9
:10B2D0003A408DF809309DF80A3042F00102CDF86D
:10B2E000348023F00703CDF830901A439DF858308E
:10B2F00043F002038DF80A2006AA8DF858303389EE
:10B30000ADF838307389ADF83C307368109303F0B2
:10B3100007FC0446002840F085807068FCF760FF59
:10B32000002840F083800123754E4FF0010B0CA9DB
:10B3300016A8327A8DF812B063F30002BDF8183007
:10B34000338042F60123327206AAADF810309DF820
:10B350000A3023F0070343F002038DF80A3002237A
:10B36000ADF83830ADF83C300DF10603109303F022
:10B37000D7FB0446002855D1BDF818307380002D46
:10B3800000F09E8001461C22ADF80C000DF10C0A65
:10B390008DF80E00CDF84E00ADF852001DA812F049
:10B3A00083FE112308AA11A98DF80C301DA89DF861
:10B3B0007430CDF848A043F002038DF816B08DF834
:10B3C000743042F60423ADF8143005AB11932B888A
:10B3D000ADF828306B88ADF82A30AB88ADF82C304A
:10B3E000EB88ADF82E309DF80E306BF342038DF8EC
:10B3F0000E300823ADF84C30ADF850300AAB159341
:10B4000003F08EFBF8B104460CE01046FCF7A2FEF8
:10B41000002872D129460120FEF7D2FC04460028FC
:10B420003FF429AF204625B0BDE8F08F7068FCF7E7
:10B43000DBFE00287FF477AF737803F00303023B51
:10B4400018BF012370E7BDF82030B380002F46D12C
:10B45000012442F6A6231C22394616A88DF8124074
:10B46000ADF81030ADF8087088F8027012F01CFECC
:10B47000112306AA0CA916A88DF808309DF80A30E9
:10B480008DF8744023F00703ADF83840ADF83C4028
:10B4900043F003038DF80A309DF8583043F002035F
:10B4A0008DF858301DABCDE90C98109303F038FBA4
:10B4B00004460028B6D1124BBDF81820DA80B1E757
:10B4C000BAF1000F01D10023BFE7FEF755FA08B12A
:10B4D0000324A7E7FEF750FA0028F4D0F8E7012F7D
:10B4E00002D0074B0022E9E7FEF746FA0028EFD129
:10B4F000FEF742FA0028F4D0EAE7102492E700BFF2
:10B500000A01002030B5082385B0164D0446ADF879
:10B510000630AB880BB3FCF71DFE00BB21460120B3
:10B52000FEF74EFCB8B9238801460DF10602A88843
:10B53000ADF808306388ADF80A30A388ADF80C3058
:10B54000E388ADF80E3002AB03F020FEBDF8063004
:10B55000082B18BF032005B030BD0620FBE71020E4
:10B56000F9E700BF0A01002030B5174D85B0044649
:10B57000AB881BB30023CDF80CD0ADF80A300823FC
:10B58000ADF80830FCF7E6FDD0B902AAA9884FF65D
:10B59000FF7003F049FF78B9BDF80830082B11D1CE
:10B5A000BDF800302380BDF802306380BDF8043060
:10B5B000A380BDF80630E38005B030BD0620FBE770
:10B5C0001020F9E70320F7E70A0100201FB5022346
:10B5D000ADF8060009480DF10E02ADF80E3000215D
:10B5E0000DF10603408803F0D1FDBDF80E30022BAB
:10B5F00018BF032005B05DF804FB00BF0A0100205E
:10B60000002307B5ADF8023002230190ADF80030F9
:10B61000FCF7C6FD70B9084B6A464FF6FF705988B3
:10B6200003F002FFBDF80030022B18BF032003B067
:10B630005DF804FB1020FAE70A010020F7B5224D5F
:10B64000144607460E462B7ADA0739D50846FCF72A
:10B6500081FD002836D1F82C02D90C2003B0F0BDB2
:10B660003846FCF777FDF0B901A9288803F03DFDC5
:10B670000028F3D13B7801A928888DF8053003F024
:10B6800011FD0028EAD10223694628888DF8003090
:10B690009DF805301B071CBF0A238DF8003003F00E
:10B6A000F3F90028DAD1334601AA00212888ADF841
:10B6B000044003F06BFDBDF80430A342CED0CCE7CC
:10B6C0000F20CBE71020C9E70A010020002337B57F
:10B6D000ADF8023005460B880C460190ADF80030FD
:10B6E000FCF77EFD10B1102003B030BD2046FCF702
:10B6F00057FD0028F7D115B1BDF8003053B1064B06
:10B700006A464FF6FF70198803F08EFEBDF80030D0
:10B710002380E9E70C20E7E70A01002011230B70E2
:10B7200000234B7090F82030062B18D8DFE803F088
:10B7300009171717041114000B78022262F307137C
:10B740000B700B781F2B82BF837FC3F305034B70F5
:10B7500070470B780322F1E70B780422EEE7FFDF56
:10B76000FEE738B505460C4605F042FE08B9FFDF96
:10B77000FEE72223458003702368C360BDE838409C
:10B7800005F03EBEF0B5022791B00C4615460821E3
:10B790003A460646ADF8247006F0EEFA0A9090B1EB
:10B7A0000423D43407A88DF81D700DEB03010F9608
:10B7B0000B948DF820308DF83050FAF7BCFC08B1AE
:10B7C000FFDFFEE7012011B0F0BD38B50D46FEF7F2
:10B7D0006BFB044608B9FFDFFEE7213400214FF47C
:10B7E000B472284612F060FC012105F1D4002C61EE
:10B7F000FAF75EFC08B1FFDFFEE738BD70B505461D
:10B800000E46144605F0F4FD78B1A223224600F856
:10B810000C3B04F1140352F8041B9A4240F8041B39
:10B82000F9D1BDE8704005F0EBBD31462846132242
:10B83000BDE87040FEF74DBBF7B5078A06460D46DA
:10B840003846FEF731FB33780446013B0D2B00F2FE
:10B850009E81DFE813F0C6009C010E003E007200DE
:10B8600083009C00DF00FD009801B7005B00B7007B
:10B87000B700072138460EF089F8054608B9FFDF02
:10B88000FEE7AE4B93F85820D20714D5DA6DC0F816
:10B890001E2093F8582022F0010283F8582000223D
:10B8A000DA6573686B67B368AB672378252B00F0A4
:10B8B0009080FFDFFEE703211E300DF087FCD5F8F6
:10B8C0001E309F4AB3FBF2F102FB1133C5F81E3064
:10B8D000E7E7072138460EF059F808B9FFDFFEE721
:10B8E00003789B070DD52378252B0AD102232B70D3
:10B8F000437F2B7100F11E032E30AB60E86003B074
:10B90000F0BD037843F001030370F8E707213846E0
:10B910000EF03CF808B9FFDFFEE70378DF0609D533
:10B9200007232B70037F2B7113B93E30A860E6E725
:10B930000020FBE743F00803E6E790F91D30002BF9
:10B9400001DAFFDFFEE7337B0821B288384603F0D7
:10B95000010303B0BDE8F04006F0E3BA08B9FFDF29
:10B96000FEE773684BB100F1210203F1100153F8B7
:10B97000040B8B4242F8040BF9D128212046FEF734
:10B98000D1F9A37F327A62F30503A377B7E70721E2
:10B9900038460DF0FBFF044608B9FFDFFEE7022141
:10B9A00085300DF013FC04232B7004F5B0737C3448
:10B9B0006B60B4F809306C612B82604BAB60103364
:10B9C000EB609CE7072138460DF0E0FF08B9FFDF88
:10B9D000FEE732462146384603B0BDE8F040FFF7A7
:10B9E0000DBF08B9FFDFFEE70378212B87D9337934
:10B9F00001463246012B02BF437F43F08003437769
:10BA00003846FFF7FBFE2321204603B0BDE8F04097
:10BA1000FEF788B9327908213846AA8006F0ACF9D9
:10BA20000446A86010B105232B7068E7072138464B
:10BA30000DF0ACFF08B9FFDFFEE7022300F1620161
:10BA400010225E300DF0DAFD04703379437056E752
:10BA5000072138460DF09AFF054608B9FFDFFEE7DB
:10BA600090F8843003F00303012B1AD1637F5E0644
:10BA7000C3F3801133D490F89C30D8072FD495F8B5
:10BA80008830DA075ED495F888309B0709D5D5F859
:10BA90005C2105F17D0195F87C0010324008FEF72D
:10BAA000DBF9022395F8842001A938468DF804308B
:10BAB0009DF8053062F301038DF8053095F8883064
:10BAC0008DF8063095F89C308DF80730FFF749FE69
:10BAD0002378252B4AD0212B4CD0FFDFFEE7D5F869
:10BAE00058313BB395F883001A7C60F387021A74CF
:10BAF000D2B2607FC0F3401060F3410261F30002F4
:10BB00001A740029BBD004F1210204F1310152F86A
:10BB1000040B8A4243F8040BF9D195F89C3043F0AA
:10BB2000010385F89C3095F8883023F0010385F8EF
:10BB30008830A8E70029A6D1A1E700BF14010020A2
:10BB400040420F00D5F85431002B9CD095F883105B
:10BB50001A7C61F387021A74D2B2617F22F0030269
:10BB6000C1F3401142EA41021A748CE722212046B7
:10BB7000FEF7D8F8072138460DF01EFF00283FF4E5
:10BB8000BEAEFFDFFEE7736800225A70B7E6FFDF44
:10BB9000FEE700BF10B50F4C94F8583023F00103B6
:10BBA00084F858300023E365FBF70CFE204604F0D0
:10BBB0000BFA18B9102120460DF008FB064804F0D6
:10BBC000E9F918B9102104480DF000FB002384F8AE
:10BBD000303010BD14010020240100200B46014626
:10BBE00003F1D400FAF779BA83681A78092A70B594
:10BBF000054686B034D00A2A30D0072A40F0868025
:10BC0000B3F803603046FEF74FF9044608B9FFDF8A
:10BC1000FEE70378212B7BD0282B1AD1AB68B3F831
:10BC20000D20B2B9D3F80520D3F809301A4310D14A
:10BC300000F12101304607F0EFFD05F08FFB08B160
:10BC4000FFDFFEE72921204606B0BDE87040FEF781
:10BC500069B806B0BDE8704005F0D2BB01225A7148
:10BC6000B3F803603046FEF71FF9044608B9FFDF5A
:10BC7000FEE70378212B4BD0AB685A79002A43D0DA
:10BC80009B78002B40D105F0BBFB637F9A0617D54C
:10BC90005B0613D5A37F03F03F03102B0CBF0623D5
:10BCA000052384F820302378292B1CD10721304626
:10BCB0000DF06CFE054628B9FFDFFEE70523F0E72F
:10BCC0000423EEE725212046FEF72CF803236946DE
:10BCD00005F1D4008DF80030FAF754FA10F0FD0F9A
:10BCE00016D0FFDFFEE7242B12D1314604200FF0DF
:10BCF0004DFA22212046FEF715F8072130460DF0B7
:10BD00005BFE28B1FFDFFEE7FFDFFEE7FFDFFEE7B8
:10BD100006B070BD2DE9F04387B006460F46904649
:10BD2000FEF7C2F80546002849D00378212B46D9F2
:10BD3000232B44D090F91D30002B40DB07213046E7
:10BD40000DF024FE044648B9072130460DF0E4FD0D
:10BD50000446A8B101463046FFF737FD94F8B130EC
:10BD600073B904F1B009D434C9F80C402B78222BF4
:10BD700001D0242B0ED125212846FDF7D3FF09E061
:10BD8000104B93F835200AB1FFDFFEE7A4B903F1A9
:10BD900034091C64012369464846C9F8206089F8C3
:10BDA0000130A9F80480C9F80870FAF7C4F910F056
:10BDB000FD0F04D0FFDFFEE703F13409D3E707B03E
:10BDC000BDE8F08314010020F0B587B00546FEF70A
:10BDD0006BF80378222B16D9072128460DF0D6FDE3
:10BDE000044690B100F162060527B4F8603053B103
:10BDF000B4F85E30F218F35C527843B1214628461D
:10BE0000FFF7C0FCC0B907B0F0BDFFDFFEE70821B7
:10BE10002846ADF8042005F0AFFF02900028F2D0CC
:10BE2000694604F1D4008DF80070FAF7ABF910F010
:10BE3000FD0F01D0FFDFFEE702231022314604F19F
:10BE40005E000DF006FCD0E710B586B00446FEF7A4
:10BE50002BF80378222B12D9072120460DF096FDEE
:10BE600008B9FFDFFEE706236946D4308DF80030BD
:10BE7000FAF788F910F0FD0F01D0FFDFFEE706B0FA
:10BE800010BDF8B5037806460C4615461B09072B6E
:10BE90000BD00A2B58D0022B00F0498100231380CD
:10BEA000002900F0E1811A4638E082681378072BF8
:10BEB00006D0093B012B45D8002932D10A23D2E113
:10BEC000002900F0D981B2F80300888080B2FDF724
:10BED000EBFF034608B9FFDFFEE7D0F81600A060CD
:10BEE000598B1A7FA181B168A273CA68C2F30F226D
:10BEF0002282D1F80520C4F81220D1F80920C4F814
:10BF00001620A27E22F0030242F00102A2765A7F9E
:10BF100042F008025A771C2314222B80228063806F
:10BF2000A2E1B2F80300888080B2FDF7BDFF08B936
:10BF3000FFDFFEE704F10801FFF7F0FB0A231A22F6
:10BF40002B80EBE7FFDFFEE709B1C3698B80337B12
:10BF5000013B0D2B00F2E980DFE813F0B100E700B0
:10BF60000E00E700E700E700E700E700E700E70072
:10BF70005900E7008400A800002C00F07981A08817
:10BF8000FDF792FF07210646A0880DF0FFFC08B9D7
:10BF9000FFDFFEE7426F9178C1F3800301F00300F9
:10BFA0005B00012808BF43F00103C1F3C000C1F3E7
:10BFB000001143EA800343EAC103117801F007014D
:10BFC00043EA0113517801F0010143EAC1131179E9
:10BFD0002381D378A372E37A61F30003C1F34001B4
:10BFE00061F341035179E372C1F34002237B61F3B2
:10BFF000000362F3410323733378232B03D92621F3
:10C000003046FDF78FFE0D2313222B8086E7002C90
:10C0100000F03081A088FDF747FF07210746A08880
:10C020000DF0B4FC08B9FFDFFEE73369A3600378C5
:10C0300043F004030370437813F00202237B0DD016
:10C0400043F0010323733B78232B03D92721384680
:10C05000FDF768FE102318222B805FE762F30003D0
:10C060002373F7E7002C00F0FD80A08804F1080797
:10C07000FDF71AFF336904F10E020A26B3FBF6F14D
:10C0800006FB1133303302F8013DBA420B46F5D1BD
:10C09000A37B43F00103A3730378232B02D9272149
:10C0A000FDF740FE0F2315222B8037E7002C00F010
:10C0B000DD80337C1622237209232B802EE7002C8F
:10C0C00000F0D680337C0021022BA16021731ED0AA
:10C0D00003D8012B0ED0FFDFFEE7DA1E012AFAD8C3
:10C0E000191F727C4B422272627A4B4163F3010248
:10C0F000627201E081232372A088FDF7D5FE0378E8
:10C100000646212B0DD0232B03D0FFDFFEE7822331
:10C11000F1E70721A0880DF04FFC22213046FDF702
:10C1200001FE0D2319222B80F8E6FFDFFEE709B19F
:10C1300043888B80337B012B04D0022B44D023B364
:10C14000FFDFFEE7002C00F08D80A088FDF7ACFE3D
:10C150000721A0880DF01AFC08B9FFDFFEE7D0F830
:10C160001E3004F10E0204F108060A20B3FBF0F1C0
:10C1700000FB1133303302F8013D96420B46F5D1F6
:10C18000A37B23F00103A3738CE7002C6ED0A0885F
:10C19000FDF78AFE07210646A0880DF0F7FB08B9D7
:10C1A000FFDFFEE7437813F0020F0CBF01230223E9
:10C1B00023723378232B03D927213046FDF7B2FDB4
:10C1C000092317222B80A9E6002C51D0A088FDF767
:10C1D0006BFE08B9FFDFFEE70022A260A37A22739C
:10C1E00023F0030343F00303A372437FA27AC3F354
:10C1F000401363F38202A272427FC2F380121340A3
:10C2000006D0837F03F03F03A3F110025342534152
:10C21000A27A63F3C302A272437F627AC3F38013EC
:10C2200063F3C302737B03F003036272012B7FF499
:10C2300078AFD3B2E27AB17B43F004036372F37B4D
:10C2400063F30002237B61F30003F17BC1F3400140
:10C2500061F34102E272B27BC2F3400262F3410336
:10C2600023735EE70F232B800020F8BD0923FAE734
:10C270000D23F8E71023F6E71C23F4E7034630B557
:10C2800060B1084C00F110051868083353F8041C1D
:10C290002246AB4203C21446F6D10123024A82F879
:10C2A000303030BD340100201401002038B50E4D6F
:10C2B000044695F8303043B905F1200105F110002E
:10C2C000FBF782FA012385F83030084D234605F14B
:10C2D00010042A46083303CAA24243F8080C43F864
:10C2E000041C1546F5D138BD14010020340100208E
:10C2F00038B50446A0B1FBF72DFFD0B9621E0A2164
:10C30000053412F8013F303BDDB2092D13D8A242AB
:10C3100001FB0030F5D1431C0DD0084B0124D8653A
:10C32000064B002093F8582064F3000283F858204D
:10C3300038BD1020FCE70720FAE700BF14010020F9
:10C34000037813F00F0203D0012A08D007207047AA
:10C35000C3F303121B09F9D10A70002070471B09AF
:10C36000013B032BF2D8DFE803F0020507090123A4
:10C370000B70F2E70223FBE70323F9E70423F7E757
:10C38000042810D8DFE800F00307090B0D00002394
:10C3900000200B7070471123FAE72123F8E73123BF
:10C3A000F6E74123F4E70720704700002DE9F0414C
:10C3B000074686B008468846FBF716FF002858D186
:10C3C0003846FDF771FD0646002856D00378222B2B
:10C3D00056D1B8F1000F4CD0437F5A0750D41B06FA
:10C3E00050D4072138460DF0D1FA044650B9072140
:10C3F00038460DF091FA0446002845D001463846EB
:10C40000FFF7E3F994F8B1305BBB04F1B005022308
:10C41000D43430462F626B70002398F800202B81B3
:10C420000123C2F340012C612B71134043EA8103C5
:10C43000C2F38001C2F3C00243EAC103242143EAEC
:10C4400002132A7D22F01F0213432B75FDF76AFCAD
:10C4500069462846F9F76FFE10F0FD000AD0FFDFAD
:10C46000FEE70A4D95F835300BB1FFDFFEE73435B6
:10C47000CDE7102006B0BDE8F08143F20200F9E7F5
:10C480000820F7E70D20F5E70420F3E7140100206A
:10C490002DE9F04F91468FB01C4A0C4601901F4683
:10C4A000106805AB5168128903C301981A80FDF723
:10C4B000FBFC0646002800F035820378262B40F06E
:10C4C00034823CB1072101980DF060FA8346F8B937
:10C4D000FFDFFEE74846FBF73DFE002840F02082E4
:10C4E00099F80030C3F30213042B03D907200FB0CF
:10C4F000BDE8F08F99F80120062AF7D999F80230A3
:10C50000102BF3D89A42DDD9F0E700BFB8790600C6
:10C51000802CEBD804F06CFF002800F008825A460B
:10C52000012102F8044F09929BF804508DF8201065
:10C53000002D40F0BB8199F80020717FC2F34002CA
:10C5400062F34511DBE91DA47177C9B299F80020A7
:10C55000C2F3800262F38611717799F800209BF88C
:10C560000110D20962F341018BF8011099F8002003
:10C570009BF80010C2F3021262F347118BF800100F
:10C5800099F800209BF80110C2F3C00262F3000189
:10C590008BF8011099F801208BF8052099F80020FC
:10C5A000A17802F0010262F30101A170C9B2727FA9
:10C5B000C2F3401262F38201A170CAB296F81D80E4
:10C5C000C8F3801868F3C302A270D2B29BF80110BE
:10C5D00061F30412A2709BF80020C2F34212227091
:10C5E0009BF80120C2F34002627099F80220E270C9
:10C5F000657125719AF80220C2F3C00218EA020898
:10C6000000F02F813846FBF7A5FD002840F0888117
:10C61000B868FBF79FFD002840F082817869FBF73E
:10C6200099FD002840F07C81BA689BF80110CBF896
:10C6300008207A69CBF80C209AF8012042EA5102CE
:10C6400002F001029BF8011062F341018BF8011026
:10C650009AF8022001EA121262F3000100228BF81C
:10C660001D2006F10F028BF80110CBF81420721C6C
:10C67000CBF81820A27802F00302012A40F0C9800A
:10C680009AF8022002F00302012A40F0C28099F8D1
:10C690000320617962F3000102F0020201F0F1016E
:10C6A0000A4399F80410627101F00209227961F3DA
:10C6B0000002617902F0F10249EA020984F804906B
:10C6C0009AF8042009EA02099AF8052001EA02030F
:10C6D0000293B8F1000F03D159EA030200F09980E8
:10C6E0003846FBF737FD0146002840F019810390DA
:10C6F00010220BF18C0011F0D7FC0399CBF85411E8
:10C70000B8F1000F13D119F0010F10D0F868FBF742
:10C7100047FD002840F00481FA6802F11201CBF8CD
:10C720005421CBF88C1002F11401CBE9241219F03A
:10C73000020F0DD03869FBF753FD002840F0F08060
:10C740003A69002A00F0EC80CBF89820CBF85C2105
:10C75000102200210BF1A00011F0A6FC0022CBF862
:10C760005821B8F1000F02D1029BD90713D53868C0
:10C77000FBF716FD002840F0D3803A68B8F1000FAF
:10C7800007D102F11201CBF8A01002F11401CBE99C
:10C790002912CBF85821029B9A073AD57868FBF703
:10C7A0001FFD002840F0BC80FDF74CFF0268DFF859
:10C7B0008491CBF86021828809F12001ABF86421D3
:10C7C00082798BF8662199F8302042B909F110007E
:10C7D000FAF7FAFF012209F1200189F830207A687E
:10C7E000CBF8AC10AAB19BF8600110320BF26111CA
:10C7F0004008FDF731FB504B7F6803F1100E1A46DD
:10C80000083703CA724547F8080C47F8041C13465A
:10C81000F5D19BF8012012F002022AD1A1789AF8F2
:10C82000020001434B0724D521780EAB9AF8002073
:10C8300003EB410030F8245C5000054105F003058E
:10C84000022D28BF0225B8F1000F3ED0012901D0EA
:10C85000042904D1012A3AD0042A08BF154601222E
:10C860000CE09BF801109AF80120C1F340010A4046
:10C87000E8E6B8F1000FF2D1C2F34002717F62F333
:10C8800045110A4668F3861272779BF8011011F081
:10C8900002011ED003228BF80620B8F1000F05D14B
:10C8A0008DF8108004A90198FEF75BFF2521304622
:10C8B000FDF738FA08A90BF1D400F9F763FC10F082
:10C8C000FD003FF414AEFFDFFEE74246D6E7042545
:10C8D000D4E7022D04D18BF806508DF81010E1E753
:10C8E000012D10D102220BF121008BF806200D2220
:10C8F00011F0DAFB9BF800208DF8105042F0020294
:10C900008BF80020CEE7042D15BF8BF8061001220E
:10C91000727F8BF806201CBF61F345127277C5E762
:10C920001020E4E543F20200E1E50820DFE51120F4
:10C93000DDE500BF14010020340100202DE9F041A5
:10C9400086B0054688461446FDF7AEFA074600282D
:10C9500000F083800378272B40F08280072128464F
:10C960000DF014F8064608B9FFDFFEE7B8F1010F35
:10C97000857948D0B8F1020F31D0B8F1000F03D05B
:10C98000072006B0BDE8F081002CF9D1013DEDB2E1
:10C99000022D22D8334B2B449C7A337825213846FC
:10C9A00043F002033370FDF7BDF93378DA0751D550
:10C9B000324623F00103694606F1D40002F81E3B1B
:10C9C00002238DF804408DF800300292F9F7DAFB6B
:10C9D00010F0FD0F3FD0FFDFFEE7FFDFFEE7204650
:10C9E000FBF7B8FB08B11020CBE7032DC8D106F147
:10C9F0001E0304F1100254F8041B944243F8041B74
:10CA0000F9D10024C9E7012D1ED0022DB8D120464E
:10CA1000FBF7A0FB05460028E5D10146102206F1F0
:10CA20001E0011F041FB621E294605340A2012F84F
:10CA3000013F303BDDB2092D09D8A24200FB013194
:10CA4000F5D1C6F81E10DCE7002CDAD098E74FF0DD
:10CA5000FF31F6E77477002093E743F2020090E796
:10CA600008208EE7B8790600F0B587B004460E4678
:10CA70001546FDF719FA0746002846D0204607213B
:10CA80000CF084FF044610B9082007B0F0BDEEB1E9
:10CA900023785907F8D53B78232BF5D9802E37D842
:10CAA000267756B9284604F13E0305F1200250F8D6
:10CAB000041B904243F8041BF9D1227842F0100283
:10CAC000D3B22270120708D40020DEE72846FBF715
:10CAD00041FB0028DCD01020D7E723F008032370A7
:10CAE00007238DF804608DF8003066B904F13E0329
:10CAF000694604F1D4000293F9F744FB10F0FD0FEE
:10CB0000E2D0FFDFFEE70023F2E743F20200BCE7DA
:10CB10000720BAE7F8B506460D46FDF7C5F950B34C
:10CB20000378272B01D00820F8BD072130460CF0F0
:10CB30002DFF044608B9FFDFFEE78779022FF2D107
:10CB40004378DB07EFD501462A463046FEF71AFE4A
:10CB500008B10020E8E7B4F860300D2B0ED83B4652
:10CB6000102204F1620104F15E000CF047FD012384
:10CB700045700370EDE743F20200D5E71120D3E7DB
:10CB8000F7B5044608460E461546FBF7E3FA10B122
:10CB9000102003B0F0BD2846FBF702FB0028F7D1B8
:10CBA0004FF6FF739C4219D02046FDF77DF9D8B1AE
:10CBB0004378811C2A465808FDF74EF9EF1D0024E2
:10CBC000102138460CF002FB05F117003B463246B7
:10CBD00031460094F9F7BEFC2046DAE72846FDF717
:10CBE0009DFD0028EAD0D4E743F20200D1E72DE909
:10CBF000F041044688B008460E461546FBF7F4FAA5
:10CC000018B1102008B0BDE8F0812846FBF7ECFA17
:10CC10000028F6D12046FDF747F9804600286CD061
:10CC20000378272B01D00820ECE7204607210CF0E1
:10CC3000ADFE044608B9FFDFFEE7038803F4017385
:10CC4000B3F5017FEFD1D0E91D32527802B11DB1A9
:10CC50005F781FB1002E53D10720D3E7CDB1E26832
:10CC6000EF1D00231735114602A800933B46F9F744
:10CC700071FC102202A9284611F006FAB8BB3B4607
:10CC800004F12E0253F8041BAB4242F8041BF9D105
:10CC900000274EB1F31D04F11E02173653F8041B92
:10CCA000B34242F8041BF9D123782521404643F0D2
:10CCB00002032370FDF736F82378DA071BD52246E6
:10CCC00023F0010302A904F1D40002F81E3B022361
:10CCD0008DF80C708DF8083004F12E030492059342
:10CCE000F9F750FA10F0FD0F03D100208AE704276E
:10CCF000CFE7FFDFFEE76777F7E743F2020081E760
:10CD0000002DACD12F46C5E770B506460D46FDF7A0
:10CD1000CBF8044640B30378212B28D9437F1B0767
:10CD200025D529463046D5B106F076FD04F016FB30
:10CD30002B7C627FC3F3400363F3451262772A7C46
:10CD4000637F62F38613A27F63772B7C9B0863F378
:10CD50000502A277637F23F00803637770BD06F0B6
:10CD60005BFD04F0FBFAF5E743F20200F6E708206A
:10CD7000F4E770B50E46FDF797F8054650B130461A
:10CD8000FBF70EFA044640B928463146FEF7C6FCCA
:10CD9000204670BD43F20200FBE71020F9E7932321
:10CDA000488001F80C3B02F1100352F8040B9A4240
:10CDB00041F8040BF9D104F023BB70B51446128876
:10CDC00006460D460AB9002070BD04F0D5FF0028C4
:10CDD000F9D0214631F8022B11F0B2F9EA1E3046A3
:10CDE000294653425341228805F09BF80023012035
:10CDF0002380E9E7F8B515461A8806460F461C4613
:10CE00000AB90020F8BD294604F0B6FF0028F8D082
:10CE1000214631F8022B11F093F9238830462A4637
:10CE2000394601F053F8002301202380EAE738B5A2
:10CE300005460C46FDF738F860B10378212B0CD974
:10CE4000032128460CF0A2FD002820600CBF03201F
:10CE5000002038BD43F20200FBE70820F9E700009C
:10CE60002DE9F04F85B081460F469046019303B3FC
:10CE7000019E06F1120B5846FBF7E1F9451D25F01E
:10CE80000305ADB2EFB998F80030092B41D17468B1
:10CE900064B1727B63886A439A4243DD211D204658
:10CEA00092B22B460CF097FB044607804FF0030A22
:10CEB0000CE001A9FFF7BBFF0028D9D005B0BDE801
:10CEC000F08F337BABBB34684FF0050A0121584625
:10CED000FBF7C6F951460246ADF80E00484604F08D
:10CEE0004BFF034638BB0CB32288FAB9A21C0DF1E4
:10CEF0000E014046C8F804B0A8F802900093FBF772
:10CF0000DDF9009BC8B1092836D81C4B33F8100056
:10CF1000D4E70D2B04D106F108044FF0040AD5E73D
:10CF2000FFDFFEE74FF0030A3C46CFE7BAF1030FFD
:10CF300020D01120C2E70246D9E7BDF80E2053B138
:10CF4000AAF1030148464B424B41514604F0E9FF28
:10CF500077B90020B2E7BAF1030F2280F8D1727BD3
:10CF60002B4670686A43011D92B20CF047FBEFE755
:10CF70003773EEE71320A1E703209FE7C679060089
:10CF800010B50C4686B01946A2B104238DF80030C6
:10CF90001388ADF8083053886A46ADF80A30A37894
:10CFA0008DF80E302388ADF80C300023FFF758FFC2
:10CFB00006B010BD1020FBE7053020F0030080B262
:10CFC00009B14143043108447047000013B50446D9
:10CFD000019048B90CF0AEFA24B1044B019A1A60E2
:10CFE00000221A7102B010BD01A8F3E774010020FD
:10CFF0002DE9F8430D46164600212422284611F05B
:10D0000053F80EB9FFDFFEE7B778DFF854906F737F
:10D010003488D9F80000053424F00304A4B2214672
:10D020000CF0B0FA08B9FFDFFEE74FF00008286007
:10D03000A0F8008047B17C43D9F80000211D0CF016
:10D04000A1FA48B9FFDFFEE76F60318805F11200F1
:10D05000BDE8F843FBF7DEB86860C0F80080F4E78D
:10D06000740100202DE9F84301F1120706460D4630
:10D07000DFF85C803846FBF7E2F8441D95F80D9028
:10D0800024F003042968D8F80000A4B222460CF06A
:10D090009BFAB9F1000F07D004FB09F26968D8F8D0
:10D0A000000004320CF090FA03200CF0F7FB044669
:10D0B00003200CF0C5FC241A012C03D1D8F8000081
:10D0C0000CF054FA39463046BDE8F843FBF7B6B8E1
:10D0D0007401002010B5032104460CF057FC08B978
:10D0E000FFDFFEE700F112012046BDE81040FBF72C
:10D0F0009EB800002DE9F04F448889B006460D46E1
:10D100002046032190460CF041FC814608B9FFDF20
:10D11000FEE71DB10023AC80EB802B813278337B9E
:10D1200002F0F002902A40F027835A1E0E2A00F2E5
:10D130001E83DFE812F011036802580273000F002B
:10D1400060010201080124013B001C022D024A0279
:10D150003B013B0199F80C30022B01D0FFDFFEE7C9
:10D16000308AC4000C34A4B2002D00F0118305F104
:10D170000C030022688191B20833884203D830231F
:10D18000A8F8004029E199F8101003F8061CB9F836
:10D190000E1023F8081C716951F82210013223F88F
:10D1A000041CC1F30F4123F8021CE4E799F80C308A
:10D1B000022B01D0FFDFFEE7738ADC000C34A4B23F
:10D1C000002D00F0E582327C4FF0000A6B81009266
:10D1D000043AD346D2B201926A891FFA8AF39A427C
:10D1E000CDD9716902A8009A1FFA8AF759440AF149
:10D1F000010A10F0A5FF009BFF0003A99B44B34B5D
:10D2000007F10C0201981B792F442A44003B18BFF8
:10D2100001230CF0B9FE029B3B61DDE796F810A0FC
:10D2200099F80C30BAF1010F14BF10220222052B1D
:10D23000009203D0062B34D0FFDFFEE7738A03EBA6
:10D24000430464000C34A4B2002D00F0A182002736
:10D250006B81009BBA4603F1020B6A89BBB29A420A
:10D2600003D83323A8F80040B7E071695A4602A8F2
:10D270005144DA4410F064FF0623BAB2BDF8081036
:10D28000009801375A43AB180E3299812A448F4BCC
:10D290000DF10A011B79003B18BF01230CF074FE4D
:10D2A000DBE7BAF1010F738A14BF122406245C4332
:10D2B0000E34A4B2002D00F06B82BAF1010F6B8125
:10D2C0004FF0000714BF02230123BB462B73009BC2
:10D2D000023301936989BAB2914203D83423A8F882
:10D2E00000407AE0716902A8019A594410F028FFC1
:10D2F000019BBAF1010FBAB29B44BDF808100CD1E2
:10D3000006204243A8181032C1812A440DF10A01B7
:10D3100000980CF059FE0137DCE7122000FB0252A6
:10D320000DF11A00D1810DF10A01103251F804CB30
:10D33000814242F804CBF9D1EDE799F80C30082B83
:10D3400007D0FFDFFEE799F80C30082B01D0FFDF94
:10D35000FEE7728A02F11004A4B2002D00F01882D8
:10D36000338A05F1100071696B81B9F80E30EA81DA
:10D37000AB8110F0E5FE3623A8F800402DE099F8C7
:10D380000C30092B01D0FFDFFEE7328A02F10C04DA
:10D39000A4B2002D00F0FC81716905F10C006A81D6
:10D3A00010F0CEFE3723A8F8004016E0728A02F192
:10D3B0001004A4B2002D00F0EB810E2B318A05F190
:10D3C0001000EA8114BF0223012369812B73716964
:10D3D00010F0B6FE3923A8F800402B80303B6FF4E4
:10D3E00090526C809BB242FA03F3DB0744BF0023E8
:10D3F00089F80C30CEE199F80C30327C042BB6F869
:10D4000012A0009249D0072B00F09980032B40F026
:10D41000AC800AEB8A0464000C34A4B2002D00F046
:10D42000B781931F05F10E074FF0000BA5F80AA076
:10D43000DBB20193BAF1000F03D13123A8F8004009
:10D44000CBE71622002102A80AF1FF3A10F02CFEC9
:10D450007169009A02A859441FFA8AFA10F070FE06
:10D46000BDF808303A460DF10E0127F8023C0A37A4
:10D47000BDF80A30019827F8063CBDF80C3027F8B3
:10D48000043C124B1B79003B18BF01230CF07CFDC0
:10D49000009B9B441FFA8BFBCCE70AEB8A046400D9
:10D4A0000C34A4B2002D00F07381009B05F10C0B2D
:10D4B0000027A5F80AA0053BDBB20193BAF1000FE3
:10D4C00006D13223A8F8004087E700BF740100208E
:10D4D000716902A8009A0AF1FF3A394410F030FE4F
:10D4E0009DF80A20BDF808300DF10D0101981FFAD2
:10D4F0008AFAABF8063002F07F03D20943EA02232E
:10D50000BBF8042022F4BF7222F001021343ABF8EF
:10D5100004309DF80C209DF80B3043EA02235A4654
:10D520000BF10A0B2BF8023C924B1B79003B18BF06
:10D5300001230CF029FD009B3B449FB2BEE7009BFA
:10D540000AFB03F202F10E04A4B2002D00F02081C8
:10D55000023B716905F10E00A5F80AA0AB8110F03D
:10D56000EFFD3523A8F8004037E7FFDFFEE799F825
:10D570000C300A2B01D0FFDFFEE7002D00F01681F2
:10D58000338A6B8100232B82EB8101232B7325E0EF
:10D5900099F80C300B2B01D0FFDFFEE7B28A02F1C5
:10D5A0001204A4B2002D00F0F3800423B16905F148
:10D5B00012002B73338A6B81738A2A82EB8110F0FD
:10D5C000BFFDA8F80040382307E7002D00F0EE80EB
:10D5D00005232B7300236B81EB812B8212231224F2
:10D5E000A8F80030EFE799F80C30012B01D0FFDFED
:10D5F000FEE7002D00F0D280338A0C246B813A23A1
:10D60000A8F80040E9E62DB1737B03F58073EB8049
:10D61000738A2B8199F80C20531E0B2B00F29A80F1
:10D62000DFE803F0061624303C47525E6F7A7A7AC0
:10D6300099F80C30012B01D0FFDFFEE7002D00F040
:10D64000AD80337C012B01D0FFDFFEE71723D4E749
:10D65000337C082B03D0032B01D0FFDFFEE7002D26
:10D6600000F09C8000230C246B8188E5337C042B24
:10D6700001D0FFDFFEE7002D00F0908000230C2496
:10D680006B81DAE6337C042B01D0FFDFFEE7002D4F
:10D6900000F0848000230C246B8112E7337C022B82
:10D6A00001D0FFDFFEE7002D78D000230C246B8132
:10D6B000D7E5337C022B01D0FFDFFEE7002D71D0D0
:10D6C00000230E246B8109E6337C042B01D0FFDF9D
:10D6D000FEE7002D66D000230E246B81AB8140E76E
:10D6E000337C053B012B01D9FFDFFEE7002D5BD02A
:10D6F000738A10246B810023EB81B9F80E30AB8163
:10D7000039E6337C072B01D0FFDFFEE7002D45D043
:10D7100000230C246B8145E6002D47D0738A0B2A29
:10D720006B814FF00003EB812B82337C06D00C2AF7
:10D730000CD00A2B3FF429AFFFDFFEE70B2B01D003
:10D74000FFDFFEE7042321E705231FE70C2BFBD0B7
:10D75000FFDFFEE7FFDFFEE755B301230B24EB807D
:10D7600000232B81AB723B23A8F8004035E6FFDF96
:10D77000FEE700BF74010020012B07D1C5B1737B08
:10D780000B24AB723C23A8F8004026E6FFDFFEE73F
:10D79000A8F80040002009B0BDE8F08F0C23A8F8DD
:10D7A0000030F7E70E23FAE71023F8E71223F6E735
:10D7B0000B23F4E770B5568804460D460321304626
:10D7C0000CF0E4F808B9FFDFFEE700F112032A4687
:10D7D00021463046BDE87040FAF7A8BE10B50C46A9
:10D7E00003210CF0D3F808B9FFDFFEE72146123021
:10D7F000BDE81040FAF72FBD10B50C4603210CF020
:10D80000C5F808B9FFDFFEE721461230BDE8104039
:10D81000FAF73EBDF7B50E46044603F0E9FD0546AE
:10D820003378013B0E2B00F28A80DFE803F0503D95
:10D830006339391239393908393939393900337985
:10D84000043BDBB2022B01D0102B16D1F5B9FFDF60
:10D85000FEE708B9FFDFFEE7032120460CF096F84B
:10D86000037B042B0BD0072B10D0032B16D133795D
:10D87000063BDBB2022B09D043B107200CE0337921
:10D88000053BDBB2022B01D0102BF6D132462946E4
:10D890002046FFF784FA002003B0F0BDFFDFFEE76B
:10D8A0000028F3D1FFDFFEE708B9FFDFFEE7377995
:10D8B000012FEBD117212046FFF79EFF17212046AD
:10D8C00001F087FC3946204601F091FCDEE7032198
:10D8D00020460CF05BF808B9FFDFFEE700F112010B
:10D8E0002046FAF7A4FC002DD0D113212046FDF7E5
:10D8F00071FBD0E708B9FFDFFEE7032120460CF0FB
:10D9000045F808B9FFDFFEE70DF106011230FAF71E
:10D9100098FC08B1FFDFFEE7B7882046BDF8063067
:10D92000172F38BF17279F4228BF1F463946FFF7DA
:10D9300063FF3946204601F04CFC0121C3E7FFDFBD
:10D94000FEE710B50C4603210CF020F808B9FFDF04
:10D95000FEE721461230BDE81040FAF789BC10B549
:10D96000032104460CF012F808B9FFDFFEE700F1CE
:10D97000080204212046BDE81040FFF71EBA10B58A
:10D98000032104460CF002F808B9FFDFFEE7026845
:10D9900005212046BDE81040FFF70FBA70B50321FE
:10D9A00006460BF0F3FF054608B9FFDFFEE712302D
:10D9B000FAF745FC441D24F00304A4B26A680AB1D6
:10D9C000538803B970BD32F8043B032130461A4432
:10D9D000FFF7F3F90028F5D06A7B234668686243B5
:10D9E000011D92B20BF035FEE8E738B504460D464E
:10D9F00003F0FEFC08B9FFDFFEE701234573448016
:10DA0000037333230370BDE8384003F0F9BC000012
:10DA1000602803BF0B780020034A072004BFC3F32C
:10DA200000031371704700BF7401002070B58CB003
:10DA30000D460646144601A9FFF7F9F9E8B9F4B90D
:10DA40000823ADF820508DF818304FF6FF73ADF86D
:10DA5000223001238DF826304FF42053ADF82430C6
:10DA6000019D06AA022130462B46FFF7F9F920B99D
:10DA70001CB1A3782B742388EB810CB070BD0323F9
:10DA800002AA0AA920468DF8183010230B92ADF88F
:10DA900028300CF09DFA68B90123ADF820508DF8BC
:10DAA00026304FF42053ADF824304FF6FF73ADF815
:10DAB0002230D5E70720E0E7012307B58DF80630CF
:10DAC00042F602030A4601A9ADF804300323FFF72A
:10DAD00057FA03B05DF804FB012307B58DF8063053
:10DAE00042F603030A46ADF8043004230DEB0301AC
:10DAF000FFF746FA03B05DF804FB7FB581B102235E
:10DB00006A468DF800300B88ADF808304B88052147
:10DB1000ADF80A300023FFF7A3F907B05DF804FB66
:10DB20001020FAE711B10723FFF72ABA0720704740
:10DB300070B588B00D460646144601A9FFF777F97F
:10DB400070B97CB90523ADF810508DF80830019DEF
:10DB500002AA082130462B46FFF782F900B9EC8172
:10DB600008B070BD0623ADF81050ADF812408DF826
:10DB70000830ECE77FB569B10723ADF808200391C1
:10DB80006A468DF8003009210023FFF769F907B0D4
:10DB90005DF804FB1020FAE7F0B5054689B00846A9
:10DBA0000C46FAF7D7FA10B1102009B0F0BD01A960
:10DBB0002846FFF73CF90028F7D1019E012106F124
:10DBC0001200FAF74DFB2278042A0ED004D8531E17
:10DBD000012B0CD90720E8E7052AFBD10C2163783B
:10DBE0008DF808108DF810301CE0023880B2E38800
:10DBF00033B1A1680029D7D0033880B283422DD831
:10DC0000042AA0881DD00028E4D1022AA7686488CD
:10DC10000ED109220146ADF810408DF80820ADF86C
:10DC200012300597334602AA2846FFF719F9BCE7D8
:10DC30000A21ADF81040ADF812308DF808100597A4
:10DC4000F0E70B216288ADF81430A3688DF8081056
:10DC5000ADF81020ADF812000693E3E70C20A4E71E
:10DC60007FB50D23ADF808106A468DF8003000230B
:10DC70001946FFF7F5F807B05DF804FB7FB581B1F1
:10DC800002236A468DF800300B88ADF808304B88C7
:10DC90000621ADF80A300023FFF7E2F807B05DF87F
:10DCA00004FB1020FAE770B586B00E460121002370
:10DCB0006A4605468DF80010ADF80860FFF7D0F809
:10DCC000044638B93146284601F075FA21462846FF
:10DCD00001F08DFA204606B070BD68B38378012B41
:10DCE0002CD1008842F60413984216D8B0F5245F70
:10DCF00026D241F60103984208D8013841F2FE735A
:10DD000080B298428CBF0F2000207047A0F52050B1
:10DD1000032894BF0F200020704742F60123984249
:10DD200005D8B0F5285F34BF00200F207047A0F55C
:10DD3000285003380228ECE7102070470020704775
:10DD40000F20704787289ABF024B33F8100003203A
:10DD5000704700BFDA79060043785A0710D003F005
:10DD600007034A7863F302024A70437813F0380FCE
:10DD70000DD0C3F3C2034A7863F3C5024A707047FB
:10DD800013F0380F14BFC3F3C2030123E9E75A07A6
:10DD900014BF03F007030123EDE7000010B50B46A5
:10DDA00048800C46842103F80C1B02F1100152F844
:10DDB000040B8A4243F8040BF9D103F021FB014B19
:10DDC0001C6010BD7C0100200B460E22002110B506
:10DDD0000446184610F068F903461CB1012C04D023
:10DDE000FFDFFEE705229A7110BD0622FBE770B542
:10DDF00088B004460D46102204AE0021304610F0D3
:10DE000053F9002203AB29460092204601931023C8
:10DE1000F7F790FF024620B108B0BDE87040FFF769
:10DE200091BF0DF10E0329462046CDE90063BDF8F0
:10DE30000C30FBF762FE0028EED108B070BD37B59C
:10DE40000C46054600283CD00DF10701FEF778FA94
:10DE5000002837D163780DF107019DF80720681C71
:10DE600062F302036370FEF76BFA58BB63789DF8A8
:10DE7000072062F3C503AA786370C2F34103012B44
:10DE800002D0022B20D10120237860F345132370A8
:10DE9000637859071EBFC2F3C00161F38613637034
:10DEA000637813F0380F1EBFC2F3001262F3C7137A
:10DEB0006370637813F0780F1EBF237843F040033C
:10DEC0002370002003B030BD0720FBE730B40D46BF
:10DED00011461A4641B102290AD12C7C14F00103E3
:10DEE00003D024F001042C74012330BC04F019B8D1
:10DEF0000023FAE738B515460022044640680A7048
:10DF00004A70FFF79CFF58B9A38922899A420ED81C
:10DF100062689278D20704D5B3F5007F07D82B80CA
:10DF200038BDB3F5FF7F02D803F20123F7E70C20D9
:10DF3000F6E710B50C46F7F753FF08B1FFDFFEE731
:10DF40002046BDE81040FFF7FDBE014410B5044671
:10DF50004FF6FF708C4200D110BD43BA14F8012B6C
:10DF60009BB25A40C2F303135A4013039BB25A4068
:10DF7000530103F4FF5382EA0300EBE72DE9F04F6E
:10DF800085B01C46894605469DF83C6092460E9B2E
:10DF9000B11EDDF8408003F1140B18BF0121584673
:10DFA000FAF7DDFE314602460746284603F0E4FE56
:10DFB000002814BF0121002188F8001003D1C4B14A
:10DFC0002388B3B9A01C164A00210DF10E03ADF849
:10DFD0000E70116052464946CDE9000B2846FBF70A
:10DFE0003FFA68B1082819D80E4B034493F8100182
:10DFF00003E0002E14BF1120132005B0BDE8F08F00
:10E0000098F80020BDF80E3032B132460E992846FD
:10E01000FFF75CFF0020F0E72380FBE70320ECE73D
:10E020007C010020DA7906002DE9F043002391B04D
:10E03000054608460C46ADF81630FAF78BF800286E
:10E0400040F0BE80E3683BB1A368002B00F0B880CD
:10E050001A88ADF8162018802846FBF725FF814660
:10E0600028B943F20205284611B0BDE8F0830378D1
:10E07000212B01D80825F6E7042128460BF086FC61
:10E08000074608B9FFDFFEE71430FAF755FEA3781C
:10E090000646013B012B00F295800BAA21882846F9
:10E0A000F7F7D8FE20B111B0BDE8F043FFF74ABE44
:10E0B0000BA8F7F7DDFE0028F5D10BA8F7F7D8FE7F
:10E0C000002840F081800D9B434A23F07F43934218
:10E0D0007AD1E36883B10DF116022846CDE900320A
:10E0E000BDF81630A2882188FBF707FD0028DAD199
:10E0F000BDF81620A3681A809DF82F8018F010082C
:10E1000065D10F990029ACD09DF8303013F0380F4D
:10E1100001D1FFDFFEE7314AC3F3C203134493F892
:10E12000182199F820309A4254D80536A2780B78F5
:10E1300026F00306012AB6B236D1DA079AD50223B1
:10E14000B8688DF8183058B17A7C438872439A4287
:10E1500034DD92B23346011D0BF03DFAA0F8008089
:10E160002388072206A90097ADF81C300DF115038E
:10E17000CDE9018303462846FFF700FF0546002846
:10E180007FF471AF9DF81530002B7FF46CAFA3784E
:10E19000012B7FF468AF7A7C3346B8687243011D67
:10E1A00092B20BF02BFA5EE79B077FF563AF032378
:10E1B0004FF001088DF818303868D1E74046CFE7B6
:10E1C000102550E707254EE74FF450554BE743F233
:10E1D000014548E70F2546E702290100DA790600E4
:10E1E000F7B50C46054603F003F9064623785A1E98
:10E1F0000A2A00F2C180DFE802F00618B7304F4F5C
:10E20000667EB2989E005D4B1B684BB15A7842F017
:10E2100020025A7062685A600027384603B0F0BD89
:10E220006168284603F01AF9F6E7042128460BF046
:10E23000ADFB08B9FFDFFEE700F114012846FAF74D
:10E240006CFD2EB1224631462846FFF7A7FDE3E7D5
:10E2500013212846FCF7BEFEDEE7042128460BF01A
:10E2600095FB08B9FFDFFEE7A3790021E27903F00F
:10E2700018038181182B08D1A388838156B12246C7
:10E2800031462846FFF78AFD53E05306C4D5A388DC
:10E29000C381F3E7FFDFFEE794F90720002A10DAD5
:10E2A000062B04D00227002E39D1FFDFFEE7042120
:10E2B00028460BF06BFB08B9FFDFFEE7A388C3819C
:10E2C000F0E70027EFE7042128460BF05FFB074645
:10E2D00008B9FFDFFEE71430FBF730FB18B194F903
:10E2E0000730002B98DA3B7C43F002033B74002E8E
:10E2F000C5D1FFDFFEE7042128460BF047FB077C72
:10E300006379C7F3400262F300036371037C23F077
:10E31000020303740EB9FFDFFEE707F0020722468F
:10E3200031462846FFF73AFD77E70121284603F0FA
:10E33000F9F8022771E7042128460BF027FB6368F0
:10E34000064601220093694623892846ADF8043029
:10E3500003F004F9337C23F0020333745CE70028F4
:10E360007FF470AFFFDFFEE700212846FFF7E9FAF0
:10E37000002E84D1FFDFFEE7FFDFFEE77C010020F7
:10E38000431D23F003039BB2580009B159430431E4
:10E390000844704737B50023064D044601902B71A1
:10E3A00030B90BF0C7F80CB1019B2B6103B030BD45
:10E3B00001A8F6E77C0100202DE9F0470E4617463C
:10E3C00086B005465822002130460FF06DFE0FB989
:10E3D000FFDFFEE797F802A0DFF8C89086F811A0EB
:10E3E0003C88D9F81000053424F00304A4B2214677
:10E3F0000BF0C8F808B9FFDFFEE74FF00008306007
:10E400002146A0F80080D9F810000BF0BBF808B93D
:10E41000FFDFFEE77060A0F80080BAF1000F09D0BE
:10E4200004FB0AF4D9F81000211D0BF0ABF8C0B9B9
:10E43000FFDFFEE7C6F808A0002306F11401284616
:10E44000F3603A88FAF754FC01AA01212846F7F74D
:10E4500001FD01A8F7F70CFD044630B106B0BDE898
:10E46000F087B060C0F80080E6E79DF807301B0732
:10E47000EFD5BDF80A102846FFF7B9FC9DF8073024
:10E480009DF80820284643F01003BDF80A108DF8C7
:10E49000073043EA0223224663F30F02FF23F7F714
:10E4A00019FDD6E77C010020F8B501F114000D46F6
:10E4B000FAF742FC441D134E24F003046F7C2968D4
:10E4C000A4B2306922460BF07FF8224669683069B1
:10E4D0000BF07AF837B104FB07F2A968306904320F
:10E4E0000BF072F804200BF0D9F9044604200BF06D
:10E4F000A7FA241A012C04D13069BDE8F8400BF0CA
:10E5000035B8F8BD7C010020F0B5204B8FB0054632
:10E510004FF6FF7009AAD989F7F79CFC09A8F7F70D
:10E52000A7FC0DF10E07044605AE0CB1052025E051
:10E530009DF82E30AB421ED0012B21D1BDF82C30DE
:10E54000A3F520539BB2012B1AD810232246BDF805
:10E550002A104FF6FF70CDE90067F7F7EBFB60B9C3
:10E5600004AA31469DF80E000BF02EFD28B99DF847
:10E570001230AB4204D1204600E003200FB0F0BDC2
:10E5800009A8F7F775FC0446CFE700BF7C0100201F
:10E5900038B5042105460BF0F9F908B9FFDFFEE7AD
:10E5A00000F1140428462146FAF7B7FB2146284615
:10E5B000BDE83840FAF7B8BB70B58AB006460C46DD
:10E5C000FBF772FC0546002835D00378212B02D8D2
:10E5D00008200AB070BD0CB1A3887BB301238DF86D
:10E5E00014300323ADF8183064B1A3882468ADF863
:10E5F00020300421304607940BF0C8F9044620B9B6
:10E60000FFDFFEE7ADF82040F3E71430FAF7B7FB81
:10E610000307DDD502F0ECFE90B10DF1130395F880
:10E62000202005A9304602930223CDE90043636808
:10E63000FFF7A4FCCDE743F20200CAE70920C8E7D0
:10E640001120C6E72DE9F04F578889B082468B46E6
:10E6500038469046FBF728FC0421814638460BF0EB
:10E6600095F900230546ADF81E30B9F1000F01D130
:10E67000FFDFFEE708B9FFDFFEE70221384603F0BF
:10E68000C1FD05F114030146C0B100242646264A07
:10E69000002138461160514699F82020CDE90163E8
:10E6A0000DF11E0300935B46FAF79DFB0646042816
:10E6B00037D8DFE800F01F36282F280018460593CA
:10E6C0006E68FAF74CFB022102460490384603F0CC
:10E6D00053FBDDE9042358B9002ED6D03188002938
:10E6E000D3D10236041EADF81E2018BF0124CEE798
:10E6F0000646F7E7BDF81E302BB144B10222294689
:10E700003846FFF7E3FB304609B0BDE8F08F6A6892
:10E710001380F8E798F8013043F0100388F80130CF
:10E72000F1E7FFDFFEE700BF7C0100202DE9F043A9
:10E73000804693B00D46002900F083800027122206
:10E74000002128463E463C460FF0AEFC0DAA0121B2
:10E750004FF6FF70F7F77EFB0DA8F7F789FB20B1A6
:10E7600013B0BDE8F043FFF7EDBA9DF83E20BDF8C9
:10E770003A30012A18D1BDF83C20A2F52052032AD4
:10E7800012D8DFE802F0170B020E03249845E3D1FC
:10E790002C74A6B9002013B0BDE8F0831E460224F5
:10E7A000F4E71F460424F1E7042C06D0052C08BF2B
:10E7B0000624EBE71E460124E8E70524E6E70DF111
:10E7C0000E080DF110091023002231464FF6FF709C
:10E7D000CDF80480CDF80090F7F7ACFA08B103202B
:10E7E000D9E72A4649469DF80E000BF0EDFB02469C
:10E7F0000028F4D1AE81002FCCD008AB39464FF6BB
:10E80000FF70CDF8048000931323F7F793FA0028E4
:10E81000E5D1BDF80E002A1D0DF123010338C0B269
:10E820000BF0D2FB0028DAD1089B062CC3F30F2390
:10E83000EB81AFD19DF83E30AB72BDF83C302B81FF
:10E84000A8E71020A7E7000003460846012B70B593
:10E8500014468CB018D0022B13D142F601030122CA
:10E86000ADF81C308DF81E2058B308AE4FF48073FD
:10E870000DF117013246ADF818300BF0A9FB034635
:10E8800028B107200CB070BD4FF42053E7E70E4DC0
:10E8900007A89DF81710AA1D0091CDE9016201F2A9
:10E8A00001220699F7F7AEF920B10CB0BDE870402F
:10E8B000FFF748BA0CB1EB882380012300202B71AD
:10E8C000E0E71020DEE700BF7C0100202DE9F04FDB
:10E8D0006A4E9DB000240D4633790592013B0B949E
:10E8E000012B00F2C380F388834240F0C1808B4249
:10E8F00000F0C0800123A2462746A0468DF82630AE
:10E9000042F60203DFF878B112A8ADF824304FF4D4
:10E9100080738DF82A40ADF820305A4BADF828406E
:10E9200012930AAB13934FF6FF73ADF85030F7F71D
:10E93000CDFA072217AB12A94FF6FF70FBF736F896
:10E94000024630B10A2863D01DB0BDE8F04FFFF792
:10E95000F9B9BDF85E9014B3189B23F07F435B4573
:10E960001DD10DF1220349464FF6FF7001930EAB06
:10E9700000931023F7F7DEF90028E5D1BDF8223027
:10E9800023F002039BB2042B03D003201DB0BDE88B
:10E99000F08FBDF83830AB4235D10F20F6E79DF847
:10E9A0006230012B2FD1BDF86030A3F520539BB20C
:10E9B000012B28D8F488A4EB09035C425C41B8F130
:10E9C000000F00D017B34D451DD10DF122030DF1FD
:10E9D00038080022294601934FF6FF701023CDF826
:10E9E0000080F7F7A7F90028AED1BDF82200022871
:10E9F00001D01028C9D10BAA4146C0B20BF0E4FAED
:10EA00000028C2D1C846BDF85EA092E75746FAE793
:10EA1000B8F1000F30D07FB30023ADF83080ADF8EF
:10EA200032708DF81F309DF82E30012B15D09DF8D7
:10EA30001F2009A8059B0432089902930CABD2B29F
:10EA4000CDE9002300238DF81F20F7F7DBF800281D
:10EA50007FF47AAF0223337176E70DAA0DF11F011F
:10EA60000BA80BF0B5FA0028E1D08EE708208DE75F
:10EA700006208BE7072089E7052087E77C01002037
:10EA8000022801000100FFFF1FB50A78C2F3400110
:10EA9000C2F3000343EA4103C2F3800143EA810366
:10EAA000C2F3C00143EAC103C2F3001143EA0113F8
:10EAB000C2F34011C2F3801243EA4113411E4FF6E4
:10EAC000FF7043EA8213002289B28DF80C300DF1F9
:10EAD0000E03019303AB00930123FBF70EF8BDF87F
:10EAE0000E30012B01D0FFDFFEE705B05DF804EB2F
:10EAF000FFF728B910B50C46FFF7A1F968B963789C
:10EB000003F00702012A09D113F0380F06D0237849
:10EB10009A0603D463F03703237010BD0720FCE787
:10EB20002DE9F04F002395B0DFF824B20546ADF88B
:10EB300028300E46ADF82A301746ADF82C30ADF827
:10EB40001430ADF81C30ADF82030ADF82430ABF8FF
:10EB500008309BF80430013B032B00F20082F9F7E8
:10EB6000F9FA20B11024204615B0BDE8F08F3046E8
:10EB7000F9F7F0FA0028F5D16868F9F735FB0028B5
:10EB8000F0D16B684BB1B5F80A902B89994502D842
:10EB9000B3F5007F02D90C24E5E799460DF12E026A
:10EBA00005A93046FFF7A6F904460028DBD17368B3
:10EBB0009B7803F00603042B12D007A92869FFF7FE
:10EBC0003EF904460028CED12B69B3B16A789DF88E
:10EBD0001D30900703F038030DD573B90724C2E741
:10EBE0009DF8153013F0380FE7D03069F9F7F8FACF
:10EBF0000028E2D0B6E7002BF0D19DF81C30990632
:10EC00007DD408A905A8FFF7A7F89DF821300122B7
:10EC1000686962F302038DF82130FFF76BFF044649
:10EC20000028A0D109A9A869FFF709F9044600281E
:10EC300099D19DF824309A06D0D4AB6943B19DF8A0
:10EC4000253003F00702012AC8D113F0380FC5D0D0
:10EC5000EB681BB11B78013B1A2BBFD82A783068B0
:10EC6000C2F34001C2F3000343EA4103C2F380014F
:10EC700043EA8103C2F3C00143EAC103C2F30011B6
:10EC800043EA0113C2F34011C2F3801243EA411375
:10EC90000DF1130143EA82136A7812F0030218BFE0
:10ECA000012243EAC2130DF13F028DF83C304FF4CC
:10ECB0008073ADF818304FF001038DF8323042F612
:10ECC0000303ADF830300BF083F90346002885D1FB
:10ECD0009DF813A00DF1260200900AF1030A06998F
:10ECE0005FFA8AFACDE901020AF201220CA8F6F7CE
:10ECF00089FFB0B115B0BDE8F04FFFF723B89DF81C
:10ED00001D3013F0380F06D16868F9F76DFA002846
:10ED10003FF477AF26E76868F9F762FA0028F3D086
:10ED200020E70C4BBDF82E2002933369059901931F
:10ED30003389BDF82680009373893068F6F762FF47
:10ED4000034648B101464046FFF7F3F804460AE798
:10ED50007C010020840100202A7812F0300F19D0A5
:10ED60004FF001020899ADF834000CA88DF832205C
:10ED700042F60212ADF830200DF12A0202920DAADD
:10ED800001920222009240F20322F6F73BFF014675
:10ED90000028D8D1BBF808300022BDF826104FF665
:10EDA000FF70ADF83D300FAB019200935346FAF778
:10EDB000A4FE034600289DD19DF93C20002A26DAB6
:10EDC0004FF48072ADF83400ADF8182001228DF8B0
:10EDD00032204FF42452ADF830206A780290C2F30A
:10EDE0004001C2F3000242EA410200F0FC010CA81B
:10EDF0000A4306998DF834200DAA0192022200924E
:10EE000040F20322F6F7FEFE014600289BD16E6811
:10EE1000002E34D02B69A3B907A905A8FEF79CFFE3
:10EE20006B7813F002030BBF9DF81D209DF81C307A
:10EE300063F3C50243F040030CBF8DF81D208DF82D
:10EE40001C3001232A8907990CA88DF8323042F62C
:10EE50000113CDF80090ADF8303040F20123B2FB41
:10EE6000F3F303EB4323D21A0AAB92B2CDE9016369
:10EE70000023F6F7C7FE014600287FF464AF2B7825
:10EE8000DB072DD50023ADF83430AB6953B909A9A0
:10EE900005A8FEF761FF9DF82530012262F3020309
:10EEA0008DF825309DF8243040F203220CA843F061
:10EEB00040038DF82430012309998DF8323042F651
:10EEC0000313ADF830300BAB02930DAB019302236B
:10EED00000930023F6F796FE014600287FF433AF37
:10EEE000EB684BB34FF480720CA8ADF818200122E8
:10EEF00006998DF8322042F60412ADF830201A78C7
:10EF00008DF834205A788DF835205A88ADF836209F
:10EF10001A798DF838200DAADB8801920722ADF806
:10EF20003930002300924FF402720293F6F76AFE22
:10EF3000014600287FF407AF03238BF80430002F2D
:10EF40003FF411AEBBF808303B80BDF828307B8021
:10EF5000BDF82A30BB80BDF82C30FB8003E60824C6
:10EF600001E600BF2DE9F04192B0012541F6010311
:10EF700007460DF108080E460DF1020228464146EB
:10EF80008DF80A50ADF80830FFF75EFC044660BB10
:10EF9000002F3BD001461C220BA80FF085F823461A
:10EFA00004AA06A965F342030BA8ADF804408DF846
:10EFB00006309DF82C30039443F0200310968DF812
:10EFC0000A508DF82C3042F60523CDF81880ADF8A4
:10EFD000083004230893ADF824306B44079303AB47
:10EFE0000A93FFF79DFD20B10446204612B0BDE80C
:10EFF000F0810A4ABDF810305381BDF81430938176
:10F000000133D381054B00221A71EEE7BDF80220CF
:10F01000024B013258819881DA81F3E77C010020AC
:10F02000F0B51F4F87B004460E463B79033B012BDA
:10F0300034D80DF1160204A9FEF75CFF054650BB5B
:10F0400063689B7803F00603042B12D005ABBDF870
:10F0500016200499029323690193238900936389FD
:10F060002068F6F7CFFD80B107B0BDE8F040FEF7AD
:10F0700069BE9DF8113013F0380FE7D02069F9F719
:10F08000AFF80028E2D0102505E016B1BDF8143025
:10F09000338004233B71284607B0F0BD0825FAE70A
:10F0A0007C01002037B505460C46D9B10146002346
:10F0B00001AA4FF6FF70F6F749FF20B103B0BDE893
:10F0C0003040FEF73FBE01A92046FEF7B8FE50B91A
:10F0D000A3782946019A4FF6FF7003F00103F6F773
:10F0E000F9FEEBE7102003B030BD13B50C46002944
:10F0F0004AD001460DF1030301AA4FF6FF70F6F75F
:10F1000025FF30B1872804D002B0BDE81040FEF7DB
:10F1100019BE00239DF80500694600F00700238012
:10F12000A370FDF72DF910B1032002B010BD9DF8BA
:10F13000003069469DF805002370C0F3C200FDF75A
:10F140001FF90028F0D19DF804209DF8003042F30B
:10F150004012637002F003029DF8033082F0010256
:10F1600003F0010343EA42039DF80520C2F3801136
:10F17000C2F3C01243EAC10343EA0213A27822F0A9
:10F180001F021343A370D0E71020CEE71FB514462B
:10F190000DF10E02CDE900320A46238801464FF6F2
:10F1A000FF70FAF7AAFCBDF80E30238004B0BDE86A
:10F1B0001040FEF7C7BD10B50C4604210AF0E6FB6F
:10F1C00008B9FFDFFEE721461430BDE81040F9F72B
:10F1D000BFBD10B50C4604210AF0D8FB08B9FFDF0B
:10F1E000FEE721461430BDE81040F9F7E1BD10B547
:10F1F0000C4604210AF0CAFB08B9FFDFFEE72146EE
:10F200001430BDE81040F9F7B3BD042110B5044631
:10F210000AF0BCFB014608B9FFDFFEE703680122E4
:10F220002046BDE81040FDF7E5BD70B50421064657
:10F230000AF0ACFB044608B9FFDFFEE71430F9F72B
:10F240007BFD451D25F00305ADB2A3680BB15A88BF
:10F2500002B970BD33F8042B214630461344002216
:10F26000FDF7C8FD0028F4D0627C2B46A0686A43F5
:10F27000011D92B20AF0EDF9E7E7042110B504464A
:10F280000AF084FB014608B9FFDFFEE7436802226B
:10F290002046BDE81040FDF7ADBD38B504460D462B
:10F2A00002F0A6F808B9FFDFFEE7012345734480AA
:10F2B000037344230370BDE8384002F0A1B801296C
:10F2C00001D0FFDFFEE7FEF73CBB10B50446084661
:10F2D000FEF703FD20B92046BDE81040FFF7B4BAA1
:10F2E00010BDFFF7F3BA000038B514460D461A46B4
:10F2F00089B184B1636873B118B1094BDB8883426B
:10F300000BD12068FEF7E9FC30B921462846BDE85C
:10F310003840FFF705BC102038BD0720FCE700BFD0
:10F320007C01002010B50C4611466CB118B1084B99
:10F330001B8983420AD12068FEF7CFFC28B92046FA
:10F34000BDE81040FFF76CBE102010BD0720FCE7A1
:10F350007C01002070B5064686B010460D46144666
:10F36000F8F71EFF10B1102006B070BD6068F8F706
:10F370003BFF0028F7D101A92846FFF7D7F900285D
:10F38000F2D19DF81430072B3AD8DFE803F03B1B8D
:10F390001B1B1B04043B9DF80630012B05D1BDF857
:10F3A0000430A3F5C053012B0CD99DF80A30012B72
:10F3B0000FD1BDF8083042F60122934204D8B3F5CC
:10F3C000285F06D30F20CFE7A3F52853033B022B7A
:10F3D000F8D99DF80E30012B09D1BDF80C30B3F5EA
:10F3E000245FEFD0A3F52453023B022BEAD96368D4
:10F3F00053B16368224661882846FFF7C7FEB3E72A
:10F40000FFDFFEE70320AFE701AA29463046F6F703
:10F410009DFD20B106B0BDE87040FEF793BC9DF89D
:10F4200004309B06E5D49EE7F0B5064685B010464D
:10F430000F461446F8F7B4FE034678BB03AA3946D4
:10F440003046F6F783FD20B105B0BDE8F040FEF789
:10F4500079BC9DF80C3013F0100322D10DF10E028F
:10F4600039463046CDE900324FF6FF736288F6F731
:10F4700061FC054680B96068F8F792FE48B90195CD
:10F48000394663683046009323886288F6F752FC59
:10F490000546BDF80E3023802846D5E7102005B07C
:10F4A000F0BD43F20140FAE721B1054B0A889B8980
:10F4B0009A4201D9FEF7B8BD43F20300704700BF7E
:10F4C0007C01002070B586B006460C46154600212A
:10F4D000102202A80EF0E8FD0423114AADF8023014
:10F4E0005389BBB19289A24216D2AC4214D8ADF86E
:10F4F0000830022302A930468DF80A306B44ADF87B
:10F500000440049301ABADF806500593FEF78CFD63
:10F5100006B070BD0620FBE743F20300F8E700BF2A
:10F520007C0100202DE9F04307468BB008460C46CD
:10F53000F8F710FE18B110200BB0BDE8F083384684
:10F54000FAF7B2FC8046002800F08E800378212B69
:10F5500001D80820F0E7042138460AF017FA0646D9
:10F5600008B9FFDFFEE71430F9F709FC23780546F8
:10F57000012B4DD110F0020FEBD0A379DA0761D443
:10F58000A388B3F5887F10D8B3F5827F45D2B3F551
:10F59000817F22785FD040F203118B425FD0012B34
:10F5A0005BD0A3F58072012A57D9DDB201F020FFAC
:10F5B00000285CD014220021B6F80E900DEB02005A
:10F5C00098F820800EF070FD01238DF819508DF809
:10F5D00014300223ADF81C908DF81830A379DB07A6
:10F5E00009D59DF81E3043F001038DF81E30D4E993
:10F5F0000223CDE908230DF11303424605A938463D
:10F6000002930223CDE900637368FEF7B7FC93E72A
:10F61000022B22D110F01C0FAEE7A3F5827101225C
:10F6200089B28A4041F2C5010A4216D140F207125E
:10F63000934216D040F209129342B6D115F0080F4A
:10F64000B3D10AE06389002B9AD0E068F8F782FD15
:10F65000002895D06FE7022AA7D107206CE7012A7E
:10F66000FAE715F0100FEBE743F2020064E7112010
:10F6700062E700002DE9F04790B080460C46164640
:10F680001D46FAF711FC002800F0CA800378212BF0
:10F6900040F2C980032D00F2C88000F0CA804CB946
:10F6A000AB0725D5654B9F890137BFB24FF6FF7970
:10F6B00025E00025012E01D80B2004E02046F8F7B4
:10F6C00093FD18B1102010B0BDE8F087701E2044E3
:10F6D000F8F78AFD0028F5D1A319023E2046B6B2FC
:10F6E00033F8027C3146FEF730FCB842D8D0E3E76D
:10F6F000002D00F0A180514B0127B3F80C9006AA11
:10F7000039464046F6F7A6FBFCB9254606A8F6F7AB
:10F71000AFFB024618B9BDF81E10494518D904219F
:10F7200040460AF033F9054600285AD1FFDFFEE7CC
:10F730005B88102BC0D804351D44ADB2B542BBD296
:10F7400063191A88BA42F3D3E0E723460025F8E7A5
:10F750009DF81BC01CF0080FD8D0002C38D004EB4B
:10F76000050A2F1DBAF80230BFB2102BA4D8F81822
:10F77000B042A1DC605B88429ED11CF0100F13D018
:10F780000BA90191E119009101464046FAF7B5F93C
:10F7900020B110B0BDE8F047FEF7D4BABAF8023095
:10F7A000BDF82C209A4287D11F44BDB29DF81B2082
:10F7B000FF239DF81C10404622F010028DF81B20FC
:10F7C000D2B242EA0122BDF81E10F6F783FB9DE794
:10F7D0001CF0100FEAD04046FEF709FB0028E5D0E8
:10F7E00071E784891CB3142200210BA80EF05CFC85
:10F7F00001230DF1170200958DF82C3002230BA97F
:10F8000040468DF83030ADF83440CDE90132072262
:10F810006B68FEF7B3FB00287FF455AFA88152E771
:10F8200043F202004FE708204DE707204BE7204650
:10F8300049E7002C7FF43DAF012737E77C0100202A
:10F840002DE9F043064689B00D461C4617461AB905
:10F85000102009B0BDE8F083032B79D87ED071BBAE
:10F86000A2077ED5404B0224D9893F4B44F30004C4
:10F870004FF0000803AADB8930461C40F6F7EAFA8D
:10F88000013CA4B203A8F6F7F3FA024600285CD1C3
:10F89000BDF81210A1421FD9B8F1000F5AD008F1DB
:10F8A000020445B13B88A34256D341462846FEF7A1
:10F8B0004CFB25F8080000203C80CAE700242846BD
:10F8C000F8F78EFC0028C3D1388801382844F8F7AF
:10F8D00087FC0028C4D0BBE79DF80F301B07D1D5AB
:10F8E0000DF10A094FF6FF733046CDE90029F6F70E
:10F8F00021FA024620B109B0BDE8F043FEF722BA72
:10F9000035B9BDF80A30043343441FFA83F8B9E728
:10F91000BDF80A3005EB0800B7F800C008EB03019A
:10F9200004318C4518D3BDF8121025F80810438017
:10F9300008F10400CDF80490284400903046F6F712
:10F94000F9F90028DDD0032083E70A28D3D1A3E703
:10F9500007207EE705207CE70C207AE70029ADD15F
:10F960000C46012181E700BF7C01002010B5044650
:10F97000F8F716FC18B9034BDB89238010BD102063
:10F98000FCE700BF7C01002070B5064614460D461A
:10F9900051B9E2B12046F8F723FC48B92146304678
:10F9A000BDE87040FFF7A1BB0846F8F719FC08B1A5
:10F9B000102070BD29463046FAF7A1F818B1BDE80D
:10F9C0007040FEF7BFB9002CE4D12046F1E70720D4
:10F9D000EFE700002DE9F8431746027805460C468C
:10F9E00002F0F002037B802A40F013819A1E072A5E
:10F9F00000F20D81DFE812F00201F200080033008E
:10FA000033008600B000DB000421408809F0BEFF0F
:10FA100008B9FFDFFEE7828962B1002C00F00681A1
:10FA20006B8807264FF05208A3803E80A4F8008020
:10FA3000668021E0002C00F0FE806B8804F10A0152
:10FA4000288AA3800123A371FFF79EFFA8B92B8A00
:10FA500010262381AB8AE3814FF05108E5E7062B9E
:10FA6000B0F816800BD190F91330002B07DA08F1AB
:10FA70001406B6B25CBB3E800020BDE8F88308F1F6
:10FA80001206B6B2002CF6D0002204F10801288A32
:10FA9000FFF77AFF0028F0D16B884246A96904F18C
:10FAA0001200A3802B8AE3802B7B062B14BF02233A
:10FAB00001232373AB8AE381EB7CA4F810804FF021
:10FAC0005008C3F3C01363730EF03AFBADE7002296
:10FAD00004F10A01008AFFF757FF0028CDD16B8897
:10FAE0004246A96904F11400A3800223A3712B8A62
:10FAF00023810123A373AB8AA4F8128023820EF022
:10FB00001FFBA9E7B0F8169009F11406B6B2002C55
:10FB1000B1D00421408809F039FF6B88804600226B
:10FB200004F10A01288AA380FFF72EFF0028A4D140
:10FB300002234A46A96904F11400A3712B8A238188
:10FB40000423A373AB8AA4F8129023820EF0F8FA70
:10FB50002B8AA8F80E307FE74088FAF7A5F9064609
:10FB60000421688809F012FF0EB9FFDFFEE708B92B
:10FB7000FFDFFEE76B7CDB0747BF14264FF0510821
:10FB800012264FF05008002C3FF475AF6B88B8F187
:10FB9000500F287CA38003D1A11DFEF715F944E77F
:10FBA000022304F10801A371FEF70EF954E7234A7A
:10FBB000038A52899A4208D10626002C3FF45BAF93
:10FBC00043884FF05408A3802FE7002C31D042889F
:10FBD00008264FF05308E380A28026E704214088DE
:10FBE00009F0D4FE08B9FFDFFEE714B36B880826DE
:10FBF0004FF05508A3802B8AE38016E7B4B1438801
:10FC000007264FF05608A3800023A3710DE7FFDFFE
:10FC1000FEE7012B08D149B1438807264FF057086A
:10FC20008B80437B8B7100E7FFDFFEE707233B8080
:10FC300022E70823FBE71023F9E700BF7C0100203F
:10FC40002DE9F04114228AB005460F460DEB020063
:10FC500000210EF029FA01232846ADF81C708DF81A
:10FC600014308DF81830FAF71FF900284AD00378BD
:10FC7000212B04D8082630460AB0BDE8F0810421C3
:10FC8000284609F083FE044608B9FFDFFEE700F1CD
:10FC900014084046F9F773F88306EBD5237C072256
:10FCA00005A9284643F0010323740DF111030293C3
:10FCB0000223CDE900436368FEF760F9064620B1F0
:10FCC000237C23F001032374D5E739462846FDF74A
:10FCD00085FD0DF112014046F9F730F808B1FFDF5C
:10FCE000FEE7BDF812402846172C38BF1724BC4247
:10FCF00028BF3C462146FFF76CFA21462846FDF70F
:10FD00007BFDB8E743F20206B5E708B500F07EFADE
:10FD100000F0F8F800F014F8BDE8084000F0F6BE76
:10FD2000064BD3F8000138B1D3F8040120B1D3F861
:10FD30000801B0FA80F04009704700BF00A00440FD
:10FD4000034B00221A705A7010229A70704700BF3D
:10FD500090010020F8B50646022014460D4600F03A
:10FD6000DFF8114B114A01275C60191D9A6002F1FE
:10FD7000807203342D011F70DC601D83C3E90426EB
:10FD80000022243303F80A2C0D2203F8092C084A18
:10FD9000C2F83015074903C983E80300C2F80875A3
:10FDA000C2F83835F8BD00BF900100200300000BF9
:10FDB00000A00440F87A060008B5022000F0B0F870
:10FDC0000D4B01221A7000220C4BC3F80021C3F81E
:10FDD0000421C3F808210A4AC3F8802003F56433DC
:10FDE000C3F88C20A3F57C33C3F88C21A3F5005312
:10FDF0000822C3F8042508BD9001002000A004409B
:10FE000003000080144A08B51378EBB100231349AE
:10FE1000C1F8803001F56431C1F88C30A1F57C3136
:10FE2000C1F88C3108210E4BC3F80815FFF778FF95
:10FE300078B101235370938EFF2B01D9FFDFFEE7CA
:10FE4000DBB29370002313700020BDE8084000F07F
:10FE500067B810235070F4E79001002000A0044020
:10FE600000200440094B1A7862B1094BD3F80021F5
:10FE700052B1D3F8040140B1D3F80801B0FA80F0D0
:10FE80004009704758787047022070479001002061
:10FE900000A0044010B5C824FFF7E4FF022808D1F1
:10FEA000013C14F0FF04F7D1062005F0F5F82046D8
:10FEB00010BD431E58425841FAE70000064A08B5F3
:10FEC00013782BB1FFF72CFF20B192F8340008BD56
:10FED0009078FCE71020FAE79001002038B5084C34
:10FEE0000025D4F80035032B04BF01236360C4F858
:10FEF0000055C4F8005500F051FFC4F8805038BDDB
:10FF000000A00440054B4FF48062C3F88820BFF383
:10FF10004F8FBFF36F8FFFF7E1BF00BF00E100E03D
:10FF200010B50446FFF7DAFF012C04D0022C07D0ED
:10FF30002CB1FFDFFEE7074B0222C3F8002510BDFE
:10FF4000044B0322C3F8002502F10042C3F88020CD
:10FF5000F5E700BF00A00440FFDFFEE7024BD3F847
:10FF6000A00300F00100704700C0FF00084BD3F869
:10FF7000A423D3F8A833511C9BB203D14FF6FF71D1
:10FF80008B4203D0026083800120704700207047BD
:10FF900000C0FF000B4B30B5D3F89053D3F8944317
:10FFA000D3F89813D3F89C2305EA04030B401340BD
:10FFB000013317BF05600020446081601CBFC26030
:10FFC000012030BD00C0FF000B4B30B5D3F880538B
:10FFD000D3F88443D3F88813D3F88C2305EA0403B9
:10FFE0000B401340013317BF05600020446081605F
:10FFF0001CBFC260012030BD00C0FF00064B0022C4
:0200000270008C
:10000000C3F80022C3F81822C3F82022C3F80C2238
:10001000C3F81422704700BF00A00840074B012816
:10002000187303D0022806D0FFDFFEE7044B03223B
:10003000C3F800257047024B0422F9E7C8010020ED
:1000400000A0084070B5134D0346084695F825609A
:100050000EB9FFDFFEE76BB9012E2C6A95F824106C
:1000600005D100F001FD2044AB69C01A70BD00F05D
:10007000DFFCF8E7012B0AD1012E2C6A95F8241039
:1000800002D100F0E1FCEEE700F0FCFCEBE7002021
:10009000EAE700BFC80100200B4B93F8310088B19C
:1000A00093F830307BB1094BD3F8002442F00102C1
:1000B000C3F80024D3F8200500F0F600023818BF7A
:1000C0000120704701207047C801002000A00840AF
:1000D0000A4B40F409000A4A1B8A40F04000B3F57D
:1000E000166F36BFA3F63813A3F5166343F4807377
:1000F000C2F80837C2F84005704700BFC8010020A9
:1001000000A0084008B5FFF789FF0846FFF7E0FFA9
:10011000084B002193F90D000BF07CF900F028FC4E
:10012000054B40F20312C3F8442E40F25B62C3F861
:10013000482E08BDC801002000A0084070B5064642
:100140000C4615460BF0B5FE0028FBD076BB2A4BBB
:1001500001225A7093F830201AB9997B2846FFF78C
:10016000D1FF264B4FF47A7253F8253003F5FA731A
:10017000B3FBF2F3224AE41A224BC3F800211E4BD0
:100180000125214983F830509B691C441C4BC1F860
:100190004045C1F8C031FFF77FFF30B1CD64D1F8E1
:1001A0004C05A042ACBF0020012070BD012E21D122
:1001B000114B02225A7093F83020AAB9997B284635
:1001C000FFF72CFF0846FFF783FF0E4BD3F8002400
:1001D00042F01002C3F8002440F20312C3F8442E88
:1001E00040F25B62C3F8482E064B293C044AC3F830
:1001F0000421C4E7FFDFFEE7C8010020607B0600A2
:100200000B00008000A00840005008404822002158
:1002100001480DF049BF00BFC8010020024B186A19
:100220009B69C01A704700BFC80100200A4B93F8B1
:100230002420D3E90630C01A084B03EB82039B6AE3
:10024000C01A074B53F822304FF47A7203F2F313BB
:10025000B3FBF2F3C01A7047C8010020007B060010
:10026000547B060010B5FFF7E1FF04460BF04EFF8C
:10027000201841F1000110BDFF2801D9FFDFFEE782
:10028000012903D0022917D0FFDFFEE7002343F442
:10029000801340F000700A4A43F4847340F4403005
:1002A000C2F8203EC2F8280ED2F8203503F0F7033A
:1002B000032B04D1FFDFFEE74FF08073E7E77047C1
:1002C00000A00840F8B5204E4FF48067C6F8907043
:1002D000BFF34F8FBFF36F8F0BF0E1FD04461B4D53
:1002E0000BF014FF0121001B194CA861C4F8A410E5
:1002F000FFF784FE0323C4F8401E2973C4F80035B9
:100300004FF40023C4F800340DF0F0FE114B124AF4
:10031000C4F83833114BC3F8C820013AC3F8C420DD
:1003200040F6FE720E4BC4F814330E4BC3F804258E
:100330000023AB842B862B624FF48073C6F8907138
:10034000C4F888343761F8BD00E100E0C80100203E
:1003500000A0084003000080060000800050084014
:100360000100008000200840014B5873704700BF17
:10037000C8010020020E034B0002C3F8342EC3F85C
:100380002C0E704700A00840034B044A1B5C90737E
:1003900003F5166313827047007B0600C801002036
:1003A00070B52E4C05460E4694F831300BB9FFDF80
:1003B000FEE701232A4A84F83030D2F8003443F0B3
:1003C0000103C2F800340BF074FD0028FBD005BB1C
:1003D0000123A17B30466370FFF794FE6378012B05
:1003E00001D0FFDFFEE71F4AD36402F5A04213608D
:1003F0001C4BD3F84C05A369C01A6DBB1A4B4FF4C4
:100400007A7253F8263003F5FA73B3FBF2F318440B
:1004100070BD012DECD10223A17B30466370FFF744
:10042000FDFD0846FFF754FE0D4BD3F8002442F0C3
:100430001002C3F8002440F20312C3F8442E40F225
:100440005B62C3F8482E6278022A01D0FFDFFEE724
:10045000044AD5645D60CBE72930D9E7C8010020A4
:1004600000A0084000500840607B060008B5FFF778
:1004700065FE58B9064B0122C3F8400503F5A043B9
:1004800002201A61BDE8084004F006BE08BD00BFA6
:100490000050084037B5234B4FF48060224A4FF09C
:1004A000FF35D3F88814C3F89054C2F890014FF484
:1004B00000221E4801F48071C3F8002400221C4C65
:1004C0002286C0F84025C3F80821C3F80021C3F8EC
:1004D0000421D3F82005C0B2B8B18DF80750C3F895
:1004E000202201221A619DF8072012B1D3F82022A0
:1004F00022B19DF8073043B9FFDFFEE79DF80720E2
:10050000013AD2B28DF80720EDE70022054BC3F87F
:100510002022228019B14FF48072C3F8882403B0DE
:1005200030BD00BF00A0084000E100E000500840DE
:10053000C801002070B50024244D254EC5F848455B
:10054000C5F84445C5F84045C5F84C45FFF7A2FF3E
:10055000C5F8C441C6F80841C6F80041C6F80441D0
:10056000C5F8C840C5F8C440C6F80441C6F8004103
:100570000DF0D4FD174B40F6FE72C6F83843C6F8AE
:100580001443C5F8C041C3F808254FF48062124BEC
:100590001C71C3E90744114BC5F84845C5F84445EB
:1005A000C5F84045C5F84C45C5F84841C5F8444133
:1005B000C5F84041C5F84C41C3F89020BFF34F8FB8
:1005C000BFF36F8FC3F8902170BD00BF005008408B
:1005D00000A0084000200840C801002000E100E021
:1005E000014BC3F84C0E704700A0084010B50FC86F
:1005F000014C84E80F0010BD100200200A490B4B8B
:1006000010B50124C1F8D00ED86283F83140FFF74D
:1006100043FD40B9064BC3F8400503200C61BDE81B
:10062000104004F039BD10BD00A00840C8010020F2
:1006300000500840144B9A6910441A6A824210B55F
:10064000124C09D3022004F027FD00230122C4F834
:1006500040350F4B1A610DE0012298601A716264F7
:10066000D4F844350533834205D3094BD3F80C1233
:100670000029EFD010BD0023C4F84431054BC4F865
:100680004405C4F8C431F5E7C80100200050084013
:1006900000A008400900008010B50E4C034602225D
:1006A00094F825002271012894F82410227B4FF041
:1006B00096000BD100F0F4F9074A0023A060C2F8BD
:1006C0004431236A0344C2F8443510BD00F002FAF5
:1006D000F2E700BFC801002000500840044BC3F8F7
:1006E000940ED3F8002442F04002C3F8002470476F
:1006F00000A00840054BD3F8002422F04002C3F8C4
:1007000000240022C3F8942E704700BF00A00840C8
:10071000044BD3F8183703F07F035B4203700120CA
:10072000704700BF00A008400028034B14BF0222FE
:10073000012299701A707047C8010020054B0022F1
:10074000C3F84025044AD2F82035DBB20BB10123AF
:10075000136170470050084000A00840044B30B5BA
:10076000D3E90E451B6CC0E900450B6030BD00BFEE
:10077000C8010020F8B5614C0BF08BFB012300226F
:10078000C4E90E015E49CB64D1F84C3523645D4B5E
:10079000C3F80821C3F80021C3F80421C3F80421D9
:1007A000C3F80021D3F8000420F01D00C3F80004B2
:1007B00084F83120227922B1D1F84421003A18BFBF
:1007C0000122617801290AD1D3F81852002D3ED1B7
:1007D0004C4BD3F82032ABB145F0100512E00229A2
:1007E00033D1484BD3F81852D3F80C3E003D18BF14
:1007F0000125D8074FEA450558BF45F0040502B367
:1008000045F00105FFF7FAFBE906637803D5012BF4
:1008100008BF45F020053A4A2678D2F848152162EB
:10082000D2F8442584F82530237BE26184F8243013
:100830007EB9667026712686EA071ED5A36C984796
:100840002EE015F00B0FDDD1C2E70025C0E708252B
:10085000D8E715F0110735D1013EA2784FF0960187
:1008600018BF01263046FFF7EDFBA278014630465F
:10087000278084F83070FFF7F9FD15F0020024D0CE
:10088000204B0021D3F81C0EE36C00F0010045EA78
:100890008000C0F3800080F0010000F00100984764
:1008A0006378022B0DD123795BB1022B1BD1236A14
:1008B000A2681344124AC2F84435114B124AC3F8D5
:1008C000C421F8BDFFF7E6FDB6E715F0280F05F0E7
:1008D000200104D0B1FA81F1236D4909DFE7EB066D
:1008E000DED5636DABE7012B01D0FFDFFEE7A36828
:1008F000226A9342DED8FFDFFEE700BFC801002076
:100900000050084000A0084009000080024B03EBA3
:100910008003986A704700BF007B0600024B03EB20
:100920008003586B704700BF007B0600F8B50D468A
:10093000012347780146437004462846164600F0D6
:1009400055F9074AD2F80431002BFBD0677016B96D
:10095000EB78A370AB707B1E58425841F8BD00BFC6
:1009600000A0044019B943780BB1C3788370704775
:100970002E30362854D8DFE800F0505353535353E9
:100980004D53535353535353535353534B53535345
:100990005353555355534953475345534353413F7D
:1009A0003D3B39373533312F2D2B2927252321572F
:1009B0001C003F231D4AC2F8103770473323F9E764
:1009C0002D23F7E72823F5E72323F3E71F23F1E798
:1009D0001B23EFE71823EDE71523EBE71323E9E7E4
:1009E0001123E7E70F23E5E70D23E3E70B23E1E717
:1009F0000A23DFE70923DDE70823DBE70723D9E73D
:100A00000623D7E70523D5E70423D3E70323D1E75C
:100A10000123CFE74FF49873CCE74FF48873C9E70D
:100A2000FFDFFEE70223C5E73923C3E700A0084044
:100A300010B504460846FFF771FF4FF47A73B0FB18
:100A4000F3F0201A10BD00004FF47A73054A5843A2
:100A500032F9112000F2E7301044B0FBF3F0023815
:100A6000704700BF4C7B06004FF47A73044A00FBCA
:100A7000033032F911201044B0FBF3F0704700BF8F
:100A80004C7B060010B504460846FFF747FF4FF4BD
:100A90007A7200F2E733023CB3FBF2F3E01A10BDC6
:100AA00038B51D460A4B33F9114003EB8203053577
:100AB0009B681C444FF47A7304F6B73403FB00447C
:100AC0001046B4FBF3F42544FFF720FF284438BD5B
:100AD0004C7B060070B5064608461546FFF71EFF1C
:100AE000094B03EB85039C684FF47A7304F6B73423
:100AF00003FB0644241A2846B4FBF3F4FFF706FF71
:100B00000530204470BD00BF4C7B0600024B002224
:100B10001A705A709A707047200200202DE9F8432D
:100B2000064601200F4615469846DDF82490FFF74B
:100B3000F7F99DF82C3006F00302284C42EA0342F4
:100B40009DF8343042EA03620023C4F80425244AA5
:100B5000C4F88030C2F88430A2F57C32C2F8843107
:100B60000222204BC3F80825BDF828301E4A938086
:100B7000FB6893FA83FCBB6818BA7B6819BA3B68B8
:100B8000C4F810C51BBAC4F81405C4F81815290A0E
:100B9000C4F81C352D069DF8207041EA0861D9F88B
:100BA00004302DBA003F21F00041D9F800001BBAF3
:100BB00018BF0127022EC4F8203500BA41EAC771D8
:100BC0004FF00103C4F8240509BAC4F82815C4F885
:100BD0002C55537008BF1370BDE8F88300A0044083
:100BE0000030084000200440200200202A4B5A78A0
:100BF0002DE9F04704460D460AB9FFDFFEE7274A14
:100C000003F1080E4F7803F1100603F1380CDFF8FA
:100C100090904FF00E08DF809F8403F1480A04375C
:100C20009D61C3F81C9083F82780A3F85C7092E85C
:100C30000300C3E914498EE80300D2E9020186E803
:100C40000300E91C0026196283F82660D2E904013A
:100C5000C3E90A668CE80300611C196411495964F0
:100C6000D2E90601E21C8AE803009A65012183F8B3
:100C70005E6083F85F80C3E91866AA78A2700A4AAA
:100C8000C2F830E5C2F838C599701970C2F804612D
:100C90001160BDE8F08700BF20020020747B0600D1
:100CA0000100000D0100000C00A00440324B5A78F6
:100CB0002DE9F04105460E460AB9FFDFFEE72F4A4F
:100CC00003F1380C03F1480403F10807DFF8B080A2
:100CD000DFF8B0E0C3F844801E65C3F854E092E842
:100CE0000300C3E9085E8CE80300711C1964D2E9B3
:100CF000080184E80300F11C0024996522495C6620
:100D000083F82E40C3E91714D2E9040187E80300F1
:100D1000691CC3E90418D2E90601EA1C03F11808AA
:100D20009A629A889A850E2288E8030083F82F2019
:100D30000121C3E90C44B278AA70144AC2F830C544
:100D4000C2F8387599701B780BB9FFDFFEE7104BBE
:100D5000C2F80441C2F80841C2F880300D4AC2F816
:100D60008430A2F57C32C2F8843102220A4BC3F8E7
:100D70000425BDE8F08100BF20020020747B06003E
:100D80000100000C0100000DE803000E00A004406B
:100D90000100008000300840002004400C4B1A780D
:100DA0008AB100220B490220C1F8802001F564318C
:100DB000C1F88420A1F57C31C1F88421A1F500514E
:100DC000C1F808051A7000225A709A70704700BF67
:100DD0002002002000A0044008B50B4BD3F80821E6
:100DE00022B1042004F058F9022008BDD3F80421F0
:100DF00022B9052004F050F90320F6E7D3F80004E7
:100E0000003818BF0120F0E700A00440014B012288
:100E10005A60704700A00440054B5A7A0023836053
:100E20000360044B4360FF23C2710372704700BF2D
:100E30008C02002032000200054A064B5B7A0260F9
:100E40002422C371FF2382800422037282717047BF
:100E500065D006008C020020054A064B5B7A0260D2
:100E60005822C371FF23828004220372827170476B
:100E7000A9E406008C020020054A064B5B7A02605A
:100E80002E22C371FF238280022203728271704777
:100E9000FF1C07008C020020064A074B5B7A0260A9
:100EA0004FF4B472C371FF238280042203728271F3
:100EB000704700BFDDBB06008C020020037803F002
:100EC0000F03013B30B4DCB20025042C158001D99E
:100ED000FFDFFEE7024C54F8233030BC184700BF58
:100EE0009C7B0600124B012212491A8040F201122B
:100EF0001A819A896FF3090242F480729A810E4A2C
:100F00001A614FF08572C3E9051241F211129A83FA
:100F100002229A774FF4B0621A84084A1268D11CF0
:100F200021F003018A4201D0FFDFFEE75A607047DB
:100F30008C02002005001F004C8006008400002069
:100F4000F0B50F4C05466078B8B90E4E1768336897
:100F50000C33BB4202D904201360F0BD62685170AB
:100F600040F6A6611570916040F201115180172181
:100F70003360918001226270EFE70620EDE700BF49
:100F80008C020020840000200720704770B5144DAB
:100F900006462B4695F8271013F8244F640104F1F8
:100FA00008021344C1B92A1892F98C21B2B195F8FC
:100FB00026200A2A01D9FFDFFEE72C44202218460A
:100FC0000DF072F894F82D20034666F3020284F8BF
:100FD0002D20012285F82720184670BD1346FBE717
:100FE0008C020020037803F0F003502B01D0FFDFC8
:100FF000FEE7037B1BB1012B0CD0FFDFFEE7C9B17D
:1010000043888B80037C01200B72092313800880A6
:101010004B800DE051B143888B804369CB60038BDB
:101020000B82037C02200B721423EFE7142313803E
:10103000002070470923FAE7054B5A78824201D80D
:10104000FFDFFEE75B680C2202FB0030704700BF49
:101050008C02002038B5084B00245D782146E0B2B0
:10106000854201D1084638BDFFF7E6FF43780134D9
:101070001944C9B2F3E700BF8C0200202DE9F04FFC
:1010800015468DB0A04A0E46804607AB9069D169DF
:101090009E4C03C3F31C6C2105A823F003030593A6
:1010A00008F048FA05990DB9C4F89011A37E0144DF
:1010B000581C059107462DB9C0B208F015FF08B1BC
:1010C000FFDFFEE7059901EB0711033121F0030172
:1010D00005913DB9627A0D70208CF4F74BFD08B193
:1010E000FFDFFEE7238C059A1A44637A9B00059282
:1010F000FF2B69D80332002D03F0FC034FF00501EC
:1011000022F003028248059218BF002209F0D4FFA2
:10111000059B03440593002D3ED000274FF0000BA4
:101120006378DA465FFA8BF083424FD10598002D41
:1011300051464FF0000B00F10300DA4620F00300A7
:10114000059018BF0020FBF741FF059B0344059362
:1011500063785FFA8BF0834248D10598002D5146A1
:1011600000F1030020F00300059018BF0020FDF7F8
:1011700011F9059B002103440846059300F0A0FDEA
:10118000637A09AA022100208DF8243007F06EFF4F
:1011900000283BDAFFDFFEE72F46042F5FFA87F9CE
:1011A0000CD0012F08D80CBF5A485B4809F0A2FFA9
:1011B000484505D0FFDFFEE75848F7E75848F5E710
:1011C0000137052FE9D1A8E71327A7E70393FFF716
:1011D00033FF8146817880880BF1010BFBF7ECFE31
:1011E00099F80120039B00FB02AA9BE70393FFF7FA
:1011F00023FF8146C17880880BF1010BFDF7C0F811
:1012000099F80120039B00FB02AAA2E7237A09AA0E
:10121000042100208DF8243007F028FFB0F10009E8
:1012200001DAFFDFFEE76378EBB10020FFF704FF90
:1012300008B9FFDFFEE7838840F203220321002084
:10124000412BADF8282009AA38BF412304339BB2B3
:10125000ADF82630ADF8243007F008FFB0F10009F2
:1012600001DCFFDFFEE7059B073323F0070305934F
:101270008DB92C4B06A8069307F0A0FF08B1FFDF3D
:10128000FEE70599284807F03BFF08B1FFDFFEE7BE
:10129000264803F0EBFE059BD8F800204B440733AB
:1012A00023F0070393420593C8F8003003D89E1B30
:1012B000B6F5803F04DB042738460DB0BDE8F08F5B
:1012C000002F47D1002DF7D1F9F7C0F9042008F01D
:1012D000E5FA002830D0637E07AA217E002B14484F
:1012E000009103F1FF3118BF00224B424B412946C8
:1012F000F9F7B4FF08B1FFDFFEE70E49E07EFDF726
:1013000031FEC8B1FFDFFEE79C7B06008C020020A7
:1013100020040020E5A40600171D0700FF81060039
:101320007F9E07009DAB070065140700571F07004D
:1013300098020020A80200204FF4B672002106484F
:101340000CF0B2FE40F20463A4F88C31012384F85F
:101350002830B1E71327AFE7B002002045289DBF32
:10136000024B03EB4003188C032070479C7B060064
:101370000378C3F3000307B501A88DF8043002F029
:10138000F7FA03B05DF804EBFFF7E8BF08B50B49C7
:10139000022008F0C1F90A49032008F0BDF9094903
:1013A000042008F0B9F90849052008F0B5F9074903
:1013B0000720BDE8084008F0AFB900BF190E0700CC
:1013C000390E0700590E0700790E0700990E070025
:1013D000044B00221A7083F8A821034B034A1A60B9
:1013E000704700BF8C020020840000200011002004
:1013F000024B93F82800FFF7C9BD00BF8C02002004
:1014000010B5154C94F827301BB394F8243004EB36
:10141000431292F82D2002F00702224492F98C1117
:10142000002901DCFFDFFEE701330139DBB282F87E
:101430008C110B2B08BF002384F8243094F826303D
:10144000013384F8263008F0B9FE002384F82730F1
:1014500010BDFFDFFEE700BF8C020020043903F05F
:1014600089BC0000F8B52D4D05F1240795F98C31A4
:10147000012B48DD002085F8280085F82700FFF7BC
:1014800085FD044608B9FFDFFEE72421D5F8900169
:1014900008F078F8A06008B9FFDFFEE703F03AFD36
:1014A0000228064604D0042834D0D0B1FFDFFEE77E
:1014B0006378204643F00803637000F060FD95F800
:1014C000273073B195F82420154B03EB42130833F2
:1014D0009C4206D16378DB0603D461686088FFF71D
:1014E000BDFF95F8273063B195F8243007EB43131F
:1014F00008339C4205D12422A168D5F8900108F058
:1015000063F8002EB2D1012385F82830002385F836
:101510002730F8BD2046F8F7F5FCE2E78C02002002
:10152000B002002038B54FF6FF7305460C469842CE
:1015300001D1FFDFFEE701290ED1FFF759FF08B9FE
:10154000FFDFFEE755234580047403700023037317
:10155000BDE83840FFF754BFFFDFFEE770B5064631
:101560000C461546FFF744FF08B9FFDFFEE7552399
:10157000468003700123037323684361A3880574C5
:101580000383BDE87040FFF73BBF000038B5084B50
:10159000044600215D78C8B2854201D1002005E0F3
:1015A000FFF74AFD03780131A342F4D138BD00BFF3
:1015B0008C02002007B5FFF7E9FF08B9FFDFFEE75F
:1015C000836801A8019302F0CBF908B1FFDFFEE7C1
:1015D00003B05DF804FB00002DE9F041344D804676
:1015E00095F8A8311BB108242046BDE8F081F6F734
:1015F000D7FD00285AD109F0E9FA0028F3D02B785A
:101600000BB9FFF76FFC6C7AFFF724FD844228D8F2
:10161000284F00216E783B680C46033323F0030308
:101620003B60C8B2864226D13E6801226B7A4046B2
:1016300006EB810606EBC30606EBC4063146FFF750
:101640001DFD044610B30020FFF7A0FF0028CBD0FB
:1016500000F10F033A6823F00303934211D0FFDF38
:10166000FEE7211A42460020C9B2FFF769FC044692
:101670000028B9D1CCE7FFF7DFFC437801311C44E7
:10168000CFE76B783860013B6B70ADE702463146BF
:101690004046FFF7F3FC044608B1FFDFFEE7D8F849
:1016A00000303B60012385F8A8319DE710249BE7BB
:1016B0008C02002084000020F7B5904F06460C46AF
:1016C000154697F8A831002B40F00C810846F6F734
:1016D00041FD002840F094803B780BB9FFF702FCF5
:1016E000731E1E2B09D8012E1ED12378FF2B1BD071
:1016F000BB760025284603B0F0BDA6F120031F2BC2
:101700004BD82078019578B1FFF740FF202E054691
:101710000ED1FFF79FFC4DB16B78C31AA2789BB234
:101720001344FF2B00DC72B90725E3E72B46F4E7EF
:10173000222E0DD9232EF7D16388162BF4D950B160
:101740006388AB80D5E7A388002BEDD0D5B902E044
:10175000002840F0CD80277801AA01213846FFF704
:10176000EFFB05460028C5D13846FFF70FFF0546B9
:1017700008B9FFDFFEE7222E0CD0232EE0D0212E69
:1017800000F0B980A37840F2E2426B70A388534323
:10179000AB60AEE7A378EB70ABE7A6F140031F2B7D
:1017A0006CD8032BC0D8DFE803F00210635D227809
:1017B000012A00F29980637823B1002AB4D0142B57
:1017C00000F2948023883B8193E7637803F003035E
:1017D000012B1DD1606880B901A92046FAF7B0FD40
:1017E0000546002886D1637803F00303022B17D047
:1017F0006389F82B1ED909257CE7F6F7F5FC08B1BB
:10180000102577E76068F6F7EBFC0028E4D1F7E7EE
:10181000022B89D16068F6F79DFC0028DCD0EFE749
:101820009DF80430002BE3D06068F6F7D9FC00285F
:10183000DED0E5E722899A42DDD8627802F0030221
:10184000012A04D1D7333A8C9BB29A42D3D32C4B82
:1018500094E8070083E807003B69002B7FF44AAF58
:10186000BB8247E72378022B3FF65EAF3B7640E72B
:101870002378022B3FF658AF7B763AE7A6F1A00318
:101880001F2B3FF651AFA12E09D0A22E15D0A02EAE
:101890007FF44AAF237803F00103FB7629E701A91F
:1018A0002046FDF727F9054600287FF423AF23885B
:1018B000A278BB83134B9A701CE722684FF607731C
:1018C000A2F1F801994296D8930794D17B7B03F05B
:1018D0000303012B04D1FB8AD7339BB29A428AD3EC
:1018E0003A8406E7082505E7132503E7122501E7F3
:1018F000222E3FF44FAFA378AB70FAE68C020020A3
:1019000098020020A80200202DE9F74F82460846E1
:101910000F46F6F745FC18B1102003B0BDE8F08F74
:101920005046F6F75DFC01460028F5D10AF10303A5
:1019300023F003039A45EFD14A4C94F8263013B9AB
:1019400005203B80E9E794F825903A46B7F80080F7
:101950004FEA491604EB491909F12C094846FFF7EB
:10196000ADFA0546002875D1BAF1000F70D03B885A
:10197000434575D8A319514693F82D8084F8270064
:101980004846C8F3020308F0070884F8283004EB3F
:10199000080393F88C210193013283F88C213A4695
:1019A000FFF78CFA019B84F8275093F88C21013AB9
:1019B00083F88C21012384F8283000284AD1B8F11B
:1019C000000F03D0984520D0FFDFFEE799F80130E3
:1019D00003F01803082B04D1A319196BD88DFFF756
:1019E0003DFD2644716B21B12422D4F8900107F00B
:1019F000EBFD94F98C31012B01D103F063FA94F9DA
:101A00008C31032B10DDFFDFFEE7264496F82D30E6
:101A10009B0603D5316BF08DFFF720FD94F98D31D6
:101A2000052B01DDFFDFFEE794F825300133DBB243
:101A30000B2B08BF002384F8253094F82630013B97
:101A400084F82630444494F88C31013384F88C3186
:101A5000002062E70C283FF460AF00233B805CE786
:101A60000C205AE78C02002038B505460C46F6F7E4
:101A700071FB08B1102038BD2046F6F791FB002815
:101A8000F8D1284608F052FA2070B0FA80F04009E8
:101A90008000F0E738B5044608F064FAC5B2204685
:101AA000F6F79EFBA8B954B92846FCF72DFD05288A
:101AB0000DD108F05DFA012809D0002008E0237854
:101AC0002570002BF0D09D42EED0072000E00F20C3
:101AD00038BD1020FCE770B5044608460D46164692
:101AE000F6F738FB08B1102070BD3046F6F758FB0A
:101AF0000028F8D1022C01D0102C09D132462946F9
:101B0000204608F061FA002814BF05200020EBE70A
:101B10000920E9E770B506460C461546F6F71AFBAC
:101B200008B1102070BD2046F6F73AFB0028F8D126
:101B30002846F6F755FB0028F3D12A4621463046C1
:101B400008F046FA002814BF07200020EAE713B582
:101B50000446F6F725FB80B9684601F01BFCFFF749
:101B6000FDFB40B99DF803302370BDF8043063805D
:101B7000BDF80630A38002B010BD1020FBE738B5D9
:101B8000054608460C46F6F72BFB08B1102038BD79
:101B90002CB921462846BDE83840FCF70DBD206829
:101BA000F6F7FEFA0028F1D1A388002BF1D1092025
:101BB000EDE7000070B5044608460D46F6F7CAFA90
:101BC00008BB621E1E2A0AD8022C1ED8104B2846BB
:101BD00003EB8203BDE87040D3F8AC301847A4F1A2
:101BE00020031F2B05D829462046BDE87040F8F792
:101BF000D9BCA4F160031F2B07D829462046BDE8B5
:101C00007040FBF705BF102070BD0720FCE700BF48
:101C10009C7B060038B5044608460D46F6F7C0FA28
:101C200008B1102038BD631E1E2B08D82846F6F7D1
:101C300091FA0028F5D1022C05D10620F2E7A4F193
:101C400020031F2B01D90720ECE729462046BDE8D9
:101C50003840F8F7CFBC70B514460A8842FA04F34E
:101C6000DB0709D4012303FA04F632430A80092270
:101C7000011D07F0C3FC047070BD2DE9F843BDF8E9
:101C800020900C460746154609F104069846B6B260
:101C9000314603F019F860B19DF824203146A0F8D0
:101CA000009045EAC212A0F802803846D2B203F092
:101CB00023F86219137D01331375BDE8F883000022
:101CC000024B092200201A70704700BF3504002023
:101CD0000B46002110B5184614462E220CF0E4F9EC
:101CE0000122427000224261826102770CB9FFDF5B
:101CF000FEE70278217861F30102027010BD70479F
:101D000013B5002401042046ADF8004009F03EFA66
:101D1000204602B010BDF0B585B006460F0CFFF7A7
:101D200067FB054630B91321384605B0BDE8F040E1
:101D3000F9F750B947800521384607F027FE08B962
:101D4000FFDFFEE79EB903782A4601A966F3820306
:101D50000370022338468DF804304FF6FF73ADF858
:101D60000630ADF80830F8F7E3FB05B0F0BDFFDF53
:101D7000FEE7FFDFFEE700002DE9F0410D460521FB
:101D80008046164607F002FE038C0446184F13B136
:101D90003B78AB4223D1311D404689B202F094FF1B
:101DA00020B1043009233B70BDE8F0813B78AB42A1
:101DB00015D1A28D42FA05F3DB0701D5FFDFFEE75F
:101DC000012304F11E0003FA05F10A4304F1220184
:101DD000A285092207F026FC05700020E2E72A46CA
:101DE00004F12C0104F11E00FFF735FFF5E700BFF9
:101DF000350400202DE9F743537806460D46144676
:101E0000ABBB97781FB1022F29D0FFDFFEE74FF061
:101E1000020808F10409072130464A46FFF7ACFFE3
:101E200000B30123022F4FF00702294603702378E5
:101E3000A0F80280437008BFA388878004BFC380D6
:101E4000E3884FF0000408BF038105233046CDE945
:101E50000094FFF712FF2C7103B0BDE8F0834FF040
:101E60000608D6E723686B606368AB60F4E7FFDFC2
:101E7000FEE710B50446052107F088FD0146021D66
:101E80002046BDE81040FFF7B5BF0000F0B50C4696
:101E900085B0154606210C220646FFF76DFF70B38C
:101EA0006378FF2200272146B3FBF2F2C2EB022245
:101EB0009B1A12220133DBB2637002700822437056
:101EC00082700622C770A3702B8883806B88C380C2
:101ED000AB880381EB8843810C2330460197009344
:101EE0000523FFF7CAFE3946064A384667F30F0155
:101EF000ADF8087066F31F4109F00CF9012005B038
:101F0000F0BD00BF0087930310B50446052107F01C
:101F10003DFD014600F10C022046BDE81040FFF7F0
:101F2000B5BFF7B50C460521054616461F4607F016
:101F30002DFD052C014603D9082C0AD0FFDFFEE752
:101F4000042322462846CDE90067FFF796FE03B03A
:101F5000F0BD0623F5E7032A10B501D8FFDFFEE741
:101F60004C88052107F012FD08B9FFDFFEE7052CBC
:101F700009BF00790120B0FA80F0400910BD8268E5
:101F8000D388F0B5043B1568044690882E889BB230
:101F90002F1D89B09E426080676060D169880529E5
:101FA00019D0062910D0042959D122463946304685
:101FB000FBF700FC082852D122463946304609B0CA
:101FC000BDE8F040FCF73EBB3246394609B0BDE8FB
:101FD000F040F9F79FBE07F0D9FC032E01464FF001
:101FE00000008DF814003AD96B79002B37D02A798C
:101FF000122A03D0132A0BD0012A32D0CDF80D00BB
:1020000003AA049060888DF80C30FFF7F3FE26E0F9
:102010008A789A4223D10B785F0720D5062E1ED1ED
:1020200060F382030B700021ADF8000060F30F0134
:10203000638863F31F4109F0A9F802238DF8143077
:102040004FF6FF73ADF816302B7A6A7A43EA022313
:10205000224605A96088ADF81830F8F769FA09B08A
:10206000F0BD052EFBD98A789A42F8D10B785A0731
:10207000F5D5002023F004030B700146ADF80000F5
:1020800060F30F01638863F31F4109F07FF80223B7
:102090008DF814302B7A6A7A43EA0223ADF81630B1
:1020A0004FF6FF73D4E770B50D460521064607F0DD
:1020B0006DFC044690B103785B0712D401462A46B2
:1020C0003046FFF7E3FE18B92B68E3606B682361C5
:1020D0002378002043F00403237070BD43F2020014
:1020E000FBE71120F9E700002DE9F04788B00C4626
:1020F00005219046064607F049FC0E2207460021BE
:1021000004A80BF0D1FF0023ADF802308DF80C309D
:10211000CDE901330FB3013C4FF6FF79A4B24C4532
:102120001DD1364D07F11E09DFF8D4A03B8C002BE2
:102130003ED007F12208012309224846414607F014
:1021400088FA01220478BB8DA240082C2C7023EA67
:102150000203BB8523D9FFDFFEE7FFDFFEE718F8A8
:10216000043003F07F05DB09082D01D9FFDFFEE70E
:1021700079190A7D013A0A7573B12A460DF10201F7
:1021800004A8FFF768FD05F120030DEB030515F822
:102190001C3C013305F81C3C013CA4B2BFE75AF8D3
:1021A000243030469847FB8B18F80330A342BDD14A
:1021B000092301242B70124DBDF8123013B908B059
:1021C000BDE8F0870123092205A904A807F041FA18
:1021D0000378BDF8022004FA03F122EA0102ADF807
:1021E000022005EB8302526A0AB9FFDFFEE72033C3
:1021F00030466B4413F81C1C9047DDE73504002083
:10220000607C060010B50C46052107F0BFFB0119E4
:10221000087D003818BF012010BD37B50D460DF1FF
:10222000020201A9044607F07AF928B1012D05D070
:10223000204607F070F9012003B030BD0020FBE715
:102240002DE9F34188460778457804460DF10202EE
:1022500001A9404607F0030707F061F90646D0B12F
:10226000012F01D0FFDFFEE70199404607F039F961
:10227000C41CA81980B2032813D92388BDF80220F2
:1022800004339BB29A420AD3984208D009D3022061
:1022900002B0BDE8F081022FF9D10334E9E7002054
:1022A000F6E70120F4E70000024B1A8802431A8087
:1022B0005B68184738040020014B00215B68184711
:1022C0003804002010B5074CFEF7E4F8FEF766FD71
:1022D0002089FFF7F1FFE368A17AE07A98470023AD
:1022E000237410BD38040020024B1B7C0BB1FFF798
:1022F000E9BF7047380400207FB590F86930012BA2
:1023000003D0022B17D0FFDFFEE703220392012345
:1023100000200A4ACDE90403527C0220029201F116
:1023200088027831CDE9003251E90223FEF7F6FB4D
:1023300007B05DF804FB0422E8E700BF3804002082
:1023400070B51A4C0646E36AA569E3614FF48173E0
:10235000607C238495F88E3095F8691000EB83003B
:102360002EB9FF2803D195F868308B4201D0FDF7D4
:1023700083FF95F88E3093B1206BFEF73FF9216B08
:10238000E069FEF793FC16B93046FEF785F995F83B
:1023900068100020FEF7C8F90223237470BDE069BD
:1023A000FEF72CF9FEF7FAFCEDE700BF3804002039
:1023B00070B50D4C656B0DB1636A0BB9FFDFFEE7BD
:1023C000238D2E466B702B78027823F0030302F0E6
:1023D0000302134306F8033B3046228D616A0BF07B
:1023E000AFFEE561666270BD38040020034B1B7CC4
:1023F000022B01D0FFDFFEE7FFF764BF38040020A7
:1024000073B5194C06460D46E069A16BFFF718FF3E
:10241000012816D002281FD020BB2846FFF7C8FF8E
:102420000DF1020201A9A06B07F079F8019807F0FD
:1024300060F80122218D3060A06B07F008F802B02F
:1024400070BD2846FFF7B4FF0022218DA06B02B0BB
:10245000BDE8704006F0FBBFA06B02B0BDE8704065
:1024600007F059B8FFDFFEE7380400202DE9F041FE
:10247000284C06460F46237C012B5FFA83F801D0D7
:10248000FFDFFEE7A56995F87C303BB10021042011
:1024900085F87C10FFF708FF85F87D8095F880307F
:1024A000042B0AD11C490220FFF7FEFE636C1B7847
:1024B000991E4B424B4184F84C3095F88E3023B135
:1024C00005F17801A069FFF717FF1EB1BDE8F041E3
:1024D000FFF7F8BE002FF9D0236D3046984700284B
:1024E000F4D0A37A002BF1D123889A0708D594F869
:1024F0004C30002BEAD00020BDE8F041FFF720BFB0
:10250000002BE3D194F85430002BF4D194F85530DB
:10251000EFE700BF380400207C0400202DE9F04FD5
:10252000834C8FB00F460021237CA569022B5FFAF4
:1025300083F90690CDE9091101D0FFDFFEE7E369D9
:102540008DF834101A7802F00306C2F3C00AC2F301
:10255000800BC2F300185A788DF830602285032270
:102560008DF831A013442284069A63628DF832B04C
:1025700095F88E308DF83380002A00F0CC80B3B10E
:10258000FEF72AFC831EDBB2012B04D8FFF79AFE6C
:102590000FB0BDE8F08F50B9238D43B195F882306C
:1025A00003F00103534502D10123E372EEE7218DCD
:1025B00019B1A06B06F02BFF01462389616343F438
:1025C0000073238195F881300133DAB203F00103FF
:1025D0009B450CD195F88030002B43D0013B85F80A
:1025E0008120DBB2042B20D8524AD35CFBB995F88A
:1025F000823003F001039A4553D1B4F828A0BAF110
:10260000000F3FD195F88230032E03F1010385F8C6
:1026100082305AD123890120474943F4805385F8F9
:102620007C002381FFF740FE6DE0FFDFFEE7022B19
:1026300006D109A9E06D06F08BFE60B9FFDFFEE769
:10264000032B0FD101F006FD08B9FFDFFEE70021E3
:102650000820FFF729FED5E93832013342F10002A4
:10266000C5E93832002195F87D3085F8801023B116
:10267000102085F87D10FFF717FE238943F40063CF
:102680002381B4E7731E012BBCD8238943F4805304
:10269000238194F86030534506D2A37A43F01003A7
:1026A000A3724FF0000A1FE0636B002BF9D094F87F
:1026B00061301BB12020FFF7FFFDF2E73146A06B30
:1026C000FFF7ABFD00289DD0EBE7013E012E17D8A8
:1026D000BAF1000FE5D0DDF818A0D5E93A320133A0
:1026E00042F10002C5E93A3295F88D30002B38D01E
:1026F00095F86830012B21D0022B75D0FFDFFEE763
:10270000BAF1000FCDD0D5E93A32013342F10002DF
:10271000C5E93A32C5E70BB1FEF778FB94F86230B1
:10272000013384F86230238943F480632381B8E75E
:1027300038040020A87C06005C04002003220392D9
:10274000FB2200230120029205F5807205F1F001C1
:10275000CDE90430CDE900320420D5E93823FEF775
:10276000DDF9636B002B41D1238DB3FA83F35B0951
:1027700003EA080384F85530002F39D1228894F8F1
:102780006230110702D594F84C208ABB012B2FD858
:10279000236D0120984758B3A67A4EBBD4F818B0E1
:1027A000637C9BF88E209BF8681003EB8203FF2B61
:1027B00003D19BF869308B4202D0FF20FDF75CFD0E
:1027C0000022D4F818808DF82120ADF8222098F846
:1027D0008020052A00F21B81DFE812F04800FA0091
:1027E000FD00FD000D010D010422A8E70123BFE754
:1027F000FDF7A4FFBAF1000F33D1012723895A0650
:1028000006D44020FFF758FD238943F0400323817D
:10281000069B13B1002384F86230864803F0C6FBA0
:10282000099830B106F065FE00220272294602F0D6
:102830004BFC0A9B33B100221A720C2229460A98DB
:1028400002F01AFC002F7FF4A1AE23891B063FF58E
:102850009FAE8020FFF730FD238943F08003238162
:1028600096E60CA90AA8FFF7CBFDC6E794F863200B
:102870000DF122010BA8A8F85820ADF8222001F094
:10288000DBFB38B10B9828B1042288F88020BDF812
:10289000222015E098F8C720002A40F093800DF11F
:1028A00021020DF12201E06D06F030FD002800F05C
:1028B0008980BDF82220002A73D1012188F8801078
:1028C000E063A4F84820002A00F0A380033098F8C1
:1028D000823098F8819098F880806064B8F1020F97
:1028E000079309D0A8F10402012A00F2948003782A
:1028F0004FF00308022B0DD0E06D06F067FD0028B5
:1029000040F08C80B8F1030F04D001F0AFFB80F0F1
:102910000106F6B2E16B4FEAC909079A0B7809F094
:102920000809900003F0F30300F0040043EA0903F0
:10293000034323F0100343EA061306F0010623F0D5
:10294000030384F8546048EA03020A700222B4F8D0
:1029500048304B70A4F840209BF88D20002A5FD0AF
:10296000002B5DD0206BFDF749FE0022216BE06B50
:10297000FDF7DCFF18B9E16B206BFEF737F99BF828
:1029800069100120FDF7D0FE012384F86430237420
:10299000BAF1000F3FF432AF0CA90AA8FFF730FDDF
:1029A0002CE79DF8211019B90322018081706CE792
:1029B000017801F00301012908BF4FF0030988F8ED
:1029C00080907DE70022ADF82220012288F8802047
:1029D0001948002274E7B8F858200DF12201E06D83
:1029E000ADF822200DF1210206F090FC00287FF4C2
:1029F0004EAFFFDFFEE70DF122010BA801F01CFB3B
:102A000008B10B9808B9FFDFFEE705223DE7FFDFBD
:102A1000FEE710465BE74FF001086DE7012679E716
:102A2000E06BFDF7EBFDFEF7B9F90021E06BFDF778
:102A300099FFA4E74C0400208E040020034B187C6F
:102A400010F0FF0018BF0C20704700BF38040020B2
:102A5000084B094A10B51A60FFF7F0FF08B1FFDF15
:102A6000FEE7064C01F06AF8E06201F06BF82063C3
:102A700010BD00BF1C0D0020282C070038040020CA
:102A8000F7B55C4C089F9DF824E0CDE90001217C5E
:102A900001F0FF0511B90AB103B10FB9FFDFFEE77D
:102AA00004F1140CA57284F86250E57284F8645045
:102AB0002580258184F8545084F8555084F84C5072
:102AC000E5636564A4F84850E56165622585236582
:102AD00084F861E06260E760DDE900018CE80300F2
:102AE000A569FDF7EFFBFEF759F995F96F00FDF7C2
:102AF0003BFC6E6AE869FDF73DFC3046FDF770FD72
:102B000095F89E00FDF740FC95F8692065210120AD
:102B1000FDF7ACFC384B1868FDF768FD2B69E365E1
:102B20006B69A363A36993F8882093F86860A2F1A6
:102B30002901012903D993F88910292941D193F852
:102B40006E322BB1012E03D0012B0CBF01260226C1
:102B500005F130073146384602F0CEFB314601F030
:102B600075FEAB8F95F86910834228BF034638463F
:102B700084F8633002F031FB95F88E7095F8691097
:102B8000B5F8446001F062FE0FB9043080B28642AD
:102B900028BF0646F3B284F86030637495F88E302F
:102BA00023B105F178012846FFF7A6FB0120FFF7C6
:102BB000C7FBA369D3F8C00103B0BDE8F040FDF73F
:102BC00039BD243A012A0DD827290DD093F8263192
:102BD00013F0010202D19B07BAD50222012E18BFC1
:102BE0001646B5E72729B3D193F8262193F861302B
:102BF0001340EDE7380400201C0D0020FFF762BBF6
:102C0000014B93F86400704738040020024B587A57
:102C1000C0F3C000704700BF38040020014B93F898
:102C20006200704738040020ED2307001D250700CF
:102C30006D240700E92207002DE9F0411D46D37BF2
:102C400088B014468846013307462146D373404670
:102C500004236A460BF0CDF8E37B04AE2146013332
:102C600040463246E37304230BF0C3F857B17B1E92
:102C70006A461F37117813F8010F4140BB4202F832
:102C8000011BF7D16B462C461A46083403CAB242E0
:102C900044F8080C44F8041C1346F5D105F1100360
:102CA0003246083303CA43F8041C08A943F8080C49
:102CB00016468A42F4D108B0BDE8F08110B504464A
:102CC00038B100F055FF24EA0000B0FA80F0400966
:102CD00010BD0120FCE7002313B5CDE9003301232B
:102CE0008DF80630684606F08BFE08B100200AE039
:102CF000009C204604F0C2F80028F3D0204604F0DF
:102D0000D0FD0028EED002B010BD002307B5CDE9FC
:102D1000003301238DF80630684606F071FE08B1D5
:102D2000002004E0009804F0A9F80028F4D003B0D3
:102D30005DF804FB38B5044604F0A0FDB8B12046A8
:102D400004F09CF808B9002038BD204603F0DCFDF3
:102D50000546204603F07EFE014650B9002DF2D014
:102D6000288806F029FE0028EDD0FFDFFEE742208C
:102D7000EAE70C20E8E72DE9F0410F46B0F85A6089
:102D8000B0F85C5003F0E6FE0221044601F05EFD5F
:102D900080460221204601F059FD464540F6480391
:102DA00028BF4646B6B21B2E38BF1B26FB2E28BFB7
:102DB000FB26854228BF05467E80ADB21B2D38BF5D
:102DC0001B25FB2D28BFFB25B4F5A47F38BF4FF48E
:102DD000A474FD809C4228BF1C46BC803C81BDE899
:102DE000F08100002D4BF0B55A8885B0B0F85C70CA
:102DF0000C46B0F85A6097429D8828BF1746964205
:102E000028BF16461B2E2BD0B5F5A47F2AD040F63E
:102E1000480301A99D4228BF1D46FFF7ACFFBDF83E
:102E20000A30BB4228BF3B46E380BDF80C30AB42C2
:102E300028BF2B462381BDF80630B34228BF334656
:102E40006380BDF80830AB4228BF2B46A380FF2328
:102E50002370E3881B3B9BB2E02B05D9FFDFFEE725
:102E60001B2FD1D105B0F0BD63881B3B9BB2E02B7B
:102E700001D9FFDFFEE72389A3F5A4739BB2B3F565
:102E8000E06F01D9FFDFFEE7A388A3F5A4739BB22F
:102E9000B3F5E06FE6D9FFDFFEE700BFA004002036
:102EA0002DE9F04186B00546008801A901F03AFD00
:102EB000044600286FD1029A92F85331D91E4B4232
:102EC0004B418DF80230936F98064ABF9DF802304F
:102ED000234683F001038DF8033092F8D8309B0627
:102EE00003D49DF80330002B5BD0EB881B3B9BB2D7
:102EF000E02B58D8298944F24810A1F5A4739BB25D
:102F0000834250D86B881B3B9BB2E02B4BD8AA88DE
:102F1000A2F5A4739BB2834245D840F64807B94254
:102F200043D8BA4241D8029E4FF0FF0886F81B8171
:102F30009DF802309BBB03A93046FFF71CFF6A884F
:102F4000BDF81230BDF814109342E88828BF13462C
:102F5000B942AA88A6F8203128BF3946BDF80E30FC
:102F6000834228BF03462889A6F81C31BDF81030DB
:102F7000BB4228BF3B46834228BF03468A42A6F88D
:102F80001E31134628BF0B46A6F8223186F81A8157
:102F9000002386F81B31204606B0BDE8F0813A24B4
:102FA000F6E71A24F7E71224F5E71124F3E7000007
:102FB00010B50121002006F0E9FC044658B90121B2
:102FC00006F0AAFC044608B9FFDFFEE7034B93F9BD
:102FD000061004F007FC204610BD00BFA00400202E
:102FE0002DE9F04385B006468846008802A901F025
:102FF00099FC054640BB039C94F8663103F0FF053D
:103000001BB1B8F1020518BF012594F88930262BB1
:1030100094F8D93043EAD3030CBF85F001094FF08F
:103020000009DB0702D4B9F1000F3BD0B77817B91C
:1030300000F09EFD0746F078B0BB00F099FD3FB967
:10304000B9F1000F29D10925284605B0BDE8F08364
:103050000028F5D0FF2384F825310DBB94F82431E6
:1030600003F0FF05E3B984F8270101A984F824815E
:10307000204684F82671B3788DF80430F3788DF803
:1030800005303379727943EA0223ADF8063001F056
:10309000ECFB002384F82531D6E700200746D9E76A
:1030A0003A25F6E71A25CFE7002FD3D1C8E74068C5
:1030B00090F8BA3123B1002380F8BA3103F05BBD38
:1030C00070470000024B987DC04300F0010070473C
:1030D000C4080020044B987DC0F3400080F001003C
:1030E00000F00100704700BFC408002008B500F0E0
:1030F000C7FF01F0B3F900F045FD01F0E1FE02F079
:10310000FDFF0022094B1B214FF4A4701A60084BED
:103110001A8098805980074B07485A745A829A82BD
:103120000322186099809A7508BD00BF200D002009
:10313000A0040020C408002003021B00054B41F638
:103140004C5240F6A661C3E902121B221A74FFF723
:10315000CDBF00BFC408002073B51E4D0446AB6848
:1031600003631D4B836103F0F5FC064600F0FAFC97
:103170008306297C204653BF1B236B88AA881A46E6
:103180006687164EA4F85A30A4F85C2084F83810EC
:10319000314601F06AFB01236A8804F11000697866
:1031A000E3850332AB88019192B216F8121C033307
:1031B00000919BB204F1140106F0AAFC23690BB93B
:1031C000FFDFFEE763690BB9FFDFFEE7002002B017
:1031D00070BD00BFC408002000093D00D6080020D3
:1031E000F7B504460D4604F049FB00285AD02046A6
:1031F00004F093FC38B1B5F80130013B7F2B02D9C4
:10320000122003B0F0BD204603F038FE08B10C20B8
:10321000F7E7204604F0B0FA06460028F7D120462A
:1032200004F046FB0028EBD042F21073B5F80170B1
:10323000E97820465F4304F05EFC204604F069FC18
:10324000014630B93A46204603F062FB40B3FFDF47
:10325000FEE731460DF1060006F02AFB054608B9E7
:103260000D20CEE7314601F06AFBBDF80630294655
:1032700020462B8004F02EFD01212846FFF76CFF2D
:103280003A462946204603F043FB024608B1FFDFD9
:10329000FEE7054B9B681BB105F58D7128469847E5
:1032A0000020AEE74220ACE7A0040020024B1B68E0
:1032B00003B118470C207047200D002010B5FFF710
:1032C0000AFD044630B902F019FF204601F0D8F893
:1032D000204610BD0C20FCE710B503780446012BF6
:1032E00001D9122010BDFFF710FD58B9207810F059
:1032F000FD000DD104F11703E21D611CBDE8104073
:1033000001F0C4B801F042F90028EFD00C20E9E741
:10331000A37903F0C003C02BE3D10120EAE710B585
:103320000446FFF7D8FC50B92078012809D8611C61
:1033300002F0EAFE00280CBF0720002010BD0C2080
:10334000FCE71220FAE708B5008801F025F900280B
:103350000CBF3020002008BD38B50546FFF7D5FC6E
:10336000044638B92878003818BF012001F008F960
:10337000204638BD0C20FCE708B5FFF7C6FC18B99D
:1033800001F0E8F8002008BD01F000F90028F7D0AE
:103390000C20F8E7102243F20D130270C27059227C
:1033A000A0F801308280C38000207047F7B507463F
:1033B0000E46104600211D4608F02CF8044627B1A1
:1033C000022F0ED0122003B0F0BD0121304606F0CE
:1033D000DDFA80B1214604F097FB05B12C70002086
:1033E000F1E76946304601F09DFA0028EBD1019BD8
:1033F00083F86F40F1E74220E5E710B5044600F09E
:1034000087FB28B90020214600F03CFE002010BDBB
:10341000FFF77BFC0028F5D00C20F8E710B5044638
:10342000FFF773FC0120214600F02CFE002010BDA8
:1034300037B5837805461A2B08D8042B04D9144ACB
:1034400022FA03F3DB0705D412241AE0292B01D05A
:103450003B2BF9D12888B0F5706FF5D2694601F0A1
:1034600061FA88B9019B93F8182102F0FF046AB948
:10347000AA7883F81921FF2283F818216846FFF7FC
:1034800016FE204603B030BD0224FAE70C24F8E70C
:103490002000380437B500880C460D46694624F8EC
:1034A000020B80B201F03EFA70B9019B03F1910268
:1034B00083F8C300116821601179217193F8C3105A
:1034C0000029F5D103B030BD0023C5F802302371C7
:1034D000F8E7FFF7E5BC37B508800D46694601F00F
:1034E00021FA044618B929460198FFF744FC204602
:1034F00003B030BD10B50446FFF707FC78B921468C
:10350000E27911F8010B00F0FD00003818BF01202E
:1035100001F00AF980F001004000C0B210BD01F0D6
:1035200035F80028EBD00C20F8E710B58388044666
:10353000022B10D8C078FFF7C1FB08B9112010BDCD
:10354000A078FFF7BBFB0028F8D020460121BDE89A
:103550001040FFF745BD1220F1E713B50C46694650
:1035600001F0E0F920B9019BB3F87E3001332380EC
:1035700002B010BD13B504466946008801F0D2F9C7
:1035800020B122884FF6FF739A4229D16289A3891C
:103590009A4227D8618840F67A408B1F9BB28342BB
:1035A00022D8A288931F9BB283421DD88A421BD384
:1035B000E3880133B3F5FA7F16DC208940F67644C0
:1035C000A0F10A0189B2A1420ED8534342F2107110
:1035D00040F6C41248435343984294BF3020002021
:1035E00002B010BD1220FBE73020F9E7F7B50778ED
:1035F00005460C46EF2F0FD890F901204378002A9A
:103600000ADB8278900707D113F010001DD19906CC
:1036100003F0030202D51AB1122442E0032AFBD0C0
:103620001E07F9D42979EA78EE7942EA012269790C
:1036300042EA0142A97941EA06212E7A41EA06418D
:103640008A42E9D81F2A0FD8E6E713F0600FE3D1CA
:1036500003F00702052A05D003F00F010D22CA402E
:10366000D107D9D51A07DDD56A7A013A062AD3D807
:10367000AA7A032AD0D813F0040102D1023A012A0F
:1036800003D8EA7A012AC7D811B9AA7C032AC3D879
:103690002A7D48B1012ABFD12A7E012ABCD830B97F
:1036A0001124204603B0F0BD022AF5D1B4E7DB07B0
:1036B00012D46B782A7D03F01803082B11D1022A4B
:1036C000EED10121384606F061F9064678B103F0E3
:1036D000D5FBB8B10C24E4E700F004FA0028E8D1E7
:1036E000DEE7022AEDD02B7F002BEAD0D8E70121BC
:1036F000384606F011F9064640B3154B93F906100B
:1037000004F070F8304604F001FA29462070E8749D
:10371000304604F032F9EB7E0446002BC1D000287D
:10372000BFD10246B16A684606F0A7FA2246B06ADF
:10373000012106F0EDFAB16A6846042206F09DFA0E
:1037400022462146B06A06F0E3FAAAE70724A8E772
:10375000A004002037B50446FFF72AFC054623786D
:103760001F2B18D8816A0422684606F086FA224682
:103770000021A86A12F8013B06F09AFA68B1AC6A17
:10378000204606F037FB00210246204606F0C0FA2C
:10379000002003B030BD1220FBE70720F9E737B562
:1037A0000446FFF705FC054623781F2B18D8816ACD
:1037B0000022684606F061FA22460121A86A12F842
:1037C000013B06F075FA68B1AC6A204606F007FBCB
:1037D00001210246204606F09BFA002003B030BDCE
:1037E0001220FBE70720F9E737B50C460546FFF73F
:1037F000DFFB002301A9ADF805508DF804308DF8EA
:103800000740FFF7EDFC03B030BD08B5FFF7D0FB74
:10381000BDE80840FFF78EBA10B50C46002106F04F
:10382000B5F820B12146BDE8104005F0F7BA0220F6
:1038300010BD37B5038804460B8098B2638813B96E
:10384000122003B030BD694601F06CF80028F8D1B1
:10385000658842F21072019BA9B29C695143DA8DCE
:1038600062431C8C04FB02229142E9D39A699C6951
:103870009442FBD10022A3F8B450C3F8AC20621EDE
:103880000A44B2FBF4F2C3F8B020DAE713B50446F9
:103890006946008801F046F8A0B9019BA27893F828
:1038A0006C10914210D07F2183F8860083F883103A
:1038B00083F88510E17883F86D10217983F86C2006
:1038C00083F86E1002B010BD0C20FBE737B50D4633
:1038D0006946144601F026F860B9019B93F86C2004
:1038E000012A09BF93F983200C202A7093F88430B1
:1038F00008BF237003B030BD10B50C46002106F0A0
:1039000045F890B1022C12D804F00102C4F340042F
:1039100080F8BD2180F8BC4112B190F8BA310BB9E2
:10392000002010BD03F027F9FAE70220F9E7122082
:10393000F7E700000278034672B1427862B142882C
:103940001A2A09D982881A2A06D90068034A1060FF
:1039500000209B889380704712207047C408002085
:1039600002680020014B9A60704700BFC408002025
:1039700008B50078003818BF012003F0C5F8002012
:1039800008BD10B501210446007805F0FFFF40B1E5
:103990006178C1F3400201F0010104F0D6F9002082
:1039A00010BD4220FCE7000008B5052000F0CEF86D
:1039B00005F08CFA014B024A9A6008BDA004002071
:1039C000E52D0700062000F0C1B8082000F0BEB8C1
:1039D00005F088BA10B5044604B910BD23689847AD
:1039E0006468F9E703680BB9016070471A465B68C1
:1039F00013B18A42FAD170478A4218BF51607047AA
:103A000008B503F023FF03F073F8BDE8084003F0A6
:103A1000D5BE08B5002006F028F806F0C9F800F079
:103A2000E7FAFFF70BF808B1FFDFFEE708BD08B5BE
:103A300003F02CF803F0B0FE08B1FFDFFEE7012031
:103A4000BDE8084006F011B808B5FFF7F0FF04F034
:103A5000B8FD08B1FFDFFEE708BD000008B5012290
:103A6000084B1A7003F0FAFE04F0ADFD00F0C8FA3E
:103A7000FEF7EEFF002005F0F8FFBDE8084001F07A
:103A800041BA00BFAC04002010B5064C0649201D09
:103A9000FFF7A8FF04F108000449BDE81040FFF754
:103AA000A1BF00BFAC040020BC000020C400002067
:103AB00010B5084C0849201DFFF794FF04F10800D9
:103AC0000649FFF78FFF04F10C000549BDE81040DF
:103AD000FFF788BFAC040020CC000020D4000020F9
:103AE000DC000020014B1878704700BFAC040020B8
:103AF00010B5064C01F0CAF96068FFF76BFFFFF7DD
:103B00001DFB01F089FC0123237410BDAC040020CF
:103B1000014B187C704700BFAC04002010B5064C68
:103B2000A068FFF757FFE068FFF754FFFFF7DEFAE2
:103B30000023237410BD00BFAC0400200048704770
:103B4000BD04002000487047BF050020C20804499A
:103B500000F0070001238340885C03438B547047C7
:103B600088000020014BD3E9000170478800002045
:103B7000034B1868C0F30020400040F0010070477C
:103B80008800002008B508F0D5F80023074A32F86D
:103B90002310814205D302EB83029378044A137009
:103BA00008BD01330C2BF2D10023F7E7CA7C0600D5
:103BB000C106002008F0BEB80B46122203F8032B02
:103BC000D0F80920C1F80320427B1A71704737B53D
:103BD00004460D46FFF776FA00B3A4F5AF70022154
:103BE00003886846ADF8003034F8FA3CADF802308E
:103BF00034F8F83CADF80430FFF7F2F908B1FFDF14
:103C0000FEE7ADF800009DF80030002063F30700E8
:103C10009DF8013063F30F2003B030BD17232B70E4
:103C2000D4F80930C5F803300423ADF80030EAE7D2
:103C300010B54468238884F87411A4F8753194F899
:103C40006830012B03D0022B01D0FFDFFEE784F8A0
:103C5000773194F86930012B03D0022B01D0FFDFBC
:103C6000FEE784F8783104F26B10034901F044FA5E
:103C7000002384F8243110BDB93B070038B54368F0
:103C800004460D4693F82421012A0FD11E21FFF787
:103C9000CFFF636875B1182283F80921092283F8E0
:103CA000882093F8C230CBB9FFDFFEE7002283F80B
:103CB0002421EEE793F88920A2F12401062901D9F5
:103CC000322A05D10022204683F8892001F0E2FB48
:103CD00020461821BDE8384001F001BC002038BD65
:103CE000436893F888200AB1FFDFFEE7242283F8B7
:103CF00088207047034610F0010002BFC3F3400361
:103D00005B00D8B270472DE9F84F074610461E46B3
:103D100042EA0104FFF7EEFF8346084692464BEA6B
:103D20000404FFF7E7FF88460A9D04438146E4B296
:103D3000003C18BF0124FFF71BFF10EA0A0A18BF56
:103D4000DA46FFF715FF97F8683010EA080118BF48
:103D50004946534508BF4FF0000A85F800A097F880
:103D600069308B4208BF002169705AEA01010BD10A
:103D7000B7F87E30013EF61A47F6FD73B6B29E42A2
:103D80008CBF002404F001042046BDE8F88F000039
:103D900040680749038800F5AF70A0F8093010F8B3
:103DA000FE3CC37210F8FD3C037301F087B900BFFD
:103DB000CF3B070070B54468064694F88950A5F1DA
:103DC0002403062B45D9322D43D0002D3FD194F842
:103DD0008830292B3DD04B7813F007032DD08A78FB
:103DE00012F0070229D084F8612084F8603094F83A
:103DF0002531D3B994F82431012B16D094F86020E2
:103E000094F869309A421ED194F8612094F8683091
:103E10009A4218D10223B4F8642084F82431B4F80B
:103E20006630A4F82621A4F828312623304684F8E9
:103E3000893001F025FB284670BD30460978BDE881
:103E4000704001F04CBB3046FFF7A2FFEDE70125C3
:103E5000F1E72025EFE72DE9F04F456887B00446EC
:103E600095F888B0ABF12503D3F1000848EB0308BF
:103E7000052A3ED195F88930272B40D189358A789B
:103E80004F7802F0070A039207F007090AF1FF30A2
:103E900009F1FF3300EA0A0003EA0903034340F093
:103EA0009780B1F80360FFF763FE039A174307F0AA
:103EB0000707874340F08C805046FFF71BFF676879
:103EC00010B397F8683098421ED097F826211AEA66
:103ED000020F7DD0BBF1250F16D097F861201AEAAA
:103EE000020F11D102286FD1013B012B0CD9FFDF4A
:103EF000FEE7414607B0BDE8F04FFFF7BFBEBBF19C
:103F0000250F5FD18835BAE74846FFF7F3FE40B189
:103F100097F86930834204D097F8273119EA030FE4
:103F200056D005AB38465246494600933346FFF714
:103F3000EAFE63680746F8B993F82421012A18D1EC
:103F400001462046FFF774FE2F70636803F1890273
:103F5000954202D1002283F88920636803F1890227
:103F600095422BD1204601F095FA002007B0BDE81C
:103F7000F08F83F82401E8E7B3F87E20A3F86C62A1
:103F8000013EB61A47F6FD72B6B2964206D928220D
:103F9000204683F8AB2001F0FDFBDEE793F8892093
:103FA0000D2A02D00A3A012A01D82A22F0E7BDF8E8
:103FB0001420A3F86E2229232B70CEE7002283F869
:103FC000C220D2E70220D1E7012B9DD0022B8ED157
:103FD000414620468EE7436893F88920262A02D07E
:103FE0000AB1FFDFFEE7272283F88920704700002F
:103FF000024B002283F822209A847047C2060020D8
:10400000FFF7F6BF044B93F82220012A1ABF036082
:1040100001200020704700BFC2060020054B024669
:1040200093F8221001291BBF01209A84002083F8F5
:1040300022007047C2060020054B024693F822007A
:1040400020B1136009B19B8C0B800120704700BF29
:10405000C2060020044B002293F822009A8410B17B
:10406000012083F822207047C2060020034B93F8FA
:104070002200B0FA80F04009704700BFC20600205D
:104080007047000050B90A4A0120134603F8010B9B
:104090000868C2F801008A889A807047012805D113
:1040A000034B0A68D8719A608A889A81704700BF6A
:1040B000E806002050B90B4B187888B1D3F80120DE
:1040C000B3F805300A6001208B807047012806D1C3
:1040D000044BD87920B19A689B890A60F3E70020E5
:1040E000704700BFE806002030B542401C780878D1
:1040F0005D7860404C786C409D7820448C786C40B2
:10410000DD782044CC786C401D795B7920440C79B3
:1041100049796C404B40204418441044B0FA80F078
:10412000400930BDF7B58A8800238DF80600ADF848
:10413000042008680B4A8DF807300146147802F510
:10414000A872019DD8B2844201D8082007E052F835
:10415000087F01335668AE4208BF8F42F2D103B0E8
:10416000F0BD00BFF8060020084B0146002230B524
:104170005C7803F20113D0B2844201D8082004E035
:1041800013F8015F01328D42F5D130BDF8060020F1
:10419000024600200139C9B2FF2900D17047535CA3
:1041A00083F001030344D8B2F4E70000F8B52D4CC6
:1041B00063782218013B92F80251DBB283426370AC
:1041C00030D01A010101961C8F1C2644274406F1A9
:1041D000100C56F804EB664547F804EBF9D182322F
:1041E00082312244214402F1100652F8047BB2428B
:1041F00041F8047BF9D1E118221891F8026182F8A4
:10420000026106267343704303F5857300F58570DC
:10421000E618E35827182350B388BB8091F83A3149
:1042200082F83A312846FFF79FFF082818D12378F3
:10423000013BDBB29D42237012D02B3305F12B02E0
:1042400004EBC30304EBC20293E8030082E803001B
:104250002078FFF789FF08281CBF241884F8025132
:10426000F8BD00BFF8060020F0B5254D89B095F8DF
:10427000984105F299116846224609F061FF2146EE
:104280006846FFF785FF0446B8B300EB400102A87B
:10429000C9B204F09BFF631E95F8A1610124DBB253
:1042A00095F8981105E0721CB2FBF1F001FB1022A9
:1042B000D6B206F120020DEB020010F8202C002AE5
:1042C000F1D103EB430100F8204C06EB460220310C
:1042D0002A44694411F8187C82F8A27111F8177CFD
:1042E00011F8161C82F8A37182F8A411013BAA19D7
:1042F000DBB282F89941FF2BD2D109B0F0BD00BFEB
:10430000F806002010B5094C617804F5A170FFF79C
:104310003FFF022838BF022084F89801002084F86B
:10432000A101BDE81040FFF79FBF00BFF8060020C5
:1043300070B50C4D04462E1896F899310BB1FFDF7D
:10434000FEE704EB440401F037F82B19020A83F866
:10435000A201000C83F8A32183F8A401012386F8AD
:10436000993170BDF8060020164A30B492F8A13198
:10437000D41894F8991109B9FFDFFEE703EB430164
:104380000133114491F8A251057091F8A35191F8AD
:10439000A41145708170002184F8991192F8981148
:1043A000B3FBF1F001FB103382F8A13192F8C23176
:1043B0002BB9054902F5DD7030BC00F082BE30BC7F
:1043C000704700BFF80600206942070070B5064636
:1043D00088B00C46C81C2AB3FFF7C6FF65790D22CA
:1043E0000021684605F03F0545F04005657109F07C
:1043F0005BFEE37804AA69468DF80F3030462379D6
:104400008DF80D508DF80E30042309F0F2FC9DF864
:104410001F3023709DF81E3063709DF81D30A3700F
:1044200008B070BD032104F0D1FED7E7044B5A78E1
:10443000824286BF1B1893F84A010020704700BFD4
:10444000F8060020044B5A78824286BF1B1893F866
:1044500042010020704700BFF8060020074B0022F1
:104460004FF461711A8083F8C32183F8C421A3F843
:10447000C61183F8C221FFF745BF00BFF806002030
:10448000014B83F8C4017047F80600202DE9F0477E
:104490008246894616461F46FFF744FE0828804696
:1044A000054603D0FFF760FE08284CD1284C6378FE
:1044B000072B4AD8B8F1080F13D125786B1C072DAC
:1044C000237001D9FFDFFEE705F12B02D9F80000C8
:1044D00004EBC20344F83200B9F8042083F806A0C4
:1044E0009A8094F8018006F1100208F101034FEA66
:1044F000081163704B1C234412F8010DB24203F8FB
:10450000010FF9D1813107F11003214413F8012D76
:104510009F4201F8012FF9D144441021384600F0A0
:104520005DF9102184F84201304600F057F984F813
:104530000251002584F84A0184F83A51FFF7E2FE5F
:104540002846BDE8F0871220FBE70720F9E700BF07
:10455000F8060020064B10B55878013840B2002804
:1045600000DA10BDC4B22046FFF720FE601EF5E75A
:10457000F8060020014B5878704700BFF80600206D
:10458000014B83F8C3017047F8060020014B93F8F4
:10459000C3017047F8060020431E4AF2B7129BB2CF
:1045A00093429DBF024BA3F8C60101200020704733
:1045B000F8060020014BB3F8C6017047F80600204A
:1045C00008B5FFF7AFFD082803D0BDE80840FFF7A6
:1045D000CBBD08BD0A4B30B55C7884420ED9184477
:1045E00090F802012B3003EBC004A5790D7053F84D
:1045F000300010600120A388938030BD0020FCE7CC
:10460000F806002008B5FBF745FC18B1BDE80840E6
:10461000FBF754BC082008BD0246074810B590F8C7
:10462000C34124B1417821B10230FBF793FB20460E
:1046300010BD0C46FBE700BFF80600202DE9F84F3F
:10464000274C9A468046894663789346834244D9EC
:10465000231893F8425185F00105F9B193F84A31D6
:10466000E3B945F002070135BAF1000F18D1FA0796
:104670000AD5062104EB0810524601FB084182309E
:1046800001F58571FFF7A2FEBB0723D504EB0810E7
:10469000524649460230FFF799FE1BE02F46E3E7FA
:1046A00094F8A161002DE2D0A31993F899312BB9A8
:1046B000BBF1000F0CD03046FFF73AFE013694F8FC
:1046C0009831013DB6FBF3F203FB1266F6B2E9E75F
:1046D00047F004073846BDE8F88F0027FAE700BF27
:1046E000F8060020074B5A78824209D91A1892F826
:1046F00042212AB9062202FB003000F5857070477E
:1047000000207047F8060020064B5A78824281BF8D
:104710001B1893F83A01B0FA80F0400998BF0020C6
:10472000704700BFF8060020F8B50E460746062180
:104730001546304600F052F8044670B10C4B00228A
:10474000587803F23913D1B2884202D801242046A6
:10475000F8BD013203F8015FF5E731463846FFF74F
:104760002FFF0828F3D0024B034483F83A51EDE7BA
:10477000F806002070B5054652B3174C94F8A10115
:1047800094F89831461CB6FBF3F203FB126623182B
:1047900093F8993131B91BB1344494F899315BB92C
:1047A000184670BD0BB9FFF7C3FD344494F8993136
:1047B00013B9F0B2FFF7BCFD2846FFF7D5FDE81CA2
:1047C000FFF7D2FD6B7903F03F036B710123E7E73D
:1047D000062104F0FBFCF5E7F80600200144002365
:1047E000884203D1B3FA83F04009704710F8012BD7
:1047F0001343F5E7F8B505460C46D0E9047608F012
:1048000041FC08B9FFDFFEE7E4B1D5E90423D21B80
:1048100063EB0603012A73F100014FF0000113DB83
:104820006FF001009042994101DAFFDFFEE7631E5D
:104830001344B3FBF4F35C43E41946F10006C5E905
:1048400004461C462046F8BD0C46FBE7022905D16C
:104850003C2808D980100F3880B27047702802D9E0
:10486000C0100E38F8E70020704738B50D460446F2
:10487000FFF77EF92B78002B08BF034684F86430DD
:104880006B78002B08BF034684F865306B88A4F86A
:10489000663038BD0129034603D0022909D0FFDF65
:1048A000FEE740F2E24240F6C410002B08BF10467B
:1048B000704740F6C410704780F86F1070470000D2
:1048C0000B2801D9FFDFFEE7014B33F810007047DA
:1048D000FA7C060030B5002442F21075A0F8404082
:1048E000B0F844404C43B4FBF2F4A0F84440541EEA
:1048F00005FB0343B3FBF2F3A0F84230084BB3FBD4
:10490000F2F30133A0F84830838F05FB0344436B77
:104910005943B4FBF2F4B1FBF2F18463416330BD5F
:10492000005A620210B50C46002105F02FF86060B5
:1049300018B101230020237010BD0220FCE770B5E0
:1049400004460D4641BB4FF4267209F0ADFB01232E
:1049500084F8DE5084F890306FF0360384F8D93054
:10496000042384F8DA306FF03B0384F8DB306F23E4
:1049700084F8DC306FF03C0384F8DD306FF07F03A7
:1049800084F8DF302B2384F8D830FE2384F80E31EE
:104990007F2384F8833070BD012911D10023A0F852
:1049A000C43180F8BB3140F6B8338269A0F8B43026
:1049B0001146438C04F17800BDE87040FFF78ABFD0
:1049C0000229E8D1B0F87A32D0F874228169F1E78F
:1049D000C2B292FAA2F2030A93FAA3F31B0E100ECC
:1049E00040EA03207047013105300022C9B270B59A
:1049F00010F8013F8B4214D310F8054C0023012519
:104A000005FA03F626421CBF01F1FF31C9B259B1C4
:104A10000133082BF4D10132D2B2052AE8D1FFDFED
:104A2000FEE7C91AC9B2F6E703EBC200C0B270BD17
:104A30000B6870B5C0F8013004460B790546461D79
:104A400003F01F0343710023C37215F8010F00F038
:104A5000FDFC6871B542E37A1844E072F5D170BD8F
:104A600081EA114170B58CB20546C17A032682EA0B
:104A70000400FFF7ADFF013E00EB001016F0FF064B
:104A800004EB000290B2F4D144402522B4FBF2F3CF
:104A900002FB1343C3F3C402D8B203F007032A4452
:104AA0005678012202FA03F31E4207D161432846D9
:104AB000C1F30741BDE87040FFF795BF70BDF8B581
:104AC00090F8235004466B1E242B01D9FFDFFEE72C
:104AD000DAB1007E002843D194F8253094F82410F0
:104AE00002FB01322523B2FBF3F103FB1123DBB2FE
:104AF00004EBD30203F0070684F82530517E01222F
:104B0000B240114202D084F82630F8BDB3FBF5F272
:104B100005FB123304F11D01013303F0FF0311F80B
:104B2000012F9A4219D311F8055C0022012606FADA
:104B300002F72F4208D0013B13F0FF0304D102EB30
:104B4000C00284F82620E0E70132082AEFD10130C4
:104B5000C0B20528E3D1FFDFFEE79B1ADBB2F6E720
:104B6000E28804F11800C969FFF77AFF84F826008B
:104B7000CBE70378890123F0400301F040010B43A8
:104B800003707047037803F07F0343EAC113037097
:104B900070471F2A38B50546144601D9FFDFFEE7E6
:104BA0000634093009F0CCFA6C7038BDFFF7F1BF5C
:104BB0000378024603F00F03032B3ED0052B42D1AE
:104BC000C37F90F82000034392F82100034392F83A
:104BD0002200034392F8230000F01F00184333D053
:104BE0005378222B2FD1B2F81930B1B1B3F5506FF1
:104BF00013D940F607518B4225D8B2F81B30B3F5D4
:104C0000FA7F20D2B2F81D0040F676430A3880B20F
:104C100098428CBF002001207047991F40F67A40CF
:104C200089B281420FD8917D481E07280BD899423E
:104C300009D2B2F817109942DEE74078A0F10C03D0
:104C4000584258417047002070470000034608460C
:104C500071B13F2B0BD8074AD35C03F07F0291421E
:104C600005D08CBF0120002000EAD310704701203E
:104C7000704700BF127D06008388A1B1B3F5506F65
:104C800011D940F6075293421CD8C388B3F5FA7F76
:104C900018D2008940F676430A3880B298428CBF19
:104CA0000020012070479A1F40F67A4192B28A4252
:104CB00008D84278511E072904D89A4202D2428865
:104CC0009A42E1E70020704737B50C466946FFF786
:104CD00029FE10B1002003B030BD019B21461D69A3
:104CE000284604F0C2FA01460028F3D0284604F012
:104CF000F8FB0330EFE700002DE9F7430D46694666
:104D00009146FFF70FFE044620B9019F2DB90123FC
:104D100087F88F3003B0BDE8F083D7F810802946BC
:104D2000404604F0A2FA064600B3114B5B88AB4242
:104D30001CD30146404604F0D4FB0223A0F80140F6
:104D40000370304604F0D5FB294680F809904046B0
:104D500004F0C3FA08B9FFDFFEE76846FEF7A7F9DB
:104D6000019BA3F8B24187F88F40D3E7FFDFFEE74E
:104D7000C408002073B50E466946FFF7D3FDB8B9E5
:104D8000019B5C69204604F005FB0546F11E2046A8
:104D900004F0ABFB85420DD1204604F006FB204613
:104DA00004F0F8FA20B104F0A4FB0379002BF3D14E
:104DB00002B070BD04F09DFB01230371F8E7000011
:104DC000FF230B7002234B7083238B70014B1B78E6
:104DD000CB707047DC0800202DE9F843D0F8048040
:104DE00007460D46D8F81490484604F06CFB06467A
:104DF00008B9FFDFFEE70146484604F072FB36883B
:104E0000B2B20AB9FFDFFEE70C4BC41CB8F80000D1
:104E10001B684BB9B8F800304846EE80AB8004F010
:104E20006AFB38B9FFDFFEE7214698470028F1D139
:104E3000BDE8F88300232C603B71F9E7240D0020C6
:104E400038B5104C10220021201D09F02DF9012544
:104E5000257404F108031022002104F11400C4E9B0
:104E6000013309F021F984F8205004F11803064AAF
:104E7000C4E9053300236362A36284F82C30136015
:104E8000236338BDDC080020240D002010B5064C3B
:104E90002378FF2B01D0FFDFFEE709F00BF820702D
:104EA000BDE81040FFF7CCBF9500002010B5034CC3
:104EB000207809F017F8FF23237010BD950000201B
:104EC000FFF7BEBF014B187809F018B89500002015
:104ED00010B409B9FFDFFEE74A600B72EFF31084EC
:104EE00072B6031D0B6042681AB1127A012A08BF1C
:104EF000036003681960016004B962B610BCFFF773
:104F0000E1BF0000014B024A1A607047280D0020E3
:104F1000D94D0700F7B50546504FBB68BC69227AEA
:104F2000012A1DD13A6B3AB1137A0BB9FFDFFEE7C4
:104F30003C6BBCB900207DE01A7A012AFAD01C46ED
:104F4000474AEFF3108172B650680068506001B9AB
:104F500062B6A34208BF3C63237A1BB9FFDFFEE7BA
:104F6000404AEEE7267AF6B205232372731E0B2B16
:104F700066D8DFE803F063061F3161653965656552
:104F8000655663680BB9FFDFFEE720462946984760
:104F90000420EFF3108272B6237A052BD9B253D1D5
:104FA00000232372396BA14200D13B63002A34D124
:104FB00062B632E063680BB9FFDFFEE729462046A0
:104FC00098470346ADF80400C0B2C3F30723012B92
:104FD0002ED0022BDDD11BE063680BB9FFDFFEE7AB
:104FE000204698470020D4E763680BB9FFDFFEE74F
:104FF0000B222A7001221988AA706A710022A5F872
:105000000310AA71627A1869EA7104F0CEF90420DB
:105010003B6BA34201D100233B6300283FF47DAFEB
:1050200008E0114B294620461B689847034648B9BB
:10503000267270B103B0F0BDFFDFFEE7FFDFFEE7D1
:10504000FFDFFEE70220E3E709B9FFDFFEE700200C
:10505000ACE7002B7FF461AF6CE700BFDC080020F9
:10506000E0080020F0080020280D0020014B186007
:10507000704700BF240D00201346027A0AB1FFDFFB
:10508000FEE70A4601460148FFF722BFE00800207C
:105090000222FFF7F1BF00000346064890F83420D3
:1050A0003AB190F82C2022B9034900F8243BFFF7CD
:1050B000EFBF7047DC080020C14D07000322FFF757
:1050C000DBBF0422FFF7D8BF0A46037A0BB1FFDF2C
:1050D000FEE7014607230148FFF7FABEF00800206B
:1050E0001346027A0AB1037270470A460146014824
:1050F000FFF7EEBEE00800200222FFF7F1BF012912
:1051000003D10E30C00080B27047022902D10F30A7
:105110008000F8E7FFDFFEE7A0F5A17011230B7018
:105120000388A1F80330838FA1F80530B0F8403030
:10513000A1F80730C38FA1F80930B0F84230A1F8C8
:105140000B30704730B587B004460D46FDF7C2FFFF
:1051500078B36FF4A57369461C4424882046FEF793
:10516000BAF908B1FFDFFEE7BDF8063003A8ADF8D5
:105170000C40ADF80E30BDF80830ADF81030BDF879
:105180000230ADF81230BDF80430ADF81430FEF73F
:10519000A0F908B1FFDFFEE7ADF80C009DF80C3078
:1051A000002063F307009DF80D3063F30F2007B074
:1051B00030BD2B46162203F8032BD4F80920C5F87E
:1051C0000320D4F80D205A60B4F811201A8104236A
:1051D000ADF80C30E2E740687047C08A70478A88B3
:1051E0000B8910B5CC884988A0F85440A0F850101D
:1051F000A0F85220A0F8563010BD8383BDF80030CF
:1052000001834283C38370471B234FF01B128384A7
:10521000038482618382C260038539B94FF4A47329
:10522000034AC3844384C261C3820261704700BFE2
:105230004801480103460846F0B4B3F85420B3F8D7
:105240004840B3F856109442B3F84460DF8F28BF4B
:105250001446B3F84C20B3F842508A42DC8728BF8A
:105260000A46B3F846109142A3F8422038BF1146CF
:10527000A64238BF2646A742A3F84610A3F84460CA
:105280001FD1AA1A18BF0122B3F84A50B3F85040F0
:10529000B3F85270A5429E8FB3F8401028BF254640
:1052A000B3F84E40BC429D8728BF3C46AE42A3F8AF
:1052B000404002D1A14200D12AB10449F0BCFFF71D
:1052C0001BBF0122E0E7F0BC704700BF1951070087
:1052D0000B8BA2F809001046A2F80B304B8BA2F8FA
:1052E0000D308B8BA2F80F30CB8B0249A2F8113016
:1052F000FFF7E4BE45510700C28B08B50346408C5A
:10530000824228BF0246187AFFF7F9FE5B89934272
:1053100028BF1346984238BF184680B208BDF8B57A
:1053200007460E4680891946FFF7E9FE05463846CE
:105330001446FFF7E1FF85429DF8181028BF054687
:10534000B88AFFF7DCFEFB8AADB2834228BF034672
:10535000A01D9BB230442B441844F8BD07B590F80B
:105360006930002296213030009390F83830FFF7F2
:10537000D6FF03B05DF804FB38B514460D46194658
:105380009634FFF7EBFF2044A84294BF281A002070
:1053900038BD38B50D4611460446FFF7DFFF2844F7
:1053A000606338BD01F19C0383423DBF9C38401AC5
:1053B0004008002070470000094AD2E9000343403A
:1053C00083EAB01181EA43214FEAF343116053604D
:1053D000044B58434FEAF06000EB8000704700BF79
:1053E00014090020BB79379E094AD2E900034340E3
:1053F00083EAB01181EA43214FEAF343116053601D
:10540000044B58434FEAF06000EB8000704700BF48
:1054100098000020BB79379E10B50A4C0821094836
:1054200003F0D4FED4E900321343F7D0064CFFF763
:10543000DBFF2060FFF7D8FF236860601843F6D0D9
:1054400010BD00BF980000201409002000F0550393
:10545000400800F05500034403F033009B0803F0BC
:105460003303034403F00F0000EB1310704743684D
:10547000002283F8882083F8C220A3F8BE2070475A
:1054800043680022A3F8C42093F8C620013283F8B1
:10549000C6207047426892F8C630013B5BB2002BD1
:1054A00082F8C63001DAFFDFFEE77047436883F811
:1054B0000B1183F80A217047A0F10A03042B0CD9C1
:1054C000A0F14703012B08D9A0F12403322818BF0B
:1054D000062B94BF012000207047012070474268CE
:1054E000936F10B513F0080408D143F0080382F855
:1054F00008119367FFF7C4FF204610BD0120FCE7A9
:10550000174B184A9A60184A5A60184A1A60184A83
:105510009A62184ADA62184ADA60184A9A61184A96
:105520001A63184A1A62184ADA64184A9A64184ABE
:105530005A62184B184A9A60184A5A62184ADA6234
:10554000184A1A61184A5A61184A9A61184A1A6325
:10555000184A9A64184ADA64184A9A63704700BF76
:105560002C0D0020E557070015580700815807004B
:10557000AD5A0700855B0700DD5A07009B5B0700FB
:10558000B55E0700715C0700DF5D0700FB5D07008B
:10559000BD5C07002C0E002001580700B95D070014
:1055A000BD5B0700695B0700D95B0700F15B070083
:1055B000455F0700295E07001B5E0700A55D070029
:1055C000044B054A5A65054B054A1A65054A5A6552
:1055D000704700BF2C0D0020255907002C0E00201D
:1055E000115907008B590700054B064A9A65064A70
:1055F0001A66064B064A9A65064ADA65704700BF86
:105600002C0D0020B53D0700573E07002C0E002052
:10561000E13C0700D73F0700023A08B5152A78D8C1
:10562000DFE802F00B7717797927772977792F3B15
:105630003F7777437979575770700378012B436828
:1056400002D193F8103101E093F8193102204B7028
:105650000EE04268D2F8CE31C1F80130D2F8D23132
:10566000C1F8053043680D20D3F80431C1F8093082
:1056700008BD4368E5E700F077FB0028F8D1FFDFBD
:10568000FEE7102306204B7059238B700023CB704C
:105690000D230B7131234B71EAE7436893F80A310C
:1056A000D4E7084600F04EFBE7E70278436852B9BA
:1056B00093F810213AB193F80D214A7093F80C3108
:1056C00003208B70D4E793F80B214A7093F80A31CA
:1056D000F6E742680920B2F854304B701B0A8B7011
:1056E000B2F81231CB701B0A0B71B2F850304B710B
:1056F0001B0A8B71B2F8103192F810211B0ACA7183
:105700000B72B5E7436893F826214A7093F8273166
:10571000D6E7FFDFFEE70120AAE700003F289ABF97
:10572000024B53F820000020704700BF2C0D0020D2
:105730003F289ABF024B53F820000020704700BF5B
:105740002C0E002030F8023C73B504460D4630F8AC
:10575000A26C63B101226846ADF801608DF80020AB
:10576000ADF80330FDF7A2FD08B1FFDFFEE7082327
:10577000A5F803602B70002354F88E0CAB70637A8D
:105780006B7103F01CFE08B9FFDFFEE7042002B0D6
:1057900070BD0000F7B5456804464FF6FF772E69E7
:1057A0000DF102010DF101023046ADF8027003F077
:1057B000ADFD01A9304603F0CBFD40B1019803F0E7
:1057C00098FE616800220272FFF77EFCE8E7044958
:1057D00005F1A20003B0BDE8F040FFF76FBC00BFC9
:1057E000455707004368002093F88A20063A012AAB
:1057F00081BF4A7883F88B20062283F88A2070477D
:10580000426892F88A30063B012B84BF072382F856
:105810008A307047426870B592F88950F5B9CB88E4
:10582000B2F87E60A2F86C32013B9B1B47F6FD7616
:105830009BB2B34206D9282382F8AB30FFF7AAFF08
:10584000284670BDD1F80130C2F86E324B7982F82B
:1058500072320A22436883F88920F1E70125EFE7D5
:105860000B46062203F8032BD0F80920C1F80320C9
:10587000D0F80D205A60427C1A720023CB7070471A
:10588000436870B593F8895006460C46002D3DD10B
:1058900029462046FFF7F0F928B921783046BDE8BF
:1058A0007040FFF71CBE72686389B2F87E10A2F8E0
:1058B0006C32013B5B1A47F6FD719BB28B4207D9F4
:1058C0002823304682F8AB30FFF764FF284670BDCE
:1058D000A38840F2E2414B43C2F874326378C3EBD1
:1058E000431003EB800303EB83035B00A2F86E32EB
:1058F00063884B43C2F87032E388A2F87832238978
:10590000A2F87A320D2382F88930DFE70125DDE73E
:10591000436893F888200AB1FFDFFEE7212283F86D
:105920008820704773B5456806460C4695F8883060
:10593000213B022B27D8B1F805101A291CD9B4F83D
:105940000730B3F5A47F17D3B4F801201A2A13D96E
:10595000B4F80300B0F5A47F0ED3009005F1300039
:10596000FFF74BFC7168284601F5A171FFF762FC57
:105970000621706801F060F9002085F8C20085F802
:10598000880002B070BD0120FBE74268936FD90622
:1059900010B5044601D4FFDFFEE7990601D5FFDF0D
:1059A000FEE723F010039367FFF774FD606806219C
:1059B000BDE8104001F040B909230B70D0F8093060
:1059C000C1F8023070470B460A2203F8022BB0F8E8
:1059D00009204A80C27A9A7070470000F0B50446E8
:1059E00085B00D46FF2600F8A56C10F8A63CE3B183
:1059F000164F3B780BB1FFDFFEE70C21381D03F09B
:105A0000E5FB3E70002304F8A53C07232A4602F874
:105A1000033BD4F80930C5F80330D4F80D30536097
:105A2000D4F81130936005B0F0BD01A80C2103F04B
:105A3000CDFBA4F5BC73039A1A6001AB03CB44F809
:105A4000AE0C44F8AA1C04F8A66CDBE71C09002085
:105A500010B5054C23782BB90C21201D03F0B6FBA3
:105A6000FF23237010BD00BF1C090020024690F8E0
:105A7000D631BBB990F8D73103F0FF010BB100204C
:105A80007047094B18780028F9D01970D968043389
:105A9000C2F8041103CBC2F8CE01C2F8D211FF2321
:105AA00082F8D631012070471C09002038B54368C0
:105AB000054693F8894034B1113C0F2C8CBF01246A
:105AC0000824204638BD93F88E30002BF9D0FFF71C
:105AD000D7FC6B68112283F88920F2E7426838B559
:105AE00092F8893004460D463BB1132B05D0113B8B
:105AF0000F2B8CBF0120082038BD92F8C83013B995
:105B00002046FFF7BDFC6268D5F80B30C2F8C631FD
:105B1000D5F80F30C2F8CA316368D5F81320C3F83E
:105B200000211A88A3F88522D5F80120C3F887221E
:105B3000D5F80520C3F88B226368B5F80920A3F8CF
:105B40008F226368002583F8D6516068054900F507
:105B50001F70FFF79DFA63681622284683F8892094
:105B6000CAE700BFDD590700436893F88920162A69
:105B700001D0FFDFFEE7012283F8C720182283F857
:105B800089207047436893F88920122A05BF1322A1
:105B90000020022083F889207047436810B593F8ED
:105BA000893004461C2B07D1FFF774FC6368202260
:105BB000002083F8892010BD0220FCE7436893F899
:105BC0008920112A01D0FFDFFEE7012283F8C720D8
:105BD000122283F889207047436893F88920182A95
:105BE00001D0FFDFFEE71C2283F889207047000008
:105BF00038B54368044693F88920202A01D0FFDF96
:105C0000FEE7002293F8C8101D8803F29F1083F866
:105C1000C72069B10B4983F8C820A3F8A95183F8BC
:105C2000A821FFF735FA6368002283F8892038BD80
:105C3000012283F8A811A3F8A951034983F8AB21E5
:105C4000EFE700BFC7590700B95907000B46052207
:105C500003F8032BD0F80920C1F80320D0F80D2059
:105C60005A60B0F811201A81C27C9A727047000005
:105C700038B54568AB6F13F0010419D1D1F8012094
:105C80000C4BD1F8051013400B4AC5F8D830C3F3BC
:105C900007630A4043F00803C5F8DC2085F8DB30D1
:105CA000FFF7EEFBAB6F204643F00103AB6738BD57
:105CB0000120FCE72FC904F76FDB0080406810B5B6
:105CC00090F88830042B28D1D1F801304A1CD1F843
:105CD0000540C0F8D830C3F30763C0F8DC4043F098
:105CE000080380F8DB30002380F8C23080F8883069
:105CF00090F8813103F0FF040BB1002010BD038840
:105D000000F2791044724381D1F801300449C36034
:105D100053680361FFF7BCF9EFE70120EEE700BF2E
:105D20004D5C0700406890F8813143B9038800F268
:105D30007910034943811A234372FFF7A9B97047C9
:105D40004D5C070010B50446FDF70CFF044A054BF7
:105D5000024009200B40C4F80120C4F8053010BDF2
:105D60002FC904F76FDB008037B50C464568FDF797
:105D7000F9FE0A4B0A4A03400A4095F8D8100093EE
:105D80000B4001928DF800306B4603CBC4F8010044
:105D90000920C4F8051003B030BD00BF2FC904F7B7
:105DA0006FDB0080436893F888200AB1FFDFFEE7CD
:105DB000042283F8882070474268936FD90701D482
:105DC000FFDFFEE723F001039367FFF763BB0C23BC
:105DD0000B706FF49C73184403884B8070474368C2
:105DE000002093F888200F2A01BF002283F8B620F4
:105DF00083F8C22083F88820704738B54568AB6FB8
:105E000013F0040407D1FFF73BFBAB6F204643F0D0
:105E10000403AB6738BD0120FCE74268936F23F0B1
:105E200004039367FFF736BB436893F888200AB1F1
:105E3000FFDFFEE70F2283F88820704710B5D0E916
:105E40000D42A24206D30B8C121BC98D05334B4366
:105E5000934202D3012380F83E3010BD38B5DB04F5
:105E6000154604D5837D13B10023436338BD446BCD
:105E700001344463FFF7E2FF836B9C42F6D30023B7
:105E80000349436305F10D00BDE83840FFF734B91D
:105E9000CF5D070001230B7000238B7030F8CA3CE4
:105EA000A1F80330437A4B714389CB8083890B81FE
:105EB0007047000038B54468054694F88830012BD7
:105EC00002D0A36F980738D494F8C9309A0713D436
:105ED0004A78D80784F8D3204A88A4F8D4208A883E
:105EE000A4F8D62043F0020284F8C9200DD5144945
:105EF00004F1CA00FFF700F994F8C930D9070FD4AC
:105F0000A36F9A0706D5FFDFFEE794F82A31002B2E
:105F1000EDD1F1E743F002032846A367FFF7B0FA9B
:105F200094F88830012B4FF0000301D0002038BDD9
:105F300084F8883084F8C230F8E70120F7E700BF22
:105F4000955E070010B5446894F8C9309A070CD4E0
:105F500094F888300BB1FFDFFEE70122A4F8BE30D1
:105F600084F8882084F8C22010BDA36F9B0705D554
:105F7000FFF790FAA36F23F00203A367002384F8CE
:105F80002A31F1E715230B70D0F80930C1F803303E
:105F900070477F2307B50DF107008DF80730FAF73A
:105FA000B7FB9DF9070003B05DF804FB38B5446802
:105FB0000546FFF7EEFF7F28014684F883003DD0B9
:105FC00094F89E2094F985006B6884F884200A1A5E
:105FD00093F86D5012B2002AB8BF524292B2AA4250
:105FE0002CD3FF2D2AD094F886200132D2B284F827
:105FF000862093F86E50954201D37F281ED100224F
:1060000084F8851084F8862093F86C20012A15D135
:1060100093F8342192B91A8803F596700849A3F8C9
:10602000352194F8832083F8372194F8842083F86D
:1060300038210222BDE83840FFF71EB838BD00BF46
:10604000855F070010B50B7901284C790A6843EA8F
:106050000421104608BF41F4803110BDF0B51F4D3A
:1060600000242B7814709BB1013B6D68DBB21E1BC2
:10607000012E0FDC05EBC40655F8347076688E42AD
:1060800008BF874227D0B84271EB060612D21470BF
:106090000020F0BD1E197710C6F3470655F837C02B
:1060A00005EBC70E8445DEF804708F412CBF3346E4
:1060B0003446DCE705EBC30455F8335064688C4282
:1060C00008BF854206D0A84271EB040428BF013303
:1060D0001370DDE71C4601201470DAE72C0900205C
:1060E00010F0070201D0FFDFFEE718B1024B197272
:1060F00058601A70C80070472C090020014B00221C
:106100001A7070472C0900202DE9D343FFF79AFF3E
:106110000DF1070207460E46FFF7A0FF90B90F4C9E
:106120002378227A9A420ED0626819469DF807E0D9
:1061300002EBC3008E4509D302EBCE020133C2E964
:1061400000762370012002B0BDE8D08350E90289B7
:10615000013960E80289C9B2ECE700BF2C090020D0
:1061600007B5FFF76FFF0DF10702FFF777FF03B0E9
:106170005DF804FB08B5FAF7D1FB00F544404FF495
:106180007A734930B0FBF3F0BC3008BD10B504465B
:1061900090F86900FFF7EEFF012201462046BDE8B6
:1061A0001040FFF7F6B8000038B5084B4FF47A728C
:1061B0000C4653F820303C3403F52243B133B3FB93
:1061C000F2F52C44FAF7A2FB204438BD547B0600BC
:1061D0002DE9F04F04468BB00E461746984690F8CE
:1061E0006990FDF7E7FC834694F87200FEF768FBC0
:1061F000834494F889A01FFA8BFB87BB94F88730FF
:10620000032B2CD1BAF10D0F29D1B4F86C32B34263
:1062100025D1D4F8F0312046B4F8C421C4F8E031D7
:10622000A369C4F8E431B4F862321344C4F8E83125
:1062300002F01CFED4E99C23A262B4F86E22A36192
:10624000A285D4F87822226241F64B5293428CBF49
:106250000023012384F87130022384F88730B4F8D6
:106260006052B4F87EE0751BA6EB0E0E2DB20FFA4D
:106270008EFE002D10DA7546D4E99223C4E99623E8
:10628000012294F88730032B00F26A81DFE813F0D3
:106290000600FC0052001B014246F2E701210020EB
:1062A000FEF7F8FA8146A06A5946484405F0F8FC22
:1062B0005946C4F8EC01A06905F0F2FC07A9C4F83E
:1062C000F00108A8FAF74AFA079B0093DDE90823D2
:1062D000D4E9960105F0E5FD83462046FFF756FF19
:1062E000D4F8643294F86900A56A0393FAF716FBB0
:1062F000039B00F52240D4F8EC111D44B1304FF45B
:106300007A735C3D6D1A3031B0FBF3F04D44A38DD0
:10631000A5EB0B0503EB41012D1A94F86900FFF77B
:1063200043FFD4F86432C4F8F401EB1ACC2B54D8F0
:10633000FFDFFEE7A36A5946D4F8E401184405F0EC
:10634000AFFC5946C4F8EC01A06905F0A9FCC4F8FB
:10635000F0012046FFF71AFFA36AD4F8E4511D4468
:10636000B4F8C431002B40F08B80B8F1000F00F07E
:10637000878094F86900FAF7D1FAD4F8EC11D4F8D0
:10638000503200F522406D1A94F86920B1305C3D1E
:106390001D448C4B53F822304FF47A7203F2E733EA
:1063A000D4E992BCB3FBF2F3B0FBF2F0A5EB0B0522
:1063B0001D442D1AD4F8E031D4F8E82194F869008E
:1063C00002FB0311A38D303103EB4101FFF7ECFE1B
:1063D0000123C4F8F40184F88730A36904F50C792B
:1063E000A3F1E50BD4F8F031ABEB030B00238345AD
:1063F00084F83032D4E9963228BF834604F1300065
:106400005B19C4F8C0B142F10002C4E99032FEF752
:10641000E2FE04235844A4F8606284F83932C4F8D8
:106420003402D4E99023C4E99623B4F8B0319B1B1D
:106430001BB2002BD4BF00220122BAF10D0F4FEA8C
:10644000420284F8382200F08D80B8F1000F40F04D
:106450008C8094F88730002B00F0A380A169484617
:10646000D4F8F031C91AFEF7C5F980B2002800F05F
:106470009880149B03B1188001200BB0BDE8F08F09
:10648000D4F8EC116D1A95E7D4F8F001A369B4F8CB
:10649000C4111B1AD4F8E8217144D4F8E0C15D435B
:1064A000D4F8EC31891A303301390CFB023300FB8C
:1064B0000133A18D94F8690001EB4301FFF774FEED
:1064C000C4F8F40189E7D4F8F0B1A369A3EB0B0396
:1064D0005D4394F88830292B03D094F88930292B18
:1064E00009D1B4F86C32F31A1B0404D494F86F3257
:1064F000002B18BF9946B4F8C4C14AB3BCF1000FD1
:1065000026D1D4E99410D4E992238A4273EB000097
:1065100001D3FFDFFEE794F869205C39294B4FF483
:106520007A7053F822300393D4E99223CDE90423FF
:10653000039B03F2E732049BC91A039B03F5224332
:10654000B2FBF0F2B1331144B3FBF0F3C91A0D44BE
:106550000CEB0E0148460BFB01F130314900ADE771
:10656000FFDFFEE7B8F1000F1BD0B4F8D80100B38D
:10657000B4F8DA1194F8DC214D1CA4F8DA1101FB0F
:10658000022290420DDD002B0BDD0023A4F8DA512E
:1065900084F83832FEF710FF00F00700013084F86D
:1065A000DC01494604F5027006F0F4FC18B9FFDF7F
:1065B000FEE70146DEE787F0010784F8007200205D
:1065C0005BE700BF547B06007FB5044608B9FFDFD8
:1065D000FEE7052900F2BD80DFE801F003B52C27B6
:1065E000BBB090F80032B0F87E20ABB1B0F8FE310D
:1065F000934208BFB0F8B4319A1AA0F8B621A4F8B3
:106600007E302046D4E99023C4E9922302F044FB73
:1066100094F8BB3104B070BDB0F8FC319B1AA0F8FF
:10662000B631B0F8FC319BB2E9E704B0BDE8704088
:10663000FAF7A0B805F02DFCD4E99223801A61EB9B
:106640000301012871F1000301DAFFDFFEE76FF0BB
:10665000010383424FF000038B4101DAFFDFFEE7C5
:10666000A3690BB1B0FBF3F394F88910B4F8FE21E1
:106670000D2932D10132A4F8FE21B4F8623202AE03
:10668000B4F87E500133A4F86232B4F8BA301D4435
:10669000B4F8B830013DED1AADB2B4F8FE116B1A82
:1066A000180435D40023204600961A46FFF790FDC3
:1066B0000128AFD1B4F8FE21B4F8B011BDF808300C
:1066C0001344521A12049BB204D5EA1A12F4004F72
:1066D00018BF0B46A4F8FE31DFE7B4F87E100B4478
:1066E0009BB2D11A0D044BBF013301329BB293B25E
:1066F000A4F8FE3194F80132002BBED1B4F8B431C5
:10670000B4F8FE21934204BF0133A4F8FE31B4E78C
:1067100094F88C3030460394002B14BF08233E239A
:1067200084F8AB3001238DF80830FFF733F82046AA
:1067300001F050FF002384F887306BE704B0BDE818
:106740007040FCF75BBA90F88730042BF2D0FFDF83
:10675000FEE7FFDFFEE7002313B51A4680F8873017
:10676000A0F86032194600930446FFF731FD08B1E6
:10677000FFDFFEE70123C4F8E801C4F8E00184F874
:106780008730A4F8FE01A4F8FC0184F80102B4F8F3
:106790007E30A4F86202013BA4F87E3002B010BD46
:1067A0002DE9F8430E46044608B9FFDFFEE7052948
:1067B00000F2A680DFE801F00376413DA42E05F04B
:1067C000A5FCC4E94401204601F07CFAD4F8040198
:1067D000A43805F060FB204601F09FF9054600BB98
:1067E0000146204601F04FF800F1AE06D4F804014E
:1067F000B04209D2301A0321192838BF192005F0F8
:106800005AFC60B105F049FBC4F80461204601F070
:106810006DFA45B12046BDE8F84301F068BA01259C
:10682000F2E70025F2E7D4E94423C4E93E23BDE8BA
:10683000F883BDE8F843F9F79DBF01F02FF8042372
:106840008146884684F8093105F023FB07220F466C
:10685000A9FB023102FB0811D4E93E525B1941EB5E
:106860000205D4F8E0203AB159EA080204D098426F
:1068700077EB050228BF012684F80861D4E9462693
:10688000121A66EB070694F8281139B9012A76F135
:1068900000010BDA204601F02DFA03E0012A76F11F
:1068A0000006F7DB002384F82031C0E7984277EB3D
:1068B00005010FD259EA08080CD01B1A65EB070135
:1068C0009A4276EB010005DB012B71F10000A4BFB9
:1068D0001A460E460B49012304F1B800914284F890
:1068E00021314FF0000384F80031B341B8BF0A46AC
:1068F00004F5807106F0FCFB002898D1FFDFFEE76D
:10690000FFDFFEE70040420FD0F8E00070470000D4
:106910002DE9F84304460E46154690F8203103F061
:10692000FF07002B40F08E8000F1B808394678222E
:10693000404607F0B9FB22464349404606F024FB97
:10694000C4F8E060FF2384F8203166B1FEF74CFD07
:1069500000F0070032463D49013086F8DC0106F5BB
:10696000027006F011FB40F20243A4F80831002344
:1069700084F8003105F0E8F900F14906204601F0FD
:10698000CCF80146B6B298B3FDF714F900F5CD6125
:10699000284689B205F084F92844AE3DC4F80401C4
:1069A00005F077FA301841F10001C4E944010120F3
:1069B00084F8E40001F08AFA2D1AC4F8E8504FF088
:1069C000FF356FF000414046D4E94423C4E9465105
:1069D000002504F58071C4E93C23C4E93E2384F812
:1069E000215142F2107206F083FB20BBFFDFFEE76D
:1069F0002046DFF85C9000F046FFAE30C4F804019A
:106A0000B9F8000048B1E08B38B1FEF7EDFCB9F8F9
:106A10000030B0FBF3F202FB1300064405F039FA34
:106A2000361841F10001C4E94461002DC7D0AD1909
:106A300041F10001C7E72946204601F083F93846B5
:106A4000BDE8F8830C27FAE7A1670700C9650700CE
:106A50004409002038B5044690F820319BB1FF234B
:106A600080F82831012101F06DF994F8203153B1FB
:106A700004F1B805284606F0EDFA284606F01FFB9B
:106A8000002384F82031002038BD0000F0B5002339
:106A900085B0CDE9003301238DF80630684602F059
:106AA000AFFF70B10123114EB3700023CDE9023363
:106AB00002A802F0A5FF044638B10023B37005B068
:106AC000F0BD0098FFF7C6FFE8E7029D95F8873014
:106AD000002BEDD005F50277384606F0BBFA3846B4
:106AE00006F0EDFA85F88740E2E700BF4409002090
:106AF000044B0022DA709A7042F210721A80FFF78B
:106B0000C5BF00BF44090020014BD870704700BFCB
:106B10004409002008B590F8282142B990F8E420F3
:106B200042B1D0E93A31994202D901F0E3F80022AA
:106B3000104608BD0122FBE708B5F9F76FFB044BCF
:106B40005A6882422ABF9878002080F0010008BD70
:106B50004409002082694FF4C271006B904208B56D
:106B600028BF1046FEF71EFC40F64803984228BF97
:106B7000184680B208BD7FB5044690F8BB3103F0DB
:106B8000FF05002B56D190F88730032B52D105F02A
:106B900080F9D4E99223801A61EB0301012871F195
:106BA000000347DB6FF00103834275EB010101DA5B
:106BB000FFDFFEE7A269B4F87E300AB1B0FBF2F263
:106BC000013313449BB2A4F8FC31B4F8B431B4F8E7
:106BD000FC219B1A1BB2002B2CDD04F5027006F081
:106BE00039FA38B3FF2384F80132B4F8BA300DF122
:106BF0000E06B4F87E501D44B4F8B830013DED1ACD
:106C0000ADB2B4F8FC31EB1A1B0413D4B4F8FC1188
:106C100000230122204689B20096FFF7D9FA012805
:106C200008D1B4F8FC31BDF80E2013449BB2A4F88F
:106C3000FC31E6E704B070BDF7B5044606296FD80D
:106C4000DFE801F004241222282D6900354B9B78DF
:106C500003F0FF0243B900920123B0F8B411FFF72B
:106C6000B7FA20B1FFDFFEE7042384F88730F9F795
:106C700061FC06F079F90023B4F87E20A4F86232B2
:106C8000A4F8FE2184F8013203B0F0BD032380F89C
:106C90008730F9E7F9F7E6FAC4E99401F4E790F8E8
:106CA0006900FFF767FAA569D4F8F0311D4F9D42DE
:106CB00088BFED1AFB7898BF00251BB9236B9D4256
:106CC00028BF1D46D4F8C06104F13000FEF783FAF6
:106CD0000644022005F0C8F90221AD1B25EAE5753E
:106CE000854228BF0546284605F0E5F910B12E4437
:106CF00005F0D3F801234FF4807231462046FEF7A9
:106D00003BFBD4F8C0317860A069184403B0BDE8FB
:106D1000F04005F0C0B803B0BDE8F040FFF736BA68
:106D2000FFDFFEE7440900202DE970430C461546BD
:106D3000EAB9F9F773FA84F8E4500646D4E94489CD
:106D400084F820510121D4F8E000FDF7F8FDD4F8D3
:106D5000E000C0E99289C0F86462C0E99689FFF753
:106D6000FAFCF9F7E7FBBDE8704306F0FDB8FFDF7A
:106D7000FEE770B5044619B101297BD0FFDFFEE7BD
:106D800000F08CFD94F8213105460E46DBB150EA47
:106D9000010318D0D4E93C32D4E94401C01A334687
:106DA00061EB02012A4607F028F905FB01F300FB1D
:106DB0000633A5FB00021344D4E93C21121843EB2F
:106DC0000103C4E93C23E38BEBBB0020D4E93C3254
:106DD000ED184FF0000346EB02062D1840F2024278
:106DE00084F8003146F1000684F82131A4F8082126
:106DF000C4E93C56C4E9445694F8283103F0FF0135
:106E0000DBB96FF00043D4E946029A4208BFB0F103
:106E1000FF3F25D02046D4E9445600F034FDAE3083
:106E2000D4E946325B1B62EB06021B1A62F10002D8
:106E3000002A15DA204600F05DFFF9F77BFBBDE87C
:106E4000704006F091B8204600F067FE0028BCD1E3
:106E5000FEF7B2FAE38BB0FBF3F202FB1300B5E7E7
:106E600004F5807104F1B80006F094F80028E4D12C
:106E7000FFDFFEE7002380F8E430DEE790F8200132
:106E8000003818BF012070470B46042203F8032B7B
:106E9000B0F80920A1F80320C27A9A7070470B4617
:106EA000142203F8032BD0F80920C1F80320D0F8EE
:106EB0000D205A60427C1A72704700000378A0F8D7
:106EC000971080F89630437C80F895200BB190F8AD
:106ED000263080F899308C300149FEF7D9B800BFD0
:106EE000C57307000346074A1068D3F84920C0F865
:106EF0000320B3F84D20A0F8072093F84810FDF7C1
:106F000038BE00BF4C09002038B510220B460C4695
:106F100003F8032B00F10902293052F8041B8242C6
:106F200043F8041BF9D1127800211A700123A588B7
:106F3000A371284602F02AFD40B1E37833B1002165
:106F4000284602F039FD08B1FFDFFEE738BD00003A
:106F500038B5C38C0446194D0133C3F30E03C38403
:106F60002B7C2BB1F9F7C6FBF8F74CFF00232B74F1
:106F700000232B7194F861302BB101212046BDE82C
:106F80003840FFF7F6BE637CABB1E28C9A4212D375
:106F900001212046FFF7EDFE63882046DB0747BF4F
:106FA000A369432243224FF6FF7148BF1988BDE809
:106FB0003840FFF783BF0021E0E700BF4C09002005
:106FC00010B5074C2379012B05D1237C1BB1F9F7B0
:106FD00091FBF8F717FFA069BDE81040FFF7B8BFB5
:106FE0004C0900200346074A906903B909B9FFF725
:106FF000AFBF1379D26903F180431269023B52F8A3
:10700000233018474C09002070B5234C2379012BFD
:1070100001D0FFDFFEE798B90125237C1BB1F9F70A
:1070200069FBF8F7EFFE002D35D0A069FFF772FD80
:1070300060B3F9F72FFAE369BDE870409B68184721
:107040002168A26911F8095B02F1490392F848200E
:10705000E809FDF749F80028DED000212068FDF797
:10706000A7FD0028D8D02379012B01D0FFDFFEE750
:10707000237905F00F01E26903F18043A0695269A9
:10708000013B52F8233098470546C6E7A069BDE8A2
:107090007040FFF75DBF70BD4C09002003292DE94A
:1070A000F043054685B0174607D14388980720D49A
:1070B0000024204605B0BDE8F083428890F8603097
:1070C000D107DBB2F4D5002BF2D14FF00108DFF885
:1070D000D09099F81060AEB1FDF794FA0828387096
:1070E00013D002AA0DF10701FDF774FA20B9FFDFF2
:1070F000FEE74FF00208EAE702A99DF80700FFF754
:107100002FF806463B78082B08D1D9F8001011F863
:10711000030BC0F38010FFF723F80646D9F80010E0
:1071200005F1500395F84F2011F8030BC0F38010C0
:10713000FCF7DAFFD9F80010044611F8030BC0F38E
:107140008010FDF73DFA8146FDF7DEFA40B1B9F156
:10715000080F1BD04846FDF769F980F00103D8B24B
:107160003A78082A14D01CB9AC7DA21A5442544172
:107170006A8853079DD400289AD176B9EC7C44459F
:1071800018BF002C0CBF0124002492E70020E7E781
:1071900080F001022240D4B2EAE7344689E700BF1A
:1071A0004C0900202DE9F04F85B008230521044645
:1071B0000DF107028DF80730FFF770FF064620B982
:1071C0000026304605B0BDE8F08F7A4F396807F1E8
:1071D00012037A7C11F8030BC0F38010FCF784FFD4
:1071E00080460028ECD13B6840F2E249A16918468C
:1071F00091F8902010F8035B02EA55121D4602F048
:10720000010281F89020D3F80320C1F8032082887E
:10721000A1F8072015F81F1BA269C1F38011917016
:1072200002A9D3F81F00029028790871D3F80F0043
:10723000D061587D1D7D000440EA0520DD7C284397
:107240005062B3F8190082F8718009FB00F0906178
:107250009D7DC5EB451005EB800505EB85056D00B3
:107260009585B3F8170009FB00F09062B3F81B0096
:107270001084B3F81D00508493F8243003F01F00ED
:107280005B0982F89C0082F87230A56994F912A01B
:1072900005F19000FDF7CCFB40F20113A5F8683032
:1072A0004FF0FF0B85F86AB0414605F13000FDF75D
:1072B000ABFF51462846FDF7FFFAA36984F86B80BF
:1072C00004F176011A8884F889B0A4F86C204FF68E
:1072D000FF729DF80700A4F88A209A69B2FBF9F2C0
:1072E000A4F882201A8CA4F884205A8CA4F8862052
:1072F00093F8722084F88820627D3AB394F848208D
:10730000012A23D194F84E2002F0C002402A1DD158
:10731000D4F84920C4F87620B4F84D208A80082893
:107320009A7803F1030504F17C0184F86F2004F1DD
:107330007002D3F8033036D0E367AB888B8004F15A
:107340006F01FDF747F928B9FFDFFEE70022C4F817
:107350007620E3E794F86F3043F0020384F86F304F
:10736000154904F16200FDF793FEA369134904F186
:107370009A001A88A4F8A32093F8903084F8A530D6
:10738000FDF786FEA369002220461988FFF796FDC7
:107390000B4B00221B683A71002B3FF412AF2146C1
:1073A000A06998470DE72367AB8893800023E367C4
:1073B0008B80D5E74C090020096F0700896E070014
:1073C000300F00200A4638B50B46132102F8031B84
:1073D000D0F80910C3F80310417B1171DA7892B12B
:1073E00030F88A4C14F008040DD1B3F8055021464A
:1073F000284602F0CBFA30B12146284602F0DCFAEA
:1074000008B1FFDFFEE738BD032937B5044604D0D5
:1074100005295AD0012003B030BD08230DF1070221
:107420008DF80730FFF73AFE0028F3D0237C13B322
:107430009DF8075094F8AE30EBB9237884F8AF305C
:10744000FEF7A7FD082D04F1B10284F8B7002CD097
:1074500004F1B0012846FDF7BDF808B9FFDFFEE7EB
:1074600094F8B03043F0020384F8B0301B4904F1C3
:10747000A600FDF70DFE1A4D042220462B681A7057
:1074800006225A70FFF72EFD616B94F838202868A9
:10749000FDF78CFB032328682B71F9F7AFF8002167
:1074A0002868F9F75FFA0020B5E70D4B1868034626
:1074B00013F8031BC1F3801184F8B010D0F8031047
:1074C000C4F8B1109B889380D0E7064B1B68002B53
:1074D000E9D0984780F00100C0B29CE79F6E07009A
:1074E0004C0900202C0F0020F8B504460F4619B3B4
:1074F00000F12005284600F0A5FCA0B963881A0712
:107500002ED5284600F0B3FC0646284600F09AFC2B
:10751000301AC0B200F0DAFC474A936803442846A8
:10752000936000F064FC284600F066FCF8F72CFF3E
:1075300021792520F8F7A0FE3F4E002394F856202D
:107540003068037043706388103B0D2B68D8DFE808
:1075500003F063675F0C6744676767676767674443
:107560002046BDE8F840FFF7F3BC06234370202314
:1075700003702046FFF7B6FC638823F008039BB234
:10758000152B05D094F83020E16A3068FDF701FB37
:107590003068F9F733F800213068F9F7E3F902238E
:1075A000217900203371F8F7FBFE054607B9F0603A
:1075B00063881B0704D500F065FC0544C4F8EC5053
:1075C0006388103B0D2B33D8DFE803F034322C2CCA
:1075D000322C323232323232322C0C23212143709F
:1075E000034603F8091B52B1D4F857200121C0F813
:1075F0000920B4F85B209A80FDF7C4FAB9E7226D40
:10760000C0F80920B4F854209A8094F84F10F3E79A
:10761000062303704370ACE7022303700623F9E7E7
:10762000FFDFFEE721790120BDE8F840F9F77CB8DB
:10763000FFDFFEE7F8BD00BF4C09002038B54388E6
:107640000446102B04D10121BDE83840FFF74CBFA0
:107650000B4D2B7C23B1F8F7AFFB4020F9F73EF838
:107660002868F8F7CBFF608810F0040002D1217978
:10767000F9F75AF80020F9F70FF801232B7138BDFC
:107680004C0900200121FFF72FBFFFF7FBBF0000CF
:10769000024B01219869FFF727BF00BF4C0900206A
:1076A00070B50446407D0E46134668B994F848000C
:1076B000012809D194F84E003F2805D804F149006B
:1076C000BDE87040FDF756B865883246A07D15F0DC
:1076D000040118BF04F15701FCF7B0FF410705464C
:1076E00021D4C2070BD50123A07D84F84830FCF7D4
:1076F000F9FF0368C4F849308388A4F84D30AB071C
:1077000001D4012070BD094B01211868D4F857300D
:1077100084F85610C0F80930B4F85B30A0F80D308A
:10772000FDF730FAEDE70020ECE700BF4C09002040
:1077300010B5104C237C1BB1F8F7DCFFF8F762FBA7
:10774000A069FFF7E7F970B12379012B10D12379F4
:10775000E26903F18043A069D268013BBDE81040B3
:1077600052F823301847A069BDE81040FFF7F0BB7E
:10777000FFDFFEE74C09002090F86A300BB10120D2
:10778000704790F8A230002BF9D190F8940000389F
:1077900018BF012070470000074810B5037903F0B7
:1077A000FF0433B914222146043006F07DFC204644
:1077B00010BD0C24FBE700BF4C09002010B50023CE
:1077C000074C2371FCF7BAF92060FFF7E5FF08B119
:1077D000FFDFFEE7E3690BB9FFDFFEE710BD00BF87
:1077E0004C09002037B50D464FF49872002104462D
:1077F00006F05AFCFF2323701323638042F21073B8
:10780000E38302F00BFA00220146A062684602F010
:1078100034FAA06A0022012102F07AFAA16A6846CD
:10782000042202F02AFA0022A06A114602F070FA3D
:1078300004F12000A57403B0BDE8304000F0BFBAE9
:10784000FF23886A0B7002F015BA0000014B024A50
:10785000DA6170474C090020607D0700034B044A41
:107860001A60044B044A1A60704700BF2C0F0020B6
:10787000A5710700300F0020296D07000078FF3840
:1078800018BF0120704710B50446203000F0EFFA11
:107890002822618800F0FAFA6D3010BDD0E90201AB
:1078A0007047C07C003818BF0120704701757047D1
:1078B000F8B5057D0446AF1EFFB2BDB3012F2AD82F
:1078C00000F1500190F84F00FCF77AFE08280646B8
:1078D00021D0FCF7B7FDF8B9023D18BF0125012FF3
:1078E00084F84850A6758CBF002701276775FCF700
:1078F00061FE054604F0CDFA0022134B84F85620B1
:10790000E5FB0301C4E9100111462046FFF7C8FE5C
:1079100058B9FFDFFEE70826022D09D104F149011D
:107920000020FCF7C7FB60B90020F8BD0826F5E78A
:1079300004F149010120FCF7BDFB0028F4D001252A
:10794000CDE70025CBE700BF40420F0070B50446ED
:10795000807D0E461546082809D194F848303370CA
:10796000D4F849302B60B4F84D30AB8070BDFCF7D3
:1079700069FD0028F1D10323F1E72DE9F04F074617
:107980008FB00D46064606AC0FCF0FC497E80F0028
:1079900084E80F0004A800F012FAAB7A2F7D6C780F
:1079A0000093012F2B78C4F34008C4F38009C4F37B
:1079B000C00AC4F3001BC4F34012019304F0010396
:1079C000C4F3801403D0022F01D0FFDFFEE7697AF1
:1079D00004A8A401CDE9023200F0F8F9297DDDE91F
:1079E0000232022944EA42142A7F0CBF697D012138
:1079F00044EA030402F1010208BF013144EA0B1416
:107A000008BFC9B244EACA04D2B244EA890444EACB
:107A100048090DF1100840464C4600F0D9F919F01C
:107A2000080964D1404600F022FA2822214600F0DD
:107A30002DFA40F27122297900F2992395F803A0DA
:107A4000B3FBF2F34AEA012A697953434AEA014A4D
:107A500002FB0AFA53450CD9E97995F806A04AEADF
:107A6000012A297A4AEA014A02FB0AFA9A4528BF02
:107A70009A46AB7C95F818B002930BF1FF33B06ACD
:107A8000D3F1000B4BEB030B02F0BFF9B06A02F02D
:107A9000CCF9019B8DF81C7006AF8DF81830029B55
:107AA000ADF81A4034468DF82B30009B8DF828B085
:107AB0008DF82C30CDE908A90FCF0FC497E80F003F
:107AC00084E80F0098E8030030620020B184EB7A6C
:107AD00003F0FD03003B18BF012386F84F30EB682D
:107AE00033652B8AA6F854300FB0BDE8F08F4FF005
:107AF000000AD146BDE74FF40043C38443881D2BE1
:107B000008BF0021417470478174704790F91200DA
:107B10007047408800F0010070478078C0F3C000D3
:107B200070470000F0B5464E85B00446327902F049
:107B3000FF0312B90278FF2A01D1FFDFFEE7B3602D
:107B400080F861303F4B684604F1200500933E4BBE
:107B500001933E4B0293F3695B680393F8F746FD8C
:107B6000F8F7B0FBF8F7C6FDF8F74CF93848F8F726
:107B700001FC3848F8F734FD284600F038F928466B
:107B800000F03AF9F8F700FC21792520F8F774FBAA
:107B900094F91200F8F7E8FB04F12C01A06A02F056
:107BA000D2F8074604F13401A06A02F0F3F8054662
:107BB0001FB3237F0BB3B4F92650ED43ED0F637D64
:107BC00053B963885B0707D494F84830012B0DD173
:107BD00094F84E303F2B09D86FF00043D4E91012CF
:107BE0009A4208BFB1F1FF3F0DD19DB93068033013
:107BF000FCF712FD307405B0F0BD002DDFD0657FBD
:107C0000002DD8D1DBE704F044F9D4E910239042E9
:107C10009941EAD3012229462046FFF741FD50B1A0
:107C2000FCF7C8FC054604F034F90B4BE5FB0301F7
:107C3000C4E91001DAE7002DD8D0FFDFFEE700BF6E
:107C40004C0900203177070009700700E56F070035
:107C5000D6BE898E5555550040420F0073B5044677
:107C6000FFF760FF00212046FFF73EFC6388DB073B
:107C700021D50023114EA569CDE90033FF2373748C
:107C8000684601F0BDFEB0B9009CA542F8D005F1F0
:107C90000A036A7A04F10A01607AFCF725FA0028DF
:107CA000EED0A3787374D4F80330C6F81230044BC6
:107CB000B4F807209A8002B070BD00BF4C090020C4
:107CC0005E090020024B9861DB691B68184700BF02
:107CD0004C09002090F8483081614B72D0F849304F
:107CE000C1F80A30B0F84D30CB8170477047FFF7CC
:107CF0002FB9000043881A0710B504460ED58369D2
:107D00003C220F49623042721B884381FF2380F876
:107D100027304FF6FF730385FDF7BAF963882046D5
:107D2000DB0747BFA3693C223C224FF6FF7148BFE7
:107D30001988FFF7C3F8FF2384F8613010BD00BF36
:107D4000096F070080F8601070470177427770472D
:107D5000857607003D7607008B76070009740700DB
:107D60005D7C0700C16F070091760700507D07001A
:107D7000547D07005C7D07008278034612F0010005
:107D800002D0D978C90710D5900702D5D9788907CC
:107D90000AD512F0040008D0D878C0F3800080F033
:107DA00001008000C0B2704702207047C0F340025B
:107DB000C0F3800300F0010013441844704700230F
:107DC000C0F8023001234370037070478170704720
:107DD00010B54270144601708078FFF7E7FF484302
:107DE00004FB00F2FE2A01DDFFDFFEE710BD0023E9
:107DF000C37043710371704710B50446FFF7BCFFB1
:107E0000637962780133DBB29A4263710CD1E37813
:107E10000022A17803436271DBB29942E37001BF93
:107E20002379E27001332371022805D0042805D09C
:107E3000012805D0FFDFFEE7262010BD2720FCE744
:107E40002520FAE738B504468078FFF7AFFF0146F2
:107E5000E078FFF7ABFF2378227965789B1A6B43B4
:107E600059436379C91A00FB1510C0B238BD0146E9
:107E700008B58078FFF79AFF4A780B785343584348
:107E8000C0B208BD40F2EE20704700000138022861
:107E900001D9FFDFFEE7132905D811290ED81029D3
:107EA00008D0FFDFFEE71529FBD1074B03EB4003AA
:107EB000D8887047044B33F810007047024B03EB2F
:107EC00040039889704700BF967D060040F25A3300
:107ED00058437047436893F88920182A01D0FFDF80
:107EE000FEE71E2283F88920704700000C4A0346F3
:107EF000117889B9906833B9B0F85810828F9142DF
:107F00000AD8FEF719BE93891B0707D590F88A0097
:107F1000073818BF012070470020704701207047C4
:107F20006C0900202C4A034630B49489402B906899
:107F300044EA0304948103D1042130BCFEF77CBEE3
:107F4000802B01D10521F8E703F00304032C01D1B4
:107F5000FFDFFEE7DD0706D50C6811612478062CEB
:107F600010D00B2C1AD09C0706D509680978052972
:107F700011751ED00B2928D09B0644BF082313700F
:107F800030BC704790F889401C2CECD100240025AF
:107F9000C0E93845012480F88D40E4E790F8894035
:107FA000122C01BF002480F88D40012480F8C840C5
:107FB000D9E790F889101829DED100240025012185
:107FC000C0E93A4580F88E10D6E790F8891011295B
:107FD000D2D10021F6E700BF6C090020436893F876
:107FE0008920352A04D1002283F88920FDF752BA6E
:107FF000182A03D11E2283F889207047FFDFFEE78D
:10800000436893F88820092A0BD193F8091193F853
:108010001021914205D1002283F8882083F8C220E4
:1080200070479A6F110704D522F008029A67FDF78E
:1080300031BAFFDFFEE738B50E38536814460D46F7
:1080400093F88820092840D8DFE800F0053F3F3F3B
:108050000F3F183F3F27042A05D12046FDF707FAB6
:108060002046FDF75FFE002038BD0F2AFBD100221D
:1080700020461146BDE83840FDF7B1BE212AF2D1B5
:108080002046FDF7F4F9002DEDD0626892F8D83063
:1080900023F0200382F8D830E5E793F88920272AD7
:1080A000E1D10025204683F88950FDF7F3F9636894
:1080B00093F82431012B03D129462046FBF7B8FD64
:1080C0006368002283F82421CDE7FFDFFEE700008C
:1080D00073B5044640680D46836F13F0300F4AD1E4
:1080E000B1F805101A2904D9B5F80730B3F5A47F03
:1080F00006D22978204602B0BDE87040FDF7EFB9FE
:10810000B5F801201A2AF4D9B5F80360B6F5A47FB2
:10811000EFD330300096FDF770F8184B9A8992072C
:108120000DD51B7D142B0AD16268936F43F01003A9
:1081300093672046FDF7A4F9002002B070BD636884
:1081400093F88820212AEFD093F81B31002BEBD134
:10815000636893F81A31002BE6D16268936F114679
:1081600002F24B1243F0200331F8300B42F8D33CBB
:10817000FDF7AEF8DDE70120DFE700BF6C09002066
:1081800090F80E31FE2B01D0FFDFFEE7002380F8D0
:108190000E1180F80F3112B9A0F8C4207047A0F872
:1081A000BE30012380F8C2307047000013B504468A
:1081B00001A8FBF727FF08B9FFDFFEE72222002115
:1081C000019805F071FF01992246064801F8034F16
:1081D000FDF722FAFBF722FF08B9FFDFFEE702B046
:1081E00010BD00BF70090020224B70B59C6894F848
:1081F0006E3294F86F22C3BB94F86800BABB94F84F
:10820000691084F8680084F86910FF2184F86A1006
:1082100094F82411012901D0134303D000211648FA
:10822000FBF706FD04F130063046FCF7D4FF04F5F9
:10823000A17105462046FCF7FDFF20460621FEF70A
:10824000FBFC3046FCF7C7FF854204460BD203F027
:1082500061FF0146601B192838BF192003F02BFF6E
:1082600010B103F01AFE012070BD1846C6E7114692
:10827000C7E700BF6C090020700900202DE9F84312
:10828000684D0646AC68002840F08880AB891A0724
:108290002AD594F80E31FE2B01D1FFDFFEE7FE2335
:1082A00084F80E3194F889301E2B06D184F8C7006B
:1082B000281DFDF7EFF884F8896094F88830242BA6
:1082C0000AD194F88930A3F12402062A29D9322B45
:1082D00027D0252384F8883094F88A30072B02BFF2
:1082E00002236B7584F80E31AB89DB071BD4AB8995
:1082F0005F077BD4990740F18380287D0122AB681A
:108300000D2883F80F2178D0112800F084800728E9
:1083100000F08380FDF70CFA034600286ED1FFDFE2
:10832000FEE73223D6E7D5F80880296998F8893026
:10833000D1F80090113B99F800700F2B09D8BB1EA3
:10834000DBB2092B6BD840F2333222FA03F3D807A1
:1083500065D509793846FCF779FC20B939463248A9
:10836000FDF7BDF83AE0012F01D9162F22D198F878
:108370008800FDF7A1F840B198F88830242B04D08C
:10838000252B07D1322388F888303846FDF7C6F907
:1083900003461CE0162F14BF022620262B781B074D
:1083A00005D594F88930113B0F2B98BF082630462D
:1083B000BDE8F883112F15D005D8072F14D00D2F45
:1083C000E3D11A4B05E0142FDFD1194B1B68002BAA
:1083D000C4D02A694946144812799847002886D0A3
:1083E0000646DBE7134BF4E7134BF2E794F88A20D9
:1083F000062A04BF01226A757CE7104B0A48984799
:10840000AB89DA06CAD594F889300A2BC6D10B237A
:1084100084F88930C2E70A4BF0E70A4BEEE70826FA
:10842000BCE700BF6C0900207009002043850700ED
:10843000340F0020818507006B840700D57E07007C
:10844000DD7F070001800700837D63B9437CA3F1D2
:108450001002032A07D990F8500028B1202B8CBFB6
:108460000020012070470120704738B50446487845
:10847000A0F10E03DBB2092B08D8012140F25122F2
:1084800001FA03F5154203D1082B06D0002038BDB0
:108490002246BDE83840FFF7CEBD636893F88830C8
:1084A000252B01D0322BF1D12046FCF7E0FF636889
:1084B00093F88920262AE9D093F8D9201A2120465A
:1084C00022F0010283F8D920626892F8D93023F0B3
:1084D000080382F8D930FBF7ABFBD7E7A0F10E0316
:1084E0000029DBB208BF1F21092B70B5144607D83D
:1084F000012540F251269D40354203D1082B06D07C
:10850000002070BD0021BDE87040FFF794BD5568A4
:1085100095F88830252B08D12046FBF789FB0023EE
:1085200085F8883085F8C230EAE7322BE8D195F833
:108530008930A3F12402062AF1D9322BEFD02A2167
:10854000EAE702464068497890F88830252B0FD03A
:10855000322B0DD0042B0DD00F2B0DD0212B0DD095
:1085600090F88930272B0CBF1720FE20FFF7B6BFED
:108570001620FBE70E20F9E71220F7E71420F5E7B5
:10858000024640680B4690F8D81041F0040180F88C
:10859000D81099785878FFF7A1BF10B50C46D1E9EB
:1085A000040101F0F1FA94F887304BB104F502743C
:1085B000204604F04FFD2046BDE8104004F07FBD8A
:1085C00010BD0020704708B5FCF79AFFBDE80840D1
:1085D000FDF73EBA0022A0F8882080F88C2090F8A1
:1085E000BB3113B10221FEF727BB0321FBE70000DB
:1085F0002DE9F84FB24F0E468046B989BC688D050B
:1086000004F1780A54BFB4F8B8200023504653BF91
:108610000132A4F8B83084F8BF31A4F8B820FFF7CD
:1086200013FF30B10B4604F5967221465046FDF714
:1086300015FCBB8903F4C0632BB194F88C30002B7C
:1086400046D0032B4BD094F88C20BB89012A04D14F
:10865000180544BF022284F88C20B8F1000F40F0C6
:108660009480590657BFB4F8D8214246013292B2DD
:10867000A4F8D82103F00A020A2A0CD13A7D022A72
:1086800009D123F008033046BB81FFF7F7FD3043E3
:108690000823C6B2BB813046FFF7F0FDBD6830430A
:1086A00095F80E31C6B2FE2B3CD1DEBB95F88A3070
:1086B000063B012B36D995F81831ABB195F8193135
:1086C00001220221A5F8BC6085F81031284628E176
:1086D000012184F88C102046FEF7AEFAB3E702239E
:1086E000012184F88C30F6E795F889B0ABF1100BD6
:1086F0005FFA8BFBBBF1100F40F2E680AB6FDA073D
:1087000002D532460921E1E7980740F192803246CE
:108710000C212846FFF734FD95F8C93043F00103DA
:1087200085F8C930B4F8B83194F8BC510133A4F8D5
:10873000B831002D00F0E381FAF768FA10B1002398
:10874000A4F8B83194F88C10012940F20D8294F805
:108750008A30072B40F0EB81B4F8B830022B40F29E
:108760000382B4F8BA500135ADB2B4F87E302B4470
:10877000A4F8B03194F8BD31002B00F0F981012349
:10878000B4F87E201344A4F8B431BB89BD685B06FD
:1087900057BFB5F8C4310023B5F8B6219B1858BFB0
:1087A0009BB2A5F8C43195F8183123B995F88A30F1
:1087B000063B012B06D8B5F8BC30B5F8B6211344FA
:1087C000A5F8BC3095F8C21031B1B5F8BE30B5F897
:1087D000B6211344A5F8BE3095F9C620002AC1BFC2
:1087E000B5F8C430B5F8B6011B18A5F8C43095F833
:1087F000AB3063B9B8F1000F40F048827B7D022BAB
:1088000040F0FD8195F81031062B18BF162395F81E
:10881000AA2022B92B4885F8AB30FCF7BBFF2846CD
:10882000FFF7D8FE002384F8BB31BDE8F84FFBF713
:1088300011BC590702D53246132147E71A0706D55E
:1088400095F80831324685F8103107213EE713F0DC
:10885000300F59D095F81B31002B55D195F81A31AE
:10886000CBB195F8893005F58D7105F26E22292B73
:1088700024D095F88830A3F129004342434128468B
:10888000FCF7ADFCAB6F23F0200343F01003AB67A4
:10889000002385F81A31AB6FDB0635D505F5A171DC
:1088A0002846FCF7C7FCB5F8523000221521A5F880
:1088B0001031B5F85630A5F8123107E70123DEE78D
:1088C0006C09002070090020D7F8089099F88930C9
:1088D000182B32D013D8112B20D0162B24D095F87A
:1088E0008830002B67D195F88930103B102B6AD95E
:1088F00095F8B630002B66D001221221E6E6202B37
:10890000EDD1324606210BE0B86890F88930262B6D
:1089100041D0352BE3D10022112102E032460B2158
:108920004846FFF72DFCFDE64846FDF79FF8002876
:108930003FF4F8AE00220421F2E799F86832012BE7
:1089400007D1324605214846FFF71AFC89F86862CC
:10895000E8E699F86832022BD9B27FF4E3AE99F8D1
:10896000C83053B10623324689F810314846FFF724
:1089700007FC002389F86832EAE703210622B048A1
:10898000FCF794FD99F8D830324613F0040F0CBF71
:108990000D211121EAE790F82431022B02D10022A7
:1089A0001721BEE790F82431012B98D190F825319A
:1089B000002BF4D093E7092B05D195F8093101225A
:1089C00085F8103141E7BBF1100F7FF6ABAEBD6803
:1089D00095F88890B9F1000F7FF4A4AE95F82B318B
:1089E0003BB101220E212846FFF7CAFB85F82B91E7
:1089F000AEE795F82A318BB195F8C93013F0030929
:108A00000CD101220C212846FFF7BAFB95F8C9309A
:108A1000134385F8C93085F82A9199E795F81A31FA
:108A200033B395F81B311BBB95F8893005F58D7173
:108A300005F26E22292B19D095F88830A3F1290070
:108A4000434243412846FCF7CAFB002385F81A310C
:108A5000012214212846FFF793FBB5F85230A5F800
:108A60001031B5F85630A5F812315BE60123E9E77D
:108A700095F82431012B7FF455AE95F82531002B64
:108A80007FF450AE95F88930A3F12402062A7FF6D0
:108A900049AE322B3FF446AE95F86800012803D06A
:108AA000022801D0FFDFFEE795F86910012903D005
:108AB000022901D0FFDFFEE7022895F826210BD01E
:108AC000012A14BF0022012242B90A3B042B7FF67F
:108AD00029AE01221621F9E5022AF2E7022995F8CA
:108AE00027210AD0012A14BF00220122002AECD03B
:108AF00000215348FBF79CF814E6022AF3E7FAF743
:108B00007FF808B1A4F8B851FAF788F800283FF4C4
:108B100019AE94F8BF310133DBB2022B84F8BF31B8
:108B200082BF0023A4F8B83184F8BF310AE694F874
:108B3000B6301BB194F888300F2B15D1B4F8BA5069
:108B40005046B4F8B830ED1A033DFFF77DFC68B12C
:108B5000D4F8B030D4F8AC20033B9B1A9D42A8BF98
:108B60001D46012D3FF700AE0125FEE52B46F5E73A
:108B7000012D7FF604AE94F8893013B10B2B7FF4EE
:108B8000FEAD94F88830002B7FF4F9AD94F88A306C
:108B9000002B7FF4F4AD02297FF4F1AD94F8BF31DE
:108BA000002B7FF4ECAD2069B4F82E9000F007FCA8
:108BB00000283FF4E4AD94F80E31FE2B7FF4DFADD6
:108BC000B4F8B231012B7FF6DAADB4F8B821238CBA
:108BD0009A42BFF4D4AD013D9B1AADB29BB2B5FB36
:108BE000F9F59D4228BF1D4605FB09F3003D03F141
:108BF000010318BF01259BB284F8BA51C0E5012BCF
:108C000009D195F88B30002B7FF401AE0021284666
:108C1000FEF712F806E64EB1F00635D4310735D42A
:108C2000B20635D4B30735D1FFDFFEE751B1B5F851
:108C3000BE10B5F8C030994204D32223E7E500BF47
:108C400070090020002A05DDB5F8C420B5F8C03051
:108C50009A42F2D2B5F8BC20B5F8BA309A420AD29C
:108C600095F88C20B5F8B83052B1B5F8BA209A42D0
:108C7000CCD80823CBE595F81831002BDDD1EFE7F0
:108C8000052BC3D93E23C2E51E23C0E53D23BEE527
:108C90002323BCE52A23BAE573B55B4B00250122EB
:108CA000044698601A719D811D705D75FF2380F8E0
:108CB000BB31B0F8B231D3B190F80E31FE2B16D1E2
:108CC00090F818319BB190F88A30063B93420ED948
:108CD00090F819310221A0F8BC5080F81031FFF74C
:108CE0004FFA80F8BA510846FFF760FA03E094F8AB
:108CF0000E01FE28F8D1B4F8B61104F17806E38D20
:108D00000139B4F8B821304689B2B1FBF3F313440A
:108D1000A4F8B831B4F8B8300B44A4F8B830FFF771
:108D200093FB20B1D4F8AC300B44C4F8AC30B4F8A9
:108D3000B2310025012B9CBF0133A4F8B23109B137
:108D400084F8BF5194F8893084F8BA51A3F10A022B
:108D5000012A29D8B4F87E30B4F86C229B1A190481
:108D60003BD404F26E2104F19000FBF761FE84F81D
:108D70008950FF2384F8C330B4F8B6212146304629
:108D8000FBF79DFE94F889302049113B204A0F2BB8
:108D90008CBF0023012301931E4B00931E4B03C97C
:108DA000F9F76EFE02B070BD292B16D1B4F86C2213
:108DB000B4F87E309B1A1A040FD484F88950FFF758
:108DC00013FA014630B984F8240102B0BDE87040BE
:108DD000FFF70EBC84F82451CEE794F8883003F0F6
:108DE000FD03292BC8D1B4F87E30B4F86C229B1A4D
:108DF0001B04C1D4002384F88830FFF7F5F901463D
:108E00000028B9D1E1E700BF6C09002070090020FB
:108E1000257F0700F1850700ED7E070038B5044681
:108E2000084694F8683213B10C25284638BD94F8EA
:108E30008930162B01D0182BF6D194F8843203F028
:108E4000FF05002BF0D178B194F8D6310BB9FFDFD4
:108E5000FEE7052304F1F00204F5E37104F0C9FF15
:108E6000012384F86832E0E70223FAE7D0F874328D
:108E70008269934210B5044604D1D0F87812026A90
:108E8000914215D0228804F28D100F49A4F8972141
:108E900040F2E242B3FBF2F3A4F89931B4F878322D
:108EA000A4F89B31B4F87A32A4F89D31FCF724F988
:108EB00002212046FBF743FD002384F88930032379
:108EC00084F88C3010BD00BF6158070008B5FCF76E
:108ED00077FB024B024A1A6008BD00BF340F002026
:108EE000D1800700FCF780BB064A074B02604FF4B5
:108EF00026725B7882800822C3710023827103721C
:108F0000704700BF9B85070084090020064A074B75
:108F100002604FF498725B7A82800822C371FF234B
:108F200082710372704700BF4178070084090020F6
:108F3000094B07B5DA886846ADF800209A885B8847
:108F4000ADF80420ADF80230FAF7F4FC08B1FFDF09
:108F5000FEE703B05DF804FB84090020F8B5C41DEA
:108F60000028054624F007040CBF0020204600F02E
:108F7000DBFB071E02DA6FF00B00F8BD254EB1884F
:108F800070880331F3790330B27989B280B200F08E
:108F900095FD0028EFDB3C4473783178002D04F117
:108FA0000304194424F0030400FB01F10CBF00206A
:108FB000204600F097FD23180DB9002BDBDB717AFA
:108FC000184679B10333002D728923F003040CBFD6
:108FD0000020204600F0F4FD0028CCDB20440DB931
:108FE0000028C8DB317A91B1737A83B1C41D002D9A
:108FF00024F007040CBF00202046FDF771F800287C
:10900000B9DB0DB10020B8E72018B6D5B3E7002DC5
:10901000F8D1B2E78409002010B5044604F0CEFD73
:1090200010B94FF0FF3010BD02F084FEB0F5FA7FAA
:10903000F7D80D4B00221A744FF48072DC601A804E
:109040001B225A809A8040F20322DA804FF4847205
:109050001A811F225A81EFF3108472B601F026F8AC
:1090600004B962B60020DEE78409002010B50028AC
:109070003CD1214C237C032B35D059B1002A38D068
:109080000239052932D8DFE801F0031223312629FD
:10909000137863700020FFF761FF0028B7BF01233A
:1090A00002236FF00B002374A8BF237410BD137943
:1090B000FBB15379EBB113881A2B1AD953881A2BA9
:1090C00017D913689288C4F802300C4B9A80E1E7F4
:1090D00013786372DEE713886381DBE71388FF2B65
:1090E00007D82372D6E74FF0FF30DFE76FF02C0090
:1090F000DCE76FF01500D9E784090020860900201D
:10910000F8B50D46064620B319B311F0070420D177
:10911000114F3B7C012B02D16FF00B00F8BD032BEC
:1091200002D14FF0FF30F9E700F056F80028F8D0F0
:109130002846FFF713FF0028EEDBF6F7E6FD304682
:109140002146FAF7D5FCFFF7F3FE032320463B74D4
:10915000E4E76FF01500E1E78409002010B5064C44
:10916000237C032B03D1FAF7D9FCFBF79FFE00F019
:10917000C1FF0020207410BD8409002008B5FAF753
:1091800083FC03490120BDE8084000F0C5BA00BFD8
:109190000D8F070008B5FAF78BFC03490020BDE8E6
:1091A000084000F0B9BA00BFE98E0700FAF7FCBB2F
:1091B000FAF70BBCFAF70CBCFAF704BC0268002003
:1091C000014B1A60704700BF98090020014B1B68D3
:1091D000184700BF98090020024B1868003818BFD4
:1091E00001207047980900200A8870B595B2C67CA6
:1091F000C2F30E020488023602F118033444C35A43
:10920000A4B233442344013BB3FBF4F303FB042235
:10921000438892B29342044B8BBF2B40AB43134322
:109220009BB20B8070BD00BF0080FFFFF8B5941C9F
:109230000E46054617460C446343B3F5004FA8BFDE
:109240004FF0FF3310F0030101D0FFDFFEE79CB2C7
:10925000B4F5004F01D9FFDFFEE71422043004F01B
:1092600023FFEF746C802E80F8BD03888B4210B50D
:1092700001D2FFDFFEE7C388048983EA0402C2F358
:109280000E020AB9A34207D1C3F30E030122183319
:10929000C1528274184410BD1046FCE702310144EB
:1092A0004A43B2F5004FA8BF4FF0FF3290B21B30D7
:1092B00020F00300B0F5004F34BF00B24FF0FF3094
:1092C000704740881B3020F00300B0F5004F34BFDA
:1092D00000B24FF0FF3080B2704738B503888B4240
:1092E00001D2FFDFFEE7857C65B1C388C3F30E03BF
:1092F0001833C25A8A4207D3C152811DFFF774FF47
:1093000000238374284638BD0025FBE70346183048
:10931000F0B59E88DD88B4B2C6F30E06A54214D01F
:109320005F89DD7C845B3D44E41B0235A4B2354497
:1093300028440D88A54284BF0C8025465989B1FA7E
:1093400081F149091170DD81F0BD00252846FAE759
:10935000F8B582880026C38904460D4692B20E6095
:10936000B3B14189C2F30E020B4418329BB2871885
:10937000825A4381934201D9FFDFFEE704D1011DE8
:10938000FFF732FF46812F6000230120E381F8BD03
:109390001846FCE701898388C1F30E029BB218329C
:1093A0001044994208BF0020704783880146028913
:1093B0009BB29A4202D00831FFF716BF70478388EC
:1093C000C0889BB2C31A584258417047828873B50F
:1093D00095B2C488C2F30E02AC4202F1180212D058
:1093E0004189C689835A314499420EDB0DF1060149
:1093F000ADF80650FFF7F8FEBDF80600001B18BFD9
:10940000012002B070BD0020FBE70120F9E770B534
:10941000C488034606891830C4F30E0584EA0602A0
:10942000C2F30E020AB9B4420FD19C891A880CB15A
:10943000465B921B914207DCDA7C2C4402322244C8
:1094400010440A461A8270BD00221046FAE7F8B5A9
:10945000038A002B35D08B4233D3C48800F1180324
:109460008589C4F30E041E1995B91D55757085893B
:109470001E5B0D443144ADB285811953BAB1811DD3
:10948000FFF7B2FE00238381002303820120F8BD91
:109490001E5BAE4201D0FFDFFEE7C57C2644878A13
:1094A000023535445E195F53857DB570DFE7C27CB8
:1094B000254402322A4499189B5A83828B788375FB
:1094C000E2E70020E3E78388C2889BB29A4206D095
:1094D000428922B9C3F30E031833184470470020A1
:1094E0007047C37C0233C8187047C37C0233C81A64
:1094F00070470230704738B58388C2889BB29A4261
:1095000007D045892DB9011DFFF76EFEC5810120E9
:1095100038BD0020FCE70023838103827047038865
:109520001380C388C3F30E031833034480890B6090
:10953000704700004A1E03460846062A01D8FFDF8E
:10954000FEE7094A914201D9FFDFFEE711B94BB1AD
:10955000196070472BB11B680022C3E901211A1D55
:109560001A600430704700BFFAFFFF7F03680022D3
:1095700023B9C0E90132031D0360704759681B68B5
:109580000A44F5E70729034670B501D8FFDFFEE777
:109590000068C0B1446806461A688C4210D0106852
:1095A00060B901F10805AC420DD3546850501868F9
:1095B000651A541800686560505002E01346E9E7E8
:1095C000146830461C6070BD0023C1E90032036896
:1095D0000B600160704730B5458804882C441D44F9
:1095E000A24298BFA41AAA4201D2FFDFFEE7234499
:1095F0009A4201D2FFDFFEE7081930BD70B54688F8
:10960000048834441E44A24298BFA41AB24201D234
:10961000FFDFFEE723449A4201D2FFDFFEE74680E8
:10962000081970BD30B504884588E41A1D44A4B2F9
:10963000944224BFA418A4B29542048001D9FFDF4C
:10964000FEE72344934201DDFFDFFEE74580081972
:1096500030BD70B504460088C618B5B2954224BF27
:10966000AD1AADB2258065889D4201D2FFDFFEE7CD
:10967000964201D9FFDFFEE7ED1A0844658070BD10
:1096800030B590B18478B1FBF4F304FB131300EB15
:10969000430252898A4201D1D8B230BDC27822B980
:1096A00000F10803D0B2844201D8FF20F5E733F877
:1096B000025F01328D42F5D1EFE7827803880532EF
:1096C0004B4303EB420318447047000010B5114BA5
:1096D00000EB41041A786389B3FBF2F303FB022326
:1096E000013A1A44B2F5706F0279807828BF0023DE
:1096F0001A440B18B2FBF0F100FB11215B1AB3FB0B
:10970000F0F100FB113313446FEA43436FEA534314
:10971000638110BD9C090020024B03EB800359605C
:10972000704700BF9C0900202DE9F04F10F0070999
:1097300085B0044601D0FFDFFEE7564E824606F1B3
:109740002005A8462F4633688DF80B903BB101A841
:1097500098479DF80A30082B01D9FFDFFEE79DF8F6
:109760000B0038BB04B12860043604354645EAD105
:10977000002C76D00022DFF820810726964688F854
:10978000002057F82690013EB9F1000F5CD099F8FF
:10979000045099F802C0FF2D68D031460023481CC0
:1097A0003FD19C44BCF1FF0F46D90AB188F800E0D4
:1097B000FFDFFEE79DF80AC0BDF80810CCF10003FA
:1097C000614401391940B1F5803F01D3FFDFFEE765
:1097D000BCF1020F00F1050338BF4FF0020C5A0034
:1097E0000AEB43030CF1FF3ECCF1000C734403EA97
:1097F0000C039CB19A1A4FF0010C2A6090701180F2
:1098000082F803C09DF80CC082F804C0DDF804C0E3
:109810004FEA1C4EA2F808C0A2F806E001FB003A8D
:10982000A2E757F8210028B190F804B0AB4504BF77
:1098300080781B180139B2E7DBB2E64589F80430BD
:109840003CBF5FFA8CFE0122731C9AD10AB188F8E2
:1098500000E0072540F6FF6957F82560BEB9013DD5
:10986000FAD2AAEB040005B0BDE8F08F0023E4E7CC
:1098700006EB410308F101083046A3F80A90FFF710
:1098800025FF5FFA88F1B3788B42F1D8E7E74FF014
:109890000008F6E7A00900209C090020034B03EB19
:1098A0008003586A00B18078704700BF9C0900208F
:1098B0004FF6FF73024630B40380164B03EB81036F
:1098C000586AA8B184780379B3FBF4F104FB11332F
:1098D000DBB2194600EB4105B5F90A50002D0CDB4F
:1098E0000131B1FBF4F504FB1511C9B28B42F1D182
:1098F000002030BC7047FFDFFEE700EB41046389C6
:10990000C3F30E031380C278002AF4D0638130BC05
:10991000FFF7D3BE9C0900201B4B03EB810370B5FE
:109920005C6A05462CB3030401D5FFDFFEE7014660
:109930002046FFF7A5FEFF28014604D02046BDE8DB
:109940007040FFF7BABEA078B5FBF0F300FB1353ED
:10995000DBB219460A1D04EB4206B6F90260002E7E
:1099600009DB0131B1FBF0F200FB1211C9B28B42ED
:10997000F0D1002070BD8B4201D00023E37004EBD6
:1099800042025580DAE700BF9C090020094B03EB37
:109990008103014610B55C6A2046FFF771FEFF287F
:1099A000014604D02046BDE81040FFF786BE0020E7
:1099B00010BD00BF9C090020F8B5104B074603EB13
:1099C000810301465C6A2046FFF75AFEFF280546E0
:1099D00011D0E288238953EA024606D00146204688
:1099E000FFF76BFE01463846B04720462946FFF791
:1099F0006DFE0020F8BD0520FCE700BF9C0900209B
:109A000038B50E4B0446827903EB8203586A08B9D5
:109A1000052038BD8278E1799142F9D24B1CE3717F
:109A200000EB41035D89B3F90A30002BF3DBA5801D
:109A3000FFF743FE20600020EBE700BF9C090020F9
:109A400037B500240546CDE900448DF80600684688
:109A5000FFF7D6FF224601340028F8D02846FFF74A
:109A60001DFF801AC0B203B030BD37B500240546D3
:109A7000CDE900448DF806006846ADF80440FFF7D4
:109A8000BFFFBDF8044008B103B030BD29462046F1
:109A9000FFF792FF0028EFD0FFDFFEE708B5064B87
:109AA00003EB81030146586AFFF7EAFDFF2801D165
:109AB000FFDFFEE708BD00BF9C09002070B51E4611
:109AC0000D460A21FFF7EAFB0446324609212846E3
:109AD000FFF7E4FB40EA04031B0454BF00194FF0F6
:109AE000FF3070BD70B5044610F003000E4601D083
:109AF000FFDFFEE7FFF71EFD054624B103483146B0
:109B00000460FFF717FD284670BD00BFE009002084
:109B10002DE9F14FDFF86CB01E4607460D46DBF825
:109B2000003090469DF828A09DF82C900BB9FFDFDF
:109B3000FEE752460A214046FFF7B0FB4A4684B290
:109B400009213046FFF7AAFB81B2DBF8000021446F
:109B5000FFF718FD386018B9286001B0BDE8F08F34
:109B60000444534641460A222C603868FFF75EFBE6
:109B70004B4609223146286801B0BDE8F04FFFF797
:109B800055BB00BFE009002070B50E460446FFF744
:109B900098FB05463046FFF794FB044B2A182146F4
:109BA0001868BDE87040FFF70FBD00BFE009002056
:109BB000024B186808B1FFF7D9BC7047E0090020D4
:109BC0001F2AF0B5044623D89200033248B1830718
:109BD00001D0FFDFFEE7104B586022F00300197040
:109BE0001881282322F003020025012703FB01F03E
:109BF0001204094B120C5B68EEB2B14200D8F0BD02
:109C000014B126181F705E60104401352833F3E745
:109C10004FF0FF30F3E700BFE4090020144A0021B1
:109C200070B553681578C8B2854201D8FFDFFEE7EA
:109C30001C461846013114F8286B0EB92346F2E78A
:109C40000021997001241289996103F126055C7045
:109C50009208D96103F11E04596824F8022FAC421E
:109C600043F8041F1144F8D100234361037070BD11
:109C7000E409002001230370704710B5FF238B70A7
:109C8000C2F3800301245B00DBB2CA18127D032AF1
:109C900008BF0133CA18147503F10C04002201EB4C
:109CA000830321F814205B688A700360828010BDF2
:109CB000F8B50C46054611461E4684F001046400C2
:109CC000E4B2FF23837003191B7D012B05D00134FF
:109CD000E4B203191B7D012B0AD105EB44073B8B32
:109CE0003A8C9819904205DD00232C443B83237560
:109CF0000020F8BD05EB840432466068184404F087
:109D00001FFA3B8B1E443E830023AB700120F0E71B
:109D100081F00101490010B5C9B2FF2383704318D7
:109D20001C7D012C07D10C3120F8112002221A755C
:109D30000023837010BD0131C9B243181C7D012C72
:109D4000F1D0FFDFFEE7024630B5837803F0FF0075
:109D5000F3B9137D022B19D0537D022B15D1034685
:109D6000012089B10024D5180C332C7522F813403A
:109D7000131803241C7502EB80035B680B6000F171
:109D80000C0332F813308B80012030BD0123E8E74B
:109D90000020FAE7034630B5827802F0FF00E2B90E
:109DA0009A7D022A17D0DC7D022C13D1032281B1C7
:109DB0001D1900200C34287523F81400981803246A
:109DC000047503EB82000C32406833F812300860EF
:109DD0008B80012030BD0324E9E70020FAE7037DF2
:109DE000012B01D1008B7047437D012B0CBF408BB1
:109DF00000207047837D012B01D1808B7047C37D8C
:109E0000012B0CBFC08B00207047027D022A01D1BC
:109E1000008B7047437D022B01D1408B7047032A92
:109E2000F6D0032BF9D000207047827D022A01D1A1
:109E3000808B7047C37D022B01D1C08B7047032AF2
:109E4000F6D0032BF9D00020704730B503B930BDF0
:109E5000013BDBB2CC5CD55C6C40C454F6E7013905
:109E60000244002310B5904200D110BD11F8014FFB
:109E700043EA440300F8013B0B78DB09F3E70428CD
:109E80007FB509D10123059101A800218DF8043087
:109E9000ADF80830ECF7A6F807B05DF804FB000059
:109EA000104B2DE9F041064693F800805D680027CD
:109EB000FCB2A04501D800200FE0AA7BB37B9A42F8
:109EC0000DD1EA7BF37B9A4209D10C223146284618
:109ED00004F0DAF818B9601CC0B2BDE8F0810137AF
:109EE0001035E5E7F009002038B50B460446B8B157
:109EF000B1B102010021184604F0D6F8094A034620
:109F0000014602F1100052F8045B824241F8045B02
:109F1000F9D1054A0121002011701472536038BD37
:109F20000120FCE7F57D0600F009002038B5044665
:109F3000FFF7B6FF90B90A4A1378117A99420DD902
:109F400051682046103401EB031150F8045BA04225
:109F500041F8045BF9D10133D8B2107038BD00BFAD
:109F6000F0090020014B1878704700BFF00900206D
:109F7000044B187801281EBF00F1FF301870002034
:109F8000704700BFF009002038B5022814464FF092
:109F900000020D46A270228008D10B880BB9012067
:109FA00038BD0122A27000202380F9E71028F6D1E5
:109FB000084633B1FFF7BAFFA0700028EFD0AB8995
:109FC000F1E7FFF76DFFF7E70023FFF7DDBF0000C4
:109FD00070B509B9012070BD00230B708378012B87
:109FE00009D122B10388137003881B0A537002231E
:109FF00000200B70EFE7EDD90D4C25789D42E9D399
:10A000009AB103F180536468013B04EB03131446D7
:10A0100003F1100553F8046BAB4244F8046BF9D11B
:10A020000388137303881B0A53731023E0E700BFF0
:10A03000F00900200B4B01224FF0FF3000215A6045
:10A04000C3F80803C3F80015C3F804255A6040F6A6
:10A05000FE72C3F80803C3F8001503F56033C3F8B4
:10A060000825704700A004400E4B802200210E48B6
:10A0700083F88A1383F8E51383F8851383F84B2359
:10A0800083F84A23C27783F8D71383F80E2483F822
:10A090004E2383F81C23C02283F81E2383F81D233C
:10A0A000704700BF00E100E000ED00E008B5FFF7F9
:10A0B000C1FF0E4B4FF48062C3F88820BFF34F8F6F
:10A0C000BFF36F8FC3F8882140F6FE72084BC3F8C8
:10A0D000082500F007FA00F0B1FC1D2000F094F80C
:10A0E00000F05EFDBDE8084000F020BE00E100E0A9
:10A0F0000020084008B5FFF79DFF0B4B4FF480622E
:10A10000C3F88820BFF34F8FBFF36F8FC3F8882148
:10A1100040F6FE72054BC3F8082500F045FDBDE88A
:10A12000084000F019BE00BF00E100E00020084038
:10A130000920704702F070BE03F02ABA03F01ABF7C
:10A1400002F072BE06207047203838B5C3B20C4604
:10A150002F2B09D8054B53F82050D1E90223D1E920
:10A160000001A847206038BD0120FBE7087E0600FB
:10A17000114B1A6870B5E2B15A6809210125013204
:10A180001E68092A28BF002205FA02F426420DD0D3
:10A190005A60EFF3108172B61A6822EA04021A605C
:10A1A00001B962B65B680360002070BD0139E6D179
:10A1B0005A600520F9E700BFFC090020074BB3F9FE
:10A1C0000830002B09DB5A09012103F01F039940D5
:10A1D00002F14003024A42F823107047FC090020B4
:10A1E00000E100E010B4EFF3108172B6054A0123DC
:10A1F000146803FA00F02043106001B962B610BC85
:10A20000FFF7DCBFFC090020024B002218811A6016
:10A210005A607047FC090020044B1A68012303FAB6
:10A2200000F01040003818BF01207047FC090020E2
:10A23000F0B5174B40F20114C3F80045D3F80444BD
:10A24000E407FBD50023124C93424FEA830516D155
:10A25000D4F81834D80709D401230D4AA3600D4B54
:10A26000D3F80035D2F80434D907FBD5084B0022C7
:10A27000C3F80025D3F80424D207FBD5F0BD51F86C
:10A280002360D4F80474FF07FBD501334651DBE7A4
:10A2900000E0044000200E40012910B53BD0022907
:10A2A00012D0002949D1264C2378022B01D0FFDFA0
:10A2B000FEE7D4E90121E068FFF7BAFF0523237028
:10A2C000BDE8104002F050BE1D4C01F0E2FDD4E9A3
:10A2D0000432C01A1B4B61EB020183424FF00003B2
:10A2E0008B4120D3A369F3B92378022B01D0FFDF80
:10A2F000FEE7C0F5452084F82830012304F1200151
:10A3000000F54160A361206304F1380002F042FED1
:10A3100080B9FFDFFEE70A4C2378052B05D003F058
:10A32000FB03022B07D1032000E00220FFF75AFFB6
:10A330000023237010BDFFDFFEE7FFDFFEE700BF55
:10A34000080A00200F5C0C00F8B5044608B9FFDFCE
:10A35000FEE790F85850052900F2BC80DFE801F0D4
:10A36000037A42626B7490F82A30033B012B01D9C7
:10A37000FFDFFEE7052380F82A30002380F85930FC
:10A380000378EBB12378012B24D102F09BFE6368A4
:10A3900094F828606362C4E90601F6B901F087FD0C
:10A3A0003146204603F05AF9236A31462846984739
:10A3B0000146204603F08CF9022840F08D80F8BD5C
:10A3C00001F067FD07460E4602F07CFE87428E4193
:10A3D000F6D3D7E7D4E90401D9E72046BDE8F84031
:10A3E00003F044B990F82A30DA1E012A01D9FFDFC0
:10A3F000FEE790F828202AB121462846BDE8F8401B
:10A4000003F0F2B8042B036A18BF012180F82A1068
:10A410000521284698470028D1D00378002BCED0BC
:10A42000FFDFFEE790F82A30052B01D0FFDFFEE7C3
:10A43000036A0221BAE790F82A30052B01D0FFDF2A
:10A44000FEE7036A0121B1E790F82A30052BC4D05A
:10A45000FFDFFEE790F82A30052B06D090F8292080
:10A460000AB1032B01D0FFDFFEE794F82820002A71
:10A47000C2D194F859307BB102230821284684F8D0
:10A48000592084F82A30236A9847002897D0037807
:10A49000002B94D0FFDFFEE794F8292052B121462B
:10A4A00004F1300084F8293002F074FD002886D1D0
:10A4B000FFDFFEE702230721284684F82A30236ABB
:10A4C000984700283FF47BAF0378002B3FF477AF29
:10A4D000FFDFFEE7FFDFFEE70128236A0CBF042150
:10A4E000032163E7014B00221A707047080A00201D
:10A4F0002DE9F04704460F469146002A00F08C8073
:10A50000EDF718FE18B10F252846BDE8F08709F1D0
:10A51000FF35AD0015EB040840462CBF0126002690
:10A52000EDF708FE0028EED1002EECD13C4BD3F81D
:10A530002C33B4EB832F4FEA83226FD290456DD238
:10A5400044EA07039B0769D13846EDF7F3FD00287D
:10A55000D9D1E8192CBF4FF0010A4FF0000A554637
:10A56000EDF7E8FD0028CED1BAF1000FCBD12D4B8D
:10A570001A682D4B9A4205D04A4639462046FFF7C5
:10A5800057FEC1E7294E33780BB11125BCE70220F5
:10A59000FFF742FE0028F8D10320FFF73DFE0246F8
:10A5A0000028F2D1224906F1380002F0EDFC012327
:10A5B000C6F818A03370C6F80490C6E9027401F01A
:10A5C00068FC3378012BC6E9040101D0FFDFFEE708
:10A5D000E40886F82030174B3146C4EBD80406F166
:10A5E00038005C434FF47A7304F5AD3404F2A714D9
:10A5F000B4FBF3F440F203431834338547F230538D
:10A6000074623363022301F8203B02F0C3FC00288C
:10A610007FF47AAFFFDFFEE7092575E7102573E7C2
:10A6200000C0FF00D40A0020BEBAFECA080A0020FB
:10A6300099A20700C0570100024B4FF08042C3F8B7
:10A640000021704700E100E0233023289ABF024B2D
:10A65000185C0320704700BFC87E060010F1230F6E
:10A6600002D018B1FFDFFEE74FF400507047002022
:10A67000FFF7B8BD10B50A295BD8DFE801F0060680
:10A680000606064D5A525456580001392A4C0329E1
:10A6900003D8DFE801F01215181B002003F0AAF818
:10A6A000A36800209847002839D003782370032B33
:10A6B00030D8DFE803F0100E1012A3680120F1E794
:10A6C000A3680220EEE7A3680320EBE7A368042059
:10A6D000E8E743686360184810BD4368002BF9D071
:10A6E0001A7822734AB91A7922749A6862615A797F
:10A6F000DB686274A361114BECE7012A08D11A7977
:10A700002274DA68A2615A799B6862746361F2E725
:10A71000FFDFFEE7FFDFFEE70420FFF763FD002019
:10A72000DAE70620F9E70520F7E70720F5E7FFDF7E
:10A73000FEE7FFDFFEE700BF680A0020740A002082
:10A7400008B503F09BFBBDE80840FFF787BF08B5DD
:10A7500003F098FBBDE80840FFF780BF08B503F0A1
:10A76000A0FBBDE80840FFF779BF000008B5044929
:10A77000002001F04FFABDE80840FFF765BF00BFB9
:10A780006FA6070008B5002001F05EFABDE808409A
:10A79000FFF75ABF0146002008B501F06DFABDE889
:10A7A0000840FFF751BF000008B5034A02F066FBFE
:10A7B000BDE80840FFF748BF39A6070010B50446BA
:10A7C00003F020FB2060002010BD000013B50446FC
:10A7D0000720FFF721FD80B90DF10701084803F0BC
:10A7E00033F8FFF731FF30B99DF807300BB1FFDFC9
:10A7F000FEE7044B9C6002B010BD1120FBE700BFD8
:10A8000075A60700680A002008B5002003F052F87A
:10A81000BDE80840FFF718BF1FB5F8B103788DF801
:10A8200000307BB9836802938388ADF80430C36835
:10A8300003936946002003F05BF805B05DF804EB74
:10A84000FFF702BF012B07D1C36803938388ADF8DC
:10A85000043083680293ECE7FFDFFEE7072005B0D2
:10A860005DF804FB70B506460C460025AE4204F1C7
:10A870000C0401DC002070BD002354F80C0C0135E1
:10A8800054E9021203F0B5FAF0E7014600F12002A4
:10A8900008B51031002303F0ACFA002008BD000019
:10A8A000094A1378FF2B01D1FFDFFEE7EFF3108198
:10A8B00072B613780133DBB2012B137004BF034A65
:10A8C000136301B962B67047840A002000E01040AB
:10A8D000094A13780BB9FFDFFEE7EFF3108172B678
:10A8E0001378013BDBB2137013B9044B01225A6396
:10A8F00001B962B6704700BF840A002000E0104032
:10A9000008B5FFF7CDFF044B044AD3F81815516082
:10A910000122C3F8182508BD00E00440840A002085
:10A9200008B5FFF7D5FF034B5A68034BC3F818254A
:10A9300008BD00BF840A002000E0044008B520B133
:10A9400001280BD042F2040008BD094B1A7A1AB94B
:10A9500001221A72FFF7A4FF0020F5E7044B1A7AD0
:10A96000002AF9D000221A72FFF7B2FFF4E700BF05
:10A97000840A002082B0104B104A60B14FF480511D
:10A98000C3F80413D2F8303543F00103C2F8303570
:10A99000002002B07047D2F8301521F00101C2F852
:10A9A00030154FF48052C3F80823C3F83001D3F8B0
:10A9B00030310193019BEBE700E0104000001240B2
:10A9C0000B289FBF064AD2F8303523F01E0343EA16
:10A9D00040009ABFC2F83005002042F205007047DF
:10A9E0000000124001289DBF044B53F82020002096
:10A9F00007209EBF1368194311607047EC7E060064
:10AA000001289DBF054B53F82020002007209EBF42
:10AA1000136823EA01011160704700BFEC7E060055
:10AA200001289DBF044B53F82030002007209CBF15
:10AA30001B680B60704700BFEC7E0600084B4FF4AC
:10AA4000E0420849C3F808230022C3F830210A7203
:10AA50000A7001225A634FF48042034B1A62704716
:10AA600000E01040840A002000E100E008B5074B38
:10AA7000D3F830212AB100220120C3F83021FFF79A
:10AA8000B1FBBDE8084000F0F3BE00BF00E010409D
:10AA90002DE9F0473E4C05460E46D4E9003201331D
:10AAA00042F10002C4E90032120402D50820FFF787
:10AAB00099FB6368DB0301D500F082F9B0464FF0E3
:10AAC0000009B8F10F0F34D816F00F0725D094F80D
:10AAD0003830F61B03EB070835442E4EB8F1100F43
:10AAE00012D994F8273006F1200206F11001304601
:10AAF0000133B8464FF0010984F82730042303F0EE
:10AB000078F9002384F8383020333A462846D9B201
:10AB1000314403F015FB84F83880B9F1000F34D0CC
:10AB20001C4B002003F110021946BDE8F047F8F76E
:10AB300083B8A6EB0803EF1894F8383073B194F893
:10AB400027304FF00109144A0133A2F1100184F8B3
:10AB500027300423A1F1100003F04BF9DFF838C0CF
:10AB60003B460CF110076246083303CABA4243F869
:10AB7000080C43F8041C9446F5D11023A8F11008E2
:10AB800084F838305FFA88F89BE7BDE8F08700BFAB
:10AB9000900A0020980A0020B80A0020FFF778BF2A
:10ABA0000820FFF71FBB000010B5074C342200211E
:10ABB00004F1080003F078FA00230022C4E900231E
:10ABC000002384F83C3010BD900A0020034B93F81A
:10ABD0003C00431E58425841704700BF900A002075
:10ABE00038B505460C46EDF7DBFA60B9084B93F82B
:10ABF0003C30012B09D10CB9002038BD2146284634
:10AC0000FFF746FFF8E71020F7E70820F5E700BF59
:10AC1000900A002070B50646EDF7C2FA044690B9D6
:10AC20000A4DFFF7C1FF304605F1080305F1180290
:10AC30001946F8F701F8FF23204685F8383001233C
:10AC400085F83C3070BD1020FCE700BF900A002062
:10AC5000014B187803F052B9A0000020F8B51D4C44
:10AC600001F017F906460D46D4E90223904271EB34
:10AC7000030314D301F054F8174BD4E902121B68F4
:10AC80005B18D4E9040142F10002834272EB010730
:10AC90003CBF18461146C4E9023201F006F9D4E976
:10ACA0000423964275EB030313D34FF0FF324FF0AA
:10ACB000FF33D4E90201C4E90423B1F1FF3F08BF27
:10ACC000B0F1FF3F01D001F0F0F8BDE8F84000F02E
:10ACD00091BAF8BDA0000020D00A002001F0D9B838
:10ACE00030B4074C0B46C4E90401D4E90254A8422D
:10ACF000A34102D230BC01F0D8B830BC704700BFCD
:10AD0000A000002010B5044601F0C3F8054B201840
:10AD100041F10001C3E90201034B1C60BDE8104092
:10AD200001F0C3B8A0000020D00A002010B5074CE5
:10AD30002378FF2B01D0FFDFFEE7054803F0BAF8C8
:10AD400020700448BDE8104001F0ADB8A00000201C
:10AD50005DAC070051AC070010B5064C002001F0B7
:10AD6000A2F82078FF2803D003F0BCF8FF2323705B
:10AD700010BD00BFA0000020034B044A1968914297
:10AD800004BF00221A607047D40A0020BEBAFECA6F
:10AD900008B5084B1B6803B19847BFF34F8F0649AE
:10ADA000064BCA6802F4E0621343CB60BFF34F8FD7
:10ADB00000BFFDE7D80A002000ED00E00400FA051E
:10ADC00070B50C4D0C4B2A689A4211D1FEF7C6F9AA
:10ADD000044608B1FFDFFEE7EFF3108672B6EDF729
:10ADE00009FAFFF787F902F087FE2C6006B962B610
:10ADF000002070BDD40A0020BEBAFECA2DE9F0477B
:10AE0000054688B08846EFF3108672B6DFF8D8A101
:10AE1000DFF8D891DAF800304B4506D106B962B6B2
:10AE20000824204608B0BDE8F08771480021714A27
:10AE3000121A03F039F97049704A7148714B521A6D
:10AE40001B1A9A4201D0FFDFFEE703F079F96E4A40
:10AE5000136A590448D493685B0545D4946814F484
:10AE6000006441D12346EC20590903F01F0752F832
:10AE70002110F940CF0710D5644F002157F804CBBB
:10AE8000634531D001310629F8D1D11891F800730A
:10AE90007F0940FA07F7F90726D50133B3F5007F9C
:10AEA000E2D14046CAF80090EDF754F9002840F08E
:10AEB0008E80574BC3F80080002D52D02846EDF706
:10AEC00093F9002840F083802A78022A00F28580D6
:10AED0006B7872B9013B1F2B04D8AB78212B01D8BA
:10AEE000012B0BD1072473E006B962B641F20104CD
:10AEF00097E7002BF6D1AB78002BF3D1EB780B2B37
:10AF0000F0D8AB79002BEDD0424BD3F8103503F0DD
:10AF10000303032B64D1404B02AF03F1180C1868F4
:10AF2000083353F8041C3A46634503C21746F6D16A
:10AF3000AB7801212A888DF80230ADF8002008AAEC
:10AF4000EB78364802EB430333F8183CADF8043095
:10AF500000238DF8063002F053FC024618B1FFDFE3
:10AF6000FEE72F4DD0E71C21684602F077FD08B1BF
:10AF7000FFDFFEE7A88800F05FFF08B1FFDFFEE714
:10AF8000FEF74AF808B1FFDFFEE7FFF76DF8FEF7BE
:10AF9000F5F8FEF7FFF8FEF709F9FEF70BF9FEF7F3
:10AFA00007F9FEF709F9EDF723F9A8791D4A6B783F
:10AFB000504323B11C4A5343984228BF184608B156
:10AFC000FFF7A0FE002E7FF42CAF62B629E7102415
:10AFD00006B962B6FFF7F4FE23E74FF48054F7E7B3
:10AFE00041F20304F4E700BFD40A0020BEBAFECA4F
:10AFF000E4000020380F00204CE20700B0E2070018
:10B0000080000020E400002000E100E0FC7E06005B
:10B01000D80A002000200E40147F0600DC0A002021
:10B02000F47E060040420F0090D00300044B054A16
:10B030001B689A1A5342534103700020704700BFA7
:10B04000D40A0020BEBAFECA112810B50C4609D099
:10B0500012280BD010280DD1D1E90001FFF7CEFE48
:10B06000206010BDFFF7ACFE0020F9E70868FFF78D
:10B07000DDFFF9E70120F3E72DE9F0410D4D04462E
:10B080006B78834214D96F6807EBC00898F80460A6
:10B0900000F082F910B9FF2388F80430AB6853F848
:10B0A00026302BB157F834103046BDE8F041184730
:10B0B000BDE8F0813C0B0020FF2B70B505460C4627
:10B0C0001046194601D1FFDFFEE712F0030201D05E
:10B0D000FFDFFEE7DE0030B1054BC3E90105304478
:10B0E0009970DC701A8000F0BBF8304470BD00BF6E
:10B0F0003C0B0020064B0246D9781878814201D8D3
:10B10000FFDFFEE7996841F82020421C1A70704763
:10B110003C0B00202DE9F0411B4C0F461146034625
:10B12000227882421CD96668002594F801C0FF206D
:10B1300006F10408EAB2944514D8FF2806D1A27893
:10B1400062451AD00CF101026046627006EBC00243
:10B15000137146F8307000F09BF878B9FFDFFEE716
:10B16000FFDFFEE718F835E0BEF1FF0F08D09E457F
:10B1700007D156F83520BA4203D10020BDE8F0814E
:10B1800010460135D6E700BF3C0B0020F8B5114D45
:10B19000034600246A686E7802F1040CE0B286422D
:10B1A00000D8F8BD1CF834709F4203D152F83470B7
:10B1B000B94201D00134F1E700F0BCF86B68FF221E
:10B1C00003EBC4031A716B78013B9C42E9D16C70AC
:10B1D000E7E700BF3C0B00200028054914BF0346E9
:10B1E0000123D1E90001181841F10001FFF778BDF2
:10B1F000480B0020F8B5194C237AFF2B1DD0FFF720
:10B200006DFD277AE668D4E9002156F8373006EB61
:10B21000C705A0EB020C634589BF9B180020181AD4
:10B2200063469B1846F8370041F10001C4E900313C
:10B23000267AFF2E01D02B6803B1F8BD2B79FF2BA6
:10B24000237206D0E26852F8330002EBC305FFF721
:10B25000C3FF3046FFF710FFEAE700BF480B0020AE
:10B2600038B50C4660B10023084D1946E860DAB2E3
:10B27000944207D8FF232B72FFF730FDC5E9000188
:10B28000E00038BD40F833100133F0E7480B0020F0
:10B29000F8B5274CE36853F8306003EBC00C002E80
:10B2A00044D1FF22257A43F8301095428CF80420CF
:10B2B0000CD12072FFF712FDC4E90001227AE36885
:10B2C00053F83200FFF788FF0120F8BD53F835200E
:10B2D0008A4206D9521A207243F835208CF804505D
:10B2E000ECE72A4653F8327003EBC20E3E44B142FB
:10B2F00005D39EF804701546FF2F3A46F2D1FF2A77
:10B30000A1EB060117BF53F8326043F830108919DA
:10B3100043F830101EBF53F83260761A43F832609B
:10B3200003EBC5038CF804201871C7E70020CCE7B5
:10B33000480B002070B4174D2A7AEB68144611466A
:10B34000FF2C01D170BC7047844204D003EBC406CB
:10B3500021463479F4E7814203D103EBC20212792A
:10B360002A7203EBC005002653F8304003EBC101FD
:10B3700043F830602879FF2808711EBF53F8301059
:10B38000091943F83010FF2ADCD053F8320070BCA2
:10B39000FFF722BF480B002038B50F4D00232A7A53
:10B3A000E968FF2A16D082420AD151F832401C4483
:10B3B000FFF794FC2B68C21A944208D2012008E0DF
:10B3C00001EBC20451F8322013442279E9E7234407
:10B3D000181A38BD0020FCE7480B00200728034658
:10B3E00011DC10F12D0F10DB094A101890F82E0017
:10B3F00002EBC00292F93C209A4207D0002918BF04
:10B400000130C0B270471B2070470020704700BF5A
:10B410002C7F0600072808B507DCFFF7DFFF044B89
:10B4200003EBC00393F93C0008BD0820FCE700BF14
:10B430002C7F060070470000C0B220B9034B0122E8
:10B440009A601A607047FFDFFEE700BF00E010401F
:10B4500010F0FF0013D10B4B01225A60DA600A4A48
:10B46000C3F800011070D3F8082412F0010205D1CE
:10B47000C3F81021C3F81821C3F814217047FFDF67
:10B48000FEE700BF00E010406D0B0020014B0122E1
:10B490001A7070476D0B002040B9054BD3F810317E
:10B4A00013B9044B1878704701207047FFDFFEE79F
:10B4B00000E010406D0B0020044BD3F8103113B99D
:10B4C000034B187870470120704700BF00E0104020
:10B4D0006D0B0020024BD3F8080400F00100704708
:10B4E00000E01040024BD3F8480400F00100704720
:10B4F00000E01040024BD3F84004C0B2704700BFD8
:10B5000000E0104007490246D1F84C04D1F84C1431
:10B5100010F4803005D0D0B201F003031B1A58425A
:10B520005841704700E01040184BD3F80C34DA0350
:10B5300030B501D4FFDFFEE7154A0124154B106A30
:10B54000536620F03F0094645464136CDB03FCD416
:10B55000136A116C03F03F03C1F30A01C1F5806166
:10B5600081EAE1750B29A5EBE17509DD3F2B04D0DC
:10B57000013303431362172DE6DC0023936430BDCF
:10B580000B31F8DA002BF8D0013BF2E700E0104075
:10B59000000812400100008038B50B4C23781BB125
:10B5A00000232370FFF7C0FFEFF3108572B66378B6
:10B5B00003F0FF000BB9FFF74BFF05B962B6034B71
:10B5C00000225A6638BD00BF700B002000081240F0
:10B5D000F8B50E4E012704460D463318DF70FFF70D
:10B5E0006BFF48B934B90A4B11227771B560C3F8C3
:10B5F0000423F8BDFFDFFEE7002DFAD01CB90220BE
:10B60000A847B460F5E7FFDFFEE700BF700B00203E
:10B6100000E01040044B0022191803EB80034A712C
:10B620009A60CA70704700BF700B002010B50446C6
:10B63000FFF732FF10B102482044C07810BD00BFB0
:10B64000700B0020014B1882704700BF700B002068
:10B65000014B588A704700BF700B0020014B188ABD
:10B66000704700BF700B002010B5EFF3108472B666
:10B67000064B03445A780132D2B25A705B78012BE0
:10B6800001D1FFF7D9FE04B962B610BD700B0020DE
:10B690000020FFF7E9BF0000034610B5EFF3108468
:10B6A00072B610490B445A780AB9FFDFFEE75A78A0
:10B6B000013AD2B25A705B7883B90B7D43B10A4B21
:10B6C000D3F80C34DB0306D44B7803F0FF002BB91E
:10B6D000FFF7BEFE02E0487D02F010FC04B962B63E
:10B6E00010BD00BF700B002000E010400020FFF7ED
:10B6F000D3BF000010B5FFF7CBFF0C4CFFF7DCFE0B
:10B7000060B1A37D3BB90A4B01229A610423E37522
:10B710000023237610BDFFF7E9FFF9E70323012299
:10B72000E375034BC3F80423F2E700BF700B00205E
:10B7300000E010400020FFF7AFBE0000014B0122E7
:10B740001A62704700E01040044B587E28B1044B49
:10B75000D3F81001B0FA80F040097047700B002058
:10B7600000E0104038B50A4B5D7E5DB901245C767F
:10B77000FFF78EFF074B1022C3F81051C3F80423C4
:10B78000DC6138BDFFF7E0FF0028FAD0FFDFFEE7FD
:10B79000700B002000E01040024BD87D003818BF2D
:10B7A00001207047700B002038B5154C237D0BB974
:10B7B000FFDFFEE701232370A37DC3B9A37EB3B1EE
:10B7C000227E013B9A4212DAFFF776FE054602F02E
:10B7D00019FBA37E012B82BF237E0133237655B153
:10B7E000E369C31A0133022B09D935B1E061BDE821
:10B7F0003840FFF77FBF236AF3E72062F7E738BDE1
:10B80000700B002037B5184CA37D63B9606A00F057
:10B810000300FFF777FE30B1EFF3108372B6E27DDD
:10B820001AB103B962B603B030BD0122E27503B9A3
:10B8300062B608230D4DC5F808334FF42073ADF8F8
:10B840000630BDF806309BB25A1E92B2ADF8062003
:10B85000002BF6D1C5F80C3184F82830FFF74AFFE9
:10B860000823C5F80433DEE7700B002000E0104029
:10B870002DE9F74F4D4C237D002B00F093800323DF
:10B88000ADF804304A4BD3F80051D3F80891D3F8FF
:10B89000142112B9D3F818216AB10026C3F8146133
:10B8A000C3F81861C3F81061637E0BB1FFF71EFF88
:10B8B000667601F041FD3E4BD3F81031002B56D097
:10B8C000637E1BB1FFF712FF00236376637913B128
:10B8D00002238DF80430003D18BF012545F0100506
:10B8E000344E0DF1040A324B4FF00008F71EC3F836
:10B8F00008531AF8010B03280AD03B7843B14FF0E4
:10B90000000B336887F800B013B19847C6F800B051
:10B9100008F10103043601374FF00108022BE8D18A
:10B92000B9F1000F08D0224B0022C3F808210422ED
:10B93000C3F80823FFF766FF94F82860EA071C4B5A
:10B94000F6B2D3F80C7108D5E27D032A05D1A27DA9
:10B950008AB90422E27501229A61AFB1144B002228
:10B96000C3F80C21E37D042B0AD0FFDFFEE7002D96
:10B97000D6D00125B4E7FFF7B9FE0223E375ECE763
:10B980000223E375FFF7B2FE66B1002384F8283086
:10B99000E37D022B01D1FFF7ADFE03B0BDE8F04F10
:10B9A000FFF7A4BE03B0BDE8F08F00BF700B00200E
:10B9B00000E01040780B002010B5054C606A00F0E4
:10B9C0000300FFF79FFD0028F8D0002010BD00BF46
:10B9D000700B0020F8B5054650B10278022A07D84E
:10B9E000437842B9013B1F2B02D88378212B07D91A
:10B9F0006FF0150087E0002BFAD18378002BF7D188
:10BA0000624B4FF48042C3F8A020BFF34F8FBFF3C7
:10BA10006F8F5F4EC3F8A0217D235E4CC6F80833BC
:10BA20000023C6F80031C6F80831C6F80C3163703F
:10BA3000A370AB886382FFF74DFD10B10123E37063
:10BA40006370D6F80C0440F2563310F48030238231
:10BA500018D0FFF71BFD504802F02CFA4C4E602323
:10BA600060750022C6F804332B78A978012B627622
:10BA70006262A375A17622761DD0022B14D0DBB1B1
:10BA8000FFDFFEE7C6F81001FFF7D6FC404AD2F808
:10BA90001031002BFBD0FFF747FD0020FFF7D8FC4B
:10BAA0003E4B00225A66D6E7FFF7F2FDD6F80C347B
:10BAB000D903FBD502236362FFF714FD48B3FFF7F8
:10BAC00019FD636A03F00303984222D1AB79DBB915
:10BAD000FFF772FFA37E63B12B7853B9FFF7ECFC3D
:10BAE000054602F08FF96FF00043002D4BD0C4E9FA
:10BAF000070301234FF4804200202375234BE07598
:10BB0000C3F8A0211A62F8BD214B0422C3F8042314
:10BB1000E0E71F4B012200215A61C3F8081194F895
:10BB20002410C3F840141A610422C3F80423AA792C
:10BB3000002ACFD1D3F80423520701D4FFDFFEE758
:10BB4000174A1769116907F0100741F010011161D8
:10BB5000D3F808310BB902F011FA0D4ED6F80831BE
:10BB600073B1FFF729FF27B90D4A136923F01003BA
:10BB700013610423C6F808330023C6F80831A9E787
:10BB800002F0FAF9EAE7C4E90730B2E700E100E0C1
:10BB900000E01040700B002099B50700000812402B
:10BBA00000ED00E07047000038B5174C0023E07846
:10BBB000237508B9FFF74CFCE37D042B0BD1134D23
:10BBC0000020FFF79FFC18B1D5F80C31002BF7D0FF
:10BBD0000023C5F80C3100234FF480426370E375F5
:10BBE000A3700B4BC3F8A020BFF34F8FBFF36F8F31
:10BBF000C3F8A0217D22054BC3F80823607DBDE872
:10BC0000384002F06FB900BF700B002000E0104018
:10BC100000E100E038B50B4B0C46197909B1FFDFA4
:10BC2000FEE760B95D790DB1002038BD01225A717F
:10BC3000FFF71AFD21462846FFF7CAFCF4E76FF02C
:10BC40001500F2E79C0B002038B50A4D04462B790D
:10BC50000BB1FFDFFEE748B96B792BB1FFF7DAFCD8
:10BC600020466C71FFF718FD002038BD6FF01500FD
:10BC7000FBE700BF9C0B002038B5084B04460D467F
:10BC80001B790BB1FFDFFEE720B9FFF7CFFC28607F
:10BC9000204638BD6FF01500FBE700BF9C0B00206D
:10BCA00010B5F1B1E0B14FF0FF330F4A1C46E0FB95
:10BCB0000134944201D9FFDFFEE71A0DC3F30F10E0
:10BCC0000A4B42EA04324FF22444B2FBF4F100EB97
:10BCD000024003FB1100B0FBF4F040EA01400130E8
:10BCE00010BD0846FCE700BF3F420F00000024F4EF
:10BCF000014B9B68184700BF9C0B0020014BDB6881
:10BD0000184700BF9C0B0020014B1B69184700BF60
:10BD10009C0B0020FFF712BDFFF724BDFFF714BDF9
:10BD2000034B1B790BB1FFDFFEE7FFF73DBD00BF03
:10BD30009C0B0020034B1A790AB9FFF789BC988D38
:10BD4000704700BF9C0B0020034B1A790AB9FFF71C
:10BD500085BC988A704700BF9C0B0020024B1B7962
:10BD60000BB9FFF74FBD70479C0B0020014B9B693F
:10BD7000184700BF9C0B002038B51C4C23791BB31F
:10BD8000FFF7C2FF50B91A4DC5F81001FFF7B0FF19
:10BD9000D5F81031002BFBD0FFF7B0FF144B602219
:10BDA000C3F80423636A9847002806DB94F82E3012
:10BDB00023B10123002084F8303038BDFFF7D6FFCF
:10BDC0000028F6DAFFDFFEE70A4BA3610A4BE361C6
:10BDD0000A4B23620A4BA3600A4BE3600A4B2361C0
:10BDE000FFF7F8FD0028E4D0E7E700BF9C0B002038
:10BDF00000E01040B9B90700A5BB070099B70700DC
:10BE000091B60700EDB6070035B7070010B5094C2D
:10BE1000237943B194F830303BB1A36A98470028A6
:10BE200003DAFFDFFEE7FFF7BFFE002384F83030C0
:10BE300010BD00BF9C0B002038B5064B04461D7991
:10BE40000DB1FFDFFEE700F099FF2046FFF7FAFB98
:10BE5000284638BD9C0B002008B5074800F07CFF41
:10BE6000054800F029F801F0D3FA01F0DDF900F0FF
:10BE700053FB012008BD00BFD00B002008B500F027
:10BE80004DFF01F09BFA01F0EDF9BDE8084000F02C
:10BE90005BBB01F0F9BA00F08FBF00F09FBF01F06B
:10BEA00051BB01F011BB01F01FBB01F023BB01F03E
:10BEB0003FBB01F0FBBA0000024B186000221A7170
:10BEC0009A607047D80B0020F7B51E4C2379012BE0
:10BED000DAB204D0022A2ED0012003B0F0BD0DF159
:10BEE0000701A06800F03CFBA5686B7DDB071CD553
:10BEF000AB7F042B19D000F09FFF0646A8B100F0DD
:10BF0000A1FF2B69D5E900279A18B36847F100070C
:10BF10000A332CBF012500251B1845EB0105934270
:10BF2000BD4102D3A06800F0E7FB0023A3602371AA
:10BF30009DF80700D1E70DF10701A06800F01AFB9A
:10BF4000F3E700BFD80B002010B5837FABB90346E1
:10BF500001F1180251F8044B914243F8044BF9D116
:10BF600001248477064B1A790AB1FFDFFEE7986057
:10BF70001C7100F013FF204610BD0020FCE700BF3D
:10BF8000D80B002073B505460C4600F055FF064659
:10BF9000AB7F012B1AD021462B4604F1180251F831
:10BFA000040B914243F8040BF9D101230DF1070171
:10BFB0002846AB7700F0D4FA16B1012002B070BD6C
:10BFC000034B0421186801F0FFFDF6E70020F5E7B8
:10BFD000D80B0020024B0621186801F0F5BD00BF08
:10BFE000D80B002010B50446074B1A790AB1FFDFC1
:10BFF000FEE7986002221A7100F0D0FEA07FB0FA2E
:10C0000080F0400910BD00BFD80B002038B50446B1
:10C01000A37F03B938BDA37F032B02D0A37F042BDA
:10C020000CD1EFF3108572B6204600F0BFFA05B9C7
:10C0300062B6A37F002BEDD0FFDFFEE7A37F012BCD
:10C0400001D1FFDFFEE701F097FFE1E713B50DF146
:10C05000070100F08FFA044600F0EEFE08B9FFDF9A
:10C06000FEE7204602B010BDF8B5074600F0E4FE3A
:10C07000044608B9FFDFFEE700F0E4FEA4680025EF
:10C080002418384641F100062246334600F0DCFA17
:10C09000A04271EB060309D3001B6FF0010361EBB3
:10C0A0000601834275EB010102D3F8BD2846FCE787
:10C0B0004FF0FF30F9E72DE9F04104460F4600F05C
:10C0C000BBFE064608B9FFDFFEE78568002362195C
:10C0D0005B4113B10020BDE8F08100F0B3FE2A18E7
:10C0E000384641F1000314EB020843F1000500F06B
:10C0F000ABFA4045A941EDD301F0C6F900F054FA7E
:10C10000B368012037752344B360E4E700F09ABEBA
:10C110008068704708B500F08FFE08B9FFDFFEE7C2
:10C12000007D08BDF8B5036904460BB1FFDFFEE7EB
:10C1300001F0AAF905460E46FFF7E6FD70B3643537
:10C14000D4E9003246F10001AB4272EB010001D2AA
:10C150002B460A46C4E90032EFF3108572B600F0B0
:10C160006BFE064698B100F06DFEB3680B332CBF32
:10C17000012200221B18D4E9006042EB0101B34206
:10C1800071EB00023CBF33460146C4E9003105B9FA
:10C1900062B62046BDE8F84000F0C6BAFFF7D4FD0D
:10C1A000074600F061FEB84238BF3846963546F182
:10C1B00000024319D4E9000142F10002834272EB0C
:10C1C0000105C7D20346C4E7042300F118028377B0
:10C1D0000023037643768376C376044B196811B93E
:10C1E0001A605A60704759680A60FAE7E40B002049
:10C1F0002DE9F843174E002407468846B3682046C9
:10C2000033B928B3144B1878BDE8F84301F076BE73
:10C2100053E9061553F8082CD3F80090521845F14D
:10C220000005BA4275EB080510D24CB122681268BD
:10C230002260A3F11800FFF7C7FF01204B46DFE79C
:10C24000B268002AF5D01268B260F2E71C46F5E742
:10C25000BDE8F883E40B0020B800002000232DE99E
:10C26000F04713600646324B986800285DD0A0F175
:10C27000180550E9063CB3427CEB01040AD250F8A1
:10C28000084CE3184CF1000C9E4271EB0C043CBFCF
:10C2900033468C4650F8104C00270A3447F1000012
:10C2A000E3184CEB000C2846D5F81890B9F1000FB4
:10C2B0003BD059E906E89E4578EB0C0435D290F85E
:10C2C00014A019F8044CA24526D08CBF01240024E8
:10C2D000F4B105F11803B645136078EB01030CD2F5
:10C2E00059F8083C13EB0E0348F100089E429E46A5
:10C2F00071EB08033CBFB646884659F8103CA9F1DB
:10C3000018000A3347F1000C13EB0E0348EB0C0C3A
:10C31000AD6955B1183DC7E7B9F80440B0F81CA0A5
:10C32000A4EB0A04C4F3C034D2E7BDE8F08700BF31
:10C33000E40B00202DE9F04F85B082834F4A04467C
:10C340000091D2F808C094F81580D0E90030BCF113
:10C35000000F40D0ACF11801002708F00109D1E925
:10C360000026934270EB06056ED3B9F1000F2CD076
:10C37000277D0D7DAF4228D38D68AD1846F10006AC
:10C3800015F10A0A46F1000E534570EB0E0219D260
:10C390002269D21840F1000792457EEB070B01D2CB
:10C3A00052467746AA42B7410FD220460024FFF7F3
:10C3B0000BFF334B187801F0A1FD009B1C7005B0FA
:10C3C000BDE8F08F1A460746ECE78A690F4622B1AE
:10C3D000A2F11801C3E76246674618F0010F38D092
:10C3E000A168C91840F1000B019192B3019DD2E9F7
:10C3F000001615F10A0E4BF10005714576EB0505A7
:10C4000027D294F814E0157DAE4519D395686D18C0
:10C4100046F1000615F10A0946F100084B4570EB9C
:10C42000080113D22169C91840F1000E894578EB43
:10C430000E0A01D24946C646A9427EEB060EB4D387
:10C44000926932B1183AD1E70A46C6E719468646DC
:10C45000F2E704F118035FB1BA69A261BB6103AAF4
:10C4600000200021FFF7FAFE231A5C425C41A4E79A
:10C47000024AC4F818C09360F1E700BFE40B002043
:10C48000B8000020F8B5234C0023E360EFF31082DE
:10C4900072B621686360E160236002B962B600266B
:10C4A000E36803B9F8BD9A79A3F11800032A07D10C
:10C4B0001A6801219E7153F80C3CE2609847EFE73F
:10C4C000196851B1A1F11803074600229D7F042D80
:10C4D00007D09B7F032B02D1A2B9E16015E0FFDFFB
:10C4E000FEE7B0F81CC09D8BA5EB0C052D049D69E3
:10C4F00044BF07F118021846002DEDD01F46A5F1E4
:10C500001803E3E713681B681360C368022186778A
:10C51000D4E700BFE40B002010B5084C2378FF2BB4
:10C5200001D0FFDFFEE7064801F0C4FC054B002206
:10C5300020709A601A605A601A8210BDB8000020FC
:10C5400085C40700E40B002010B5044C2078FF28B8
:10C5500003D001F0C7FCFF23237010BDB8000020FA
:10C56000034B1A8A10B4541C1C8210BCFFF7E2BEA5
:10C57000E40B002037B504460D4601AA0021002037
:10C58000FFF76CFE231A04F1180158425841287035
:10C59000044801F03DFB10B100230120A37703B054
:10C5A00030BD00BFEC0B0020FFF722BE38B5114BA9
:10C5B000044600F118011A68B2B11A6800209AB155
:10C5C00091420ED108B1A56905601D68A94204BF5A
:10C5D00012681A605A68914200D158600023A3770C
:10C5E00007E010461268EAE7034801F011FB002853
:10C5F000F4D138BDE40B0020F00B002037B5054620
:10C600000C46FFF7F5FD01AA28462146FFF726FE56
:10C6100028B100F11803034A536103B030BD03464B
:10C62000F9E700BFE40B002010B5064C616904F186
:10C63000080001F0EDFA18B1606900231838636151
:10C6400010BD00BFE40B00209C46144BF0B59D6864
:10C65000FDB115F8043C183D834218D812F10A04C4
:10C66000D5E900364CF10001A34276EB01070BD26D
:10C670002F69FF1846F10006A7428E4107D3B4F197
:10C680000A0041F1FF31F0BD1C463146F7E7AD69C4
:10C69000DEE74FF0FF300146F5E700BFE40B002076
:10C6A000837F022B1AD1437D13F0020302D00023B3
:10C6B000837770470322037643768376C3760C4BE9
:10C6C000827700F11802196829B91A605A60094B7B
:10C6D000187801F013BC59680A60F7E7837F012BD3
:10C6E00004D0837F042B01D0FFDFFEE7704700BF3B
:10C6F000E40B0020B800002010B500F1180104463A
:10C70000074801F085FA08B9FFDFFEE72046FFF78A
:10C710005BFD044BBDE81040187801F0EFBB00BF93
:10C72000EC0B0020B80000202DE9F74FD0F810E006
:10C73000BEF1000F01D0FFDFFEE7836890F81480A0
:10C740000193D0E90014EFF3108972B6264BB3F8C9
:10C7500010C09B686BB1019D183B0A35D3E90026D8
:10C760004EF1000A6D1844EB0A0A95427AEB06076F
:10C7700007D2B9F1000F35D0C0E9001403B0BDE80D
:10C78000F08F8A4276EB04070CD31F69BF1846F17D
:10C79000000BAF427BEB0A0B34BF0125002575B9B6
:10C7A0009B69D7E712F10A0A9D6846F1000715EB6D
:10C7B0000A0547F10007A94274EB0707ECE71D7D66
:10C7C000A84509D0ECD912F10A019D6846F1000490
:10C7D000691844F10004E3E79D8BA5EB0C052D04DB
:10C7E000DED5F0E762B6C7E7E40B0020034B18780C
:10C7F00000F0FD00431E584258417047000C0020D5
:10C80000034B586808B9FFDFFEE7C36805211847E6
:10C81000000C0020024B0521986801F0D5B900BF3B
:10C82000000C002038B5FFF7FFFE002580B1094C51
:10C830006060C4E9035500F029FD606802232946C1
:10C840008377C3689847D4E90601FFF7ADFE01205E
:10C8500038BD00BF000C00202DE9F74F2F4C81465A
:10C8600094F82430266A002B3AD1FFF7BFFF8046A8
:10C8700018B1E38C9E4238BF1E4600F005FE8319B6
:10C880000F46054641F100011846CDE90013FFF7B8
:10C89000B5FE40B3019B0099D0E900AB534571EB65
:10C8A0000B0205D2BAEB0605534659466BF1000759
:10C8B00028461B4AC4E9063100233946C4E90A5711
:10C8C000236300F0B7FD5046594600F00FFDB8F164
:10C8D000000F02D0E38C9E421DD00223114A13E0C8
:10C8E0004FF00008C9E794F8243033B12378023BB5
:10C8F000012B02D8636B01209847002584F824504F
:10C9000000F0F5FC2B46084A84F83830C9F80020BE
:10C9100003B0BDE8F08F0123E0E700BF000C00206A
:10C9200015C8070081CA07002DC90700032910B5E3
:10C93000044603D8012906D8FFDFFEE70429FBD10E
:10C94000FFF7C2FA08B9002010BD2046FFF784FFA8
:10C950000220F9E72DE9F04780460F469146444C06
:10C96000002B6FD04FF0000AD3E90065C4F830A067
:10C97000864275EB01033CBF0D460646294630460C
:10C98000C4E9066500F0B2FCE38CB6EB080803F1DD
:10C99000640365EB070743455346BB410FDA94F840
:10C9A00024304BB12378023B012B02D8636B01206A
:10C9B0009847002384F82430FFF718FF8246236A43
:10C9C00003F5E173984577F100071CDABAF1000F1F
:10C9D00010D0E08C274A301A65F10001C4E90A0141
:10C9E00000F028FD0623244A84F83830C9F80020D6
:10C9F000BDE8F0871F4A30462946C4E90A6500F0C1
:10CA000019FD0523EFE700F074FCFFF777F9E08CE0
:10CA1000236ABAF1000F0BD0984209D9301A154A8F
:10CA200065F10001C4E90A0100F004FD0123DAE721
:10CA3000F01A104A65F10001C4E90A0100F0FAFC9D
:10CA40000223D0E794F8243033B12378023B012B42
:10CA500002D8636B01209847002584F8245000F029
:10CA600048FCFFF74BF900F042FC2B46034ABBE7BA
:10CA7000000C002015C8070081CA07002DC9070057
:10CA8000023970B50546032900F20681DFE801F09E
:10CA90000602083C814B002283F83920002070BD3B
:10CAA0007E4C94F83830042B06D8022B24D8013B56
:10CAB000012B17D9FFDFFEE7053B012BFAD8FFF763
:10CAC00003FA0028EAD000F0CFFC00F0DDFC0646B7
:10CAD0000C46FFF793FD2A46034621463046FFF7F2
:10CAE00039FFA2E0FFF7F0F90028D7D000F0BCFC36
:10CAF0002846FFF7B1FE98E0FFF7E6F90028CDD011
:10CB0000012384F83930C9E7644C94F83830013B8C
:10CB1000052B00F2BF80DFE803F0032855767E96F0
:10CB2000FFF764FE10B194F8240008B1FFDFFEE7C0
:10CB3000636B9847012384F8243000F0A5FCA36AB6
:10CB4000574AC01A236B9842ACBF2063236304F199
:10CB500018000BC8C01A61F10001C4E90A0100F015
:10CB600069FC022384F8383098E700F0C1FBFFF736
:10CB7000BFF800F089FCA36AC21A236B9A42B8BFBF
:10CB80001A462263FFF732FED4E9063168B194F801
:10CB9000240050B9E28C981A414A61F10001C4E9BD
:10CBA0000A0100F047FC0323DCE7323B41F1FF318F
:10CBB000981841EBE2713A4AC4E90A0100F03AFCE4
:10CBC0000423CFE7FFF712FE10B194F824500DB103
:10CBD000FFDFFEE700F058FCA36AC01A236B9842FF
:10CBE000ACBF206323632846636B98470123D4E9D5
:10CBF000060184F824303238236B41F1FF31C0182C
:10CC000041EBE371D7E700F075FB80B194F8393060
:10CC1000002B7FF45AAFFFF705FE00283FF455AF15
:10CC2000002384F838301F4B2B60022037E70020A8
:10CC30000021FFF7E3FC08B1FFF75EFD00F059FBB0
:10CC4000FFF75CF854E7FFF7D1FD10B194F82450DA
:10CC50000DB1FFDFFEE700F017FCA36AC01A236BDB
:10CC60009842ACBF206323632846636B9847012337
:10CC70000B4A84F82430236BD4E90601323841F1A1
:10CC8000FF31C01841EBE371C4E90A0100F0D2FBA7
:10CC9000052367E7FFDFFEE7FFDFFEE7000C00206C
:10CCA00015C80700A9CC070002392DE9F041064656
:10CCB00004292FD8DFE801F0030A0C2E0F00164AD2
:10CCC0001378003B18BF012382F8243000201FE0B6
:10CCD000FFF7FAF8FAE7DFF8408000F0E7FA00F033
:10CCE000D3FB0C460546FFF789FC0746D8F804003D
:10CCF000FFF7D6FC002300222846C8F804300023A2
:10CD00002146C8E906233B463246FFF723FE0220B0
:10CD1000BDE8F081FFDFFEE7000C002010B5EFF367
:10CD2000108472B60A4B9A6811680A4A91420CD173
:10CD300093F83830033B012B07D800F0DAFAFEF7FE
:10CD4000DDFF00F0D4FA00F08FFB04B962B610BD2D
:10CD5000000C002081CA0700064A002310B5064CCB
:10CD60000260A06084F838302370FEF7EDFF3230A7
:10CD7000206210BD2DC90700000C0020054B9A68E9
:10CD80001168054A914201D0FFDFFEE73230186298
:10CD9000704700BF000C00202DC9070010B5EFF34D
:10CDA000108472B6034B0421986800F00DFF04B99B
:10CDB00062B610BD000C0020064B5A680AB9FFDFAE
:10CDC000FEE7D3E906218018034A41F1000100F093
:10CDD00031BB00BF000C002001C80700034B5B689B
:10CDE0000BB9FFDFFEE700F03FBB00BF000C0020E7
:10CDF000034B5A680AB9FFDFFEE7D860704700BFEF
:10CE0000000C0020034B5A680AB9FFDFFEE71861E7
:10CE1000704700BF000C0020024B1B690BB9FFDFFD
:10CE2000FEE71847000C0020024BDB680BB9FFDF60
:10CE3000FEE71847000C0020014B5868704700BF00
:10CE4000000C0020034B5A680AB9FFDFFEE7D3E964
:10CE500006017047000C0020024B323118705A63F3
:10CE6000D9847047000C002008B5FFF7BFFC08B15B
:10CE7000014BD88C08BD00BF000C002010B5032862
:10CE80000AD8DFE800F00C020C02A1F1320341F2F3
:10CE90004A549BB2A34203D96FF0150003E000216E
:10CEA000FFF7DAFF002010BD0028ADBF00F16040A1
:10CEB00000F00F00044B00F56140B4BF185C90F81F
:10CEC00000034009704700BF14ED00E0044B1B68ED
:10CED0000BB9FFDFFEE71A6A0321586A104700BF4B
:10CEE000400C0020044B1B680BB9FFDFFEE71A6AF9
:10CEF0000421586A104700BF400C00202DE9F04182
:10CF000005460E46D1B9104F3B680BB1FFDFFEE777
:10CF100038600E48FFF76CFF0D48FFF773FFFFF70F
:10CF2000F5F86B7D04465B0708D5FEF7B8FF0A34B9
:10CF3000241A7C6000F0BAFA0028FBD02B6A314634
:10CF4000686ABDE8F0411847400C0020CDCE0700CC
:10CF5000E5CE0700024B00221A601A81704700BF1D
:10CF6000400C002070470000054B1A680AB9FFDF2B
:10CF7000FEE70449D16000221A60FFF72BB800BF1A
:10CF8000400C0020FDCE0700C0E90812202200213D
:10CF900001F08AB830B587B00C461822002105464A
:10CFA000684601F081F8637A4FF000026168C3F3CC
:10CFB0008003029183F0010363F38202237A8DF8E8
:10CFC0001430224B8DF81520039323785BBB9DF81A
:10CFD0001500D4E904324007CDE9003207D50A3BF9
:10CFE00001F10A0142F1FF320291CDE90032637A88
:10CFF00069469DF81520C3F3400322F003025B004D
:10D0000043F0010313438DF81530114B5868C0F3FA
:10D010000800B8B11038FFF747FF98B92846FEF767
:10D02000B1FF07B030BD23690493FEF732FF9DF8CE
:10D0300015305B0744BF029B0A33CDE9000148BFAE
:10D040000293D4E72846FEF77FFFEAE7FDCE07000C
:10D0500000ED00E008B50A4B02465868C0F308002E
:10D0600040B11038FFF720FF20B91046BDE8084056
:10D07000FEF7ECBF1046BDE80840FEF7B3BF00BFA7
:10D0800000ED00E010B5037886B004460BB1FFDF79
:10D09000FEE70593CDE90333D0E90423CDE900236E
:10D0A00043680293037A68468DF81430FFF73AF824
:10D0B0000120DDE90023C4E9042306B010BDFEF71A
:10D0C000A5BF000008B5094B1B680BB9FFDFFEE7E1
:10D0D0005B7D5B0703D4BDE80840FFF717B8FFF797
:10D0E00015F80A3041F1000108BD00BF400C0020D6
:10D0F00070B50B7886B00BB1FFDFFEE74C7A4FF0CE
:10D1000000060593C4F380034D6883F00103029584
:10D1100063F382060B7A8DF81430104B8DF815608E
:10D1200076070393D1E90431CDE9003107D50A3BF5
:10D1300005F10A0541F1FF310295CDE900319DF875
:10D140001530C4F340046946049264F341038DF83A
:10D150001530FEF7F9FE06B070BD00BFFDCE07002A
:10D160007FB5FEF796FE002305930A4B039340F22A
:10D170001E2302934FF0FF33CDE9000169460648B4
:10D180000493FEF7FFFE08B9FFDFFEE707B05DF886
:10D1900004FB00BFC1D10700780C002010B5074C7C
:10D1A00094F820304BB9FEF7AFFD30B9012384F875
:10D1B0002030BDE81040FFF7D3BF10BD780C002031
:10D1C00008B505292BD8DFE801F0032C262A2A0D03
:10D1D000FEF7A2FD1348FEF79BFF1E38BDE808408E
:10D1E000FEF759BEFEF790FD38B10E4B002283F8D2
:10D1F0002020BDE80840FEF7EDBEFEF78FFD08B920
:10D20000FEF78AFD00214FF40070FEF754FF00285E
:10D21000E0D1FFDFFEE7BDE80840FFF7A1BFFFDF79
:10D22000FEE708BD780C00204FF000430B4A0021B8
:10D23000C2F88030A2F58022C2F88031012302F5C5
:10D240007832C2F80435A2F58022C2F804352022D3
:10D25000034B184683F8201000F026BF00400C4016
:10D26000780C00200023084AC2F88030A2F5802202
:10D27000C2F88031012302F57832C2F80835A2F5F0
:10D280008022C2F80835704700400C4008B5FDF711
:10D2900037FB054AD2F8583743F00103C2F8583734
:10D2A000BDE80840FFF77ABF00200E4008B5FDF743
:10D2B00037FB0B4AD2F8583723F00103C2F858372E
:10D2C0000122084B5A604FF0FF32C3F80823202296
:10D2D000054BC3F89021BDE8084000F0C5B800BF79
:10D2E00000200E400050084000E100E07047704709
:10D2F0007047704708B5FEF707FDA0B90C4BD3F88F
:10D3000000313BB90B4A536A0133312B536209D9BF
:10D31000FFDFFEE7FEF702FD08B1FFDFFEE7FEF7E5
:10D32000F9FC012008BD034B00225A62F9E700BF57
:10D3300000E01040780C0020FFF730BF40F20251AF
:10D34000014808B500F01CFC6D800600184820223A
:10D3500008B5C0F89020BFF34F8FBFF36F8F154B08
:10D36000C0F89021D3F8041521F00301C3F8041587
:10D37000D3F8081541F00301C3F8081592FAA2F199
:10D38000B1FA81F1092904DD40F29F310A4800F029
:10D39000F7FBC3F8101501215960D9604FF0004127
:10D3A000C3F880104FF0FF31C3F80813026108BDC5
:10D3B00000E100E0005008406D800600124B4FF481
:10D3C000E062C3F838230022C3F8AC25C3F8BC25BB
:10D3D000C3F8CC25C3F82021C3F82421C3F82821A1
:10D3E00020220A4BC3F89C21C3F89C20BFF34F8F27
:10D3F000BFF36F8FC3F89020BFF34F8FBFF36F8FD2
:10D40000C3F89021704700BF00200E4000E100E00B
:10D4100008B5FFF7D3FF054B4FF4A062C3F83423E0
:10D420002022034BC3F89C21DA6108BD00200E4086
:10D4300000E100E00A4B10B51C680CB1FFDFFEE70D
:10D44000B1F5801F1A6001D3FFF778FF054B012269
:10D45000C3F8A005C3F8A415C3F8AC2510BD00BFE0
:10D46000A00C002000200E40054A136833B10023B1
:10D470000449C1F8AC35C1F820311360704700BFD2
:10D48000A00C002000200E4030B54FF0FF30064CBD
:10D490006FF04041D4E90023904271EB0305F9D3CA
:10D4A0001046C3F3130130BD20270E4008B5FFF727
:10D4B000EBFF044BD3E90223904299412CBF01209A
:10D4C000002008BDA00C002010B5029C241841F1DA
:10D4D0000001A01A61EB0301B0F1004F71F10001EE
:10D4E00001DBFFDFFEE710BD014B1861704700BF95
:10D4F000A00C002008B50C4B1B690BB9FFDFFEE741
:10D50000EFF3108272B6B1F5801F01D3FFF716FF5B
:10D51000064BC3F8C005C3F8C4150121C3F8CC15E8
:10D5200002B962B608BD00BFA00C002000200E406A
:10D5300008B5FFF70BFF024B01221A6008BD00BFC0
:10D540000050084010B5FFF701FF0F4C0023C4F84E
:10D55000BC35C4F82431FFF797FF0A3041F10001D0
:10D56000B1F5801F01D1FFF7E9FE4FF00043C4F889
:10D57000B005C4F8B415C4F8A4310123C4F8BC350F
:10D58000024BC3E9020110BD00200E40A00C002098
:10D59000134BD3F8342312F4A06F10B501D1FFDF81
:10D5A000FEE7D3F820215AB100220E49C3F8AC257A
:10D5B000C3F820210B680BB9FFDFFEE70A6098472C
:10D5C000074BD3F828214AB10022C3F8CC25C3F871
:10D5D0002821044BBDE810401B69184710BD00BF4F
:10D5E00000200E40A00C002008B500230B8581F818
:10D5F0002A300B6A0921984718B103780BB1FFDF75
:10D60000FEE708BD034610B3007888B91A79012AED
:10D610001ED85A79012A1BD89A680E49643A8A4260
:10D6200016D8D8680C4B98422CBF002001207047B8
:10D6300001280CD11A79012A09D85A79012A06D869
:10D64000DA680449643A8A4201D89868EAE7002017
:10D65000704700BF3C8601000040420F436A1944F6
:10D660004162A1F19600FEF716BC000070B50446B9
:10D67000FEF70FFC40F2F966656AD4E9063296338C
:10D6800042F100025B1905F5DF6542F10002B5FBCE
:10D69000F6F55B1942F1000283428A410CD294F8FC
:10D6A0002A30052B01D0FFDFFEE7236A0A2194F818
:10D6B00058009847FFDFFEE7044C236813B19847F2
:10D6C00000232360BDE87040FFF74EBCB40C00207F
:10D6D00070B504460D4639B9012380F85930FFF77B
:10D6E000C5FF0226304670BD0E78032E6CD801A30C
:10D6F00053F826F0E3D6070005D707006FD70700D9
:10D7000027D707004868C72801D80026EAE7042180
:10D71000FEF7D1FC0028F8D0FEF7BFFB6968204671
:10D72000FFF79CFFDEE790F8286006BB4D682846AF
:10D73000FFF768FF002847D02B78D3B9012121706B
:10D740002B796A79003B18BF0123002A14BF0422F9
:10D75000022243F004032272AA68A5326260EA68DA
:10D7600063720323226184F82A3084F8291020464A
:10D77000B5E794F82A30052B01D0FFDFFEE72670CD
:10D7800004F130002B796A79003B18BF0123002A8D
:10D7900014BF0422022243F004032272EA68637277
:10D7A000A532A9686260D4E906325B1842EBE172E7
:10D7B0002146C4E90432042384F82A30FFF7EAFB47
:10D7C0000028D4D1FFDFFEE7012384F85930CEE7EB
:10D7D00070B5002400F0F0F805462646E0B2854218
:10D7E00000D870BD00F0EEF80134068580F82A609C
:10D7F000F4E70000014B1860704700BFB40C002034
:10D80000F8B504460D46002700F0D6F80646F8B2F3
:10D81000864204D8082D0CD96FF0150008E000F0FE
:10D82000D1F890F82A300137002BF0D04FF0FF30BC
:10D83000F8BD2CB129462046BDE8F84000F0CEB82E
:10D8400021462046F8E700002DE9F84388460746C0
:10D8500058B300F0B1F84FF0000904465FFA89F6BA
:10D86000B44203D86FF00B00BDE8F883304609F1ED
:10D87000010900F0A7F890F82A50002DEED13046AB
:10D8800000F0A0F80A490446058580F82A500246AF
:10D8900080F858603030FFF777FB01232762284675
:10D8A00084F82A3088F80060DEE76FF01500DBE7C7
:10D8B00049A3070010B5044600F084F8014688B17A
:10D8C00090F828308BB990F82A3073B1013B012BC6
:10D8D00004D82046FFF788FE002010BD012380F801
:10D8E0002830F9E76FF00100F7E76FF02200F4E766
:10D8F00070B50D4600F066F80446002849D090F84F
:10D900002A60731E012B4AD8002D45D02846FFF708
:10D9100079FE002840D02B78F3B9012323702B79AE
:10D920006A79003B18BF0123002A14BF0422022297
:10D9300043F004032272AA68A5326260EA68637247
:10D9400003232261214604F1300084F82A30FFF7D6
:10D9500021FB38BBFFDFFEE7022E20D1002323701E
:10D960002B796A79003B18BF0123002A18BF0426CF
:10D9700043F004032672EA686372A532A968626004
:10D98000D4E906325B1842EBE172C4E904320423A5
:10D99000D8E76FF0010070BD6FF01500FBE76FF086
:10D9A0002200F8E70020F6E7024B00221A601A7105
:10D9B000704700BFB80C0020014B1879704700BFBA
:10D9C000B80C0020044B1A79824283BF1B68602286
:10D9D00002FB003000207047B80C00200A4610F00F
:10D9E000030110B50AD1074C2271206008B900204C
:10D9F00010BD60235A4300F057FBF8E76FF00D00AD
:10DA0000F6E700BFB80C0020BFF34F8F0549064B67
:10DA1000CA6802F4E0621343CB60BFF34F8F00BFCC
:10DA2000FDE700BF00ED00E00400FA05094B01220C
:10DA30005A604FF0FF32C3F808234FF40062064BE0
:10DA4000C3F88820BFF34F8FBFF36F8FC3F88821CF
:10DA5000704700BF00B0044000E100E0F8B5224F7D
:10DA600005460C4616463B78002B3AD1FDF7E2FC02
:10DA70007E601E4B01263C814FF48062C3F8A46097
:10DA80001B4BC3F89020BFF34F8FBFF36F8FC3F8CA
:10DA90009021FFF7CBFF174B002D14BF28461846E7
:10DAA000FEF76AF90546D0B9FFF754FAFEF756F9C2
:10DAB000FFF78EFEFEF7D0F908B9FFDFFEE7002C76
:10DAC0000BDB04F01F036409A4009E4004F16044D2
:10DAD00004F56144C4F88061266001233B70284648
:10DAE000F8BD4FF0FF35FAE7C00C002000A0084059
:10DAF00000E100E04480060038B51D4C2378ABB34C
:10DB0000FEF7BCF9EFF3108572B600236360FFF7F0
:10DB100029FAFEF77BF90121164B1748C3F8A41028
:10DB20004FF48063C0F89030BFF34F8FBFF36F8F17
:10DB3000C0F89031FFF77AFFB4F90830002B0BDB07
:10DB40005A0903F01F03994002F1200340F8231003
:10DB5000BFF34F8FBFF36F8FFFF726FF074B0122F5
:10DB6000C3F8082505B962B60023237038BD00BF8D
:10DB7000C00C002000A0084000E100E000200840A8
:10DB800008B572B6024B5B6803B19847FFF73CFFDC
:10DB9000C00C0020074BB3F90830002B09DB5A09F1
:10DBA000012103F01F03994002F14003024A42F8A9
:10DBB00023107047C00C002000E100E0014B1878F2
:10DBC000704700BFC00C0020F8B5037904460BB1C4
:10DBD000FFDFFEE74679017126B901234371217900
:10DBE00009B96171F8BD276820462671B847022837
:10DBF0000546F4D103212046B84708B1FFDFFEE710
:10DC000023682946204698470028E8D0FFDFFEE732
:10DC100003460068884204D109B10A681A600846C0
:10DC2000704728B97047884202D10A681A60F6E73F
:10DC3000034600680028F6D1704701F1100301384F
:10DC400013F8012D8B4200F8012FF9D17047000025
:10DC50002DE9F84F0746894693469846374CDFF83A
:10DC6000E0A0384D2E780136F6B2D5E84F3F0133AB
:10DC7000DBB2C5E8403F0028F7D101216160C4F85C
:10DC80000001C4F80401EFF3108072B62E4BC5F802
:10DC90000490AB60C5E905B33B68C4F810357B68F8
:10DCA000C4F81435BB68C4F81835FB68C4F81C35D3
:10DCB000264BC4F830351033C4F83835216000B92C
:10DCC00062B6D4F800312BB9D4F8043113B92B78EB
:10DCD0009E421CD0B8F1000F09D00A9B3BB1D4F88A
:10DCE00040350A9AC8F80030D4F83C351360D4F8AF
:10DCF0000431002BB5D12978B142B2D1C4F800313A
:10DD0000C4F804310323C4F80833BDE8F88FDAF807
:10DD10001030DB06D5D503234FF40061C4F804337B
:10DD20000B4BC3F88811D4F80031002BC9D1D4F8BB
:10DD30000431002BC5D100F01FF9C2E700B0044048
:10DD400000ED00E0CC0C00201000000BD00C0020F7
:10DD500000E100E02DE9F04713F0010F8EB004461A
:10DD60000D4617469A46DDE9168924D006A8FFF726
:10DD700064FFA30735D002AA04F110052068083417
:10DD800054F8041C1346AC4203C31A46F6D106AD40
:10DD900002AC1AF0020F4346CDF8009023D029467A
:10DDA00020460AAAFFF754FF0AA93846FFF745FFA5
:10DDB0000EB0BDE8F08713F0040F0DD106AB0E4690
:10DDC00001F1100C1D463068083656F8041C1A463E
:10DDD000664503C21346F6D1214602A8FFF72DFF80
:10DDE000D6E706ADD5E73A4629462046FFF730FF8D
:10DDF000DEE713B50024CDE90044FFF7ABFF02B026
:10DE000010BD00001A4B4FF4000270B5C3F8982003
:10DE1000BFF34F8FBFF36F8F164C0021164DC4F820
:10DE20000011C3F898212E692B6906F0100643F003
:10DE300010032B610123C4F804332360D4F80031AC
:10DE40009BB11EB92B6923F010032B610123D4F879
:10DE500008054FF400026360C4F808330023C4F8D7
:10DE60000031034BC3F8982170BD00F085F8E5E759
:10DE700000E100E000700D4000ED00E003460020EE
:10DE800018707047EFF3108272B6012103780170A9
:10DE9000DBB202B962B6012B0CBF6FF0220000208A
:10DEA0007047EFF3108372B60022027003B962B6B6
:10DEB0000020704704230A4930B501EBC3021579ED
:10DEC00005F0FF041DB1013BF7D2FFDFFEE741F88B
:10DED000330001215471D8B29471117130BD00BF6B
:10DEE000F00C0020042801D9FFDFFEE7024B0022DE
:10DEF00003EBC0031A717047F00C0020042801D90D
:10DF0000FFDFFEE7084B03EBC0000379012B01D0D4
:10DF1000FFDFFEE7437982790133DBB29A4218BF13
:10DF20004371FFF737BE00BFF00C002038B5052461
:10DF30000F4D95F8281005EBC1031A79012A09D174
:10DF400058799A79904205D05A79D2B29A7155F897
:10DF50003130984795F82830013C0133DBB2052B6E
:10DF600028BF002314F0FF0485F82830E1D138BD24
:10DF7000F00C0020FFF7DABF20BF704720BF7047CA
:10DF80009142F0B501D3FFDFFEE7B2FA82F33BB175
:10DF9000C3F1200499409A4020FA04F498402143A8
:10DFA0004FEA124C93B2040C87B2B1FBFCF50CFBA8
:10DFB000151E05FB03F64FEA0E4E0EEB104086428F
:10DFC00005D9361A964294BF01260226AD1B04EBF2
:10DFD0000141280405FB1211B1FBFCF40CFB1411E8
:10DFE000634307EB0147BB4205D9DB1B934294BF58
:10DFF00001230223E41A2043F0BD2DE9F0411D4620
:10E0000007460C46164652EA050301D1FFDFFEE73C
:10E0100085B9914204D2FFF7B3FF2946BDE8F081EC
:10E0200008462946FFF7ACFF05463246384605FB51
:10E030001641F0E7B5FA85F80123400803FA08F322
:10E04000C8F11F0840EAC470A3FB0212610803FB79
:10E050000522FFF795FF30FA08F04FF0000102D0DB
:10E06000013861EB010106FB01F3A6FB002C00FB6C
:10E070000533BF1A634464EB0304B742AC41CDD30C
:10E08000013041F10001C9E762B1013910B58418CE
:10E0900010F8012B11F8013FA04201D09A42F7D0AD
:10E0A000D01A10BD10467047F0B5C9B20446A30798
:10E0B00026460ED14FF0013522F003034D43E718F9
:10E0C000BC420CD1334402F003021A44934209D1FA
:10E0D000F0BD002AFCD0013A04F8011BE7E744F840
:10E0E000045BEDE703F8011BF0E70000094B0A4A67
:10E0F000C3F800230132C3F80C230132C3F81823FC
:10E100000132C3F820230132C3F81C230132C3F8C3
:10E110001021704700A0084004000080074B002237
:10E12000C3F80023C3F80C23C3F81823C3F8202333
:10E13000C3F81C23C3F81021704700BF00A008409B
:10E14000844641EA000313F0030359D1403A33D324
:10E15000F0B4F0C9F0C0F0C9F0C0F0C9F0C0F0C927
:10E16000F0C0403AF5D2F0BC26E0403A24D300BFDC
:10E170000B6803604B6843608B688360CB68C36047
:10E180000B6903614B6943618B698361CB69C3612F
:10E190000B6A03624B6A43628B6A8362CB6AC36217
:10E1A0000B6B03634B6B43638B6B8363CB6BC363FF
:10E1B00040304031403ADBD230320BD30B68036041
:10E1C0004B6843608B688360CB68C360103010314C
:10E1D000103AF3D20C3205D351F8043B40F8043B1B
:10E1E000043AF9D2043208D0D2071CBF11F8013B1F
:10E1F00000F8013B01D30B8803806046704700BFE5
:10E20000082A13D38B07B0D010F00303ADD0C3F1AD
:10E210000403D21ADB071CBF11F8013B00F8013BD5
:10E22000A3D331F8023B20F8023B9EE7043AD9D34E
:10E23000013A11F8013B00F8013BF9D20B78037069
:0CE240004B7843708B7883706046704709
:10E24C0001000000001100201D4000000000000033
:10E25C00FFFFFFFF1FFF0000BAABBABA101010107F
:10E26C00FF00000000000000FFFFFFFFFFFFFFFFAB
:10E27C00FFFFFFFFFFFFFFFFFF000000013A070059
:10E28C00000000002F3A0700000000005D3A070074
:10E29C0000000000493A070000000000133A070094
:04E2AC00000000006E
:040000036000582918
:00000001FF
