:02000004001EDC
:1038000029381E0095381E0039381E003D811F00E2
:1038100059DF1E00FD611E0035811F0041811F0020
:0838200039811F00658A1F00B9
:1038280000B5024880475DF804EB7047718D1F00B2
:1038380071460420084202D0EFF3098101E0EFF35A
:103848000881886902380078102813DB20280FDBEC
:103858002D280BDB084A1268084B9A4203D16028CE
:1038680004DB074A1047022008607047054A1047E2
:10387800054A1047FFDF0000D40A0020BEBAFECA7E
:10388800F9611E0049811F0041901F001249097803
:10389800D9B904207146084217D106990F4A9142B6
:1038A80013DA0F4A914200DA0FDB069902290CDB82
:1038B80002394878DF2808D10878FF2805D14FF069
:1038C80001004FF00002074B18474FF0FF307146D8
:1038D8004FF00002034B184728ED00E000CC1F0012
:1038E80000381E00898D1F0007282DD01AB1012A23
:1038F8000BD0812070474B7803F00703042BF8D8CE
:10390800DFE803F007220C131B004B78C3F3C20354
:10391800F4E7002A14BF032002207047032813D8B5
:1039280000280CBF05200F20704704280CD8023847
:10393800012894BF0F2005207047062804D00328CB
:103948000CBF0F20052070470020704773B5144640
:10395800ADF80410BDF8042003462280227842F016
:10396800040222709DF90420002A13DA104A9DF8F7
:103978000410927AA068C1F3001193420CD3FE2B75
:1039880004D107324942D20818F0BEFB237823F04D
:103998001003237002B070BDDE08012503F0070391
:1039A800825D9D40994022EA05020A438255EDE76F
:1039B800E8000020064BDA88824206D330B10C2298
:1039C8001B6850430C38184470470020704700BFEC
:1039D800E8000020820682B0C3B20BD41B0606D5CD
:1039E800054B9B7ADA1D4B4303EBD20399B2084689
:1039F80002B070470021FAE7E80000201388F0B50C
:103A08000B8091F90030002B26DA144B0C789B7A46
:103A1800984204D344F0100400200C70F0BD95685F
:103A2800C60800F007070733AE5DDB103E4166F3BA
:103A380004140C701178D27801F0030142EA0122D3
:103A480040F20121B2FBF1F101EB4121521A92B28D
:103A580000FB02302844E1E79068DFE7E800002037
:103A680010B5044649B1042113F08CFF38B1204643
:103A78000421BDE8104014F00DB8084610BDFF2021
:103A8800FCE700002DE9F7438146084616461D4627
:103A9800FFF790FF0446DDE90A7800285CD001783A
:103AA800480759D5B9F1000F4FDA5FFA89F92E4B5B
:103AB8009B7A4B4552D9224601A94846FFF79EFFFB
:103AC8002278E37840F2012102F0030243EA02235C
:103AD8006A04B3FBF1F101EB4121A3EB010189B2C7
:103AE8000AD58B4208D194F802C022790CF0030C55
:103AF80042EA0C22B24233D3B14231D3C5F30D02AC
:103B08009519ADB2A9422DD38B4205D1A378290AC4
:103B1800257161F30103A370B8F1000F01D0A8F873
:103B2800002077B13946304418F03AFB9DF804304C
:103B38002246484623F010038DF804300199FFF718
:103B480005FF002003B0BDE8F0831FFA89F0C9091A
:103B5800FFF786FF8146AAE70120F3E78720F1E710
:103B68000720EFE70D20EDE7E8000020CB1C23F04D
:103B7800030399422DE9F04107460D462ED1184C12
:103B880000230E4640F201282160A0802381A27202
:103B9800E380337813F0040001D1BDE8F081E288B6
:103BA8000132E28013F0200216D103F00302F1780B
:103BB800707841EA022143EA0020B1FBF8F202EBF7
:103BC8004222891A89B2FFF705FF238903449BB271
:103BD8002381FB1A2B44B3600C36DAE78620DCE736
:103BE800E8000020044AD388108903EB430301301E
:103BF80000EB830080B27047E80000202DE9F04F09
:103C080040F2012487B081461546ADF8141002939E
:103C1800BDF8403005980393B2FBF4F404EB442458
:103C2800141BA4B22146FFF7D5FE0146FFF7DAFFC1
:103C3800DFF8F4C00C30BCF8042008449042DDE9F9
:103C480011766CDC9DF8148008F0A003A02B68D0D6
:103C5800BCF80600DCF800A0431C9BB2ACF80630A8
:103C680006B1338018F0200B09BFBCF8086039464C
:103C7800891989B204BFACF80810511A4FF00C0228
:103C880008BF514402FB00F6FE200AEB06029160D1
:103C980005990492FFF75AFE049A18F0800FDFF88E
:103CA8008880D570C5F3012514714FEA14241AF8D9
:103CB800061045F0040521F0070145EA01050AF858
:103CC800065008BF0125917864F301014FF0000404
:103CD8009170264699F802105171B9F80010D180F8
:103CE8004FF0000111731CBF0F4A957ABBF1000F0A
:103CF80018BF0027E3B29D4201D800200CE044F031
:103D080000400134CDE90076DDE90223B8F8061059
:103D1800FFF7B8FE0028EDD007B0BDE8F08F84208B
:103D2800FAE70620F8E700BFE80000202DE9F3478E
:103D38000446084692461D46FFF73CFE8146DDE9EB
:103D48000A6700283ED001784B073BD5C9092046B1
:103D5800FFF786FE1F4B9B7A834235D901A94A4655
:103D6800FFF74CFE99F8023099F80440BAF5806FD5
:103D780003F00303CAF3090844EA03210C460DD3F0
:103D880099F8002099F8033002F0030243EA02236D
:103D9800B3F5007F02DD6B1E8B4217DCA04517D8F8
:103DA800A4EB080292B2AA4228BF2A4607B13A8079
:103DB80026B100EB0801304618F0F2F9002002B0F5
:103DC800BDE8F0870120FAE78720F8E70B20F6E73F
:103DD8000720F4E7E80000202DE9F0470446FFF744
:103DE800E9FD064668B3184F25464FF0000940F232
:103DF8000128B7F806A0AA4509D23B89013C002052
:103E0800A3EB0903FC8030703B81BDE8F0872846AE
:103E18000135FFF7CFFD0278C178ADB202F0030398
:103E2800407841EA032142EA0020B1FBF8F303EBB2
:103E38004323C91A89B2FFF7CDFD48441FFA80F918
:103E4800D9E70120E1E700BFE800002010B51446DB
:103E580039B1013911800121FFF702FEA07000205D
:103E680010BD0120FCE70000F8B5154B04460C27EF
:103E7800DE8818682388B3421FD207FB03F1421873
:103E88001BD0415C5D1C11F0040F14D05379A37250
:103E9800D3889078238100F00300117941EA00214A
:103EA800A078A181E11CFFF7A9FD2061ABB2002039
:103EB8002380E38002E02580DCE70A20F8BD00BF0C
:103EC800E8000020012303827047000073B506460E
:103ED80008461D46ADF80420FFF76CFD044658B3AC
:103EE80001784B0728D5C9093046FFF7B9FD144BAF
:103EF8009B7A834222D922460199FFF727FDFF2D9D
:103F080017D0237840F20122E17803F0030341EA55
:103F18000321B1FBF2F202EB4222891A89B215B9E8
:103F280001F2012189B22378E170090A61F30103E2
:103F38002370002002B070BD0120FBE78720F9E75D
:103F4800E8000020F8B50646084617461D46FFF764
:103F580031FD0446F8B101784B071CD5C909304634
:103F6800FFF77EFD224639460646FFF747FD5DB15D
:103F78002378E27803F0030342EA0322B2F5007FD4
:103F8800CCBF002201222A70044B987AB04294BF19
:103F980087200020F8BD0120FCE700BFE8000020D2
:103FA80090F82F30C279C3F30103134063F3010281
:103FB80013F00103C2711BBF837A90F83220837219
:103FC80013401FBF90F831208372437A13408278E0
:103FD8004372037A9A4288BF8370704770B503783A
:103FE80004460D46052B08D003F0F703012B11D129
:103FF8000169042015F0C2F80CE083680169042007
:104008001E7815F0BBF8052E04D0054A0420216956
:1040180015F078F829462046BDE8704000F05CB8F5
:1040280080C3C9012DE9F041054686B00F46012439
:10403800DFF850802B79013B55F823607378013BFA
:10404800DAB2012A05D858F823303946304698475D
:104058000446012C11D82B79013BD9B2297171B9C9
:104068000A2301A802968DF80430336A059305F0F7
:10407800DFFB204606B0BDE8F081032CF9D103240C
:10408800D8E700BFDC5D1E0010B5044601460420D9
:1040980015F074F82146034A0420BDE8104015F0D5
:1040A80031B800BF80C3C90138B50D468022002150
:1040B800044618F029F8012D01D0022D07D1204619
:1040C800657001F08BFB02230020A37538BD052025
:1040D800FCE7042015F052B838B50C4669B1002346
:1040E80005780B7005F0A4FB064B20782B441B7A4F
:1040F800834214BF0220032038BD05F099FB2046F7
:10410800FAE700BFDC5D1E0010B50379012B0CD067
:104118004C780022012C0A7004BF0A744A615A1CA8
:10412800027140F82310032010BD0420FCE700238F
:1041380037B58DF804300D464378012B03D0022B98
:1041480011D06C4606E0C468002CFAD0237C002B02
:10415800F7D10C3401462046FFF7D6FF032804D0D8
:10416800042003B030BD0469EEE729462046FFF776
:1041780059FF9DF80430002BF3D0F1E720B1037C00
:1041880013B10C30FFF74EBF0120704738B5054614
:10419800C2F110001446284418F002F8102C0AD076
:1041A800C4F10F02802328460021D2B2AB54BDE8E7
:1041B800384017F0A9BF38BD2DE9F04788B00C4644
:1041C80011460546DDF848A004AEDDE91029D046C1
:1041D8004F4617F8010BC0F340008DF8100018F88F
:1041E800010BC0F340008DF811001868CDF81200DB
:1041F80098889B79ADF8160068468DF818301368D2
:10420800CDF819309388ADF81D30937932468DF882
:104218001F30102313F015FE2A4669462046032353
:1042280017F017FEB8F80430DAF801003246ADF896
:1042380014302946D9F8013004906846CDF8163074
:10424800BB88ADF81A3000230793102313F0F9FD4B
:1042580003232A466946204617F0FBFD08B0BDE84F
:10426800F08700002DE9F04389B0054690461C46CA
:104278000E46DDE9107919B3032302462B4930466F
:1042880017F0E7FD10222946384613F0E4FD95F9AA
:104298000F30002B05DA1023254A3946384613F02B
:1042A800D0FD10223946484613F0D5FD97F90F3056
:1042B800002B05DA10231E4A4946484613F0C1FD73
:1042C80010220021284617F01FFF102C14D822D1E5
:1042D80023463A46414604A813F0B3FD2A46014650
:1042E8001023684613F0ADFD03236946304617F0E6
:1042F800B0FD09B0BDE8F083103C684610232A469B
:10430800A4B208EB040113F09CFD03236946304670
:1043180017F09FFDD9E7E2B241466846FFF736FF3E
:1043280010234A4669460DEB0300D5E7A85D1E0039
:10433800B85D1E001FB51B88044612880846ADF8F4
:1043480002300023ADF80020694603932246CDE9E8
:104358000133032317F07DFD04B010BD30B589B0DB
:1043680004460D46106851686B4604AA03C300232F
:1043780069462846CDE90233032317F06AFDBDF8E4
:104388001030238009B030BDF0B5027887B0002323
:104398000446012A06698DF8083047D0022A00F041
:1043A800BE8012B1012007B0F0BD0379013B032B99
:1043B800F8D8DFE803F0020B08237378012B40F0EC
:1043C800C18002230AE01D233370FAE77378022BB9
:1043D80040F0B88033780C2BE4D1072301228DF804
:1043E8000830227022899A4216D2082301A88DF833
:1043F8000430236A0593FFF76FFED4E7B37D022BE1
:10440800D0D132781D2ACDD84F4BD340DB07C9D540
:104418000389012BD5D8C5E70B46052203F8042BE1
:10442800D4E9020183E803000320BCE70A78052ADF
:10443800B8D18DF80420026A8D6805929DF8102085
:10444800039563F300020379013B8DF81020032BD9
:10445800A8D8DFE803F00224125802270B23002112
:10446800ADF808702B70037D01A803F01F036B7073
:10447800FFF7B4FD3770002095E79DF81030022251
:1044880043F00103ADF808208DF8103005232B7098
:10449800037D6B70027001A8FFF7A0FD83E7072377
:1044A8000021ADF8083001232B70037E6B70437E2A
:1044B80003F00103AB70837E03F01F03EB70C37E30
:1044C8002B71EB7813F0010315BF037FAB7103F079
:1044D80007036B711CBF6B71437F01A81CBF03F0FE
:1044E8000703AB71FFF77AFD2B68F362AB8833865D
:1044F800AB7986F8323063695B7873752B79B37062
:104508000D233370B7E702230021ADF808300E23DE
:104518002B70037D01A86B70FFF760FDABE70122EC
:1045280019468DF80420026A059203228DF80820A6
:10453800027D01A88DF80920FFF750FD304601F0F3
:104548004DF998E705202EE7F0C0012070B59CB022
:104558000C46194602F120059DF880308DF82C3064
:104568000DF12D0352F8046BAA4243F8046BF9D1FC
:1045780022460DF14D03203452F8045BA24243F861
:10458800045BF9D107AB0BAA019303AB009341235A
:10459800FFF768FE1CB070BD2DE9F04FA1B01C46B6
:1045A80020230DF1280B0DF1180A2C9ECDF804B02C
:1045B800CDF800A0CDE904014D490EA8DDE92A7522
:1045C800FFF750FE4FF4807305F101080DF1580C08
:1045D800ADF84830731C07F1100E0393D6F801307C
:1045E800CDF84A30B6F80530ADF84E303378C3F31D
:1045F80040038DF85030D5F80130CDF85130B5F87A
:104608000530ADF855302B78C3F340038DF857309B
:104618003B461868083353F8041C6246734503C2C6
:104628009446F6D123460DF1680C04F1100E186873
:10463800083353F8041C6246734503C29446F6D106
:104648000023DFF8B09012AA0EA98DF87C3035232C
:104658000498CDF87890CDE900ABFFF703FE4FF44E
:104668008073ADF84830D6F80130CDF84A30039B56
:104678009B88ADF84E30337807F11006C3F340033A
:104688008DF85030D5F80130CDF85130B8F80430F5
:10469800ADF855302B7816ADC3F340038DF857307D
:1046A8003B461868083353F8041C2A46B34203C231
:1046B8001546F6D11AAA04F110052068083454F8F2
:1046C800041C1346AC4203C31A46F6D1012312AAAE
:1046D8000EA905988DF87C300AABCDF87890019337
:1046E80006AB00933523FFF7BDFD21B0BDE8F08F81
:1046F800C85D1E00656C7462F0B59DB00546259EC8
:10470800D6F801000B90B6F80500ADF83000307807
:10471800DDE92374C0F340008DF83200D4F80100BD
:10472800CDF83300B4F80500ADF837002078229CA6
:10473800C0F3400004F110068DF839003888ADF850
:104748003A00B8788DF83C000DF13D0054F8047B30
:10475800B44240F8047BF9D10DF14D0003F1100487
:1047680053F8046BA34240F8046BF9D10DF15D03D3
:1047780002F1100052F8044B824243F8044BF9D17D
:1047880007AB0BAA2846019303AB00934123FFF71D
:1047980069FD1DB0F0BDF0B5A3B09C4606460C46B9
:1047A800289D0EAB05F1100E2868083555F8041C35
:1047B8001F46754503C73B46F6D112AB02F12007E9
:1047C8001068083252F8041C1D46BA4203C52B462D
:1047D800F6D122461AAB04F120051068083252F8C7
:1047E800041C1C46AA4203C42346F6D106AB0EAAF3
:1047F80061460AA8019302AB00935023FFF732FDEC
:104808000A9B336023B0F0BD2DE9F04300238FB03D
:1048180090F800C005460F46C4688DF82430BCF1F6
:104828001B0F00F28780DFE81CF01C00EC0232034B
:104838004E0389039403A903DB03F8035604810498
:10484800C904F104FD043F0587059405B705B905BA
:104858003B067D067F06B206CF064B076E072E077E
:10486800350714B123781D2B36D0AE68002E61D0E1
:104878000123296A8DF8243040F602230D91ADF802
:1048880028306B690B93AB88002B53D03278501EBD
:104898000D2821D8023A0C2A23D8DFE812F070003C
:1048A800EB0040011C0230025002790299024B00D1
:1048B8000D00AF00AD010102022B3BD114B12378EA
:1048C8000C2B09D102238DF8243073788DF8283009
:1048D800002109A8FFF782FB002630460FB0BDE88B
:1048E800F083042014F04AFCAB88072B22D10CB3C8
:1048F8002378022B02D01A1F022A19D80123237009
:104908003379DA1F092A1AD90A232B741D23394649
:1049180009A8237018232B7008238DF824302B6ADC
:104928000D9302238DF82830FFF7D6FB0646D4E70F
:10493800012BE5D02B7C002B00F0F286E6E7A37074
:1049480003223368E362B3882386B37984F832306C
:1049580001232B70234603F82D2B0A93631D8DF832
:1049680024200B9304F114032A6A0C930D92394600
:1049780009A8FFF7B1FB0646012EAED1DAE7072BEF
:10498800D8D1002CD6D023780D2BD3D1F17894F838
:104998002F20C1F3C0038807C2F3C00203EA020351
:1049A8007279C3F10703DBB204D11342ACD1B179F8
:1049B8000B42A9D194F8311022EA01021A42A3D17C
:1049C80094F83210B27922EA01021A429CD1337962
:1049D800DA1F092A98D8627D9A4201D9062394E7FA
:1049E80033680E226360B3882381B379A3720123ED
:1049F8002B70234603F82D2B0322AEE7412B99D1C8
:104A0800002C97D02378042B24D1E378D90791D5AB
:104A1800731CE269413653F8041BB34242F8041B85
:104A2800F9D10B23002109A88DF824302B6A0D93A6
:104A3800E3690A93FFF7D2FA2378042B0ED10523F2
:104A4800237003232B7008238DF824302B6A0D93D1
:104A5800412314E20F2B7FF46DAFD9E7A37D012B1F
:104A680002D81123237037E7032B14BF1023122316
:104A7800237048E0112B7FF45DAF002C3FF45AAF50
:104A88002378042B17D1E378DA073FF553AFA04614
:104A980006F1010958F8403B23F07E4303F0FF2359
:104AA800B3F5007F13D110224146484617F01CFB8E
:104AB80068B9042329E7062B07D1E378DB07E6D496
:104AC800A37D022B7FF436AFE1E7112BFAE74846C6
:104AD800113650F8043BB04248F8043BF9D16178EC
:104AE800012914BF122307232370E378D80711D5AF
:104AF8000129A27D40F02F86022A40F0278603F084
:104B08003E03022B09D104232B700C238DF824308B
:104B18002B6A67E0012940F02186052358E0112B14
:104B28007FF408AF002C3FF405AF2378082B02D0A0
:104B3800132B7FF4FFAE04F17002711C113610467E
:104B480051F804EBB14240F804EBF9D1082B14BF3B
:104B5800142309232370E378D9071FD5A67D022ED5
:104B680004D06178022935D1012E30D8022ED4E93B
:104B780006010BD1666BC3F34403D6F800C0013BB2
:104B88002CFA03FC0CF0010C4CF0800C1346CDF809
:104B980000C0024605A8FFF7D9FC0BE0A36A05A8E8
:104BA8000293636A0193231D009304F12C03616B44
:104BB800FFF702FB102205A904F1400017F094FA50
:104BC80000287FF476AF2378092B00F0C8850A23E4
:104BD8002B70CDE1032E2B6A06D104222A700C22F9
:104BE8008DF824200D93C2E609222A7008228DF838
:104BF80024200D93112342E1112B7FF49BAE002C4E
:104C08003FF498AE23780A2B13D1E278D2077FF5C8
:104C180091AE04F14008721C1136414652F8040B5B
:104C2800B24241F8040BF9D10A2B06D10B232370A9
:104C3800CEE7152B7FF47EAEEBE72346162204F170
:104C4800500105A803F8602B626A0392A26A0292D7
:104C5800621D0192626B009204F17002FFF74CFD35
:104C6800102205A9404617F03FFA0646002840F0F2
:104C7800168320463146FFF793F9A378206AC3F1DB
:104C88001002184417F040FA0F232B7006230A96D7
:104C98008DF824302B6A0D93A3788DF82C3066E6B6
:104CA800022B7FF447AE002C3FF444AE23781A1F42
:104CB800032A03D90E3B032B3FF63CAEA37D022B00
:104CC8007FF438AE0846FFF7DFF90E238DF824305D
:104CD8002B6A0D93F9E5022B7FF42CAE002C3FF4E0
:104CE80029AE2378012B7FF625AE0C2B3FF422AE9C
:104CF80004238DF8283073788DF829301AE6112BA3
:104D08007FF418AE002C3FF415AE2378172B7FF4F0
:104D180011AE62781421636A971E7A427A4101FBC8
:104D28000232731C1136926953F8041BB34242F8DD
:104D3800041BF9D1286AFFF7A7F9182392E60B2B71
:104D48007FF4F8AD002C3FF4F5AD2378182B7FF4F1
:104D5800F1AD62781421636A901E4242424101FB20
:104D68000233B6F801201B691A806278636A941EC0
:104D78006242624101FB02335A69D6F8033013607C
:104D8800D6F807305360286AFFF77EF917231FE724
:104D9800112B7FF4CFAD002C3FF4CCAD2378192B29
:104DA8007FF4C8AD6278636A911E4A424A41142171
:104DB80001FB0232731C1136D26953F8041BB3424B
:104DC80042F8041BF9D1286AFFF75EF91A2349E66D
:104DD800082B7FF4AFAD002C3FF4ACAD23781A2B31
:104DE8007FF4A8AD636A71781A7861F347021A7084
:104DF800D6F80220636AC3F80120F288A3F80520D8
:104E0800C1E70B78012B7FF495AD4B6804F11402D0
:104E180003F1180153F8040B8B4242F8040BF9D143
:104E2800E27994F82F10C2F3C003C1F3C0010B401C
:104E3800E17863F30001237DE170002B7FF465AD19
:104E4800217803291ED1607DA17888423FF6C6AD3E
:104E580063F3471202212046E271627A217163F3FB
:104E680007126272A27A63F30712A272FFF798F828
:104E7800082329708DF824302B6A0D9307238DF8A9
:104E8800283074E5E378DB077FF547AED9E50B7882
:104E9800052B7FF44FAD07228DF82430036AADF857
:104EA80028209DF830200D9322F001028B688DF8A0
:104EB80030200B9362681A6022899A80A27A9A71CC
:104EC8000423237004E50B78052B7FF433AD8DF8AC
:104ED80024300C22036AD1E901010D930AAB83E85F
:104EE80003004123ADF828309DF8303023F001034A
:104EF8008DF830300A70BA68A369013203F14001B5
:104F080053F8040B8B4242F8040BF9D1002109A88D
:104F1800FFF764F8E378012262F34503E37023782E
:104F2800052B09D1A37D934201D80723A0E5032BC4
:104F380040F03481082395E50F2393E50B78072B80
:104F48007FF4F8AC0B79002B7FF4DFAC8B68E3635C
:104F5800E3E5102104F1600012F034F9636BF3B952
:104F6800A37D012B06D807232B70AD4BC4E90D3365
:104F78000326B2E406232B700423C7E50B78022B23
:104F88007FF4D8AC0B79002B7FF4BFACA37D022B48
:104F980007D18B68002B3FF4CDAC6363A363072371
:104FA80016E6032BFBD16178A379012994F82E200A
:104FB8001EBF194613460A46012A0DD1BA68002AAF
:104FC8003FF4B8AC6263E278D60707D5012B05D168
:104FD800FB68002BE2D1ADE4914AF3E7904BDDE7A3
:104FE800026A08230D92E2788DF82430D00709D59B
:104FF8006278A37D022A01D1012B0CD9032B0CBFA7
:10500800092308232B7011238DF82830394609A865
:10501800FEF7E4FFAFE40923F4E70B78052B7FF4F0
:1050280089AC2278072A04F1600218BF4FF0110CEE
:1050380084F800C08DF82430036A8E680D9311231C
:1050480035460B96ADF828309DF8303023F0010333
:105058008DF83030032305F8013BE07810F0010F9C
:105068001ED1A36A28460293636A0193231D009305
:1050780004F12C03616BFFF79FF8236823F07E434C
:1050880003F0FF23B3F5007F7FF422AC28464034B9
:10509800113650F8043BB04244F8043BF9D117E408
:1050A800A37D022B05BF636BC0F3440000231B687C
:1050B80004BF00F1FF30C340284608BF03F00103D6
:1050C800D4E9061708BF43F08003009313463A4615
:1050D800FFF73CFAD1E70B78052B7FF42BAC1122B4
:1050E8008DF82430036AADF828209DF830200D9300
:1050F80022F001028B6804F170018DF8302004223F
:105108000B9303F8012B04F1600252F8040B8A4256
:1051180043F8040BF9D1002109A8FEF75FFF2378B3
:10512800092B01D10A2382E513239BE4E378D907ED
:1051380039D5A27D012A24D16378012B04F17003AB
:10514800D4E9061004F1600411D100260A4600943F
:1051580001460AA8FFF71FFB0D23002109A88DF8B7
:1051680024302B6A0D93FEF739FFFFF7B6BB0246D2
:1051780000930AA82346FFF70EFB0B2303262B7088
:10518800EAE7022A0FD1C3F34402132A0BD80132EB
:1051980062F34503E3706378012B01D1062361E4D0
:1051A80010232370B9E4236823F07E4303F0FF2320
:1051B800B3F1012F3FF490AB0B2309E5E378DA074D
:1051C80004D5A37D012B29D10C23D4E60F2304F1A8
:1051D800700205AE037004F160006378616B012B07
:1051E8000CD113460246304600F0C0FAA0780021E0
:1051F800C0F11002304416F087FF47E503463046F9
:1052080000F0B4FA2046FEF7CBFEEFE70B78022B4E
:105218007FF490AB0B79002B7FF477AB0D23D7E4A9
:10522800A85D1E00637804F17006D4F828C004F164
:105238006008012B216AE26B04F150090CBF40465B
:105248003046CDF808C008BF3346D4F824C018BF8C
:105258004346CDE9000C4846FFF79EF96378012BD9
:1052680020D1A3780021206AC3F11002184416F057
:105278004BFFA36A32464946039305A8636A029323
:1052880004F12D030193636B00934346FFF734FA4F
:10529800102205A904F1400016F026FF10B10B23D7
:1052A800FFF733BB0E235AE20B78052B7FF442AB92
:1052B8008DF8243004F1700E036A04F160028868E6
:1052C80004F150010D9311230B90ADF828309DF88F
:1052D800303023F001038DF830300D2300F8013B06
:1052E80094F801C0D4F83880BCF1010FD4E909362C
:1052F8000FBF04F1050C04F12D0C9946334618BF75
:105308004E46CDE9008CCDE902637346FFF7F4F908
:10531800002109A8FEF762FE6378012B09D10F234B
:105328002B7006238DF824302B6A0D9300230A93E3
:10533800B2E41523FFF796BB0B78032B7FF4FAAA88
:10534800E379DB0740F1A381102303700723FFF7FC
:10535800DDBB0B78042B7FF4EDAA0B1D04F11402BE
:10536800183753F8041BBB4242F8041BF9D1636A8F
:10537800228CA3F80920636AA278DA71636AE1795A
:105388001A7A61F301021A72636A627A1A73636A9B
:10539800A27A83F82020F9E41223E0E191F8008052
:1053A800B8F1050F7FF4C6AA8B681426082143615B
:1053B8006278636A023A18BF012206FB0233586911
:1053C80011F000FF6278636A04A8023AE16918BF25
:1053D800012206FB02335A6900F0DCF96078626A40
:1053E8000223023804A918BF012006FB0020093255
:1053F800006912F026FD626AB04B0DEB0600093217
:10540800A169FEF797FF6278636A0DEB0601023A1D
:1054180018BF012206FB0233A278986916F0C0FE75
:105428006278636A0021023AA07818BF012206FB5D
:105438000233C0F110029B69184416F065FE112270
:105448002B6AADF828209DF830200D9322F0010238
:105458006B698DF824808DF8302006220B9303F8B1
:10546800012B6178626A023918BF012106FB01220B
:10547800926902F1100152F8040B8A4243F8040BB6
:10548800F9D1002109A8FEF7A9FD00236B611323B8
:105498002B7008238DF824302B6A0D930B23EEE430
:1054A8000B78052B7FF446AA8DF82430036A142064
:1054B80089680D930B230B91ADF8283007230B70E7
:1054C8006278636A023A18BF012200FB02331B6943
:1054D8001B88A1F801306278636A023A18BF01227A
:1054E80000FB02335A691368C1F803305368C1F8E6
:1054F800073023781C2B08D11A232B709DF83030E5
:1055080043F001038DF8303080E51723002109A806
:105518002B709DF8303023F001038DF83030FEF702
:105528005DFD25E515231AE10B78052B7FF402AA0A
:1055380011228DF82430036A1420ADF828209DF834
:1055480030200D9322F001028B688DF8302008225C
:105558000B9303F8012B6178626A023918BF0121A5
:1055680000FB0122D26902F1100152F8040B8A42B1
:1055780043F8040BF9D1002109A8FEF72FFD1623E3
:105588002A6A2B7008230D928DF8243077E40B7863
:10559800052B7FF4CFA98DF824300822036AADF8D3
:1055A800282009220D938B680B931A706269127870
:1055B800C2F346025A706269D2F80110C3F80210A9
:1055C800B2F80520DA8094E7667804F1040CE378F1
:1055D800022E03F001030CBF01210021C3F10703D0
:1055E80018BF012201F1050808BF00221CF80800B5
:1055F80002F1050E18400CF808001CF80E8003EAAA
:1056080008030CF80E30002840F09C801B262670FA
:10561800002B3CD013F0010808D02244567A26F01B
:1056280001065672112203262A7002E09E071BD437
:1056380001266278022A00D053B921444A7A12F02E
:10564800010818D022F001024A721722002622709F
:105658001CF80E2002437FF48FA9002B3FF48CA97D
:105668001C232370FFF788B92244567A68F3410651
:1056780056721422D7E712F0020FE9D068F34102FC
:105688004A721922E2E70B78062B7FF453A91B23F1
:10569800FFF79EBA2378012B3FF44CA90C2B3FF45B
:1056A80049A90923002102268DF82430036A09A894
:1056B8000D93FEF793FCFFF710B900BFD85D1E00ED
:1056C8000A78052A1AD1036A8DF824200D938B686D
:1056D8000221ADF828109DF830100B9341F001011C
:1056E8008DF8301039461A70027C09A85A70FEF7F6
:1056F80075FC192306462B70FFF73EB906230B707D
:105708001923FFF765BA01238DF82430036A0D9336
:1057180003238DF82830037C8DF829300023037487
:105728009DF8243063B10026002109A8FEF756FC35
:10573800002C3FF4D2A8204600F050F8FFF7CDB86F
:105748000126F5E7012E3FF465AF71E7012A3FF620
:10575800E4A9FFF7D8B9012A7FF6D5A909232B7048
:1057680008238DF824302B6AFFF743BA7FB5064625
:105778000D4618686C46596803C41068234651687A
:10578800324603C303236946284616F062FB04B079
:1057980070BD000030B5154685B0074A0446684616
:1057A80002F130033232FEF7C5FD2A46694620462B
:1057B800FEF7D4FD05B030BDA85D1E00704700009F
:1057C80010B40446034B0846034A214610BCFEF7B2
:1057D800B1BD00BFD85D1E00F35D1E004378012BEC
:0857E80018BF0C230370704789
:105800002CFFFFFFDBE5B151009401000D31FFFFDC
:10581000730000008196980075A7B53A3CDD4A8078
:0C5820000BC04E1D23D7EEC1ACAF956944
:10582C00D9F51E0009F91E0069FA1E0095FA1E0032
:10583C00D7FA1E0015FB1E004FFB1E007FFB1E003F
:10584C00B5FB1E0015FC1E00B9F61E00E1601E0023
:10585C00BD861E001D871E0045871E0095871E00F5
:10586C0029881E009D891E00998A1E00D18A1E005F
:10587C00358E1E00298F1E00698F1E00D58F1E00CD
:10588C00F58F1E00CD951E0001961E0005951E007D
:10589C0069951E003D961E00CD961E00ADA31E0000
:1058AC0091A41E003DA91E0069AA1E0015AB1E0086
:1058BC0081AB1E00EFAB1E00E5601E0009AD1E00A3
:1058CC0073AD1E00E5601E00E5601E00E5601E0065
:1058DC00E5601E00A1901E0019911E00E5601E00DF
:1058EC0029921E00E5601E0021901E005D901E0096
:1058FC0081901E00E5601E00E5601E00E5601E0044
:10590C00E5601E00E5601E00E5601E00E5601E00FF
:10591C00E5601E00E5601E00E1601E00E1601E00F7
:10592C00E1601E002DBA1E00B9BA1E00D9BA1E00C5
:10593C00FBBA1E007DBC1E0025BB1E0031BB1E0029
:10594C0075BB1E0099BB1E0061BC1E00A7BC1E00CF
:10595C00E1601E00CBD21E00E3D21E00E9D21E0075
:10596C0025D31E0055D31E0029D41E00A9D41E0019
:10597C00C5D41E0025D51E0075D61E0041D81E00AC
:10598C006DD91E0089D91E0041DC1E00E1601E008D
:10599C00E1601E00E5601E00E5601E00E5601E0073
:1059AC00E5601E00E5601E00FF0102001001100101
:1059BC003A0200001A020C01020000001100030060
:1059CC000300070008000330030003000D00000073
:1059DC0005000F000F0003000F00060007000F006A
:1059EC0004000500070007000C0003000F0007006F
:1059FC000F00030003000300030003000300030077
:105A0C000300030003000300030003000300030072
:105A1C000300030003000300030003000300030062
:105A2C000300030003000300030003000300030052
:105A3C000300030003000300030003000300030042
:105A4C000300030003000300030003000300030032
:105A5C000300030003000300030003000300030022
:105A6C000300030003000300030003000300030012
:105A7C000300030003000300030003000300030002
:105A8C0003000300030003000300030003000300F2
:105A9C0003000300030003000300030003000300E2
:105AAC0003000300030003000300030003000300D2
:105ABC0003000300030003000300030003000300C2
:105ACC0003000300030003000300030003000300B2
:105ADC000300030003000400030003000230001164
:105AEC000003030708080D0004050600C40100208C
:105AFC000200000B0406080A0C0E10121416181CD7
:105B0C001E20222426282A2C2E30323436383A3CB9
:105B1C003E40424446484A4C4E021A500000000097
:105B2C00280000001800000000000000F023000016
:105B3C002413000000000000400600004006000096
:105B4C00000098086B03000000000000F023000028
:105B5C00241300000000000048A3000014A0000063
:105B6C00000040060C030000800000200200000B27
:105B7C00260200200200000C8A0200200200000B0A
:105B8C008A0200200100000C880200200100000C99
:105B9C0073FD1E0005821E00F5B01E00D5D91E0037
:105BAC00E5EF1E0000000000FFFFFFFF0000FFFFFD
:105BBC00000003000230030003000F000F0004007C
:105BCC000D00130003000300080003000300030092
:105BDC00030006000700030003000300030003009A
:105BEC000300030007300300030003000700030059
:105BFC000300030003000300030003000300030081
:105C0C000300030003000300030003000300030070
:105C1C00070003000300030003000300030003005C
:105C2C0003000300110003000D0003000300030038
:105C3C0003000300043003000300090089EF1E0079
:105C4C0071F31E0089EF1E0089EF1E0089EF1E0004
:105C5C0089EF1E002BD21E000BD21E007BD21E0021
:105C6C009DB91E005FB91E007FB91E0009FF1E0002
:105C7C0073FE1E00C99D1E009BD21E00000000007A
:105C8C00BFD21E00EBB91E00000000000000000097
:105C9C000000000000000000499E1E0001020203EB
:105CAC000300000028000000200100010000010199
:105CBC0000000100010000010001000000000100D3
:105CCC000B0002000A00050009000A00080014007D
:105CDC0007001E000600320005004B0004006400A3
:105CEC00030096000200FA000100F4010000F40128
:105CFC00FA00960064004B0032001E0014000A00EB
:105D0C000500020001000C0802170D01010209092F
:105D1C00010106020918180301010909030385038F
:105D2C000201230202240910040405050B0B040BC9
:105D3C002B1B1B159A9A1C021D16130501490D15D8
:105D4C000508061B1B0F01010000FEFEFEFEFEFEF9
:105D5C00FEFEFEFEFEFEFEFEFEFEFEFEFEFEFE163F
:105D6C00FEFEFEFEFEFEFEFEFEFEFE1F1FFEFE26DD
:105D7C00FEFEFEFEFEFEFEFEFEFEFEFEFEFEFEFE37
:105D8C00FEFE3E3EFEFEFEFE3B3BA201B003BE0508
:105D9C00EE024806A209C405F40B24120000000010
:105DAC000000000000000000000000008700000060
:105DBC00000000000000000000000000BE83605ADC
:105DCC00DB0B376038A5F5AA9183886C00000300C3
:105DDC0011481E0091431E0000000001020603043E
:105DEC00050000000700000100FB349B5F800000F1
:105DFC0080001000000000000000000045811F0022
:105E0C0045811F0045811F0045811F0045811F00F2
:105E1C0045811F0045811F0045811F0045811F00E2
:105E2C00E9841F0045811F0045811F0045811F002B
:105E3C0039871F0047871F0055871F00D98B1F000C
:105E4C0035891F0045811F0045811F0045811F00BA
:105E5C006D891F00B9891F0045811F0045811F00F6
:105E6C0045811F0045811F00DD891F00F9891F0036
:105E7C00198A1F0045811F0045811F0065871F007F
:105E8C007D871F008D871F00A1871F0083881F003F
:105E9C005D881F00C5871F0001881F0011881F0027
:105EAC0071811F00B5871F0045811F0045811F00B0
:105EBC0045811F0045811F000D8C1F00110303033A
:105ECC000303030303030303030703030303030392
:105EDC0003030F07030303030303030303050F006B
:105EEC0000E5105004E5105000100200DC05040021
:105EFC008A000000E500000085000000D7000000CB
:105F0C004E0000001C000000FA00F4019600640032
:105F1C004B0032001E0014000A00050002000100B4
:105F2C00000000000000010101010101010101015B
:105F3C000101020202020202030304040505060623
:105F4C0007070808090A0B0C0D0E0F101112131479
:105F5C0015161718191A1B0010010000D2000000AA
:105F6C0030010000D800000001000000E400000037
:105F7C0002000000EA00000002000000EC0000003B
:105F8C0003000000EE00000004000000F000000020
:105F9C0005000000F200000006000000F400000004
:105FAC0007000000F600000008000000F7000000E9
:105FBC0009000000F80000000A000000F9000000D1
:105FCC000B000000FA0000000D000000FB000000B8
:105FDC000F000000FC00000011000000FD0000009C
:105FEC0013000000FE00000015000000FF00000080
:105FFC0018000000000000001B0000000100000061
:10600C001F0000000200000023000000030000003D
:10601C0028000000040000002D0000000500000016
:10602C0033000000060000003900000007000000EB
:10603C003F0000000800000000100200FA00000001
:10604C006E5246357800FFFFFFFF1F0075A7B53A6B
:10605C003CDD4A800BC04E1D23D7EEC1ACAF956919
:10606C00002F6A656E6B696E735F776F726B7370FE
:10607C006163652F776F726B73706163652F646FEB
:10608C00776E73747265616D5F746573745F626C47
:10609C00655F7364635F50522D31373932332F642F
:1060AC007261676F6F6E2F6D70736C2F6C6962739A
:1060BC002F73636865642F7372632F7363686564F1
:1060CC005F68616C5F74696D65725F677274632E73
:0460DC00630000005D
:1060E000012070470620704709F050B909F070B9D7
:1060F00038B50E4B0C461B7873B9602801D06A285E
:1061000010D160380A4B53F82050D4E90223D4E967
:106110000001A847206038BDA0F16003612BF0D9D1
:106120000120F7E743F20100F4E700BF3404002048
:106130002C581E00054B984205D3054B98422CBFA6
:106140000020012070470020704700BF00381E006B
:1061500000CC1F0008B50246FFF7ECFF0B4B196897
:106160000B4B99420AD178B90A4B9A4205D30A4B94
:10617000186882422CBF0020012008BD20B9054BC1
:106180009A42FAD30548F4E70120F6E7D40A002042
:10619000BEBAFECA800000208400002080000020DB
:1061A0000A4B1A680A4B9A420BD10A4B1B6883426E
:1061B0000AD8094B98422CBF0020012080F0010032
:1061C0007047064B9842F4D20020F7E7D40A00202B
:1061D000BEBAFECA84000020000008208000002013
:1061E00008B1FFF7DDBF704708B1FFF7B3BF7047D5
:1061F000FFF77ABFFFF77ABFFFF77ABF704738B56E
:1062000004460D4600F02AFB29462046BDE83840EA
:1062100001F086BB38B510220D460021044615F06A
:1062200077FF1723258163810A23A37338BD4FF6B7
:10623000FF730B800146022012F0A4BF7047008953
:106240007047837B03F00303022B1BBF838900206D
:1062500005200B807047837B9B0748BF8181704777
:10626000837B5B0700D509B14089704717207047D1
:10627000837B61F3C30383737047008820F400704D
:1062800020F00100C004C00C003818BF0120704786
:10629000827B034610B512F001040CD14181FFF757
:1062A000ECFF10B142F004029A739A7B42F00102B3
:1062B0009A73204610BD0524FBE700002DE9F34149
:1062C000044607781546012062680E4600FA07F773
:1062D0004FF6FF71138827F408578B42BFB200F0C6
:1062E0001F811FB141F6FE510B4247D13B43138042
:1062F000002D00F0178100232B702278511E0C29ED
:1063000000F2FE80DFE811F00D003D00480065005E
:1063100081008C0096006500A800AC00C700E10079
:10632000EA0063689A7B900740F1F4802289162A7C
:1063300040F2EE8019899142C0F0EA8099891629CD
:1063400002D9914240F0E48029780220A5F801208A
:1063500060F305012970032131809A819A7B22F034
:1063600002029A73002F00F0D9806F4A02206188E0
:1063700012F0CCFE6368227800209A7002B0BDE86B
:10638000F08104232B702389A5F801306389A5F8D7
:10639000033005233380E5E7B4F81080338808F133
:1063A00007081FFA88F84345C0F0B2800623E81DAD
:1063B0002B702389228AA5F8013063896169A5F8C9
:1063C0000330A389A5F8053015F0EEFEA6F800808D
:1063D000C8E7082A0DF1070104F10C0014BF0823D7
:1063E00010232B702389A5F801306389A5F80330A9
:1063F0000523EA18338011F0EBFD002840F0888077
:106400009DF8073032881344C4E70A232B70238990
:10641000A5F8013003233380636822899A80A1E7BD
:106420000C232B702389A5F801306389A5F803306C
:106430000523F0E722893388520002F101081FFA90
:1064400088F8434564D3B8F1040F61D928460E2378
:1064500000F8013BE168B7E72B7843F040032B706D
:106460006289338802F103081FFA88F843454FD345
:106470002B781221E81C61F30503E1682B70238956
:10648000A5F8013015F090FEA6F800802B7859068B
:106490003FF568AFC0E7A289338802F105081FFA0B
:1064A00088F8434534D32B781621681D61F3050322
:1064B00021692B702389A5F801306389A5F8033081
:1064C00015F072FEA6F80080A6E72B78182262F37A
:1064D00005032B70237A6B7002235BE763681A88CD
:1064E000920417D5DA8823899A4215D11E232B707E
:1064F000012362683380138823F40053138031E74B
:10650000032033806268138823EA0703138035E78A
:106510000420F7E70520F5E70620F3E73846F1E722
:1065200009202BE7042029E780C3C9012DE9F043A6
:1065300092F8009085B007461E4609F03F080C46C9
:10654000002900F0878118F0010F40D0B8F1190F31
:1065500094BF002101213046FFF782FEA042C0F027
:10656000798135884FF6FF739D4200F0738119F0F1
:10657000400340F071815FEAD91940F06D81ADF8B8
:106580000030B8F11F0F00F26381DFE818F05F01FF
:106590002200610198006101A7006101C80061014A
:1065A000DB006101EB006101F7006101FB006101AB
:1065B000040161010E0161016101610117016101C5
:1065C0002F0161013E016101370161015F0101217C
:1065D000C1E7052C40F03A8102238DF80030B378F2
:1065E0008DF804309378D17843EA0123ADF8063072
:1065F00013798DF80130537803F03F03023B162BDB
:1066000000F22481DFE813F0170022013D0022018F
:1066100040002201430022014600220149002201DC
:106620004C0022014F0022015200220122012201CE
:1066300055002201580015F0020F00F0078169464D
:10664000384605F0E7F8044668B9B8F11B0F0AD0E0
:10665000B8F11D0F07D03946022012F093FD3388A0
:1066600003F400533380B37B5A0706D53046FFF757
:1066700004FE10B960F38203B373204605B0BDE891
:10668000F08315F0040FD8E715F0080FD5E715F0E3
:10669000100FD2E715F0200FCFE715F0400FCCE731
:1066A00015F0800FC9E715F4807FC6E715F4806FF9
:1066B000C3E715F4006FC0E715F4805FBDE7AB07D3
:1066C00040F1C480032C40F0C18053788DF8004025
:1066D000927843EA0223ADF80430B0E76D0740F149
:1066E000B580052C40F2B2805178012915D00229DD
:1066F00040F0AC801023023C042002338DF80410DB
:10670000A4B28DF80000B4FBF3F14B43ADF80610D2
:106710009C4240F09B80023212E00223EBE7280704
:1067200040F19480013C0521A3B2C4F38D048DF89F
:106730000010B3EB840FADF8044040F087800132C5
:1067400002927CE7E90640F18180012C7ED006238D
:106750008DF800305378012B78D9023C8DF8043045
:10676000A4B2D0E7AB0671D50723013C8DF8003009
:10677000B388ADF80640ADF80430E0E76D0665D5A6
:106780000823F2E7280661D50923013C8DF8003083
:10679000ADF80440D3E7E90558D5012C56D00A23BB
:1067A0008DF800305378032BD6E76A054ED5012CBF
:1067B0004CD10B238DF80030B3888CE72B0545D5E1
:1067C000042C43D90C23053C05328DF80030B388E6
:1067D000ADF8043012F8023C12F8011CADF8084084
:1067E00043EA01230392ADF8063028E7ED042DD5E6
:1067F000012C2BD10D238DF8003020E7A80425D4DF
:106800005378917843EA0123F380B37B19071DD5B0
:10681000022C1BD9B8F11B0FA4F1030402F10302EF
:106820000DBF0E230F2345F400558DF800301CBF1B
:106830008DF80030358012F8023C12F8011CADF8DA
:10684000064043EA0123ADF8043079E707240AE75C
:10685000082408E7072410E708240EE702281FB5DC
:106860000B4606D10122694698B28DF8002004F04B
:10687000D1FF05B05DF804FB0B8810B5048F9C4276
:106880000CD9406BC418C05A40B1A0880633C0F37D
:106890000E00034400200B80146010BD0A20FCE7AA
:1068A0001FB54B6B0C464BB10B2201938DF80020AA
:1068B0000A8F6946ADF8082005F092FC0023636357
:1068C000A3F58033A36304B010BD00002DE9F04FA1
:1068D00091464A6B87B006460D460AB9002487E008
:1068E000012BFBD10023474FADF80E3005AA0DF167
:1068F0000E012846FFF7C0FF024608B10A244AE00D
:10690000059BB3F904100029F0DB1B883046109971
:106910001FFA83FA0B8004AB5146CDE900234FF4F4
:106920000073FDF707FA0446A8BBBDF80E30834696
:10693000ADF81230DDF81480B8F800309A4515D162
:10694000B8F8042093B2120410D4B8F8022043F42B
:10695000804351463046CDE900BB01F0CEF80446F5
:1069600068B9B8F804303B43A8F8043005AA0DF123
:1069700012012846FFF780FF0028DBD00A24059B80
:10698000002230461988BDF81030CDE9002201F010
:10699000B4F80A2CAAD00023ADF80E3005AA0DF1E8
:1069A0000E012846FFF768FF30B30A2C20D1B9F159
:1069B000000F93D00023ADF8123005AA0DF112019B
:1069C0002846FFF759FF002888D1059C109A238894
:1069D0001380A388628834F8061BCDE90040304656
:1069E00001F08BF804460028E7D00A283FF476AF80
:1069F000204607B0BDE8F08F059A9388C3F30E03D5
:106A00009380CBE70080FFFF2DE9FF470D46064648
:106A100017469DF83810002228469846DDE90C9A62
:106A200001F055F8832804461DD104230DF1060218
:106A3000294630468DF800300023ADF80450FDF7AC
:106A400085FAC7F3090369463046ADF80A80ADF808
:106A5000083005F0C5FB022801D030B18124204662
:106A600004B0BDE8F0870028F9D143463A462946EC
:106A70003046CDE90C9A04B0BDE8F047FDF75AB9AD
:106A80002DE9FF470D46064690469DF83410012239
:106A900028461F46DDF830909DF838A001F017F821
:106AA000832804461ED100230DF1060229463046F4
:106AB0008DF800A0ADF80450FDF748FAC7F30D03B8
:106AC00069463046ADF80880ADF80A30CDF80C9034
:106AD00005F086FB022801D030B18124204604B0A5
:106AE000BDE8F0870028F9D117F4004F4FF00004FB
:106AF000F4D13B46424629463046CDE90C9404B0D9
:106B0000BDE8F04700F0F9BFF8B5566B15464EB337
:106B100005386B8F82B24FF6FF7083421BBFF018AF
:106B200006330024848818BFE4182B8F18BFA4B242
:106B3000A71807F10800984216D8B1F801303019AB
:106B400005313353063031F8023C20F8022C20F88E
:106B5000043C15F029FB6B6B00206C873B4498715B
:106B6000D871F8BD8320FCE70920FAE72DE9F04F42
:106B7000082B91B08A469946BDF868B01E9E0490D5
:106B80000792DDE91B1859D10B880922022743F02F
:106B900010030B803D463270022498F800300693B3
:106BA0000A2388F800300AF1180318460893FDF705
:106BB0008DF9022F0CBFFD23FB230593C7F1FF03C3
:106BC0009BB209930BAB0498DDE9072100F0EEFEC0
:106BD00000285AD11D9B1B881B1BAB4255DBB9F10A
:106BE000100F06D1022C1FBFA31CBDF82C205B1B6D
:106BF000F252BDF82E101D9B31531B88059ADB1BEA
:106C00001B1B9BB29A42099AB8BF1346594534D907
:106C1000079A049802920DF12A0201923A1932441D
:106C200000920022FFF7F0FE88F8000000283ED016
:106C3000832839D1022011B0BDE8F08FDAF81C307A
:106C40009878012815D11A88A2F5205292B2012A0B
:106C50000FD84FF420529871987204279A8042F608
:106C600001021A8100229A7311220B8843F020033B
:106C70008FE7102388F8003009E00AD1069A42B164
:106C8000134688F80020AAF818B0022C24D100205E
:106C9000D1E70DF12A02049801923A193244009288
:106CA0000022FDF747F8BFE7BDF82EB0EBE7BDF8CF
:106CB0002A20022C07EB0205EDB203D175702C449B
:106CC000A4B27FE77378AB4205D1BDF8381091428A
:106CD000F5D0FF2DF3D01D46B9F1100F01BFA31C55
:106CE000BDF82C205B1BF2521D9B1C800023C1E7CA
:106CF0000B46002110B518461446442215F008FA38
:106D000000F108028487C2614FF6FF7242871722A2
:106D1000C2870A2280F8422010BD4FF6FF730B8015
:106D20000146032012F02EBA10B50C46FFF7B8FD4D
:106D30000023E362236310BD808F704790F84230D8
:106D4000024613F002000ABF538806200B807047EA
:106D500090F842309B0748BFA0F84010704790F869
:106D600042305B0700D509B1C08F704717207047CC
:106D700090F8423061F3C30380F8423070470388D3
:106D8000C3F3C00013F0F00F18BF40F00200DA05A3
:106D900048BF40F00400990548BF40F008005A057C
:106DA00048BF40F010001B0548BF40F0200070476E
:106DB00070B590F84250044615F0010611D1C18714
:106DC000FFF7DDFF10F03E0F1CBF45F0040584F80F
:106DD000425094F8423043F0010384F84230304688
:106DE00070BD0626FBE72DE9F04F924695B01A7864
:106DF00081461D46209C02F03F0B0E46DDE91E87B2
:106E0000C9B11BF0010F19D0BBF1190F94BF0021BC
:106E100001212046FFF7A3FFB0420CD312F040033C
:106E20000ED1BBF11E0F0ED0218801F47F6111B984
:106E3000B8F8001039B94FF0040ACCE00121E8E7B6
:106E4000BBF1120FF7D1D209F5D10022ABF102014B
:106E50008DF82620ADF82820ADF82A201C2900F254
:106E6000F582DFE811F01D00F3023A00F302C000E2
:106E7000F3023401F3026E01F302AB01F302D80214
:106E8000F3023401F302D601F302F302F30220020B
:106E9000F3028A02F302F302F302F302F302DA02CC
:106EA00094F84230980701D5032E01D0042397E0CF
:106EB000B5F801304FF400620FA948466380ADF881
:106EC0002A208DF83C60ADF8403005F089F9824603
:106ED000BAF1000F40F0578167E0052EE6D1B5F812
:106EE00001309AB22383ADF82830B5F8033099B257
:106EF0006383002A73D08A4271D80023A37223814E
:106F00004FF6FF73238404F1180318460693FCF729
:106F1000DDFF0FAB524604F1180148463E7000F009
:106F200045FD08B10A235BE09DF842300226012BA3
:106F30001ABF02234FF0100B4FF0020B7B700022A0
:106F40000DF1270110A811F043F850BB9DF8273030
:106F50005B4526D1BBF1020FB8F800300CBF03220D
:106F600011229B1B9A421CDABDF83E300BAA0DF190
:106F7000270110A8BB53023611F02AF89DF82720EC
:106F8000B6B20BA90792B81915F00EF9079A0FAB14
:106F900006993244484696B2524600F007FD002852
:106FA000CDD0022EBED0A8F800609DF8263053B197
:106FB00001223A702A783B7105237A70BDF82820A7
:106FC0007A80A8F8003023884FF0000ABDF82A2004
:106FD00023EA02032380504615B0BDE8F08F012359
:106FE0008DF82630E1E7062E0B927FF65FAFB5F8FD
:106FF000013099B22383ADF82830B5F8033098B248
:10700000638301230029EBD08142E9D8A3726B7915
:10701000A979A27343EA01232381E36998780128BF
:107020000ED11988A1F5205189B2012908D84FF451
:10703000205198719872998042F601019A731981D2
:10704000EB1D073E636204F11803268401261846EF
:107050000693FCF73BFF0723B3463B700023ADF8D4
:107060003E300FAB52460699484600F09FFC28B9C7
:10707000B8F800200BF104039A4210D2BBF1010FC3
:107080003FF450AFE3699B79012B04BFBDF83C305E
:10709000ADF82E300B9BBB51A8F800B085E7BBF1D3
:1070A000010F0BD0E2699279012A04BFBDF83C20A0
:1070B000ADF82E200B9ABA510436B6B2BDF83E2078
:1070C0001FFA83FBADF82C20ADF82E20C9E7072E60
:1070D00002D0152E7FF4EAAEB5F801309AB22383C0
:1070E000ADF82830B5F8033099B263830123002A44
:1070F0003FF476AF8A423FF673AF701FA37200234E
:10710000E269691DC0B22381A37310F05DFF0028FE
:107110007FF408AF4FF6FF735246214623840DF1EA
:10712000260302930DF12A03CDE90387CDE900037D
:107130005B464846FFF71AFD238B8246ADF82830A0
:10714000C6E6032E7FF4B2AEB5F8011040230FAAB5
:1071500048462183ADF82A30B8F8003001927A1CF5
:10716000013BADF82810009289B29BB20022CDF805
:1071700008A0FFF749FC8DF82600B8B183287FF4FA
:1071800014AF4FF0020ABDF82A202388134323804E
:1071900093057FF520AF228F4FF6FE739A427FF45E
:1071A0001AAF4FF0030AE562268614E70B233B7003
:1071B000BDF83C300133A8F80030F6E6052E7FF428
:1071C00075AE8023ADF82A30B5F80130238399B22B
:1071D000B5F80300ADF8283082B22084B2F5007F04
:1071E00001D90723FCE642F47C420FA82284B8F8B8
:1071F00000300190781C013BCDF808A00090484673
:107200009BB2FFF701FC8DF826000028B6D10D23B4
:10721000CDE7022E04D8002B3FF448AE0023CAE786
:10722000002BB5F801B0A6F1030305F103000CBF74
:10723000062205229BB200901FFA8BF14846079365
:10724000ADF828B00691CDE901A20022FFF718FCA5
:107250002A78079B12F0400F8DF826000DD0238866
:1072600013F4807F4FF0000304D0228B06998A42EA
:1072700008BF63628DF826309DE7A0F18301238467
:10728000EB1C4FF480724842A4F818B063624FF0D0
:1072900013034841ADF82A203B7001234FEA400A0E
:1072A000A8F8003014E6042E7FF600AEB5F801B061
:1072B0004FF6FE73228F1FFA8BF1ADF828B00AB19A
:1072C0009A4226D10A222387731F48466FEA434316
:1072D000CDE901A26FEA53436A1D9BB20092B5F853
:1072E0000320FFF7CDFB4FF4007383288DF82600B1
:1072F000ADF82A300FD1224629463046FFF704FC6C
:107300008DF8260010B183287FF44FAEA4F818B092
:1073100037E70722D8E738BB224629463046FFF731
:10732000F3FB8DF8260000287FF43FAE608FD4F881
:1073300034C0B8F800E00CEB00018A88531D9BB202
:107340009E45C0F089803CF80060063131F8040C9D
:10735000A8F800301723A7F80300781D3B70A7F8A2
:10736000016014F021FF20E6228F4FF6FE739A424F
:107370007FF41BAE0023238717E6022E69D195F810
:1073800001B0BBF1010F64D80AAB00222146484688
:1073900000935B46FFF79AFA8DF8420038B9BBF1CB
:1073A000010F20D0218F4FF6FF7291421BD0228F08
:1073B000CAB14FF48062ADF82A200AAB21460122FF
:1073C000484600935B46FFF781FA06468DF8260093
:1073D00021464846FFF764FA002E7FF4E6AD1923F4
:1073E0003B700123E7E608220FA948468DF840B01C
:1073F0008DF83C2000228DF8432004F0F1FE4FF47C
:10740000806202288246ADF82A203FF47FAF002830
:107410007FF4B9AED1E70623E2E523881A0718D531
:10742000012E16D109230FA948468DF83C30E38878
:10743000ADF8403004F0D4FE49468246032011F0F6
:10744000A1FE0823ADF82A30002329E7002B3FF4E2
:107450002DAD4FF0040A96E64FF0070A93E60000C0
:107460002DE9F04F8FB00D468046CDE906320B78FE
:1074700001224FF6FF7102FA03F323F47F63DDE983
:10748000187423F006039EB223888B42ADF8226065
:1074900000F0DE8116B11B0700F1DC810022069BA3
:1074A0003A70B3F800902B78ADF82490022B8DF849
:1074B000212009D0032B3DD0012B40D0238823EA83
:1074C00006030726238053E01B233B7094F84230C9
:1074D0001807F3D50AAAA9F1030340460192FA1C42
:1074E0009BB200920022A988FCF724FC0028E5D179
:1074F000AB88A7F80130BDF828300333ADF824304D
:107500004FF00009BDF8226026F47F63002B00F0E5
:107510008E81AB4A4146032011F0F8FD2B78237190
:1075200023881E439DF821302680002B40F0838164
:1075300000261DE01D233B70AB88E380C6E72B7956
:1075400095F805B0022BB4F800A08DF821B061D0F9
:10755000032B00F05381012BB0D10AF400622B8978
:10756000ADF82220002A00F04E81162B37D80526D0
:10757000258815F47F651CD1218ED1B1069B40462C
:10758000079A1B88ADF8243009ABCDE9017400934C
:10759000E36AFFF728FC012306460AA98DF8283084
:1075A0004046E36A0B9304F01BFE002818BF064612
:1075B000258694F842506B0709D52046FFF7DFFB7C
:1075C00010F03E0004BF60F3820584F84250BDF81D
:1075D0002430069A138030460FB0BDE8F08FA28F9A
:1075E0009A42C4D3B4F84020162A01D99A42BED197
:1075F00039780322A7F8013062F30501ADF82420A1
:107600003970A4F8403094F8423023F0020384F833
:10761000423075E70AF4FE661AF0F00FADF822600A
:1076200042D01AF0C00F03D02A89238B9A429ED1F0
:10763000BBF1000F40F03C81AB7AD9070BD5CDF8F8
:1076400004B040462B690093EB89AA89298900F090
:1076500054FA00288BD1802E00F04B8100F2FC8080
:10766000202E04D0402E32D0102E7FF427AF09AB4D
:107670001AF0100F0497214603930DF121030CBF5C
:107680004FF010094FF0080902930DF12203079AF9
:10769000404601932B8900934B46FFF767FA064655
:1076A000002E3FF42FAF63E7B6F5807F00F0DF8058
:1076B0007FF604AFB6F5007F21D0B6F5806F7FF47A
:1076C000FDAE238BBBF1000F40F00E817BE00AAAD8
:1076D00009F1FF33404601927A1C9BB200920022CE
:1076E000218BFCF727FB0B238DF821003B70BDF8A5
:1076F00028300133ADF824304FF00A0902E72B8916
:10770000208B98427FF433AFD4F834A0BBF1000F44
:1077100038D1AB7A03F00103BAF1000F1ED0002B71
:107720007FF425AF608F0AEB00018A88531D9BB25E
:107730009945FFF4C3AE3AF80060063131F8040C05
:10774000ADF824301723A7F801603B70A7F80300B9
:10775000781D14F029FD4FF01609D3E6002B3FF4F5
:1077600006AFEA89531D9BB29945FFF4A7AEAE89D7
:10777000ADF82430172329693B70A7F80100A7F85A
:107780000360E5E7BAF1000FE5D000204FF6FF7285
:10779000ADF82600638FBDF82660B34200D038B143
:1077A00000210AF803109A448AF801106287D2E790
:1077B0000AAA0DF126012046FFF75EF83246E9E7F6
:1077C00080C3C901238B04F11802DBB22146404675
:1077D00000920122FFF77AF88DF8210020B91923D1
:1077E0003B700123ADF824300026214640464FF07F
:1077F0001809FFF755F853E70526F6E70AF4007372
:10780000ADF822300BB9002658E6218F4FF6FE73F3
:1078100099421BD1AB684FF6FF7133B1A8896363FE
:10782000208761871A705A7095E7218793E723882C
:1078300023EA060676E6012287F801903A70228B49
:107840003B7105237A80ADF8243071E606268FE679
:107850000826C0E61646BEE6B6F5007F3FF44FAFF9
:10786000B6F5806FAED0B6F5807F7FF427AE238B60
:10787000298999427FF47BAEBBF1000F15D1636A71
:1078800073B1AB7ADA077FF572AECDF804B040463B
:107890002B690093EB89AA8900F02FF98DF821005C
:1078A00013233B700123ADF824304FF0120929E671
:1078B000B6F5807FDBD00ED8402E3FF41DAF04D844
:1078C000102E3FF4D4AE202ECFE6802E7FF4F6ADFE
:1078D0004FF00C0916E6B6F5007F3FF410AFB6F591
:1078E000806F7FF4EBAD238B002B85D02B89238316
:1078F0007AE70AAA09F1FF33404601927A1C9BB24B
:107900000092228C218BFCF715FA0D238DF82100B3
:107910003B70BDF828300133ADF82430D8E700BF04
:1079200003281FB50B4606D10222694698B28DF88E
:10793000002004F055FC05B05DF804FB406B0038F6
:1079400018BF012070470346887810B580B11A78B7
:10795000904201D1088858B18878043148B18242F8
:10796000FAD1B3F8014031F8040C8442F4D100207C
:1079700010BD8120FCE7000038B5FCF737F90A4A52
:107980000B30938898420DDAD1880C2310684B4352
:107990000131C45CC518D18024F00404C454002013
:1079A000287338BD8420FCE7E80000202DE9F04F63
:1079B000D1F804A04FF6FF7B87B01F46A3F800B0B4
:1079C0004FF000089AF802300E460C8A8DF81230FB
:1079D000BAF800300190ADF810300B8802929C424A
:1079E0008DF8168038BF1C460C822046FBF7E6FF58
:1079F000054610B3338A2A78013352079BB207D465
:107A0000013408F101083382A4B25FFA88F8ECE788
:107A100005F10509514633824846FFF794FF0028D7
:107A200050D13B885B4504BF04F1FF339BB2A3EB0D
:107A300008033B807388A34207D2013C4FF00A0839
:107A40003482404607B0BDE8F08F04A94846FFF7EE
:107A50007AFF8046002835D1AB7895F8049003F082
:107A6000030349EA032233895B459146009203935D
:107A70000ED0024629460298FBF73AFF10BB039B43
:107A80004B451FD14A46A968F06814F031FBC8B9CC
:107A90007C806B790198BB71EB882A78BB8002F0FF
:107AA0000302EB78297843EA0223A7F80C90C9096E
:107AB0007B81FBF7D9FF2A4607F10801FBF7A2FFFC
:107AC0003861BEE701344FF00008A4B28DE770B50D
:107AD0000D461646FBF772FF014660B10478630756
:107AE00009D532462846FBF703FF18B914F04000C9
:107AF00018BF832070BD0120FCE7FBF7C7BF08B5A6
:107B0000FBF75CFF40B103785B0705D5C3880B80AA
:107B1000437900208B7008BD0120FCE703785B08E7
:107B2000032B16D8DFE803F002060D120023002015
:107B30000B707047837903F0C003C02B09D1012378
:107B4000F5E7837903F0C003402BF7E783793F2BF8
:107B5000F5D943F2022070470378032B01D8FFF7D1
:107B6000DDBF43F20220704707B5002310488DF8AF
:107B70000730837C3BB90DF107010930FFF7ECFFBB
:107B800070B1FFDFFEE7C37C022B03D0032B0CD0C8
:107B9000FFDFFEE7427A012A88BF03238DF8073012
:107BA0009DF8070003B05DF804FB0123F6E700BF72
:107BB000F400002008B507F0E9FC08B9FFDFFEE794
:107BC00043780133437008BD0C4B07B55A7A012A3C
:107BD00003F10A0207D8104609F00FFC03B05DF864
:107BE00004EB07F0BBBBD3F80A009388009068460B
:107BF000ADF8043009F012FCF0E700BFF4000020FB
:107C000007B502384FF0000318BF01208DF800308F
:107C1000CDF801308DF807006846ADF8053009F061
:107C200069FC03B05DF804FBF8B5044600680D4636
:107C30001746FEF7D9FA08B11020F8BDA08828B978
:107C40002368A08853B9B8B10920F6E70138236842
:107C50001844FEF7C9FA0028F2D0EDE71F28F3D840
:107C60000023834208DA2668F15C39B9F25C002A05
:107C70003FD101338342F9DB0020DEE71E447278F6
:107C8000013A142A1DD8DFE802F00B18183030240E
:107C9000242A2A1C1C1C1C1C1C1C1C1C1C18240018
:107CA0000229D1D1B278062A3A7020D852071ED5BF
:107CB0002A7842F001022A7003E0CE070CD5012990
:107CC0000AD02268A088D25C013213448342C8DD06
:107CD000BAE74A1E1007F2D04FF44850ADE72A78B1
:107CE000910706D442F00202E5E70620A5E70A2044
:107CF000A3E70B20A1E738B504460D46FEF72AFAA4
:107D000060B96B1E072B0BD804EB850554F8040BE8
:107D1000FEF720FA10B9AC42F8D138BD1020FCE7CC
:107D20000C20FAE7A1F12003092B43D8DFE803F088
:107D300005070C161D222E33383DFFDFFEE70378C2
:107D4000202B39D1FFDFFEE70378233B022B33D909
:107D50001A4B9B78052B2FD0FFDFFEE70378222BF1
:107D60002AD0232B28D8FFDFFEE70378222B23D04D
:107D7000FFDFFEE70378223BDBB2072B04D8B522F6
:107D800022FA03F3DB0717D4FFDFFEE70378252B86
:107D900012D0FFDFFEE70378252B0DD0FFDFFEE7D3
:107DA0000378252B08D0FFDFFEE70378282B03D0CC
:107DB000FFDFFEE7FFDFFEE701707047F400002001
:107DC0007FB50D884FF6FF734C88CA888E880021D6
:107DD000ADF80030ADF80250ADF80440ADF8082021
:107DE000ADF80660ADF80A10ADF80C1098B19D42E0
:107DF00008BF06259C4208BF06249A4208BF4FF4DC
:107E000048629E42ADF80250ADF80440ADF808203B
:107E100008BFADF80610684609F0ACFB07F09EFA03
:107E200004B070BD37B50C460DF107010546FFF7EC
:107E300093FE70B922789DF8073063F3470223461A
:107E400003F8012BD5F80120C4F80120B5F805206E
:107E50009A8003B030BD000013B510F0FD04137814
:107E6000A0F102001FBF0F4C0DF1080C01944C79DA
:107E70001CBF0CEB941414F8044C012864F3470362
:107E80008CBF0020012013701346147860F30004A7
:107E900003F8014B0868C2F801008A889A8002B092
:107EA00010BD00BF0302FF0102210FF06FBD38B506
:107EB00005460C4661B1FFF7F7FF08B9FFDFFEE7A3
:107EC000A5800389238163814389A3818389E38119
:107ED00038BD37B50B780D46212B11D9ADF804000C
:107EE00001A88DF8062009F0A3FA07F037FA044636
:107EF00018B921212846FFF715FF204603B030BDF1
:107F00000824FAE72DE9F043044685B008B9FFDFFD
:107F1000FEE77223037083681A78063A112A3DD867
:107F2000DFE812F04C00430112004301430142001C
:107F300064013C003C003C006400640164015701A2
:107F40006401640148015001B3F80370BEB23046C9
:107F5000FFF7AAFF0546304607F0D2FEA3685B791B
:107F6000F8B922780221678061F3071263732270E7
:107F70000322227307F044FA21212846FFF7D2FE9C
:107F8000304603F0A7F8304604F002FB31460120EA
:107F900011F0F8F86B7F23F004036B7705B0BDE8B0
:107FA000F08385F83130E7E7DA1DB3F80510B3F850
:107FB000030005B0BDE8F04308F096B89E8830464F
:107FC000FFF772FF054608B9FFDFFEE707F018FA72
:107FD000A36831460120DA882A811A896A815B897F
:107FE000AB8111F0CFF80023AB73D7E7DB782BB16F
:107FF0003C2BD3D0022BD1D0FFDFFEE707F000FAF5
:10800000A568AB790BB9FFDFFEE7012BAE880ABF8D
:108010007B4B4FF0FF0993F80390484607F0B6FA00
:10802000074608B9FFDFFEE7022130460FF074FC77
:10803000044608B9FFDFFEE731220021013014F0C9
:1080400067F82023222120462370FFF76BFE95F866
:1080500006800521304608F1FF3253425341627FCA
:1080600063F3010262776A8B2281AA8B6281EA8BB9
:1080700084F81F90A2818DF800300FF04DFC01466E
:1080800008B9FFDFFEE76A46304607F021FEBB88ED
:1080900003213046ADF80430BB788DF806300FF080
:1080A0003BFC014608B9FFDFFEE701AA304602F0BB
:1080B0009FFF0023CDE9023304238DF80E3002A880
:1080C0000FF09EFC88B90421BDF80C000FF0E6FC0F
:1080D0008146022130460FF0E1FC8145EFD10421B9
:1080E000BDF80C000FF068FC68B9BB88042130466D
:1080F000ADF80830FB788DF80A300FF00DFC014622
:1081000018B9FFDFFEE7FFDFFEE7304605F1140692
:1081100002AA04F051F9062130460AF05FFB78B359
:10812000EA79930701D5FFDFFEE7E37B62F34703BC
:10813000E373AB682361AB8905F10E07A38204F1F9
:10814000160205F10801E879A61CFFF785FE062155
:1081500038460AF043FB6378D8B1294A517A490876
:1081600061F347036370D2F80A30C4F80230D38950
:10817000B8F1010FB38016D1214B03229A700DE79D
:10818000E37B012262F34703E3736B692361B388E6
:10819000D2E7012262F347036370D5F80E30C4F8CA
:1081A0000230BB88E4E7FFDFFEE705B0BDE8F0433F
:1081B00001F01ABD07F024F9114A137D43F00203C0
:1081C0001375EBE607F01CF90D4A137D43F0040329
:1081D000F6E7DB78002B3FF4E1AE094CA378052BE2
:1081E00009D1E078FFF7E6FC0323A37005B0BDE8F2
:1081F000F04307F005B9042BF8D10223F5E700BFDF
:10820000F40000202DE9F843037807460C46164693
:108210001B09013B092B00F24D81DFE813F015012A
:108220001C014B014B014B014B010A004B014B015F
:108230000E0185682B78063B112B00F2FE80DFE8EB
:1082400013F01200FC00FC00FC00FC00FC002C0001
:10825000FC00FC00FC003700BC008900A3006000AB
:108260001A00DA007400A888FFF721FE10231222FA
:1082700033807CB922E1002900F023812A79EB7850
:1082800043EA02231C228B806B790B72AB794B7211
:108290000A2333802280638010E1002900F01381DB
:1082A00003231B220B726B888B8009233380F1E739
:1082B000EF78002F40F00F81002900F0FD806A79EF
:1082C0002B7943EA02238B806B8B4B820B826A7F74
:1082D0002B7F43EA02238B82EA7FAB7F43EA0223B0
:1082E00001F10802CB8205F10801E879FFF7B4FD3E
:1082F000AB79012B01D1E37327761A231022338047
:10830000C8E7002900F0E1804FF6FF7301F10A028F
:1083100028798B80EB780B72EB7A4B72691DFFF733
:108320009BFD112320223380B4E7002900F0C9808F
:108330002A79EB7843EA0223684A8B806B790B72C7
:10834000AB794B72137D23F0040313750A232122AA
:1083500033809FE7002900F0BA80AB888B80EB78F0
:108360000B72AB79022B07D85D4AD35C4B72EB7969
:10837000022B03D9FFDFFEE7FFDFFEE7D35C2222FB
:108380008B720B23338085E7002900F0A0804FF625
:10839000FF738B802B794B72EB798B72EB783C2BD4
:1083A00007D0432B07D1022323720B2326223380CD
:1083B00070E70123F8E7FFDFFEE7002900F089807E
:1083C0002A79EB7843EA02238B80B5F80530DBB2DB
:1083D0000B81B5F80930DBB24B812A7AEB7943EA9D
:1083E00002238B812A7BEB7A43EA02232422CB816E
:1083F000102333804EE700296BD02A79EB7843EACB
:1084000002238B806B68C3F30F230B812A7AEB79ED
:1084100043EA02234B81AB68C3F30F238B812A7B92
:10842000EB7A43EA02232D4ACB81137D23F002032A
:1084300013751023232233802CE732462146384619
:10844000BDE8F84301F01DBD037B022B01D140883C
:108450000AE7FFDFFEE790F80C80B8F1020FECD9D5
:10846000B8F1030F24D171B345882846FFF71CFDEE
:108470007B7B90F81F90414623722846A5800FF021
:108480009BFA072128460FF097FA052128460FF09E
:1084900093FA022128460FF08FFA002128460FF0A8
:1084A0008BFA4846FFF786FB092311223380F1E659
:1084B000FFDFFEE7FFDFFEE71A2333800020BDE881
:1084C000F8830A23F9E70923F7E71123F5E70B23DC
:1084D000F3E71023F1E700231A46C9E6F400002071
:1084E000B4591E00012838B51FD18CB22046FFF7C1
:1084F000DBFC054608B9FFDFFEE70378212B16D029
:1085000006F076FF50B112234480037002230373F8
:108510000023AB73BDE8384006F072BF2946204601
:108520001322BDE83840FFF7D4BCFFDFFEE738BDBB
:108530002DE9F041074615460C4609B9FFDFFEE775
:108540001223137091F80080B8F1020F25D1FFF7C4
:10855000ABFC064608B9FFDFFEE762884FF6FF7303
:108560009A4202D1A38893420BD106F049FF2368B7
:10857000EB6063682B612389AB820023B373BDE892
:10858000F081002BF1D1807B0128F8D1044A3946D3
:1085900010F0BCFD86F80E80F1E7FFDFFEE700BFBC
:1085A00080C3C90107B520380B46052820D8DFE86D
:1085B00000F0031F101F1607062003B05DF804FB30
:1085C0008978188809F098F903B05DF804EB06F093
:1085D000C5BE086803B05DF804EB01F089BE0B6806
:1085E00001A86946019309F024F906F0B7FEE4E713
:1085F0000720E2E730B5054685B008460C46FDF792
:10860000CFFDC8B9222D19D0252D17D0202D17D177
:10861000254602A901A835F8023BADF8043008F060
:1086200039FF06F09BFEDDF80A30C4F802309DF8F1
:108630000E302B7105B030BD1020FBE70620F9E7A6
:108640000720F7E700487047FD00002010B516220C
:108650000021194813F05CFD01200FF01FF908B14B
:1086600008F0A6FC144C012304F10A00A37005F0E5
:108670007DFCA8B105F072FC012804D1E37B012048
:1086800063F03F03E3734FF46173400023824FF4C0
:10869000007360726382FFF797FA38B1FFDFFEE77D
:1086A000062104F10A000EF091FDE7E700F0CEFD8F
:1086B000BDE8104001F06EBAF4000020F7B507469F
:1086C000FDF748FD10BB144CD4F8090004F109056E
:1086D000B4F80D20E37B294600903846ADF804201D
:1086E0008DF80630FFF79EFB90B9FFF76DFA034651
:1086F00048B10098BDF804109DF80620C4F80900A0
:10870000A4F80D10E273184603B0F0BD1023FAE789
:1087100043F20223F7E700BFF400002038B5054616
:10872000FDF73EFD044640B905492A46487A0A311C
:108730004008FFF791FB204638BD1020FCE700BF42
:10874000F400002030B5044685B008460D46FDF71C
:1087500027FDA8B9B4B90E4B9B78043B012B14D864
:1087600008F026FC02AA0DF107010DF0EFF89DF8C4
:1087700007002A4602A9FFF76FFB204605B030BD6F
:108780001020FBE743F20400F8E70820F6E700BFFB
:10879000F40000202DE9FF410D46044628B908F0F9
:1087A0008DFDB0B143F2032010E0FFF7A4FA68B9E1
:1087B000264604EB8507BE42F1D002A956F8040B09
:1087C000FFF7ACF90028F6D043F2022004B0BDE870
:1087D000F081144F38720CB90020F7E704EB8508DC
:1087E000444501D13D72F7E754F8046B0DF10701E0
:1087F0003046FFF793F908B1FFDFFEE79DF8073039
:1088000002A88DF80830D6F80130CDF80930B6F856
:108810000530ADF80D3008F082FD0028E0D0FFDF14
:10882000FEE700BFF40000202DE9F04F0F468DB0A9
:1088300090460646C8B9331E01A818BF01238DF81B
:10884000043008F089FD002868D108F095FD044641
:10885000002863D1002E40F08D804F4B987CFFF7AD
:10886000CFF9044670B3FFDFFEE71146FFF743FA86
:10887000044638BB0546DFF8209145450DD108F187
:10888000FF3BA345D7DD04F101095FFA89F506EB4B
:10889000850AA8452FD84C46F3E756F8250002A9CB
:1088A0001030FFF759F918BB87B999F81230022B2D
:1088B00014D1AFB9102156F8250009F08FFF68B127
:1088C00043F2062420460DB0BDE8F08F57F825008E
:1088D000FDF740FC0028E8D01024F3E70135CCE791
:1088E000102157F8250009F079FF0028E2D0E7E7CA
:1088F00043F20224E6E756F824005AF8041B037CEE
:108900000A7C5340012B06D806221131113013F096
:10891000EFFB00283DD00135EDB2BAE743F2042465
:10892000D0E7D5F81130CDF80930B5F81530ADF8ED
:108930000D300DF10F0355F8042B4D4543F8042B72
:10894000F9D157B90DF11F0001F0B0FC02A80134B4
:1089500008F0C2FC70B1FFDFFEE757F824300DF1DC
:108960001F0203F1100153F8040B8B4242F8040B71
:10897000F9D1EBE744453FF470AF56F8245002A913
:1089800005F110094846FFF7E7F80028C9D0FFDFD6
:10899000FEE743F2052495E7F4000020F0B585B02A
:1089A0000546FDF7D7FB002871D16868FDF71CFC70
:1089B000044600286BD16A884AF2B8139A4203D958
:1089C0000724204605B0F0BD2B78022B26D02B784B
:1089D000002B37D1FFF7F8F804460028F1D1022622
:1089E0002878FFF70DF906F0B9FC04460028E8D115
:1089F0002B78284FBB74FE74686801F03FFC6B88CD
:108A000002A8002B08BF4FF461733B82ADF8083019
:108A100008F099FC0028D4D0FFDFFEE709F0AAFD9A
:108A20000746E6B2B742D2D9304609F00BFD10B185
:108A300043F20624C5E73046013409F0F7FC00286C
:108A4000EFD0F5E7013B012BBAD86E78022E10D09B
:108A5000032E19D1002302A80093ADF8043002932D
:108A6000ADF80C3008F0DAFC06F078FC044600287B
:108A7000A7D14FF4407302A8ADF8083008F081FF89
:108A80000028ADD0FFDFFEE743F2022499E710246F
:108A900097E700BFF400002010B50446FDF780FB07
:108AA00008B1102010BD606830B1FDF799FB0028B7
:108AB000F7D1606801F0FAFB044B00201A8A62804B
:108AC000DA7C62709B7C2370ECE700BFF40000202E
:108AD0002DE9F04F97B080460C469246FDF760FBBB
:108AE00018B1102017B0BDE8F08F2046FDF77CFBD1
:108AF0000028F6D15046FDF777FB0028F1D1B14DA3
:108B0000AA78012A02D1BAF1000FEAD098F8003011
:108B1000FF2B04D1012A00F088810420E2E7013B09
:108B2000DBB2FD2B40F27E81BAF1000F00F0018133
:108B3000043A012A40F23A810023ADF804309AF851
:108B40000030013B042B64D8DFE803F003131A2143
:108B500028009DF8043023F0130343F013038DF82D
:108B600004309AF81470032F53D8DFE807F01C1C68
:108B70001C1C9DF8043023F01D0343F01D03EEE799
:108B80009DF8043023F0150343F01503E7E79DF843
:108B9000043023F0120343F01203E0E79DF80430A1
:108BA00043F01003DBE7BDF804309DF80460ADF836
:108BB0000830002316F0040B8DF8033005D0DAF8E6
:108BC0000400FDF7C7FA00288BD1AB7C43B1EB7CE6
:108BD000022B05D1DAF80400FDF706FB002880D14E
:108BE00016F0080903D0BAF80C30802B11D81FB149
:108BF0002B7A5BEA03030CD09AF81730C3F3001307
:108C00008DF850309AF81530022B05D003D9042B7B
:108C100017D0072066E701238DF84C300123DAF8DE
:108C200004B08DF84E308DF84A70BBF1000F16D0AD
:108C30000DF103015846FEF771FF20B143F2022007
:108C400050E70323E8E7DBF801001190BBF805309B
:108C5000ADF848309AF80F3033B1062042E7CDF82E
:108C600044B0ADF848B0F5E7BAF81030002BF4D1B5
:108C70009AF81230002BF0D19AF8132012F01F0B43
:108C8000EBD1BDF808308DF838B0ADF83930DAF8EE
:108C90000830C3F30721D8B2C3F307438DF83C1063
:108CA0008DF83D308DF84030474B8DF83F100693DE
:108CB000A3F104338DF83B00079316AB8DF83E000B
:108CC00003EB521212F8403C8DF84130FEF74CFF96
:108CD0009DF8033006A98DF842000EA88DF84330A8
:108CE00001238DF84BB08DF853308DF84FB08DF8CF
:108CF0004DB08DF854B008F079FC06F02FFB002839
:108D00007FF4F0AE9AF80E20BAF80C30EA71BDF894
:108D100004202B80AA80AF71B9F1000F02D00BB9EB
:108D200080232B8006F0010600230236AE7088F8FF
:108D3000003000230DF108098DF801308DF8023064
:108D40008DF803308DF8043094BB27462646A046A4
:108D5000CDF80E40ADF8164001AA0DF1020104A8AD
:108D60000294ADF80C800497ADF81460FEF75CFF38
:108D700000287FF4B7AE0DF103020DF10101484662
:108D8000FEF752FF00287FF4ADAE9DF80230D80701
:108D900046D42B799DF8032013F0040316D1A9794A
:108DA000A1B191071DD043F201209BE6082099E66E
:108DB00094E80F00B4F804801746A689044689E8B1
:108DC0000F00C9E7F400002007060504D20708D504
:108DD0003BB92B8844F24F62013B9BB293423FF672
:108DE00018AF5FFA88F221460DF119008DF81820AE
:108DF00013F0DAF906A808F0D2FC06F0AFFA002862
:108E00007FF470AEF2B239460DF139008DF838209A
:108E100013F0CAF90EA808F09DFC06F09FFA61E66F
:108E20000A205FE643F204005CE6BAF1000F7FF42B
:108E300083AE7EE7F8B53B4D0E46AA78023A012A8A
:108E400067D8002867D10EF0FBFD28B9AB78032B5B
:108E500002D112242046F8BD0FF06AF9C0F12004B7
:108E600000200EF01BFD241A00200EF0E9FDAB7867
:108E70002044042B08BF0138002801DAFFDFFEE799
:108E8000FF2801DDFFDFFEE7C0B2002846D0032B3C
:108E9000EF780ED1304606F079FB002840D04378B9
:108EA000002BD6D0304606F085FB04460028D1D1F1
:108EB000EE7008F07DF80446FEF756FE01462046A7
:108EC0000CF0F4FCE979288808F08EFC06F046FAEC
:108ED000044608B1EF70BDE7AB78032B15D1E878F5
:108EE00006F054FB08B9FFDFFEE743780BB9FFDF5C
:108EF000FEE7013B4370AB78032B01D0FFDFFEE7B9
:108F00000523AB70A6E70423FBE7022BFBD0FFDFB2
:108F1000FEE708249EE743F204049BE7132499E745
:108F2000052497E7F400002038B5B0B90D4DAB78B3
:108F3000043B012B14D808F068FC06F00FFA044635
:108F400038B9AB78052B06D1E878FEF733FE03235A
:108F5000AB70204638BD0223FAE743F20404F8E779
:108F60000824F6E7F400002073B5064608460C46D0
:108F7000FDF73AF938BB3046FEF796FF054620B3B9
:108F80000378212B24D9437F03F00303012B18D14D
:108F9000837B022B13D024B9684600F0E5FA60B950
:108FA0006C4621460020FEF70BFF30B921463046C3
:108FB00007F079F808B90123AB7302B070BD112036
:108FC000FBE7FFDFFEE71020F7E743F20200F4E7DC
:108FD0000820F2E738B50D460446FEF765FF014666
:108FE00028B12A462046BDE83840FEF772BF43F25A
:108FF000020038BD012808B504D1084B9B78012B2D
:1090000009D041B901380023C0B208F0CFF9BDE85A
:10901000084006F0A3B943F2040008BDF4000020A4
:1090200070B5064608460C461546FDF7B9F808B176
:10903000102070BD2846FDF7B3F80028F8D12A4665
:109040002146304608F042FC06F088F90028F0D1AD
:1090500094F900307F2B08BF0520EAE7012307B50C
:10906000ADF8000068468DF802308DF803108DF8D9
:10907000042008F00BFC06F071F903B05DF804FB66
:10908000002307B5ADF800006846ADF802308DF852
:10909000043008F0FBFB06F061F903B05DF804FB57
:1090A00037B5054608460C46FDF754F840BB284640
:1090B000FEF7FAFE30B30378212B26D9154B1B7D22
:1090C0005B0724D42278072A16D86378072B13D895
:1090D00042EA0301032911D88DF8033002236846C0
:1090E0008DF80220ADF80430ADF8005008F01DFAFC
:1090F00006F034F903B030BD0720FBE70620F9E79E
:109100001020F7E743F20200F4E70820F2E711200D
:10911000F0E700BFF4000020F0B587B006460D462A
:109120001446FEF7C1FE002871D00378212B71D9B7
:109130002846FDF759F810B1102007B0F0BD34B142
:109140002046FDF74DF80028F6D12060A080354B71
:109150001B7D9B0760D46946304608F0BCF910B10E
:1091600006F0FCF8E9E7BDF80810BDF80200BDF80C
:109170000470ADF80C60BDF80660ADF81010ADF8E5
:109180000E60ADF81200ADF81470002D46D06A885C
:109190002B88002A08BF3246002B08BF0346ADF8D3
:1091A0000E20AA88ADF81230002A08BF3A46ADF862
:1091B0001420EA880AB1ADF81020A4B1984201D277
:1091C0001A1A2280BDF80E20BDF8105096423CBFFE
:1091D000921B6280BDF814202A447D18AA42C2BFA7
:1091E000521AD21BA280984203D3BDF80E30B3426C
:1091F00001D91320A1E7BDF814303944BDF810207F
:1092000013448B42F5DC03A808F063F9A8E743F2A6
:10921000020092E7082090E711208EE7002CE4D0AE
:109220000346CFE7F400002038B5054608460C4653
:10923000FCF7B6FF38B92146284608F08EF9BDE89C
:10924000384006F08BB8102038BD0000024B0022D9
:109250001A605A601A8170470A0100202DE9F04F08
:10926000A5B006469A4615469DF8B870ADF80610AA
:10927000002A40F0CA804FF001080DF110094FF4A8
:10928000C0530022494640468DF81280ADF8103098
:1092900003F0DAFA0446002840F0C4808DF812800A
:1092A0004FF4285301461C228DF80A0016A8ADF889
:1092B000103012F02DFF112372780DF108080CA95F
:1092C0008DF80830C2F30102337816A85200ADF8C9
:1092D0003A408DF809309DF80A3042F00102CDF88D
:1092E000348023F00703CDF830901A439DF85830AE
:1092F00043F002038DF80A2006AA8DF8583033890E
:10930000ADF838307389ADF83C307368109303F0D2
:1093100007FC0446002840F085807068FCF760FF79
:10932000002840F083800123754E4FF0010B0CA9FB
:1093300016A8327A8DF812B063F30002BDF8183027
:10934000338042F60123327206AAADF810309DF840
:109350000A3023F0070343F002038DF80A3002239A
:10936000ADF83830ADF83C300DF10603109303F042
:10937000D7FB0446002855D1BDF818307380002D66
:1093800000F09E8001461C22ADF80C000DF10C0A85
:109390008DF80E00CDF84E00ADF852001DA812F069
:1093A000B7FE112308AA11A98DF80C301DA89DF84D
:1093B0007430CDF848A043F002038DF816B08DF854
:1093C000743042F60423ADF8143005AB11932B88AA
:1093D000ADF828306B88ADF82A30AB88ADF82C306A
:1093E000EB88ADF82E309DF80E306BF342038DF80C
:1093F0000E300823ADF84C30ADF850300AAB159361
:1094000003F08EFBF8B104460CE01046FCF7A2FE18
:10941000002872D129460120FEF7D2FC044600281C
:109420003FF429AF204625B0BDE8F08F7068FCF707
:10943000DBFE00287FF477AF737803F00303023B71
:1094400018BF012370E7BDF82030B380002F46D14C
:10945000012442F6A6231C22394616A88DF8124094
:10946000ADF81030ADF8087088F8027012F050FEB8
:10947000112306AA0CA916A88DF808309DF80A3009
:109480008DF8744023F00703ADF83840ADF83C4048
:1094900043F003038DF80A309DF8583043F002037F
:1094A0008DF858301DABCDE90C98109303F038FBC4
:1094B00004460028B6D1124BBDF81820DA80B1E777
:1094C000BAF1000F01D10023BFE7FEF755FA08B14A
:1094D0000324A7E7FEF750FA0028F4D0F8E7012F9D
:1094E00002D0074B0022E9E7FEF746FA0028EFD149
:1094F000FEF742FA0028F4D0EAE7102492E700BF12
:109500000A01002030B5082385B0164D0446ADF899
:109510000630AB880BB3FCF71DFE00BB21460120D3
:10952000FEF74EFCB8B9238801460DF10602A88863
:10953000ADF808306388ADF80A30A388ADF80C3078
:10954000E388ADF80E3002AB03F020FEBDF8063024
:10955000082B18BF032005B030BD0620FBE7102004
:10956000F9E700BF0A01002030B5174D85B0044669
:10957000AB881BB30023CDF80CD0ADF80A3008231C
:10958000ADF80830FCF7E6FDD0B902AAA9884FF67D
:10959000FF7003F049FF78B9BDF80830082B11D1EE
:1095A000BDF800302380BDF802306380BDF8043080
:1095B000A380BDF80630E38005B030BD0620FBE790
:1095C0001020F9E70320F7E70A0100201FB5022366
:1095D000ADF8060009480DF10E02ADF80E3000217D
:1095E0000DF10603408803F0D1FDBDF80E30022BCB
:1095F00018BF032005B05DF804FB00BF0A0100207E
:10960000002307B5ADF8023002230190ADF8003019
:10961000FCF7C6FD70B9084B6A464FF6FF705988D3
:1096200003F002FFBDF80030022B18BF032003B087
:109630005DF804FB1020FAE70A010020F7B5224D7F
:10964000144607460E462B7ADA0739D50846FCF74A
:1096500081FD002836D1F82C02D90C2003B0F0BDD2
:109660003846FCF777FDF0B901A9288803F03DFDE5
:109670000028F3D13B7801A928888DF8053003F044
:1096800011FD0028EAD10223694628888DF80030B0
:109690009DF805301B071CBF0A238DF8003003F02E
:1096A000F3F90028DAD1334601AA00212888ADF861
:1096B000044003F06BFDBDF80430A342CED0CCE7EC
:1096C0000F20CBE71020C9E70A010020002337B59F
:1096D000ADF8023005460B880C460190ADF800301D
:1096E000FCF77EFD10B1102003B030BD2046FCF722
:1096F00057FD0028F7D115B1BDF8003053B1064B26
:109700006A464FF6FF70198803F08EFEBDF80030F0
:109710002380E9E70C20E7E70A01002011230B7002
:1097200000234B7090F82030062B18D8DFE803F0A8
:1097300009171717041114000B78022262F307139C
:109740000B700B781F2B82BF837FC3F305034B7015
:1097500070470B780322F1E70B780422EEE7FFDF76
:10976000FEE738B505460C4605F042FE08B9FFDFB6
:10977000FEE72223458003702368C360BDE83840BC
:1097800005F03EBEF0B5022791B00C461546082103
:109790003A460646ADF8247006F0EEFA0A9090B10B
:1097A0000423D43407A88DF81D700DEB03010F9628
:1097B0000B948DF820308DF83050FAF7BCFC08B1CE
:1097C000FFDFFEE7012011B0F0BD38B50D46FEF712
:1097D0006BFB044608B9FFDFFEE7213400214FF49C
:1097E000B472284612F094FC012105F1D4002C61DA
:1097F000FAF75EFC08B1FFDFFEE738BD70B505463D
:109800000E46144605F0F4FD78B1A223224600F876
:109810000C3B04F1140352F8041B9A4240F8041B59
:10982000F9D1BDE8704005F0EBBD31462846132262
:10983000BDE87040FEF74DBBF7B5078A06460D46FA
:109840003846FEF731FB33780446013B0D2B00F21E
:109850009E81DFE813F0C6009C010E003E007200FE
:1098600083009C00DF00FD009801B7005B00B7009B
:10987000B700072138460EF089F8054608B9FFDF22
:10988000FEE7AE4B93F85820D20714D5DA6DC0F836
:109890001E2093F8582022F0010283F8582000225D
:1098A000DA6573686B67B368AB672378252B00F0C4
:1098B0009080FFDFFEE703211E300DF087FCD5F816
:1098C0001E309F4AB3FBF2F102FB1133C5F81E3084
:1098D000E7E7072138460EF059F808B9FFDFFEE741
:1098E00003789B070DD52378252B0AD102232B70F3
:1098F000437F2B7100F11E032E30AB60E86003B094
:10990000F0BD037843F001030370F8E70721384600
:109910000EF03CF808B9FFDFFEE70378DF0609D553
:1099200007232B70037F2B7113B93E30A860E6E745
:109930000020FBE743F00803E6E790F91D30002B19
:1099400001DAFFDFFEE7337B0821B288384603F0F7
:10995000010303B0BDE8F04006F0E3BA08B9FFDF49
:10996000FEE773684BB100F1210203F1100153F8D7
:10997000040B8B4242F8040BF9D128212046FEF754
:10998000D1F9A37F327A62F30503A377B7E7072102
:1099900038460DF0FBFF044608B9FFDFFEE7022161
:1099A00085300DF013FC04232B7004F5B0737C3468
:1099B0006B60B4F809306C612B82604BAB60103384
:1099C000EB609CE7072138460DF0E0FF08B9FFDFA8
:1099D000FEE732462146384603B0BDE8F040FFF7C7
:1099E0000DBF08B9FFDFFEE70378212B87D9337954
:1099F00001463246012B02BF437F43F08003437789
:109A00003846FFF7FBFE2321204603B0BDE8F040B7
:109A1000FEF788B9327908213846AA8006F0ACF9F9
:109A20000446A86010B105232B7068E7072138466B
:109A30000DF0ACFF08B9FFDFFEE7022300F1620181
:109A400010225E300DF0DAFD04703379437056E772
:109A5000072138460DF09AFF054608B9FFDFFEE7FB
:109A600090F8843003F00303012B1AD1637F5E0664
:109A7000C3F3801133D490F89C30D8072FD495F8D5
:109A80008830DA075ED495F888309B0709D5D5F879
:109A90005C2105F17D0195F87C0010324008FEF74D
:109AA000DBF9022395F8842001A938468DF80430AB
:109AB0009DF8053062F301038DF8053095F8883084
:109AC0008DF8063095F89C308DF80730FFF749FE89
:109AD0002378252B4AD0212B4CD0FFDFFEE7D5F889
:109AE00058313BB395F883001A7C60F387021A74EF
:109AF000D2B2607FC0F3401060F3410261F3000214
:109B00001A740029BBD004F1210204F1310152F88A
:109B1000040B8A4243F8040BF9D195F89C3043F0CA
:109B2000010385F89C3095F8883023F0010385F80F
:109B30008830A8E70029A6D1A1E700BF14010020C2
:109B400040420F00D5F85431002B9CD095F883107B
:109B50001A7C61F387021A74D2B2617F22F0030289
:109B6000C1F3401142EA41021A748CE722212046D7
:109B7000FEF7D8F8072138460DF01EFF00283FF405
:109B8000BEAEFFDFFEE7736800225A70B7E6FFDF64
:109B9000FEE700BF10B50F4C94F8583023F00103D6
:109BA00084F858300023E365FBF70CFE204604F0F0
:109BB0000BFA18B9102120460DF008FB064804F0F6
:109BC000E9F918B9102104480DF000FB002384F8CE
:109BD000303010BD14010020240100200B46014646
:109BE00003F1D400FAF779BA83681A78092A70B5B4
:109BF000054686B034D00A2A30D0072A40F0868045
:109C0000B3F803603046FEF74FF9044608B9FFDFAA
:109C1000FEE70378212B7BD0282B1AD1AB68B3F851
:109C20000D20B2B9D3F80520D3F809301A4310D16A
:109C300000F12101304607F0EFFD05F08FFB08B180
:109C4000FFDFFEE72921204606B0BDE87040FEF7A1
:109C500069B806B0BDE8704005F0D2BB01225A7168
:109C6000B3F803603046FEF71FF9044608B9FFDF7A
:109C7000FEE70378212B4BD0AB685A79002A43D0FA
:109C80009B78002B40D105F0BBFB637F9A0617D56C
:109C90005B0613D5A37F03F03F03102B0CBF0623F5
:109CA000052384F820302378292B1CD10721304646
:109CB0000DF06CFE054628B9FFDFFEE70523F0E74F
:109CC0000423EEE725212046FEF72CF803236946FE
:109CD00005F1D4008DF80030FAF754FA10F0FD0FBA
:109CE00016D0FFDFFEE7242B12D1314604200FF0FF
:109CF00049FA22212046FEF715F8072130460DF0DB
:109D00005BFE28B1FFDFFEE7FFDFFEE7FFDFFEE7D8
:109D100006B070BD2DE9F04387B006460F46904669
:109D2000FEF7C2F80546002849D00378212B46D912
:109D3000232B44D090F91D30002B40DB0721304607
:109D40000DF024FE044648B9072130460DF0E4FD2D
:109D50000446A8B101463046FFF737FD94F8B1300C
:109D600073B904F1B009D434C9F80C402B78222B14
:109D700001D0242B0ED125212846FDF7D3FF09E081
:109D8000104B93F835200AB1FFDFFEE7A4B903F1C9
:109D900034091C64012369464846C9F8206089F8E3
:109DA0000130A9F80480C9F80870FAF7C4F910F076
:109DB000FD0F04D0FFDFFEE703F13409D3E707B05E
:109DC000BDE8F08314010020F0B587B00546FEF72A
:109DD0006BF80378222B16D9072128460DF0D6FD03
:109DE000044690B100F162060527B4F8603053B123
:109DF000B4F85E30F218F35C527843B1214628463D
:109E0000FFF7C0FCC0B907B0F0BDFFDFFEE70821D7
:109E10002846ADF8042005F0AFFF02900028F2D0EC
:109E2000694604F1D4008DF80070FAF7ABF910F030
:109E3000FD0F01D0FFDFFEE702231022314604F1BF
:109E40005E000DF006FCD0E710B586B00446FEF7C4
:109E50002BF80378222B12D9072120460DF096FD0E
:109E600008B9FFDFFEE706236946D4308DF80030DD
:109E7000FAF788F910F0FD0F01D0FFDFFEE706B01A
:109E800010BDF8B5037806460C4615461B09072B8E
:109E90000BD00A2B58D0022B00F0498100231380ED
:109EA000002900F0E1811A4638E082681378072B18
:109EB00006D0093B012B45D8002932D10A23D2E133
:109EC000002900F0D981B2F80300888080B2FDF744
:109ED000EBFF034608B9FFDFFEE7D0F81600A060ED
:109EE000598B1A7FA181B168A273CA68C2F30F228D
:109EF0002282D1F80520C4F81220D1F80920C4F834
:109F00001620A27E22F0030242F00102A2765A7FBE
:109F100042F008025A771C2314222B80228063808F
:109F2000A2E1B2F80300888080B2FDF7BDFF08B956
:109F3000FFDFFEE704F10801FFF7F0FB0A231A2216
:109F40002B80EBE7FFDFFEE709B1C3698B80337B32
:109F5000013B0D2B00F2E980DFE813F0B100E700D0
:109F60000E00E700E700E700E700E700E700E70092
:109F70005900E7008400A800002C00F07981A08837
:109F8000FDF792FF07210646A0880DF0FFFC08B9F7
:109F9000FFDFFEE7426F9178C1F3800301F0030019
:109FA0005B00012808BF43F00103C1F3C000C1F307
:109FB000001143EA800343EAC103117801F007016D
:109FC00043EA0113517801F0010143EAC113117909
:109FD0002381D378A372E37A61F30003C1F34001D4
:109FE00061F341035179E372C1F34002237B61F3D2
:109FF000000362F3410323733378232B03D9262113
:10A000003046FDF78FFE0D2313222B8086E7002CB0
:10A0100000F03081A088FDF747FF07210746A088A0
:10A020000DF0B4FC08B9FFDFFEE73369A3600378E5
:10A0300043F004030370437813F00202237B0DD036
:10A0400043F0010323733B78232B03D927213846A0
:10A05000FDF768FE102318222B805FE762F30003F0
:10A060002373F7E7002C00F0FD80A08804F10807B7
:10A07000FDF71AFF336904F10E020A26B3FBF6F16D
:10A0800006FB1133303302F8013DBA420B46F5D1DD
:10A09000A37B43F00103A3730378232B02D9272169
:10A0A000FDF740FE0F2315222B8037E7002C00F030
:10A0B000DD80337C1622237209232B802EE7002CAF
:10A0C00000F0D680337C0021022BA16021731ED0CA
:10A0D00003D8012B0ED0FFDFFEE7DA1E012AFAD8E3
:10A0E000191F727C4B422272627A4B4163F3010268
:10A0F000627201E081232372A088FDF7D5FE037808
:10A100000646212B0DD0232B03D0FFDFFEE7822351
:10A11000F1E70721A0880DF04FFC22213046FDF722
:10A1200001FE0D2319222B80F8E6FFDFFEE709B1BF
:10A1300043888B80337B012B04D0022B44D023B384
:10A14000FFDFFEE7002C00F08D80A088FDF7ACFE5D
:10A150000721A0880DF01AFC08B9FFDFFEE7D0F850
:10A160001E3004F10E0204F108060A20B3FBF0F1E0
:10A1700000FB1133303302F8013D96420B46F5D116
:10A18000A37B23F00103A3738CE7002C6ED0A0887F
:10A19000FDF78AFE07210646A0880DF0F7FB08B9F7
:10A1A000FFDFFEE7437813F0020F0CBF0123022309
:10A1B00023723378232B03D927213046FDF7B2FDD4
:10A1C000092317222B80A9E6002C51D0A088FDF787
:10A1D0006BFE08B9FFDFFEE70022A260A37A2273BC
:10A1E00023F0030343F00303A372437FA27AC3F374
:10A1F000401363F38202A272427FC2F380121340C3
:10A2000006D0837F03F03F03A3F110025342534172
:10A21000A27A63F3C302A272437F627AC3F380130C
:10A2200063F3C302737B03F003036272012B7FF4B9
:10A2300078AFD3B2E27AB17B43F004036372F37B6D
:10A2400063F30002237B61F30003F17BC1F3400160
:10A2500061F34102E272B27BC2F3400262F3410356
:10A2600023735EE70F232B800020F8BD0923FAE754
:10A270000D23F8E71023F6E71C23F4E7034630B577
:10A2800060B1084C00F110051868083353F8041C3D
:10A290002246AB4203C21446F6D10123024A82F899
:10A2A000303030BD340100201401002038B50E4D8F
:10A2B000044695F8303043B905F1200105F110004E
:10A2C000FBF782FA012385F83030084D234605F16B
:10A2D00010042A46083303CAA24243F8080C43F884
:10A2E000041C1546F5D138BD1401002034010020AE
:10A2F00038B50446A0B1FBF72DFFD0B9621E0A2184
:10A30000053412F8013F303BDDB2092D13D8A242CB
:10A3100001FB0030F5D1431C0DD0084B0124D8655A
:10A32000064B002093F8582064F3000283F858206D
:10A3300038BD1020FCE70720FAE700BF1401002019
:10A34000037813F00F0203D0012A08D007207047CA
:10A35000C3F303121B09F9D10A70002070471B09CF
:10A36000013B032BF2D8DFE803F0020507090123C4
:10A370000B70F2E70223FBE70323F9E70423F7E777
:10A38000042810D8DFE800F00307090B0D000023B4
:10A3900000200B7070471123FAE72123F8E73123DF
:10A3A000F6E74123F4E70720704700002DE9F0416C
:10A3B000074686B008468846FBF716FF002858D1A6
:10A3C0003846FDF771FD0646002856D00378222B4B
:10A3D00056D1B8F1000F4CD0437F5A0750D41B061A
:10A3E00050D4072138460DF0D1FA044650B9072160
:10A3F00038460DF091FA0446002845D0014638460B
:10A40000FFF7E3F994F8B1305BBB04F1B005022328
:10A41000D43430462F626B70002398F800202B81D3
:10A420000123C2F340012C612B71134043EA8103E5
:10A43000C2F38001C2F3C00243EAC103242143EA0C
:10A4400002132A7D22F01F0213432B75FDF76AFCCD
:10A4500069462846F9F76FFE10F0FD000AD0FFDFCD
:10A46000FEE70A4D95F835300BB1FFDFFEE73435D6
:10A47000CDE7102006B0BDE8F08143F20200F9E715
:10A480000820F7E70D20F5E70420F3E7140100208A
:10A490002DE9F04F91468FB01C4A0C4601901F46A3
:10A4A000106805AB5168128903C301981A80FDF743
:10A4B000FBFC0646002800F035820378262B40F08E
:10A4C00034823CB1072101980DF060FA8346F8B957
:10A4D000FFDFFEE74846FBF73DFE002840F0208204
:10A4E00099F80030C3F30213042B03D907200FB0EF
:10A4F000BDE8F08F99F80120062AF7D999F80230C3
:10A50000102BF3D89A42DDD9F0E700BFB8591E00EE
:10A51000802CEBD804F06CFF002800F008825A462B
:10A52000012102F8044F09929BF804508DF8201085
:10A53000002D40F0BB8199F80020717FC2F34002EA
:10A5400062F34511DBE91DA47177C9B299F80020C7
:10A55000C2F3800262F38611717799F800209BF8AC
:10A560000110D20962F341018BF8011099F8002023
:10A570009BF80010C2F3021262F347118BF800102F
:10A5800099F800209BF80110C2F3C00262F30001A9
:10A590008BF8011099F801208BF8052099F800201C
:10A5A000A17802F0010262F30101A170C9B2727FC9
:10A5B000C2F3401262F38201A170CAB296F81D8004
:10A5C000C8F3801868F3C302A270D2B29BF80110DE
:10A5D00061F30412A2709BF80020C2F342122270B1
:10A5E0009BF80120C2F34002627099F80220E270E9
:10A5F000657125719AF80220C2F3C00218EA0208B8
:10A6000000F02F813846FBF7A5FD002840F0888137
:10A61000B868FBF79FFD002840F082817869FBF75E
:10A6200099FD002840F07C81BA689BF80110CBF8B6
:10A6300008207A69CBF80C209AF8012042EA5102EE
:10A6400002F001029BF8011062F341018BF8011046
:10A650009AF8022001EA121262F3000100228BF83C
:10A660001D2006F10F028BF80110CBF81420721C8C
:10A67000CBF81820A27802F00302012A40F0C9802A
:10A680009AF8022002F00302012A40F0C28099F8F1
:10A690000320617962F3000102F0020201F0F1018E
:10A6A0000A4399F80410627101F00209227961F3FA
:10A6B0000002617902F0F10249EA020984F804908B
:10A6C0009AF8042009EA02099AF8052001EA02032F
:10A6D0000293B8F1000F03D159EA030200F0998008
:10A6E0003846FBF737FD0146002840F019810390FA
:10A6F00010220BF18C0011F00BFD0399CBF85411D3
:10A70000B8F1000F13D119F0010F10D0F868FBF762
:10A7100047FD002840F00481FA6802F11201CBF8ED
:10A720005421CBF88C1002F11401CBE9241219F05A
:10A73000020F0DD03869FBF753FD002840F0F08080
:10A740003A69002A00F0EC80CBF89820CBF85C2125
:10A75000102200210BF1A00011F0DAFC0022CBF84E
:10A760005821B8F1000F02D1029BD90713D53868E0
:10A77000FBF716FD002840F0D3803A68B8F1000FCF
:10A7800007D102F11201CBF8A01002F11401CBE9BC
:10A790002912CBF85821029B9A073AD57868FBF723
:10A7A0001FFD002840F0BC80FDF74CFF0268DFF879
:10A7B0008491CBF86021828809F12001ABF86421F3
:10A7C00082798BF8662199F8302042B909F110009E
:10A7D000FAF7FAFF012209F1200189F830207A689E
:10A7E000CBF8AC10AAB19BF8600110320BF26111EA
:10A7F0004008FDF731FB504B7F6803F1100E1A46FD
:10A80000083703CA724547F8080C47F8041C13467A
:10A81000F5D19BF8012012F002022AD1A1789AF812
:10A82000020001434B0724D521780EAB9AF8002093
:10A8300003EB410030F8245C5000054105F00305AE
:10A84000022D28BF0225B8F1000F3ED0012901D00A
:10A85000042904D1012A3AD0042A08BF154601224E
:10A860000CE09BF801109AF80120C1F340010A4066
:10A87000E8E6B8F1000FF2D1C2F34002717F62F353
:10A8800045110A4668F3861272779BF8011011F0A1
:10A8900002011ED003228BF80620B8F1000F05D16B
:10A8A0008DF8108004A90198FEF75BFF2521304642
:10A8B000FDF738FA08A90BF1D400F9F763FC10F0A2
:10A8C000FD003FF414AEFFDFFEE74246D6E7042565
:10A8D000D4E7022D04D18BF806508DF81010E1E773
:10A8E000012D10D102220BF121008BF806200D2240
:10A8F00011F00EFC9BF800208DF8105042F002027F
:10A900008BF80020CEE7042D15BF8BF8061001222E
:10A91000727F8BF806201CBF61F345127277C5E782
:10A920001020E4E543F20200E1E50820DFE5112014
:10A93000DDE500BF14010020340100202DE9F041C5
:10A9400086B0054688461446FDF7AEFA074600284D
:10A9500000F083800378272B40F08280072128466F
:10A960000DF014F8064608B9FFDFFEE7B8F1010F55
:10A97000857948D0B8F1020F31D0B8F1000F03D07B
:10A98000072006B0BDE8F081002CF9D1013DEDB201
:10A99000022D22D8334B2B449C7A3378252138461C
:10A9A00043F002033370FDF7BDF93378DA0751D570
:10A9B000324623F00103694606F1D40002F81E3B3B
:10A9C00002238DF804408DF800300292F9F7DAFB8B
:10A9D00010F0FD0F3FD0FFDFFEE7FFDFFEE7204670
:10A9E000FBF7B8FB08B11020CBE7032DC8D106F167
:10A9F0001E0304F1100254F8041B944243F8041B94
:10AA0000F9D10024C9E7012D1ED0022DB8D120466E
:10AA1000FBF7A0FB05460028E5D10146102206F110
:10AA20001E0011F075FB621E294605340A2012F83B
:10AA3000013F303BDDB2092D09D8A24200FB0131B4
:10AA4000F5D1C6F81E10DCE7002CDAD098E74FF0FD
:10AA5000FF31F6E77477002093E743F2020090E7B6
:10AA600008208EE7B8591E00F0B587B004460E46A0
:10AA70001546FDF719FA0746002846D0204607215B
:10AA80000CF084FF044610B9082007B0F0BDEEB109
:10AA900023785907F8D53B78232BF5D9802E37D862
:10AAA000267756B9284604F13E0305F1200250F8F6
:10AAB000041B904243F8041BF9D1227842F01002A3
:10AAC000D3B22270120708D40020DEE72846FBF735
:10AAD00041FB0028DCD01020D7E723F008032370C7
:10AAE00007238DF804608DF8003066B904F13E0349
:10AAF000694604F1D4000293F9F744FB10F0FD0F0E
:10AB0000E2D0FFDFFEE70023F2E743F20200BCE7FA
:10AB10000720BAE7F8B506460D46FDF7C5F950B36C
:10AB20000378272B01D00820F8BD072130460CF010
:10AB30002DFF044608B9FFDFFEE78779022FF2D127
:10AB40004378DB07EFD501462A463046FEF71AFE6A
:10AB500008B10020E8E7B4F860300D2B0ED83B4672
:10AB6000102204F1620104F15E000CF047FD0123A4
:10AB700045700370EDE743F20200D5E71120D3E7FB
:10AB8000F7B5044608460E461546FBF7E3FA10B142
:10AB9000102003B0F0BD2846FBF702FB0028F7D1D8
:10ABA0004FF6FF739C4219D02046FDF77DF9D8B1CE
:10ABB0004378811C2A465808FDF74EF9EF1D002402
:10ABC000102138460CF002FB05F117003B463246D7
:10ABD00031460094F9F7BEFC2046DAE72846FDF737
:10ABE0009DFD0028EAD0D4E743F20200D1E72DE929
:10ABF000F041044688B008460E461546FBF7F4FAC5
:10AC000018B1102008B0BDE8F0812846FBF7ECFA37
:10AC10000028F6D12046FDF747F9804600286CD081
:10AC20000378272B01D00820ECE7204607210CF001
:10AC3000ADFE044608B9FFDFFEE7038803F40173A5
:10AC4000B3F5017FEFD1D0E91D32527802B11DB1C9
:10AC50005F781FB1002E53D10720D3E7CDB1E26852
:10AC6000EF1D00231735114602A800933B46F9F764
:10AC700071FC102202A9284611F03AFAB8BB3B46F3
:10AC800004F12E0253F8041BAB4242F8041BF9D125
:10AC900000274EB1F31D04F11E02173653F8041BB2
:10ACA000B34242F8041BF9D123782521404643F0F2
:10ACB00002032370FDF736F82378DA071BD5224606
:10ACC00023F0010302A904F1D40002F81E3B022381
:10ACD0008DF80C708DF8083004F12E030492059362
:10ACE000F9F750FA10F0FD0F03D100208AE704278E
:10ACF000CFE7FFDFFEE76777F7E743F2020081E780
:10AD0000002DACD12F46C5E770B506460D46FDF7C0
:10AD1000CBF8044640B30378212B28D9437F1B0787
:10AD200025D529463046D5B106F076FD04F016FB50
:10AD30002B7C627FC3F3400363F3451262772A7C66
:10AD4000637F62F38613A27F63772B7C9B0863F398
:10AD50000502A277637F23F00803637770BD06F0D6
:10AD60005BFD04F0FBFAF5E743F20200F6E708208A
:10AD7000F4E770B50E46FDF797F8054650B130463A
:10AD8000FBF70EFA044640B928463146FEF7C6FCEA
:10AD9000204670BD43F20200FBE71020F9E7932341
:10ADA000488001F80C3B02F1100352F8040B9A4260
:10ADB00041F8040BF9D104F023BB70B51446128896
:10ADC00006460D460AB9002070BD04F0D5FF0028E4
:10ADD000F9D0214631F8022B11F0E6F9EA1E30468F
:10ADE000294653425341228805F09BF80023012055
:10ADF0002380E9E7F8B515461A8806460F461C4633
:10AE00000AB90020F8BD294604F0B6FF0028F8D0A2
:10AE1000214631F8022B11F0C7F9238830462A4623
:10AE2000394601F053F8002301202380EAE738B5C2
:10AE300005460C46FDF738F860B10378212B0CD994
:10AE4000032128460CF0A2FD002820600CBF03203F
:10AE5000002038BD43F20200FBE70820F9E70000BC
:10AE60002DE9F04F85B081460F469046019303B31C
:10AE7000019E06F1120B5846FBF7E1F9451D25F03E
:10AE80000305ADB2EFB998F80030092B41D17468D1
:10AE900064B1727B63886A439A4243DD211D204678
:10AEA00092B22B460CF097FB044607804FF0030A42
:10AEB0000CE001A9FFF7BBFF0028D9D005B0BDE821
:10AEC000F08F337BABBB34684FF0050A0121584645
:10AED000FBF7C6F951460246ADF80E00484604F0AD
:10AEE0004BFF034638BB0CB32288FAB9A21C0DF104
:10AEF0000E014046C8F804B0A8F802900093FBF792
:10AF0000DDF9009BC8B1092836D81C4B33F8100076
:10AF1000D4E70D2B04D106F108044FF0040AD5E75D
:10AF2000FFDFFEE74FF0030A3C46CFE7BAF1030F1D
:10AF300020D01120C2E70246D9E7BDF80E2053B158
:10AF4000AAF1030148464B424B41514604F0E9FF48
:10AF500077B90020B2E7BAF1030F2280F8D1727BF3
:10AF60002B4670686A43011D92B20CF047FBEFE775
:10AF70003773EEE71320A1E703209FE7C6591E00B1
:10AF800010B50C4686B01946A2B104238DF80030E6
:10AF90001388ADF8083053886A46ADF80A30A378B4
:10AFA0008DF80E302388ADF80C300023FFF758FFE2
:10AFB00006B010BD1020FBE7053020F0030080B282
:10AFC00009B14143043108447047000013B50446F9
:10AFD000019048B90CF0AEFA24B1044B019A1A6002
:10AFE00000221A7102B010BD01A8F3E7740100201D
:10AFF0002DE9F8430D46164600212422284611F07B
:10B0000087F80EB9FFDFFEE7B778DFF854906F736B
:10B010003488D9F80000053424F00304A4B2214692
:10B020000CF0B0FA08B9FFDFFEE74FF00008286027
:10B03000A0F8008047B17C43D9F80000211D0CF036
:10B04000A1FA48B9FFDFFEE76F60318805F1120011
:10B05000BDE8F843FBF7DEB86860C0F80080F4E7AD
:10B06000740100202DE9F84301F1120706460D4650
:10B07000DFF85C803846FBF7E2F8441D95F80D9048
:10B0800024F003042968D8F80000A4B222460CF08A
:10B090009BFAB9F1000F07D004FB09F26968D8F8F0
:10B0A000000004320CF090FA03200CF0F7FB044689
:10B0B00003200CF0C5FC241A012C03D1D8F80000A1
:10B0C0000CF054FA39463046BDE8F843FBF7B6B801
:10B0D0007401002010B5032104460CF057FC08B998
:10B0E000FFDFFEE700F112012046BDE81040FBF74C
:10B0F0009EB800002DE9F04F448889B006460D4601
:10B100002046032190460CF041FC814608B9FFDF40
:10B11000FEE71DB10023AC80EB802B813278337BBE
:10B1200002F0F002902A40F027835A1E0E2A00F205
:10B130001E83DFE812F011036802580273000F004B
:10B1400060010201080124013B001C022D024A0299
:10B150003B013B0199F80C30022B01D0FFDFFEE7E9
:10B16000308AC4000C34A4B2002D00F0118305F124
:10B170000C030022688191B20833884203D830233F
:10B18000A8F8004029E199F8101003F8061CB9F856
:10B190000E1023F8081C716951F82210013223F8AF
:10B1A000041CC1F30F4123F8021CE4E799F80C30AA
:10B1B000022B01D0FFDFFEE7738ADC000C34A4B25F
:10B1C000002D00F0E582327C4FF0000A6B81009286
:10B1D000043AD346D2B201926A891FFA8AF39A429C
:10B1E000CDD9716902A8009A1FFA8AF759440AF169
:10B1F000010A10F0D9FF009BFF0003A99B44B34B49
:10B2000007F10C0201981B792F442A44003B18BF18
:10B2100001230CF0B9FE029B3B61DDE796F810A01C
:10B2200099F80C30BAF1010F14BF10220222052B3D
:10B23000009203D0062B34D0FFDFFEE7738A03EBC6
:10B24000430464000C34A4B2002D00F0A182002756
:10B250006B81009BBA4603F1020B6A89BBB29A422A
:10B2600003D83323A8F80040B7E071695A4602A812
:10B270005144DA4410F098FF0623BAB2BDF8081022
:10B28000009801375A43AB180E3299812A448F4BEC
:10B290000DF10A011B79003B18BF01230CF074FE6D
:10B2A000DBE7BAF1010F738A14BF122406245C4352
:10B2B0000E34A4B2002D00F06B82BAF1010F6B8145
:10B2C0004FF0000714BF02230123BB462B73009BE2
:10B2D000023301936989BAB2914203D83423A8F8A2
:10B2E00000407AE0716902A8019A594410F05CFFAD
:10B2F000019BBAF1010FBAB29B44BDF808100CD102
:10B3000006204243A8181032C1812A440DF10A01D7
:10B3100000980CF059FE0137DCE7122000FB0252C6
:10B320000DF11A00D1810DF10A01103251F804CB50
:10B33000814242F804CBF9D1EDE799F80C30082BA3
:10B3400007D0FFDFFEE799F80C30082B01D0FFDFB4
:10B35000FEE7728A02F11004A4B2002D00F01882F8
:10B36000338A05F1100071696B81B9F80E30EA81FA
:10B37000AB8110F019FF3623A8F800402DE099F8B2
:10B380000C30092B01D0FFDFFEE7328A02F10C04FA
:10B39000A4B2002D00F0FC81716905F10C006A81F6
:10B3A00010F002FF3723A8F8004016E0728A02F17D
:10B3B0001004A4B2002D00F0EB810E2B318A05F1B0
:10B3C0001000EA8114BF0223012369812B73716984
:10B3D00010F0EAFE3923A8F800402B80303B6FF4D0
:10B3E00090526C809BB242FA03F3DB0744BF002308
:10B3F00089F80C30CEE199F80C30327C042BB6F889
:10B4000012A0009249D0072B00F09980032B40F046
:10B41000AC800AEB8A0464000C34A4B2002D00F066
:10B42000B781931F05F10E074FF0000BA5F80AA096
:10B43000DBB20193BAF1000F03D13123A8F8004029
:10B44000CBE71622002102A80AF1FF3A10F060FEB5
:10B450007169009A02A859441FFA8AFA10F0A4FEF2
:10B46000BDF808303A460DF10E0127F8023C0A37C4
:10B47000BDF80A30019827F8063CBDF80C3027F8D3
:10B48000043C124B1B79003B18BF01230CF07CFDE0
:10B49000009B9B441FFA8BFBCCE70AEB8A046400F9
:10B4A0000C34A4B2002D00F07381009B05F10C0B4D
:10B4B0000027A5F80AA0053BDBB20193BAF1000F03
:10B4C00006D13223A8F8004087E700BF74010020AE
:10B4D000716902A8009A0AF1FF3A394410F064FE3B
:10B4E0009DF80A20BDF808300DF10D0101981FFAF2
:10B4F0008AFAABF8063002F07F03D20943EA02234E
:10B50000BBF8042022F4BF7222F001021343ABF80F
:10B5100004309DF80C209DF80B3043EA02235A4674
:10B520000BF10A0B2BF8023C924B1B79003B18BF26
:10B5300001230CF029FD009B3B449FB2BEE7009B1A
:10B540000AFB03F202F10E04A4B2002D00F02081E8
:10B55000023B716905F10E00A5F80AA0AB8110F05D
:10B5600023FE3523A8F8004037E7FFDFFEE799F810
:10B570000C300A2B01D0FFDFFEE7002D00F0168112
:10B58000338A6B8100232B82EB8101232B7325E00F
:10B5900099F80C300B2B01D0FFDFFEE7B28A02F1E5
:10B5A0001204A4B2002D00F0F3800423B16905F168
:10B5B00012002B73338A6B81738A2A82EB8110F01D
:10B5C000F3FDA8F80040382307E7002D00F0EE80D7
:10B5D00005232B7300236B81EB812B821223122412
:10B5E000A8F80030EFE799F80C30012B01D0FFDF0D
:10B5F000FEE7002D00F0D280338A0C246B813A23C1
:10B60000A8F80040E9E62DB1737B03F58073EB8069
:10B61000738A2B8199F80C20531E0B2B00F29A8011
:10B62000DFE803F0061624303C47525E6F7A7A7AE0
:10B6300099F80C30012B01D0FFDFFEE7002D00F060
:10B64000AD80337C012B01D0FFDFFEE71723D4E769
:10B65000337C082B03D0032B01D0FFDFFEE7002D46
:10B6600000F09C8000230C246B8188E5337C042B44
:10B6700001D0FFDFFEE7002D00F0908000230C24B6
:10B680006B81DAE6337C042B01D0FFDFFEE7002D6F
:10B6900000F0848000230C246B8112E7337C022BA2
:10B6A00001D0FFDFFEE7002D78D000230C246B8152
:10B6B000D7E5337C022B01D0FFDFFEE7002D71D0F0
:10B6C00000230E246B8109E6337C042B01D0FFDFBD
:10B6D000FEE7002D66D000230E246B81AB8140E78E
:10B6E000337C053B012B01D9FFDFFEE7002D5BD04A
:10B6F000738A10246B810023EB81B9F80E30AB8183
:10B7000039E6337C072B01D0FFDFFEE7002D45D063
:10B7100000230C246B8145E6002D47D0738A0B2A49
:10B720006B814FF00003EB812B82337C06D00C2A17
:10B730000CD00A2B3FF429AFFFDFFEE70B2B01D023
:10B74000FFDFFEE7042321E705231FE70C2BFBD0D7
:10B75000FFDFFEE7FFDFFEE755B301230B24EB809D
:10B7600000232B81AB723B23A8F8004035E6FFDFB6
:10B77000FEE700BF74010020012B07D1C5B1737B28
:10B780000B24AB723C23A8F8004026E6FFDFFEE75F
:10B79000A8F80040002009B0BDE8F08F0C23A8F8FD
:10B7A0000030F7E70E23FAE71023F8E71223F6E755
:10B7B0000B23F4E770B5568804460D460321304646
:10B7C0000CF0E4F808B9FFDFFEE700F112032A46A7
:10B7D00021463046BDE87040FAF7A8BE10B50C46C9
:10B7E00003210CF0D3F808B9FFDFFEE72146123041
:10B7F000BDE81040FAF72FBD10B50C4603210CF040
:10B80000C5F808B9FFDFFEE721461230BDE8104059
:10B81000FAF73EBDF7B50E46044603F0E9FD0546CE
:10B820003378013B0E2B00F28A80DFE803F0503DB5
:10B8300063393912393939083939393939003379A5
:10B84000043BDBB2022B01D0102B16D1F5B9FFDF80
:10B85000FEE708B9FFDFFEE7032120460CF096F86B
:10B86000037B042B0BD0072B10D0032B16D133797D
:10B87000063BDBB2022B09D043B107200CE0337941
:10B88000053BDBB2022B01D0102BF6D13246294604
:10B890002046FFF784FA002003B0F0BDFFDFFEE78B
:10B8A0000028F3D1FFDFFEE708B9FFDFFEE73779B5
:10B8B000012FEBD117212046FFF79EFF17212046CD
:10B8C00001F087FC3946204601F091FCDEE70321B8
:10B8D00020460CF05BF808B9FFDFFEE700F112012B
:10B8E0002046FAF7A4FC002DD0D113212046FDF705
:10B8F00071FBD0E708B9FFDFFEE7032120460CF01B
:10B9000045F808B9FFDFFEE70DF106011230FAF73E
:10B9100098FC08B1FFDFFEE7B7882046BDF8063087
:10B92000172F38BF17279F4228BF1F463946FFF7FA
:10B9300063FF3946204601F04CFC0121C3E7FFDFDD
:10B94000FEE710B50C4603210CF020F808B9FFDF24
:10B95000FEE721461230BDE81040FAF789BC10B569
:10B96000032104460CF012F808B9FFDFFEE700F1EE
:10B97000080204212046BDE81040FFF71EBA10B5AA
:10B98000032104460CF002F808B9FFDFFEE7026865
:10B9900005212046BDE81040FFF70FBA70B503211E
:10B9A00006460BF0F3FF054608B9FFDFFEE712304D
:10B9B000FAF745FC441D24F00304A4B26A680AB1F6
:10B9C000538803B970BD32F8043B032130461A4452
:10B9D000FFF7F3F90028F5D06A7B234668686243D5
:10B9E000011D92B20BF035FEE8E738B504460D466E
:10B9F00003F0FEFC08B9FFDFFEE701234573448036
:10BA0000037333230370BDE8384003F0F9BC000032
:10BA1000602803BF0B780020034A072004BFC3F34C
:10BA200000031371704700BF7401002070B58CB023
:10BA30000D460646144601A9FFF7F9F9E8B9F4B92D
:10BA40000823ADF820508DF818304FF6FF73ADF88D
:10BA5000223001238DF826304FF42053ADF82430E6
:10BA6000019D06AA022130462B46FFF7F9F920B9BD
:10BA70001CB1A3782B742388EB810CB070BD032319
:10BA800002AA0AA920468DF8183010230B92ADF8AF
:10BA900028300CF09DFA68B90123ADF820508DF8DC
:10BAA00026304FF42053ADF824304FF6FF73ADF835
:10BAB0002230D5E70720E0E7012307B58DF80630EF
:10BAC00042F602030A4601A9ADF804300323FFF74A
:10BAD00057FA03B05DF804FB012307B58DF8063073
:10BAE00042F603030A46ADF8043004230DEB0301CC
:10BAF000FFF746FA03B05DF804FB7FB581B102237E
:10BB00006A468DF800300B88ADF808304B88052167
:10BB1000ADF80A300023FFF7A3F907B05DF804FB86
:10BB20001020FAE711B10723FFF72ABA0720704760
:10BB300070B588B00D460646144601A9FFF777F99F
:10BB400070B97CB90523ADF810508DF80830019D0F
:10BB500002AA082130462B46FFF782F900B9EC8192
:10BB600008B070BD0623ADF81050ADF812408DF846
:10BB70000830ECE77FB569B10723ADF808200391E1
:10BB80006A468DF8003009210023FFF769F907B0F4
:10BB90005DF804FB1020FAE7F0B5054689B00846C9
:10BBA0000C46FAF7D7FA10B1102009B0F0BD01A980
:10BBB0002846FFF73CF90028F7D1019E012106F144
:10BBC0001200FAF74DFB2278042A0ED004D8531E37
:10BBD000012B0CD90720E8E7052AFBD10C2163785B
:10BBE0008DF808108DF810301CE0023880B2E38820
:10BBF00033B1A1680029D7D0033880B283422DD851
:10BC0000042AA0881DD00028E4D1022AA7686488ED
:10BC10000ED109220146ADF810408DF80820ADF88C
:10BC200012300597334602AA2846FFF719F9BCE7F8
:10BC30000A21ADF81040ADF812308DF808100597C4
:10BC4000F0E70B216288ADF81430A3688DF8081076
:10BC5000ADF81020ADF812000693E3E70C20A4E73E
:10BC60007FB50D23ADF808106A468DF8003000232B
:10BC70001946FFF7F5F807B05DF804FB7FB581B111
:10BC800002236A468DF800300B88ADF808304B88E7
:10BC90000621ADF80A300023FFF7E2F807B05DF89F
:10BCA00004FB1020FAE770B586B00E460121002390
:10BCB0006A4605468DF80010ADF80860FFF7D0F829
:10BCC000044638B93146284601F075FA214628461F
:10BCD00001F08DFA204606B070BD68B38378012B61
:10BCE0002CD1008842F60413984216D8B0F5245F90
:10BCF00026D241F60103984208D8013841F2FE737A
:10BD000080B298428CBF0F2000207047A0F52050D1
:10BD1000032894BF0F200020704742F60123984269
:10BD200005D8B0F5285F34BF00200F207047A0F57C
:10BD3000285003380228ECE7102070470020704795
:10BD40000F20704787289ABF024B33F8100003205A
:10BD5000704700BFDA591E0043785A0710D003F02D
:10BD600007034A7863F302024A70437813F0380FEE
:10BD70000DD0C3F3C2034A7863F3C5024A7070471B
:10BD800013F0380F14BFC3F3C2030123E9E75A07C6
:10BD900014BF03F007030123EDE7000010B50B46C5
:10BDA00048800C46842103F80C1B02F1100152F864
:10BDB000040B8A4243F8040BF9D103F021FB014B39
:10BDC0001C6010BD7C0100200B460E22002110B526
:10BDD0000446184610F09CF903461CB1012C04D00F
:10BDE000FFDFFEE705229A7110BD0622FBE770B562
:10BDF00088B004460D46102204AE0021304610F0F3
:10BE000087F9002203AB29460092204601931023B4
:10BE1000F7F790FF024620B108B0BDE87040FFF789
:10BE200091BF0DF10E0329462046CDE90063BDF810
:10BE30000C30FBF762FE0028EED108B070BD37B5BC
:10BE40000C46054600283CD00DF10701FEF778FAB4
:10BE5000002837D163780DF107019DF80720681C91
:10BE600062F302036370FEF76BFA58BB63789DF8C8
:10BE7000072062F3C503AA786370C2F34103012B64
:10BE800002D0022B20D10120237860F345132370C8
:10BE9000637859071EBFC2F3C00161F38613637054
:10BEA000637813F0380F1EBFC2F3001262F3C7139A
:10BEB0006370637813F0780F1EBF237843F040035C
:10BEC0002370002003B030BD0720FBE730B40D46DF
:10BED00011461A4641B102290AD12C7C14F0010303
:10BEE00003D024F001042C74012330BC04F019B8F1
:10BEF0000023FAE738B515460022044640680A7068
:10BF00004A70FFF79CFF58B9A38922899A420ED83C
:10BF100062689278D20704D5B3F5007F07D82B80EA
:10BF200038BDB3F5FF7F02D803F20123F7E70C20F9
:10BF3000F6E710B50C46F7F753FF08B1FFDFFEE751
:10BF40002046BDE81040FFF7FDBE014410B5044691
:10BF50004FF6FF708C4200D110BD43BA14F8012B8C
:10BF60009BB25A40C2F303135A4013039BB25A4088
:10BF7000530103F4FF5382EA0300EBE72DE9F04F8E
:10BF800085B01C46894605469DF83C6092460E9B4E
:10BF9000B11EDDF8408003F1140B18BF0121584693
:10BFA000FAF7DDFE314602460746284603F0E4FE76
:10BFB000002814BF0121002188F8001003D1C4B16A
:10BFC0002388B3B9A01C164A00210DF10E03ADF869
:10BFD0000E70116052464946CDE9000B2846FBF72A
:10BFE0003FFA68B1082819D80E4B034493F81001A2
:10BFF00003E0002E14BF1120132005B0BDE8F08F20
:10C0000098F80020BDF80E3032B132460E9928461D
:10C01000FFF75CFF0020F0E72380FBE70320ECE75D
:10C020007C010020DA591E002DE9F043002391B075
:10C03000054608460C46ADF81630FAF78BF800288E
:10C0400040F0BE80E3683BB1A368002B00F0B880ED
:10C050001A88ADF8162018802846FBF725FF814680
:10C0600028B943F20205284611B0BDE8F0830378F1
:10C07000212B01D80825F6E7042128460BF086FC81
:10C08000074608B9FFDFFEE71430FAF755FEA3783C
:10C090000646013B012B00F295800BAA2188284619
:10C0A000F7F7D8FE20B111B0BDE8F043FFF74ABE64
:10C0B0000BA8F7F7DDFE0028F5D10BA8F7F7D8FE9F
:10C0C000002840F081800D9B434A23F07F43934238
:10C0D0007AD1E36883B10DF116022846CDE900322A
:10C0E000BDF81630A2882188FBF707FD0028DAD1B9
:10C0F000BDF81620A3681A809DF82F8018F010084C
:10C1000065D10F990029ACD09DF8303013F0380F6D
:10C1100001D1FFDFFEE7314AC3F3C203134493F8B2
:10C12000182199F820309A4254D80536A2780B7815
:10C1300026F00306012AB6B236D1DA079AD50223D1
:10C14000B8688DF8183058B17A7C438872439A42A7
:10C1500034DD92B23346011D0BF03DFAA0F80080A9
:10C160002388072206A90097ADF81C300DF11503AE
:10C17000CDE9018303462846FFF700FF0546002866
:10C180007FF471AF9DF81530002B7FF46CAFA3786E
:10C19000012B7FF468AF7A7C3346B8687243011D87
:10C1A00092B20BF02BFA5EE79B077FF563AF032398
:10C1B0004FF001088DF818303868D1E74046CFE7D6
:10C1C000102550E707254EE74FF450554BE743F253
:10C1D000014548E70F2546E702290100DA591E000C
:10C1E000F7B50C46054603F003F9064623785A1EB8
:10C1F0000A2A00F2C180DFE802F00618B7304F4F7C
:10C20000667EB2989E005D4B1B684BB15A7842F037
:10C2100020025A7062685A600027384603B0F0BDA9
:10C220006168284603F01AF9F6E7042128460BF066
:10C23000ADFB08B9FFDFFEE700F114012846FAF76D
:10C240006CFD2EB1224631462846FFF7A7FDE3E7F5
:10C2500013212846FCF7BEFEDEE7042128460BF03A
:10C2600095FB08B9FFDFFEE7A3790021E27903F02F
:10C2700018038181182B08D1A388838156B12246E7
:10C2800031462846FFF78AFD53E05306C4D5A388FC
:10C29000C381F3E7FFDFFEE794F90720002A10DAF5
:10C2A000062B04D00227002E39D1FFDFFEE7042140
:10C2B00028460BF06BFB08B9FFDFFEE7A388C381BC
:10C2C000F0E70027EFE7042128460BF05FFB074665
:10C2D00008B9FFDFFEE71430FBF730FB18B194F923
:10C2E0000730002B98DA3B7C43F002033B74002EAE
:10C2F000C5D1FFDFFEE7042128460BF047FB077C92
:10C300006379C7F3400262F300036371037C23F097
:10C31000020303740EB9FFDFFEE707F002072246AF
:10C3200031462846FFF73AFD77E70121284603F01A
:10C33000F9F8022771E7042128460BF027FB636810
:10C34000064601220093694623892846ADF8043049
:10C3500003F004F9337C23F0020333745CE7002814
:10C360007FF470AFFFDFFEE700212846FFF7E9FA10
:10C37000002E84D1FFDFFEE7FFDFFEE77C01002017
:10C38000431D23F003039BB2580009B15943043104
:10C390000844704737B50023064D044601902B71C1
:10C3A00030B90BF0C7F80CB1019B2B6103B030BD65
:10C3B00001A8F6E77C0100202DE9F0470E4617465C
:10C3C00086B005465822002130460FF0A1FE0FB975
:10C3D000FFDFFEE797F802A0DFF8C89086F811A00B
:10C3E0003C88D9F81000053424F00304A4B2214697
:10C3F0000BF0C8F808B9FFDFFEE74FF00008306027
:10C400002146A0F80080D9F810000BF0BBF808B95D
:10C41000FFDFFEE77060A0F80080BAF1000F09D0DE
:10C4200004FB0AF4D9F81000211D0BF0ABF8C0B9D9
:10C43000FFDFFEE7C6F808A0002306F11401284636
:10C44000F3603A88FAF754FC01AA01212846F7F76D
:10C4500001FD01A8F7F70CFD044630B106B0BDE8B8
:10C46000F087B060C0F80080E6E79DF807301B0752
:10C47000EFD5BDF80A102846FFF7B9FC9DF8073044
:10C480009DF80820284643F01003BDF80A108DF8E7
:10C49000073043EA0223224663F30F02FF23F7F734
:10C4A00019FDD6E77C010020F8B501F114000D4616
:10C4B000FAF742FC441D134E24F003046F7C2968F4
:10C4C000A4B2306922460BF07FF8224669683069D1
:10C4D0000BF07AF837B104FB07F2A968306904322F
:10C4E0000BF072F804200BF0D9F9044604200BF08D
:10C4F000A7FA241A012C04D13069BDE8F8400BF0EA
:10C5000035B8F8BD7C010020F0B5204B8FB0054652
:10C510004FF6FF7009AAD989F7F79CFC09A8F7F72D
:10C52000A7FC0DF10E07044605AE0CB1052025E071
:10C530009DF82E30AB421ED0012B21D1BDF82C30FE
:10C54000A3F520539BB2012B1AD810232246BDF825
:10C550002A104FF6FF70CDE90067F7F7EBFB60B9E3
:10C5600004AA31469DF80E000BF02EFD28B99DF867
:10C570001230AB4204D1204600E003200FB0F0BDE2
:10C5800009A8F7F775FC0446CFE700BF7C0100203F
:10C5900038B5042105460BF0F9F908B9FFDFFEE7CD
:10C5A00000F1140428462146FAF7B7FB2146284635
:10C5B000BDE83840FAF7B8BB70B58AB006460C46FD
:10C5C000FBF772FC0546002835D00378212B02D8F2
:10C5D00008200AB070BD0CB1A3887BB301238DF88D
:10C5E00014300323ADF8183064B1A3882468ADF883
:10C5F00020300421304607940BF0C8F9044620B9D6
:10C60000FFDFFEE7ADF82040F3E71430FAF7B7FBA1
:10C610000307DDD502F0ECFE90B10DF1130395F8A0
:10C62000202005A9304602930223CDE90043636828
:10C63000FFF7A4FCCDE743F20200CAE70920C8E7F0
:10C640001120C6E72DE9F04F578889B082468B4606
:10C6500038469046FBF728FC0421814638460BF00B
:10C6600095F900230546ADF81E30B9F1000F01D150
:10C67000FFDFFEE708B9FFDFFEE70221384603F0DF
:10C68000C1FD05F114030146C0B100242646264A27
:10C69000002138461160514699F82020CDE9016308
:10C6A0000DF11E0300935B46FAF79DFB0646042836
:10C6B00037D8DFE800F01F36282F280018460593EA
:10C6C0006E68FAF74CFB022102460490384603F0EC
:10C6D00053FBDDE9042358B9002ED6D03188002958
:10C6E000D3D10236041EADF81E2018BF0124CEE7B8
:10C6F0000646F7E7BDF81E302BB144B102222946A9
:10C700003846FFF7E3FB304609B0BDE8F08F6A68B2
:10C710001380F8E798F8013043F0100388F80130EF
:10C72000F1E7FFDFFEE700BF7C0100202DE9F043C9
:10C73000804693B00D46002900F083800027122226
:10C74000002128463E463C460FF0E2FC0DAA01219E
:10C750004FF6FF70F7F77EFB0DA8F7F789FB20B1C6
:10C7600013B0BDE8F043FFF7EDBA9DF83E20BDF8E9
:10C770003A30012A18D1BDF83C20A2F52052032AF4
:10C7800012D8DFE802F0170B020E03249845E3D11C
:10C790002C74A6B9002013B0BDE8F0831E46022415
:10C7A000F4E71F460424F1E7042C06D0052C08BF4B
:10C7B0000624EBE71E460124E8E70524E6E70DF131
:10C7C0000E080DF110091023002231464FF6FF70BC
:10C7D000CDF80480CDF80090F7F7ACFA08B103204B
:10C7E000D9E72A4649469DF80E000BF0EDFB0246BC
:10C7F0000028F4D1AE81002FCCD008AB39464FF6DB
:10C80000FF70CDF8048000931323F7F793FA002804
:10C81000E5D1BDF80E002A1D0DF123010338C0B289
:10C820000BF0D2FB0028DAD1089B062CC3F30F23B0
:10C83000EB81AFD19DF83E30AB72BDF83C302B811F
:10C84000A8E71020A7E7000003460846012B70B5B3
:10C8500014468CB018D0022B13D142F601030122EA
:10C86000ADF81C308DF81E2058B308AE4FF480731D
:10C870000DF117013246ADF818300BF0A9FB034655
:10C8800028B107200CB070BD4FF42053E7E70E4DE0
:10C8900007A89DF81710AA1D0091CDE9016201F2C9
:10C8A00001220699F7F7AEF920B10CB0BDE870404F
:10C8B000FFF748BA0CB1EB882380012300202B71CD
:10C8C000E0E71020DEE700BF7C0100202DE9F04FFB
:10C8D0006A4E9DB000240D4633790592013B0B94BE
:10C8E000012B00F2C380F388834240F0C1808B4269
:10C8F00000F0C0800123A2462746A0468DF82630CE
:10C9000042F60203DFF878B112A8ADF824304FF4F4
:10C9100080738DF82A40ADF820305A4BADF828408E
:10C9200012930AAB13934FF6FF73ADF85030F7F73D
:10C93000CDFA072217AB12A94FF6FF70FBF736F8B6
:10C94000024630B10A2863D01DB0BDE8F04FFFF7B2
:10C95000F9B9BDF85E9014B3189B23F07F435B4593
:10C960001DD10DF1220349464FF6FF7001930EAB26
:10C9700000931023F7F7DEF90028E5D1BDF8223047
:10C9800023F002039BB2042B03D003201DB0BDE8AB
:10C99000F08FBDF83830AB4235D10F20F6E79DF867
:10C9A0006230012B2FD1BDF86030A3F520539BB22C
:10C9B000012B28D8F488A4EB09035C425C41B8F150
:10C9C000000F00D017B34D451DD10DF122030DF11D
:10C9D00038080022294601934FF6FF701023CDF846
:10C9E0000080F7F7A7F90028AED1BDF82200022891
:10C9F00001D01028C9D10BAA4146C0B20BF0E4FA0D
:10CA00000028C2D1C846BDF85EA092E75746FAE7B3
:10CA1000B8F1000F30D07FB30023ADF83080ADF80F
:10CA200032708DF81F309DF82E30012B15D09DF8F7
:10CA30001F2009A8059B0432089902930CABD2B2BF
:10CA4000CDE9002300238DF81F20F7F7DBF800283D
:10CA50007FF47AAF0223337176E70DAA0DF11F013F
:10CA60000BA80BF0B5FA0028E1D08EE708208DE77F
:10CA700006208BE7072089E7052087E77C01002057
:10CA8000022801000100FFFF1FB50A78C2F3400130
:10CA9000C2F3000343EA4103C2F3800143EA810386
:10CAA000C2F3C00143EAC103C2F3001143EA011318
:10CAB000C2F34011C2F3801243EA4113411E4FF604
:10CAC000FF7043EA8213002289B28DF80C300DF119
:10CAD0000E03019303AB00930123FBF70EF8BDF89F
:10CAE0000E30012B01D0FFDFFEE705B05DF804EB4F
:10CAF000FFF728B910B50C46FFF7A1F968B96378BC
:10CB000003F00702012A09D113F0380F06D0237869
:10CB10009A0603D463F03703237010BD0720FCE7A7
:10CB20002DE9F04F002395B0DFF824B20546ADF8AB
:10CB300028300E46ADF82A301746ADF82C30ADF847
:10CB40001430ADF81C30ADF82030ADF82430ABF81F
:10CB500008309BF80430013B032B00F20082F9F708
:10CB6000F9FA20B11024204615B0BDE8F08F304608
:10CB7000F9F7F0FA0028F5D16868F9F735FB0028D5
:10CB8000F0D16B684BB1B5F80A902B89994502D862
:10CB9000B3F5007F02D90C24E5E799460DF12E028A
:10CBA00005A93046FFF7A6F904460028DBD17368D3
:10CBB0009B7803F00603042B12D007A92869FFF71E
:10CBC0003EF904460028CED12B69B3B16A789DF8AE
:10CBD0001D30900703F038030DD573B90724C2E761
:10CBE0009DF8153013F0380FE7D03069F9F7F8FAEF
:10CBF0000028E2D0B6E7002BF0D19DF81C30990652
:10CC00007DD408A905A8FFF7A7F89DF821300122D7
:10CC1000686962F302038DF82130FFF76BFF044669
:10CC20000028A0D109A9A869FFF709F9044600283E
:10CC300099D19DF824309A06D0D4AB6943B19DF8C0
:10CC4000253003F00702012AC8D113F0380FC5D0F0
:10CC5000EB681BB11B78013B1A2BBFD82A783068D0
:10CC6000C2F34001C2F3000343EA4103C2F380016F
:10CC700043EA8103C2F3C00143EAC103C2F30011D6
:10CC800043EA0113C2F34011C2F3801243EA411395
:10CC90000DF1130143EA82136A7812F0030218BF00
:10CCA000012243EAC2130DF13F028DF83C304FF4EC
:10CCB0008073ADF818304FF001038DF8323042F632
:10CCC0000303ADF830300BF083F90346002885D11B
:10CCD0009DF813A00DF1260200900AF1030A0699AF
:10CCE0005FFA8AFACDE901020AF201220CA8F6F7EE
:10CCF00089FFB0B115B0BDE8F04FFFF723B89DF83C
:10CD00001D3013F0380F06D16868F9F76DFA002866
:10CD10003FF477AF26E76868F9F762FA0028F3D0A6
:10CD200020E70C4BBDF82E2002933369059901933F
:10CD30003389BDF82680009373893068F6F762FF67
:10CD4000034648B101464046FFF7F3F804460AE7B8
:10CD50007C010020840100202A7812F0300F19D0C5
:10CD60004FF001020899ADF834000CA88DF832207C
:10CD700042F60212ADF830200DF12A0202920DAAFD
:10CD800001920222009240F20322F6F73BFF014695
:10CD90000028D8D1BBF808300022BDF826104FF685
:10CDA000FF70ADF83D300FAB019200935346FAF798
:10CDB000A4FE034600289DD19DF93C20002A26DAD6
:10CDC0004FF48072ADF83400ADF8182001228DF8D0
:10CDD00032204FF42452ADF830206A780290C2F32A
:10CDE0004001C2F3000242EA410200F0FC010CA83B
:10CDF0000A4306998DF834200DAA0192022200926E
:10CE000040F20322F6F7FEFE014600289BD16E6831
:10CE1000002E34D02B69A3B907A905A8FEF79CFF03
:10CE20006B7813F002030BBF9DF81D209DF81C309A
:10CE300063F3C50243F040030CBF8DF81D208DF84D
:10CE40001C3001232A8907990CA88DF8323042F64C
:10CE50000113CDF80090ADF8303040F20123B2FB61
:10CE6000F3F303EB4323D21A0AAB92B2CDE9016389
:10CE70000023F6F7C7FE014600287FF464AF2B7845
:10CE8000DB072DD50023ADF83430AB6953B909A9C0
:10CE900005A8FEF761FF9DF82530012262F3020329
:10CEA0008DF825309DF8243040F203220CA843F081
:10CEB00040038DF82430012309998DF8323042F671
:10CEC0000313ADF830300BAB02930DAB019302238B
:10CED00000930023F6F796FE014600287FF433AF57
:10CEE000EB684BB34FF480720CA8ADF81820012208
:10CEF00006998DF8322042F60412ADF830201A78E7
:10CF00008DF834205A788DF835205A88ADF83620BF
:10CF10001A798DF838200DAADB8801920722ADF826
:10CF20003930002300924FF402720293F6F76AFE42
:10CF3000014600287FF407AF03238BF80430002F4D
:10CF40003FF411AEBBF808303B80BDF828307B8041
:10CF5000BDF82A30BB80BDF82C30FB8003E60824E6
:10CF600001E600BF2DE9F04192B0012541F6010331
:10CF700007460DF108080E460DF10202284641460B
:10CF80008DF80A50ADF80830FFF75EFC044660BB30
:10CF9000002F3BD001461C220BA80FF0B9F8234606
:10CFA00004AA06A965F342030BA8ADF804408DF866
:10CFB00006309DF82C30039443F0200310968DF832
:10CFC0000A508DF82C3042F60523CDF81880ADF8C4
:10CFD000083004230893ADF824306B44079303AB67
:10CFE0000A93FFF79DFD20B10446204612B0BDE82C
:10CFF000F0810A4ABDF810305381BDF81430938196
:10D000000133D381054B00221A71EEE7BDF80220EF
:10D01000024B013258819881DA81F3E77C010020CC
:10D02000F0B51F4F87B004460E463B79033B012BFA
:10D0300034D80DF1160204A9FEF75CFF054650BB7B
:10D0400063689B7803F00603042B12D005ABBDF890
:10D05000162004990293236901932389009363891D
:10D060002068F6F7CFFD80B107B0BDE8F040FEF7CD
:10D0700069BE9DF8113013F0380FE7D02069F9F739
:10D08000AFF80028E2D0102505E016B1BDF8143045
:10D09000338004233B71284607B0F0BD0825FAE72A
:10D0A0007C01002037B505460C46D9B10146002366
:10D0B00001AA4FF6FF70F6F749FF20B103B0BDE8B3
:10D0C0003040FEF73FBE01A92046FEF7B8FE50B93A
:10D0D000A3782946019A4FF6FF7003F00103F6F793
:10D0E000F9FEEBE7102003B030BD13B50C46002964
:10D0F0004AD001460DF1030301AA4FF6FF70F6F77F
:10D1000025FF30B1872804D002B0BDE81040FEF7FB
:10D1100019BE00239DF80500694600F00700238032
:10D12000A370FDF72DF910B1032002B010BD9DF8DA
:10D13000003069469DF805002370C0F3C200FDF77A
:10D140001FF90028F0D19DF804209DF8003042F32B
:10D150004012637002F003029DF8033082F0010276
:10D1600003F0010343EA42039DF80520C2F3801156
:10D17000C2F3C01243EAC10343EA0213A27822F0C9
:10D180001F021343A370D0E71020CEE71FB514464B
:10D190000DF10E02CDE900320A46238801464FF612
:10D1A000FF70FAF7AAFCBDF80E30238004B0BDE88A
:10D1B0001040FEF7C7BD10B50C4604210AF0E6FB8F
:10D1C00008B9FFDFFEE721461430BDE81040F9F74B
:10D1D000BFBD10B50C4604210AF0D8FB08B9FFDF2B
:10D1E000FEE721461430BDE81040F9F7E1BD10B567
:10D1F0000C4604210AF0CAFB08B9FFDFFEE721460E
:10D200001430BDE81040F9F7B3BD042110B5044651
:10D210000AF0BCFB014608B9FFDFFEE70368012204
:10D220002046BDE81040FDF7E5BD70B50421064677
:10D230000AF0ACFB044608B9FFDFFEE71430F9F74B
:10D240007BFD451D25F00305ADB2A3680BB15A88DF
:10D2500002B970BD33F8042B214630461344002236
:10D26000FDF7C8FD0028F4D0627C2B46A0686A4315
:10D27000011D92B20AF0EDF9E7E7042110B504466A
:10D280000AF084FB014608B9FFDFFEE7436802228B
:10D290002046BDE81040FDF7ADBD38B504460D464B
:10D2A00002F0A6F808B9FFDFFEE7012345734480CA
:10D2B000037344230370BDE8384002F0A1B801298C
:10D2C00001D0FFDFFEE7FEF73CBB10B50446084681
:10D2D000FEF703FD20B92046BDE81040FFF7B4BAC1
:10D2E00010BDFFF7F3BA000038B514460D461A46D4
:10D2F00089B184B1636873B118B1094BDB8883428B
:10D300000BD12068FEF7E9FC30B921462846BDE87C
:10D310003840FFF705BC102038BD0720FCE700BFF0
:10D320007C01002010B50C4611466CB118B1084BB9
:10D330001B8983420AD12068FEF7CFFC28B920461A
:10D34000BDE81040FFF76CBE102010BD0720FCE7C1
:10D350007C01002070B5064686B010460D46144686
:10D36000F8F71EFF10B1102006B070BD6068F8F726
:10D370003BFF0028F7D101A92846FFF7D7F900287D
:10D38000F2D19DF81430072B3AD8DFE803F03B1BAD
:10D390001B1B1B04043B9DF80630012B05D1BDF877
:10D3A0000430A3F5C053012B0CD99DF80A30012B92
:10D3B0000FD1BDF8083042F60122934204D8B3F5EC
:10D3C000285F06D30F20CFE7A3F52853033B022B9A
:10D3D000F8D99DF80E30012B09D1BDF80C30B3F50A
:10D3E000245FEFD0A3F52453023B022BEAD96368F4
:10D3F00053B16368224661882846FFF7C7FEB3E74A
:10D40000FFDFFEE70320AFE701AA29463046F6F723
:10D410009DFD20B106B0BDE87040FEF793BC9DF8BD
:10D4200004309B06E5D49EE7F0B5064685B010466D
:10D430000F461446F8F7B4FE034678BB03AA3946F4
:10D440003046F6F783FD20B105B0BDE8F040FEF7A9
:10D4500079BC9DF80C3013F0100322D10DF10E02AF
:10D4600039463046CDE900324FF6FF736288F6F751
:10D4700061FC054680B96068F8F792FE48B90195ED
:10D48000394663683046009323886288F6F752FC79
:10D490000546BDF80E3023802846D5E7102005B09C
:10D4A000F0BD43F20140FAE721B1054B0A889B89A0
:10D4B0009A4201D9FEF7B8BD43F20300704700BF9E
:10D4C0007C01002070B586B006460C46154600214A
:10D4D000102202A80EF01CFE0423114AADF80230FF
:10D4E0005389BBB19289A24216D2AC4214D8ADF88E
:10D4F0000830022302A930468DF80A306B44ADF89B
:10D500000440049301ABADF806500593FEF78CFD83
:10D5100006B070BD0620FBE743F20300F8E700BF4A
:10D520007C0100202DE9F04307468BB008460C46ED
:10D53000F8F710FE18B110200BB0BDE8F0833846A4
:10D54000FAF7B2FC8046002800F08E800378212B89
:10D5500001D80820F0E7042138460AF017FA0646F9
:10D5600008B9FFDFFEE71430F9F709FC2378054618
:10D57000012B4DD110F0020FEBD0A379DA0761D463
:10D58000A388B3F5887F10D8B3F5827F45D2B3F571
:10D59000817F22785FD040F203118B425FD0012B54
:10D5A0005BD0A3F58072012A57D9DDB201F020FFCC
:10D5B00000285CD014220021B6F80E900DEB02007A
:10D5C00098F820800EF0A4FD01238DF819508DF8F5
:10D5D00014300223ADF81C908DF81830A379DB07C6
:10D5E00009D59DF81E3043F001038DF81E30D4E9B3
:10D5F0000223CDE908230DF11303424605A938465D
:10D6000002930223CDE900637368FEF7B7FC93E74A
:10D61000022B22D110F01C0FAEE7A3F5827101227C
:10D6200089B28A4041F2C5010A4216D140F207127E
:10D63000934216D040F209129342B6D115F0080F6A
:10D64000B3D10AE06389002B9AD0E068F8F782FD35
:10D65000002895D06FE7022AA7D107206CE7012A9E
:10D66000FAE715F0100FEBE743F2020064E7112030
:10D6700062E700002DE9F04790B080460C46164660
:10D680001D46FAF711FC002800F0CA800378212B10
:10D6900040F2C980032D00F2C88000F0CA804CB966
:10D6A000AB0725D5654B9F890137BFB24FF6FF7990
:10D6B00025E00025012E01D80B2004E02046F8F7D4
:10D6C00093FD18B1102010B0BDE8F087701E204403
:10D6D000F8F78AFD0028F5D1A319023E2046B6B21C
:10D6E00033F8027C3146FEF730FCB842D8D0E3E78D
:10D6F000002D00F0A180514B0127B3F80C9006AA31
:10D7000039464046F6F7A6FBFCB9254606A8F6F7CB
:10D71000AFFB024618B9BDF81E10494518D90421BF
:10D7200040460AF033F9054600285AD1FFDFFEE7EC
:10D730005B88102BC0D804351D44ADB2B542BBD2B6
:10D7400063191A88BA42F3D3E0E723460025F8E7C5
:10D750009DF81BC01CF0080FD8D0002C38D004EB6B
:10D76000050A2F1DBAF80230BFB2102BA4D8F81842
:10D77000B042A1DC605B88429ED11CF0100F13D038
:10D780000BA90191E119009101464046FAF7B5F95C
:10D7900020B110B0BDE8F047FEF7D4BABAF80230B5
:10D7A000BDF82C209A4287D11F44BDB29DF81B20A2
:10D7B000FF239DF81C10404622F010028DF81B201C
:10D7C000D2B242EA0122BDF81E10F6F783FB9DE7B4
:10D7D0001CF0100FEAD04046FEF709FB0028E5D008
:10D7E00071E784891CB3142200210BA80EF090FC71
:10D7F00001230DF1170200958DF82C3002230BA99F
:10D8000040468DF83030ADF83440CDE90132072282
:10D810006B68FEF7B3FB00287FF455AFA88152E791
:10D8200043F202004FE708204DE707204BE7204670
:10D8300049E7002C7FF43DAF012737E77C0100204A
:10D840002DE9F043064689B00D461C4617461AB925
:10D85000102009B0BDE8F083032B79D87ED071BBCE
:10D86000A2077ED5404B0224D9893F4B44F30004E4
:10D870004FF0000803AADB8930461C40F6F7EAFAAD
:10D88000013CA4B203A8F6F7F3FA024600285CD1E3
:10D89000BDF81210A1421FD9B8F1000F5AD008F1FB
:10D8A000020445B13B88A34256D341462846FEF7C1
:10D8B0004CFB25F8080000203C80CAE700242846DD
:10D8C000F8F78EFC0028C3D1388801382844F8F7CF
:10D8D00087FC0028C4D0BBE79DF80F301B07D1D5CB
:10D8E0000DF10A094FF6FF733046CDE90029F6F72E
:10D8F00021FA024620B109B0BDE8F043FEF722BA92
:10D9000035B9BDF80A30043343441FFA83F8B9E748
:10D91000BDF80A3005EB0800B7F800C008EB0301BA
:10D9200004318C4518D3BDF8121025F80810438037
:10D9300008F10400CDF80490284400903046F6F732
:10D94000F9F90028DDD0032083E70A28D3D1A3E723
:10D9500007207EE705207CE70C207AE70029ADD17F
:10D960000C46012181E700BF7C01002010B5044670
:10D97000F8F716FC18B9034BDB89238010BD102083
:10D98000FCE700BF7C01002070B5064614460D463A
:10D9900051B9E2B12046F8F723FC48B92146304698
:10D9A000BDE87040FFF7A1BB0846F8F719FC08B1C5
:10D9B000102070BD29463046FAF7A1F818B1BDE82D
:10D9C0007040FEF7BFB9002CE4D12046F1E70720F4
:10D9D000EFE700002DE9F8431746027805460C46AC
:10D9E00002F0F002037B802A40F013819A1E072A7E
:10D9F00000F20D81DFE812F00201F20008003300AE
:10DA000033008600B000DB000421408809F0BEFF2F
:10DA100008B9FFDFFEE7828962B1002C00F00681C1
:10DA20006B8807264FF05208A3803E80A4F8008040
:10DA3000668021E0002C00F0FE806B8804F10A0172
:10DA4000288AA3800123A371FFF79EFFA8B92B8A20
:10DA500010262381AB8AE3814FF05108E5E7062BBE
:10DA6000B0F816800BD190F91330002B07DA08F1CB
:10DA70001406B6B25CBB3E800020BDE8F88308F116
:10DA80001206B6B2002CF6D0002204F10801288A52
:10DA9000FFF77AFF0028F0D16B884246A96904F1AC
:10DAA0001200A3802B8AE3802B7B062B14BF02235A
:10DAB00001232373AB8AE381EB7CA4F810804FF041
:10DAC0005008C3F3C01363730EF06EFBADE7002282
:10DAD00004F10A01008AFFF757FF0028CDD16B88B7
:10DAE0004246A96904F11400A3800223A3712B8A82
:10DAF00023810123A373AB8AA4F8128023820EF042
:10DB000053FBA9E7B0F8169009F11406B6B2002C41
:10DB1000B1D00421408809F039FF6B88804600228B
:10DB200004F10A01288AA380FFF72EFF0028A4D160
:10DB300002234A46A96904F11400A3712B8A2381A8
:10DB40000423A373AB8AA4F8129023820EF02CFB5B
:10DB50002B8AA8F80E307FE74088FAF7A5F9064629
:10DB60000421688809F012FF0EB9FFDFFEE708B94B
:10DB7000FFDFFEE76B7CDB0747BF14264FF0510841
:10DB800012264FF05008002C3FF475AF6B88B8F1A7
:10DB9000500F287CA38003D1A11DFEF715F944E79F
:10DBA000022304F10801A371FEF70EF954E7234A9A
:10DBB000038A52899A4208D10626002C3FF45BAFB3
:10DBC00043884FF05408A3802FE7002C31D04288BF
:10DBD00008264FF05308E380A28026E704214088FE
:10DBE00009F0D4FE08B9FFDFFEE714B36B880826FE
:10DBF0004FF05508A3802B8AE38016E7B4B1438821
:10DC000007264FF05608A3800023A3710DE7FFDF1E
:10DC1000FEE7012B08D149B1438807264FF057088A
:10DC20008B80437B8B7100E7FFDFFEE707233B80A0
:10DC300022E70823FBE71023F9E700BF7C0100205F
:10DC40002DE9F04114228AB005460F460DEB020083
:10DC500000210EF05DFA01232846ADF81C708DF806
:10DC600014308DF81830FAF71FF900284AD00378DD
:10DC7000212B04D8082630460AB0BDE8F0810421E3
:10DC8000284609F083FE044608B9FFDFFEE700F1ED
:10DC900014084046F9F773F88306EBD5237C072276
:10DCA00005A9284643F0010323740DF111030293E3
:10DCB0000223CDE900436368FEF760F9064620B110
:10DCC000237C23F001032374D5E739462846FDF76A
:10DCD00085FD0DF112014046F9F730F808B1FFDF7C
:10DCE000FEE7BDF812402846172C38BF1724BC4267
:10DCF00028BF3C462146FFF76CFA21462846FDF72F
:10DD00007BFDB8E743F20206B5E708B500F07EFAFE
:10DD100000F0F8F800F014F8BDE8084000F0F6BE96
:10DD2000064BD3F8000138B1D3F8040120B1D3F881
:10DD30000801B0FA80F04009704700BF00A004500D
:10DD4000034B00221A705A7010229A70704700BF5D
:10DD500090010020F8B50646022014460D4600F05A
:10DD6000DFF8114B114A01275C60191D9A6002F11E
:10DD7000807203342D011F70DC601D83C3E904260B
:10DD80000022243303F80A2C0D2203F8092C084A38
:10DD9000C2F83015074903C983E80300C2F80875C3
:10DDA000C2F83835F8BD00BF900100200300000B19
:10DDB00000A00450F85A1E0008B5022000F0B0F888
:10DDC0000D4B01221A7000220C4BC3F80021C3F83E
:10DDD0000421C3F808210A4AC3F8802003F56433FC
:10DDE000C3F88C20A3F57C33C3F88C21A3F5005332
:10DDF0000822C3F8042508BD9001002000A00450AB
:10DE000003000080144A08B51378EBB100231349CE
:10DE1000C1F8803001F56431C1F88C30A1F57C3156
:10DE2000C1F88C3108210E4BC3F80815FFF778FFB5
:10DE300078B101235370938EFF2B01D9FFDFFEE7EA
:10DE4000DBB29370002313700020BDE8084000F09F
:10DE500067B810235070F4E79001002000A0045030
:10DE600000200450094B1A7862B1094BD3F8002105
:10DE700052B1D3F8040140B1D3F80801B0FA80F0F0
:10DE80004009704758787047022070479001002081
:10DE900000A0045010B5C824FFF7E4FF022808D101
:10DEA000013C14F0FF04F7D1062005F0F5F82046F8
:10DEB00010BD431E58425841FAE70000064A08B513
:10DEC00013782BB1FFF72CFF20B192F8340008BD76
:10DED0009078FCE71020FAE79001002038B5084C54
:10DEE0000025D4F80035032B04BF01236360C4F878
:10DEF0000055C4F8005500F051FFC4F8805038BDFB
:10DF000000A00450054B4FF48062C3F88820BFF393
:10DF10004F8FBFF36F8FFFF7E1BF00BF00E100E05D
:10DF200010B50446FFF7DAFF012C04D0022C07D00D
:10DF30002CB1FFDFFEE7074B0222C3F8002510BD1E
:10DF4000044B0322C3F8002502F10042C3F88020ED
:10DF5000F5E700BF00A00450FFDFFEE7024BD3F857
:10DF6000A00300F00100704700C0FF00084BD3F889
:10DF7000A423D3F8A833511C9BB203D14FF6FF71F1
:10DF80008B4203D0026083800120704700207047DD
:10DF900000C0FF000B4B30B5D3F89053D3F8944337
:10DFA000D3F89813D3F89C2305EA04030B401340DD
:10DFB000013317BF05600020446081601CBFC26050
:10DFC000012030BD00C0FF000B4B30B5D3F88053AB
:10DFD000D3F88443D3F88813D3F88C2305EA0403D9
:10DFE0000B401340013317BF05600020446081607F
:10DFF0001CBFC260012030BD00C0FF00064B0022E4
:10E00000C3F80022C3F81822C3F82022C3F80C2258
:10E01000C3F81422704700BF00A00850074B012826
:10E02000187303D0022806D0FFDFFEE7044B03225B
:10E03000C3F800257047024B0422F9E7C80100200D
:10E0400000A0085070B5134D0346084695F82560AA
:10E050000EB9FFDFFEE76BB9012E2C6A95F824108C
:10E0600005D100F001FD2044AB69C01A70BD00F07D
:10E07000DFFCF8E7012B0AD1012E2C6A95F8241059
:10E0800002D100F0E1FCEEE700F0FCFCEBE7002041
:10E09000EAE700BFC80100200B4B93F8310088B1BC
:10E0A00093F830307BB1094BD3F8002442F00102E1
:10E0B000C3F80024D3F8200500F0F600023818BF9A
:10E0C0000120704701207047C801002000A00850BF
:10E0D0000A4B40F409000A4A1B8A40F04000B3F59D
:10E0E000166F36BFA3F63813A3F5166343F4807397
:10E0F000C2F80837C2F84005704700BFC8010020C9
:10E1000000A0085008B5FFF789FF0846FFF7E0FFB9
:10E11000084B002193F90D000BF078F900F028FC72
:10E12000054B40F20312C3F8442E40F25B62C3F881
:10E13000482E08BDC801002000A0085070B5064652
:10E140000C4615460BF0E9FE0028FBD076BB2A4BA7
:10E1500001225A7093F830201AB9997B2846FFF7AC
:10E16000D1FF264B4FF47A7253F8253003F5FA733A
:10E17000B3FBF2F3224AE41A224BC3F800211E4BF0
:10E180000125214983F830509B691C441C4BC1F880
:10E190004045C1F8C031FFF77FFF30B1CD64D1F801
:10E1A0004C05A042ACBF0020012070BD012E21D142
:10E1B000114B02225A7093F83020AAB9997B284655
:10E1C000FFF72CFF0846FFF783FF0E4BD3F8002420
:10E1D00042F01002C3F8002440F20312C3F8442EA8
:10E1E00040F25B62C3F8482E064B293C044AC3F850
:10E1F0000421C4E7FFDFFEE7C8010020605B1E00CA
:10E200000B00008000A00850005008504822002158
:10E2100001480DF07DBF00BFC8010020024B186A05
:10E220009B69C01A704700BFC80100200A4B93F8D1
:10E230002420D3E90630C01A084B03EB82039B6A03
:10E24000C01A074B53F822304FF47A7203F2F313DB
:10E25000B3FBF2F3C01A7047C8010020005B1E0038
:10E26000545B1E0010B5FFF7E1FF04460BF082FF80
:10E27000201841F1000110BDFF2801D9FFDFFEE7A2
:10E28000012903D0022917D0FFDFFEE7002343F462
:10E29000801340F000700A4A43F4847340F4403025
:10E2A000C2F8203EC2F8280ED2F8203503F0F7035A
:10E2B000032B04D1FFDFFEE74FF08073E7E77047E1
:10E2C00000A00850F8B5204E4FF48067C6F8907053
:10E2D000BFF34F8FBFF36F8F0BF015FE04461B4D3E
:10E2E0000BF048FF0121001B194CA861C4F8A410D1
:10E2F000FFF784FE0323C4F8401E2973C4F80035D9
:10E300004FF40023C4F800340DF024FF114B124ADF
:10E31000C4F83833114BC3F8C820013AC3F8C420FD
:10E3200040F6FE720E4BC4F814330E4BC3F80425AE
:10E330000023AB842B862B624FF48073C6F8907158
:10E34000C4F888343761F8BD00E100E0C80100205E
:10E3500000A0085003000080060000800050085014
:10E360000100008000200850014B5873704700BF27
:10E37000C8010020020E034B0002C3F8342EC3F87C
:10E380002C0E704700A00850034B044A1B5C90738E
:10E3900003F5166313827047005B1E00C80100205E
:10E3A00070B52E4C05460E4694F831300BB9FFDFA0
:10E3B000FEE701232A4A84F83030D2F8003443F0D3
:10E3C0000103C2F800340BF0A8FD0028FBD005BB08
:10E3D0000123A17B30466370FFF794FE6378012B25
:10E3E00001D0FFDFFEE71F4AD36402F5A0421360AD
:10E3F0001C4BD3F84C05A369C01A6DBB1A4B4FF4E4
:10E400007A7253F8263003F5FA73B3FBF2F318442B
:10E4100070BD012DECD10223A17B30466370FFF764
:10E42000FDFD0846FFF754FE0D4BD3F8002442F0E3
:10E430001002C3F8002440F20312C3F8442E40F245
:10E440005B62C3F8482E6278022A01D0FFDFFEE744
:10E45000044AD5645D60CBE72930D9E7C8010020C4
:10E4600000A0085000500850605B1E0008B5FFF780
:10E4700065FE58B9064B0122C3F8400503F5A043D9
:10E4800002201A61BDE8084004F006BE08BD00BFC6
:10E490000050085037B5234B4FF48060224A4FF0AC
:10E4A000FF35D3F88814C3F89054C2F890014FF4A4
:10E4B00000221E4801F48071C3F8002400221C4C85
:10E4C0002286C0F84025C3F80821C3F80021C3F80C
:10E4D0000421D3F82005C0B2B8B18DF80750C3F8B5
:10E4E000202201221A619DF8072012B1D3F82022C0
:10E4F00022B19DF8073043B9FFDFFEE79DF8072002
:10E50000013AD2B28DF80720EDE70022054BC3F89F
:10E510002022228019B14FF48072C3F8882403B0FE
:10E5200030BD00BF00A0085000E100E000500850DE
:10E53000C801002070B50024244D254EC5F848457B
:10E54000C5F84445C5F84045C5F84C45FFF7A2FF5E
:10E55000C5F8C441C6F80841C6F80041C6F80441F0
:10E56000C5F8C840C5F8C440C6F80441C6F8004123
:10E570000DF008FE174B40F6FE72C6F83843C6F899
:10E580001443C5F8C041C3F808254FF48062124B0C
:10E590001C71C3E90744114BC5F84845C5F844450B
:10E5A000C5F84045C5F84C45C5F84841C5F8444153
:10E5B000C5F84041C5F84C41C3F89020BFF34F8FD8
:10E5C000BFF36F8FC3F8902170BD00BF005008509B
:10E5D00000A0085000200850C801002000E100E021
:10E5E000014BC3F84C0E704700A0085010B50FC87F
:10E5F000014C84E80F0010BD100200200A490B4BAB
:10E6000010B50124C1F8D00ED86283F83140FFF76D
:10E6100043FD40B9064BC3F8400503200C61BDE83B
:10E62000104004F039BD10BD00A00850C801002002
:10E6300000500850144B9A6910441A6A824210B56F
:10E64000124C09D3022004F027FD00230122C4F854
:10E6500040350F4B1A610DE0012298601A71626417
:10E66000D4F844350533834205D3094BD3F80C1253
:10E670000029EFD010BD0023C4F84431054BC4F885
:10E680004405C4F8C431F5E7C80100200050085023
:10E6900000A008500900008010B50E4C034602226D
:10E6A00094F825002271012894F82410227B4FF061
:10E6B00096000BD100F0F4F9074A0023A060C2F8DD
:10E6C0004431236A0344C2F8443510BD00F002FA15
:10E6D000F2E700BFC801002000500850044BC3F807
:10E6E000940ED3F8002442F04002C3F8002470478F
:10E6F00000A00850054BD3F8002422F04002C3F8D4
:10E7000000240022C3F8942E704700BF00A00850D8
:10E71000044BD3F8183703F07F035B4203700120EA
:10E72000704700BF00A008500028034B14BF02220E
:10E73000012299701A707047C8010020054B002211
:10E74000C3F84025044AD2F82035DBB20BB10123CF
:10E75000136170470050085000A00850044B30B5BA
:10E76000D3E90E451B6CC0E900450B6030BD00BF0E
:10E77000C8010020F8B5614C0BF0BFFB012300225B
:10E78000C4E90E015E49CB64D1F84C3523645D4B7E
:10E79000C3F80821C3F80021C3F80421C3F80421F9
:10E7A000C3F80021D3F8000420F01D00C3F80004D2
:10E7B00084F83120227922B1D1F84421003A18BFDF
:10E7C0000122617801290AD1D3F81852002D3ED1D7
:10E7D0004C4BD3F82032ABB145F0100512E00229C2
:10E7E00033D1484BD3F81852D3F80C3E003D18BF34
:10E7F0000125D8074FEA450558BF45F0040502B387
:10E8000045F00105FFF7FAFBE906637803D5012B14
:10E8100008BF45F020053A4A2678D2F8481521620B
:10E82000D2F8442584F82530237BE26184F8243033
:10E830007EB9667026712686EA071ED5A36C9847B6
:10E840002EE015F00B0FDDD1C2E70025C0E708254B
:10E85000D8E715F0110735D1013EA2784FF09601A7
:10E8600018BF01263046FFF7EDFBA278014630467F
:10E87000278084F83070FFF7F9FD15F0020024D0EE
:10E88000204B0021D3F81C0EE36C00F0010045EA98
:10E890008000C0F3800080F0010000F00100984784
:10E8A0006378022B0DD123795BB1022B1BD1236A34
:10E8B000A2681344124AC2F84435114B124AC3F8F5
:10E8C000C421F8BDFFF7E6FDB6E715F0280F05F007
:10E8D000200104D0B1FA81F1236D4909DFE7EB068D
:10E8E000DED5636DABE7012B01D0FFDFFEE7A36848
:10E8F000226A9342DED8FFDFFEE700BFC801002096
:10E900000050085000A0085009000080024B03EBA3
:10E910008003986A704700BF005B1E00024B03EB48
:10E920008003586B704700BF005B1E00F8B50D46B2
:10E93000012347780146437004462846164600F0F6
:10E9400055F9074AD2F80431002BFBD0677016B98D
:10E95000EB78A370AB707B1E58425841F8BD00BFE6
:10E9600000A0045019B943780BB1C3788370704785
:10E970002E30362854D8DFE800F050535353535309
:10E980004D53535353535353535353534B53535365
:10E990005353555355534953475345534353413F9D
:10E9A0003D3B39373533312F2D2B2927252321574F
:10E9B0001C003F231D4AC2F8103770473323F9E784
:10E9C0002D23F7E72823F5E72323F3E71F23F1E7B8
:10E9D0001B23EFE71823EDE71523EBE71323E9E704
:10E9E0001123E7E70F23E5E70D23E3E70B23E1E737
:10E9F0000A23DFE70923DDE70823DBE70723D9E75D
:10EA00000623D7E70523D5E70423D3E70323D1E77C
:10EA10000123CFE74FF49873CCE74FF48873C9E72D
:10EA2000FFDFFEE70223C5E73923C3E700A0085054
:10EA300010B504460846FFF771FF4FF47A73B0FB38
:10EA4000F3F0201A10BD00004FF47A73054A5843C2
:10EA500032F9112000F2E7301044B0FBF3F0023835
:10EA6000704700BF4C5B1E004FF47A73044A00FBF2
:10EA7000033032F911201044B0FBF3F0704700BFAF
:10EA80004C5B1E0010B504460846FFF747FF4FF4E5
:10EA90007A7200F2E733023CB3FBF2F3E01A10BDE6
:10EAA00038B51D460A4B33F9114003EB8203053597
:10EAB0009B681C444FF47A7304F6B73403FB00449C
:10EAC0001046B4FBF3F42544FFF720FF284438BD7B
:10EAD0004C5B1E0070B5064608461546FFF71EFF44
:10EAE000094B03EB85039C684FF47A7304F6B73443
:10EAF00003FB0644241A2846B4FBF3F4FFF706FF91
:10EB00000530204470BD00BF4C5B1E00024B00224C
:10EB10001A705A709A707047200200202DE9F8434D
:10EB2000064601200F4615469846DDF82490FFF76B
:10EB3000F7F99DF82C3006F00302284C42EA034214
:10EB40009DF8343042EA03620023C4F80425244AC5
:10EB5000C4F88030C2F88430A2F57C32C2F8843127
:10EB60000222204BC3F80825BDF828301E4A9380A6
:10EB7000FB6893FA83FCBB6818BA7B6819BA3B68D8
:10EB8000C4F810C51BBAC4F81405C4F81815290A2E
:10EB9000C4F81C352D069DF8207041EA0861D9F8AB
:10EBA00004302DBA003F21F00041D9F800001BBA13
:10EBB00018BF0127022EC4F8203500BA41EAC771F8
:10EBC0004FF00103C4F8240509BAC4F82815C4F8A5
:10EBD0002C55537008BF1370BDE8F88300A0045093
:10EBE0000030085000200450200200202A4B5A78A0
:10EBF0002DE9F04704460D460AB9FFDFFEE7274A34
:10EC000003F1080E4F7803F1100603F1380CDFF81A
:10EC100090904FF00E08DF809F8403F1480A04377C
:10EC20009D61C3F81C9083F82780A3F85C7092E87C
:10EC30000300C3E914498EE80300D2E9020186E823
:10EC40000300E91C0026196283F82660D2E904015A
:10EC5000C3E90A668CE80300611C19641149596410
:10EC6000D2E90601E21C8AE803009A65012183F8D3
:10EC70005E6083F85F80C3E91866AA78A2700A4ACA
:10EC8000C2F830E5C2F838C599701970C2F804614D
:10EC90001160BDE8F08700BF20020020745B1E00F9
:10ECA0000100000D0100000C00A00450324B5A7806
:10ECB0002DE9F04105460E460AB9FFDFFEE72F4A6F
:10ECC00003F1380C03F1480403F10807DFF8B080C2
:10ECD000DFF8B0E0C3F844801E65C3F854E092E862
:10ECE0000300C3E9085E8CE80300711C1964D2E9D3
:10ECF000080184E80300F11C0024996522495C6640
:10ED000083F82E40C3E91714D2E9040187E8030011
:10ED1000691CC3E90418D2E90601EA1C03F11808CA
:10ED20009A629A889A850E2288E8030083F82F2039
:10ED30000121C3E90C44B278AA70144AC2F830C564
:10ED4000C2F8387599701B780BB9FFDFFEE7104BDE
:10ED5000C2F80441C2F80841C2F880300D4AC2F836
:10ED60008430A2F57C32C2F8843102220A4BC3F807
:10ED70000425BDE8F08100BF20020020745B1E0066
:10ED80000100000C0100000DE803000E00A004507B
:10ED90000100008000300850002004500C4B1A780D
:10EDA0008AB100220B490220C1F8802001F56431AC
:10EDB000C1F88420A1F57C31C1F88421A1F500516E
:10EDC000C1F808051A7000225A709A70704700BF87
:10EDD0002002002000A0045008B50B4BD3F80821F6
:10EDE00022B1042004F058F9022008BDD3F8042110
:10EDF00022B9052004F050F90320F6E7D3F8000407
:10EE0000003818BF0120F0E700A00450014B012298
:10EE10005A60704700A00450054B5A7A0023836063
:10EE20000360044B4360FF23C2710372704700BF4D
:10EE30008C02002032000200054A064B5B7A026019
:10EE40002422C371FF2382800422037282717047DF
:10EE500065B01E008C020020054A064B5B7A0260FA
:10EE60005822C371FF23828004220372827170478B
:10EE7000A9C41E008C020020054A064B5B7A026082
:10EE80002E22C371FF238280022203728271704797
:10EE9000FFFC1E008C020020064A074B5B7A0260D2
:10EEA0004FF4B472C371FF23828004220372827113
:10EEB000704700BFDD9B1E008C020020037803F02A
:10EEC0000F03013B30B4DCB20025042C158001D9BE
:10EED000FFDFFEE7024C54F8233030BC184700BF78
:10EEE0009C5B1E00124B012212491A8040F2011253
:10EEF0001A819A896FF3090242F480729A810E4A4C
:10EF00001A614FF08572C3E9051241F211129A831A
:10EF100002229A774FF4B0621A84084A1268D11C10
:10EF200021F003018A4201D0FFDFFEE75A607047FB
:10EF30008C02002005001F004C601E008400002091
:10EF4000F0B50F4C05466078B8B90E4E17683368B7
:10EF50000C33BB4202D904201360F0BD62685170CB
:10EF600040F6A6611570916040F2011151801721A1
:10EF70003360918001226270EFE70620EDE700BF69
:10EF80008C020020840000200720704770B5144DCB
:10EF900006462B4695F8271013F8244F640104F118
:10EFA00008021344C1B92A1892F98C21B2B195F81C
:10EFB00026200A2A01D9FFDFFEE72C44202218462A
:10EFC0000DF0A6F894F82D20034666F3020284F8AB
:10EFD0002D20012285F82720184670BD1346FBE737
:10EFE0008C020020037803F0F003502B01D0FFDFE8
:10EFF000FEE7037B1BB1012B0CD0FFDFFEE7C9B19D
:10F0000043888B80037C01200B72092313800880C6
:10F010004B800DE051B143888B804369CB60038BFB
:10F020000B82037C02200B721423EFE7142313805E
:10F03000002070470923FAE7054B5A78824201D82D
:10F04000FFDFFEE75B680C2202FB0030704700BF69
:10F050008C02002038B5084B00245D782146E0B2D0
:10F06000854201D1084638BDFFF7E6FF43780134F9
:10F070001944C9B2F3E700BF8C0200202DE9F04F1C
:10F0800015468DB0A04A0E46804607AB9069D169FF
:10F090009E4C03C3F31C6C2105A823F003030593C6
:10F0A00008F048FA05990DB9C4F89011A37E0144FF
:10F0B000581C059107462DB9C0B208F015FF08B1DC
:10F0C000FFDFFEE7059901EB0711033121F0030192
:10F0D00005913DB9627A0D70208CF4F74BFD08B1B3
:10F0E000FFDFFEE7238C059A1A44637A9B000592A2
:10F0F000FF2B69D80332002D03F0FC034FF005010C
:10F1000022F003028248059218BF002209F0D0FFC6
:10F11000059B03440593002D3ED000274FF0000BC4
:10F120006378DA465FFA8BF083424FD10598002D61
:10F1300051464FF0000B00F10300DA4620F00300C7
:10F14000059018BF0020FBF741FF059B0344059382
:10F1500063785FFA8BF0834248D10598002D5146C1
:10F1600000F1030020F00300059018BF0020FDF718
:10F1700011F9059B002103440846059300F0A0FD0A
:10F18000637A09AA022100208DF8243007F06EFF6F
:10F1900000283BDAFFDFFEE72F46042F5FFA87F9EE
:10F1A0000CD0012F08D80CBF5A485B4809F09EFFCD
:10F1B000484505D0FFDFFEE75848F7E75848F5E730
:10F1C0000137052FE9D1A8E71327A7E70393FFF736
:10F1D00033FF8146817880880BF1010BFBF7ECFE51
:10F1E00099F80120039B00FB02AA9BE70393FFF71A
:10F1F00023FF8146C17880880BF1010BFDF7C0F831
:10F2000099F80120039B00FB02AAA2E7237A09AA2E
:10F21000042100208DF8243007F028FFB0F1000908
:10F2200001DAFFDFFEE76378EBB10020FFF704FFB0
:10F2300008B9FFDFFEE7838840F2032203210020A4
:10F24000412BADF8282009AA38BF412304339BB2D3
:10F25000ADF82630ADF8243007F008FFB0F1000912
:10F2600001DCFFDFFEE7059B073323F0070305936F
:10F270008DB92C4B06A8069307F0A0FF08B1FFDF5D
:10F28000FEE70599284807F03BFF08B1FFDFFEE7DE
:10F29000264803F0EBFE059BD8F800204B440733CB
:10F2A00023F0070393420593C8F8003003D89E1B50
:10F2B000B6F5803F04DB042738460DB0BDE8F08F7B
:10F2C000002F47D1002DF7D1F9F7C0F9042008F03D
:10F2D000E5FA002830D0637E07AA217E002B14486F
:10F2E000009103F1FF3118BF00224B424B412946E8
:10F2F000F9F7B4FF08B1FFDFFEE70E49E07EFDF746
:10F3000031FEC8B1FFDFFEE79C5B1E008C020020CF
:10F3100020040020E5841E0017FD1E00FF611E0072
:10F320007F7E1F00958B1F0065F41E0057FF1E0097
:10F3300098020020A80200204FF4B672002106486F
:10F340000CF0E6FE40F20463A4F88C31012384F84B
:10F350002830B1E71327AFE7B002002045289DBF52
:10F36000024B03EB4003188C032070479C5B1E008C
:10F370000378C3F3000307B501A88DF8043002F049
:10F38000F7FA03B05DF804EBFFF7E8BF08B50B49E7
:10F39000022008F0C1F90A49032008F0BDF9094923
:10F3A000042008F0B9F90849052008F0B5F9074923
:10F3B0000720BDE8084008F0AFB900BF19EE1E00F5
:10F3C00039EE1E0059EE1E0079EE1E0099EE1E0069
:10F3D000044B00221A7083F8A821034B034A1A60D9
:10F3E000704700BF8C020020840000200011002024
:10F3F000024B93F82800FFF7C9BD00BF8C02002024
:10F4000010B5154C94F827301BB394F8243004EB56
:10F41000431292F82D2002F00702224492F98C1137
:10F42000002901DCFFDFFEE701330139DBB282F89E
:10F430008C110B2B08BF002384F8243094F826305D
:10F44000013384F8263008F0B9FE002384F8273011
:10F4500010BDFFDFFEE700BF8C020020043903F07F
:10F4600089BC0000F8B52D4D05F1240795F98C31C4
:10F47000012B48DD002085F8280085F82700FFF7DC
:10F4800085FD044608B9FFDFFEE72421D5F8900189
:10F4900008F078F8A06008B9FFDFFEE703F03AFD56
:10F4A0000228064604D0042834D0D0B1FFDFFEE79E
:10F4B0006378204643F00803637000F060FD95F820
:10F4C000273073B195F82420154B03EB4213083312
:10F4D0009C4206D16378DB0603D461686088FFF73D
:10F4E000BDFF95F8273063B195F8243007EB43133F
:10F4F00008339C4205D12422A168D5F8900108F078
:10F5000063F8002EB2D1012385F82830002385F856
:10F510002730F8BD2046F8F7F5FCE2E78C02002022
:10F52000B002002038B54FF6FF7305460C469842EE
:10F5300001D1FFDFFEE701290ED1FFF759FF08B91E
:10F54000FFDFFEE755234580047403700023037337
:10F55000BDE83840FFF754BFFFDFFEE770B5064651
:10F560000C461546FFF744FF08B9FFDFFEE75523B9
:10F57000468003700123037323684361A3880574E5
:10F580000383BDE87040FFF73BBF000038B5084B70
:10F59000044600215D78C8B2854201D1002005E013
:10F5A000FFF74AFD03780131A342F4D138BD00BF13
:10F5B0008C02002007B5FFF7E9FF08B9FFDFFEE77F
:10F5C000836801A8019302F0CBF908B1FFDFFEE7E1
:10F5D00003B05DF804FB00002DE9F041344D804696
:10F5E00095F8A8311BB108242046BDE8F081F6F754
:10F5F000D7FD00285AD109F0E5FA0028F3D02B787E
:10F600000BB9FFF76FFC6C7AFFF724FD844228D812
:10F61000284F00216E783B680C46033323F0030328
:10F620003B60C8B2864226D13E6801226B7A4046D2
:10F6300006EB810606EBC30606EBC4063146FFF770
:10F640001DFD044610B30020FFF7A0FF0028CBD01B
:10F6500000F10F033A6823F00303934211D0FFDF58
:10F66000FEE7211A42460020C9B2FFF769FC0446B2
:10F670000028B9D1CCE7FFF7DFFC437801311C4407
:10F68000CFE76B783860013B6B70ADE702463146DF
:10F690004046FFF7F3FC044608B1FFDFFEE7D8F869
:10F6A00000303B60012385F8A8319DE710249BE7DB
:10F6B0008C02002084000020F7B5904F06460C46CF
:10F6C000154697F8A831002B40F00C810846F6F754
:10F6D00041FD002840F094803B780BB9FFF702FC15
:10F6E000731E1E2B09D8012E1ED12378FF2B1BD091
:10F6F000BB760025284603B0F0BDA6F120031F2BE2
:10F700004BD82078019578B1FFF740FF202E0546B1
:10F710000ED1FFF79FFC4DB16B78C31AA2789BB254
:10F720001344FF2B00DC72B90725E3E72B46F4E70F
:10F73000222E0DD9232EF7D16388162BF4D950B180
:10F740006388AB80D5E7A388002BEDD0D5B902E064
:10F75000002840F0CD80277801AA01213846FFF724
:10F76000EFFB05460028C5D13846FFF70FFF0546D9
:10F7700008B9FFDFFEE7222E0CD0232EE0D0212E89
:10F7800000F0B980A37840F2E2426B70A388534343
:10F79000AB60AEE7A378EB70ABE7A6F140031F2B9D
:10F7A0006CD8032BC0D8DFE803F00210635D227829
:10F7B000012A00F29980637823B1002AB4D0142B77
:10F7C00000F2948023883B8193E7637803F003037E
:10F7D000012B1DD1606880B901A92046FAF7B0FD60
:10F7E0000546002886D1637803F00303022B17D067
:10F7F0006389F82B1ED909257CE7F6F7F5FC08B1DB
:10F80000102577E76068F6F7EBFC0028E4D1F7E70E
:10F81000022B89D16068F6F79DFC0028DCD0EFE769
:10F820009DF80430002BE3D06068F6F7D9FC00287F
:10F83000DED0E5E722899A42DDD8627802F0030241
:10F84000012A04D1D7333A8C9BB29A42D3D32C4BA2
:10F8500094E8070083E807003B69002B7FF44AAF78
:10F86000BB8247E72378022B3FF65EAF3B7640E74B
:10F870002378022B3FF658AF7B763AE7A6F1A00338
:10F880001F2B3FF651AFA12E09D0A22E15D0A02ECE
:10F890007FF44AAF237803F00103FB7629E701A93F
:10F8A0002046FDF727F9054600287FF423AF23887B
:10F8B000A278BB83134B9A701CE722684FF607733C
:10F8C000A2F1F801994296D8930794D17B7B03F07B
:10F8D0000303012B04D1FB8AD7339BB29A428AD30C
:10F8E0003A8406E7082505E7132503E7122501E713
:10F8F000222E3FF44FAFA378AB70FAE68C020020C3
:10F9000098020020A80200202DE9F74F8246084601
:10F910000F46F6F745FC18B1102003B0BDE8F08F94
:10F920005046F6F75DFC01460028F5D10AF10303C5
:10F9300023F003039A45EFD14A4C94F8263013B9CB
:10F9400005203B80E9E794F825903A46B7F8008017
:10F950004FEA491604EB491909F12C094846FFF70B
:10F96000ADFA0546002875D1BAF1000F70D03B887A
:10F97000434575D8A319514693F82D8084F8270084
:10F980004846C8F3020308F0070884F8283004EB5F
:10F99000080393F88C210193013283F88C213A46B5
:10F9A000FFF78CFA019B84F8275093F88C21013AD9
:10F9B00083F88C21012384F8283000284AD1B8F13B
:10F9C000000F03D0984520D0FFDFFEE799F8013003
:10F9D00003F01803082B04D1A319196BD88DFFF776
:10F9E0003DFD2644716B21B12422D4F8900107F02B
:10F9F000EBFD94F98C31012B01D103F063FA94F9FA
:10FA00008C31032B10DDFFDFFEE7264496F82D3006
:10FA10009B0603D5316BF08DFFF720FD94F98D31F6
:10FA2000052B01DDFFDFFEE794F825300133DBB263
:10FA30000B2B08BF002384F8253094F82630013BB7
:10FA400084F82630444494F88C31013384F88C31A6
:10FA5000002062E70C283FF460AF00233B805CE7A6
:10FA60000C205AE78C02002038B505460C46F6F704
:10FA700071FB08B1102038BD2046F6F791FB002835
:10FA8000F8D1284608F052FA2070B0FA80F0400908
:10FA90008000F0E738B5044608F064FAC5B22046A5
:10FAA000F6F79EFBA8B954B92846FCF72DFD0528AA
:10FAB0000DD108F05DFA012809D0002008E0237874
:10FAC0002570002BF0D09D42EED0072000E00F20E3
:10FAD00038BD1020FCE770B5044608460D461646B2
:10FAE000F6F738FB08B1102070BD3046F6F758FB2A
:10FAF0000028F8D1022C01D0102C09D13246294619
:10FB0000204608F061FA002814BF05200020EBE72A
:10FB10000920E9E770B506460C461546F6F71AFBCC
:10FB200008B1102070BD2046F6F73AFB0028F8D146
:10FB30002846F6F755FB0028F3D12A4621463046E1
:10FB400008F046FA002814BF07200020EAE713B5A2
:10FB50000446F6F725FB80B9684601F01BFCFFF769
:10FB6000FDFB40B99DF803302370BDF8043063807D
:10FB7000BDF80630A38002B010BD1020FBE738B5F9
:10FB8000054608460C46F6F72BFB08B1102038BD99
:10FB90002CB921462846BDE83840FCF70DBD206849
:10FBA000F6F7FEFA0028F1D1A388002BF1D1092045
:10FBB000EDE7000070B5044608460D46F6F7CAFAB0
:10FBC00008BB621E1E2A0AD8022C1ED8104B2846DB
:10FBD00003EB8203BDE87040D3F8AC301847A4F1C2
:10FBE00020031F2B05D829462046BDE87040F8F7B2
:10FBF000D9BCA4F160031F2B07D829462046BDE8D5
:10FC00007040FBF705BF102070BD0720FCE700BF68
:10FC10009C5B1E0038B5044608460D46F6F7C0FA50
:10FC200008B1102038BD631E1E2B08D82846F6F7F1
:10FC300091FA0028F5D1022C05D10620F2E7A4F1B3
:10FC400020031F2B01D90720ECE729462046BDE8F9
:10FC50003840F8F7CFBC70B514460A8842FA04F36E
:10FC6000DB0709D4012303FA04F632430A80092290
:10FC7000011D07F0C3FC047070BD2DE9F843BDF809
:10FC800020900C460746154609F104069846B6B280
:10FC9000314603F019F860B19DF824203146A0F8F0
:10FCA000009045EAC212A0F802803846D2B203F0B2
:10FCB00023F86219137D01331375BDE8F883000042
:10FCC000024B092200201A70704700BF3504002043
:10FCD0000B46002110B5184614462E220CF018FAD7
:10FCE0000122427000224261826102770CB9FFDF7B
:10FCF000FEE70278217861F30102027010BD7047BF
:10FD000013B5002401042046ADF8004009F03AFA8A
:10FD1000204602B010BDF0B585B006460F0CFFF7C7
:10FD200067FB054630B91321384605B0BDE8F04001
:10FD3000F9F750B947800521384607F027FE08B982
:10FD4000FFDFFEE79EB903782A4601A966F3820326
:10FD50000370022338468DF804304FF6FF73ADF878
:10FD60000630ADF80830F8F7E3FB05B0F0BDFFDF73
:10FD7000FEE7FFDFFEE700002DE9F0410D4605211B
:10FD80008046164607F002FE038C0446184F13B156
:10FD90003B78AB4223D1311D404689B202F094FF3B
:10FDA00020B1043009233B70BDE8F0813B78AB42C1
:10FDB00015D1A28D42FA05F3DB0701D5FFDFFEE77F
:10FDC000012304F11E0003FA05F10A4304F12201A4
:10FDD000A285092207F026FC05700020E2E72A46EA
:10FDE00004F12C0104F11E00FFF735FFF5E700BF19
:10FDF000350400202DE9F743537806460D46144696
:10FE0000ABBB97781FB1022F29D0FFDFFEE74FF081
:10FE1000020808F10409072130464A46FFF7ACFF03
:10FE200000B30123022F4FF0070229460370237805
:10FE3000A0F80280437008BFA388878004BFC380F6
:10FE4000E3884FF0000408BF038105233046CDE965
:10FE50000094FFF712FF2C7103B0BDE8F0834FF060
:10FE60000608D6E723686B606368AB60F4E7FFDFE2
:10FE7000FEE710B50446052107F088FD0146021D86
:10FE80002046BDE81040FFF7B5BF0000F0B50C46B6
:10FE900085B0154606210C220646FFF76DFF70B3AC
:10FEA0006378FF2200272146B3FBF2F2C2EB022265
:10FEB0009B1A12220133DBB2637002700822437076
:10FEC00082700622C770A3702B8883806B88C380E2
:10FED000AB880381EB8843810C2330460197009364
:10FEE0000523FFF7CAFE3946064A384667F30F0175
:10FEF000ADF8087066F31F4109F008F9012005B05C
:10FF0000F0BD00BF0087930310B50446052107F03C
:10FF10003DFD014600F10C022046BDE81040FFF710
:10FF2000B5BFF7B50C460521054616461F4607F036
:10FF30002DFD052C014603D9082C0AD0FFDFFEE772
:10FF4000042322462846CDE90067FFF796FE03B05A
:10FF5000F0BD0623F5E7032A10B501D8FFDFFEE761
:10FF60004C88052107F012FD08B9FFDFFEE7052CDC
:10FF700009BF00790120B0FA80F0400910BD826805
:10FF8000D388F0B5043B1568044690882E889BB250
:10FF90002F1D89B09E426080676060D16988052905
:10FFA00019D0062910D0042959D1224639463046A5
:10FFB000FBF700FC082852D122463946304609B0EA
:10FFC000BDE8F040FCF73EBB3246394609B0BDE81B
:10FFD000F040F9F79FBE07F0D9FC032E01464FF021
:10FFE00000008DF814003AD96B79002B37D02A79AC
:10FFF000122A03D0132A0BD0012A32D0CDF80D00DB
:02000004001FDB
:1000000003AA049060888DF80C30FFF7F3FE26E019
:100010008A789A4223D10B785F0720D5062E1ED10D
:1000200060F382030B700021ADF8000060F30F0154
:10003000638863F31F4109F0A5F802238DF814309B
:100040004FF6FF73ADF816302B7A6A7A43EA022333
:10005000224605A96088ADF81830F8F769FA09B0AA
:10006000F0BD052EFBD98A789A42F8D10B785A0751
:10007000F5D5002023F004030B700146ADF8000015
:1000800060F30F01638863F31F4109F07BF80223DB
:100090008DF814302B7A6A7A43EA0223ADF81630D1
:1000A0004FF6FF73D4E770B50D460521064607F0FD
:1000B0006DFC044690B103785B0712D401462A46D2
:1000C0003046FFF7E3FE18B92B68E3606B682361E5
:1000D0002378002043F00403237070BD43F2020034
:1000E000FBE71120F9E700002DE9F04788B00C4646
:1000F00005219046064607F049FC0E2207460021DE
:1001000004A80CF005F80023ADF802308DF80C308F
:10011000CDE901330FB3013C4FF6FF79A4B24C4552
:100120001DD1364D07F11E09DFF8D4A03B8C002B02
:100130003ED007F12208012309224846414607F034
:1001400088FA01220478BB8DA240082C2C7023EA87
:100150000203BB8523D9FFDFFEE7FFDFFEE718F8C8
:10016000043003F07F05DB09082D01D9FFDFFEE72E
:1001700079190A7D013A0A7573B12A460DF1020117
:1001800004A8FFF768FD05F120030DEB030515F842
:100190001C3C013305F81C3C013CA4B2BFE75AF8F3
:1001A000243030469847FB8B18F80330A342BDD16A
:1001B000092301242B70124DBDF8123013B908B079
:1001C000BDE8F0870123092205A904A807F041FA38
:1001D0000378BDF8022004FA03F122EA0102ADF827
:1001E000022005EB8302526A0AB9FFDFFEE72033E3
:1001F00030466B4413F81C1C9047DDE735040020A3
:10020000605C1E0010B50C46052107F0BFFB01190C
:10021000087D003818BF012010BD37B50D460DF11F
:10022000020201A9044607F07AF928B1012D05D090
:10023000204607F070F9012003B030BD0020FBE735
:100240002DE9F34188460778457804460DF102020E
:1002500001A9404607F0030707F061F90646D0B14F
:10026000012F01D0FFDFFEE70199404607F039F981
:10027000C41CA81980B2032813D92388BDF8022012
:1002800004339BB29A420AD3984208D009D3022081
:1002900002B0BDE8F081022FF9D10334E9E7002074
:1002A000F6E70120F4E70000024B1A8802431A80A7
:1002B0005B68184738040020014B00215B68184731
:1002C0003804002010B5074CFEF7E4F8FEF766FD91
:1002D0002089FFF7F1FFE368A17AE07A98470023CD
:1002E000237410BD38040020024B1B7C0BB1FFF7B8
:1002F000E9BF7047380400207FB590F86930012BC2
:1003000003D0022B17D0FFDFFEE703220392012365
:1003100000200A4ACDE90403527C0220029201F136
:1003200088027831CDE9003251E90223FEF7F6FB6D
:1003300007B05DF804FB0422E8E700BF38040020A2
:1003400070B51A4C0646E36AA569E3614FF4817300
:10035000607C238495F88E3095F8691000EB83005B
:100360002EB9FF2803D195F868308B4201D0FDF7F4
:1003700083FF95F88E3093B1206BFEF73FF9216B28
:10038000E069FEF793FC16B93046FEF785F995F85B
:1003900068100020FEF7C8F90223237470BDE069DD
:1003A000FEF72CF9FEF7FAFCEDE700BF3804002059
:1003B00070B50D4C656B0DB1636A0BB9FFDFFEE7DD
:1003C000238D2E466B702B78027823F0030302F006
:1003D0000302134306F8033B3046228D616A0BF09B
:1003E000E3FEE561666270BD38040020034B1B7CB0
:1003F000022B01D0FFDFFEE7FFF764BF38040020C7
:1004000073B5194C06460D46E069A16BFFF718FF5E
:10041000012816D002281FD020BB2846FFF7C8FFAE
:100420000DF1020201A9A06B07F079F8019807F01D
:1004300060F80122218D3060A06B07F008F802B04F
:1004400070BD2846FFF7B4FF0022218DA06B02B0DB
:10045000BDE8704006F0FBBFA06B02B0BDE8704085
:1004600007F059B8FFDFFEE7380400202DE9F0411E
:10047000284C06460F46237C012B5FFA83F801D0F7
:10048000FFDFFEE7A56995F87C303BB10021042031
:1004900085F87C10FFF708FF85F87D8095F880309F
:1004A000042B0AD11C490220FFF7FEFE636C1B7867
:1004B000991E4B424B4184F84C3095F88E3023B155
:1004C00005F17801A069FFF717FF1EB1BDE8F04103
:1004D000FFF7F8BE002FF9D0236D3046984700286B
:1004E000F4D0A37A002BF1D123889A0708D594F889
:1004F0004C30002BEAD00020BDE8F041FFF720BFD0
:10050000002BE3D194F85430002BF4D194F85530FB
:10051000EFE700BF380400207C0400202DE9F04FF5
:10052000834C8FB00F460021237CA569022B5FFA14
:1005300083F90690CDE9091101D0FFDFFEE7E369F9
:100540008DF834101A7802F00306C2F3C00AC2F321
:10055000800BC2F300185A788DF830602285032290
:100560008DF831A013442284069A63628DF832B06C
:1005700095F88E308DF83380002A00F0CC80B3B12E
:10058000FEF72AFC831EDBB2012B04D8FFF79AFE8C
:100590000FB0BDE8F08F50B9238D43B195F882308C
:1005A00003F00103534502D10123E372EEE7218DED
:1005B00019B1A06B06F02BFF01462389616343F458
:1005C0000073238195F881300133DAB203F001031F
:1005D0009B450CD195F88030002B43D0013B85F82A
:1005E0008120DBB2042B20D8524AD35CFBB995F8AA
:1005F000823003F001039A4553D1B4F828A0BAF130
:10060000000F3FD195F88230032E03F1010385F8E6
:1006100082305AD123890120474943F4805385F819
:100620007C002381FFF740FE6DE0FFDFFEE7022B39
:1006300006D109A9E06D06F08BFE60B9FFDFFEE789
:10064000032B0FD101F006FD08B9FFDFFEE7002103
:100650000820FFF729FED5E93832013342F10002C4
:10066000C5E93832002195F87D3085F8801023B136
:10067000102085F87D10FFF717FE238943F40063EF
:100680002381B4E7731E012BBCD8238943F4805324
:10069000238194F86030534506D2A37A43F01003C7
:1006A000A3724FF0000A1FE0636B002BF9D094F89F
:1006B00061301BB12020FFF7FFFDF2E73146A06B50
:1006C000FFF7ABFD00289DD0EBE7013E012E17D8C8
:1006D000BAF1000FE5D0DDF818A0D5E93A320133C0
:1006E00042F10002C5E93A3295F88D30002B38D03E
:1006F00095F86830012B21D0022B75D0FFDFFEE783
:10070000BAF1000FCDD0D5E93A32013342F10002FF
:10071000C5E93A32C5E70BB1FEF778FB94F86230D1
:10072000013384F86230238943F480632381B8E77E
:1007300038040020A85C1E005C0400200322039201
:10074000FB2200230120029205F5807205F1F001E1
:10075000CDE90430CDE900320420D5E93823FEF795
:10076000DDF9636B002B41D1238DB3FA83F35B0971
:1007700003EA080384F85530002F39D1228894F811
:100780006230110702D594F84C208ABB012B2FD878
:10079000236D0120984758B3A67A4EBBD4F818B001
:1007A000637C9BF88E209BF8681003EB8203FF2B81
:1007B00003D19BF869308B4202D0FF20FDF75CFD2E
:1007C0000022D4F818808DF82120ADF8222098F866
:1007D0008020052A00F21B81DFE812F04800FA00B1
:1007E000FD00FD000D010D010422A8E70123BFE774
:1007F000FDF7A4FFBAF1000F33D1012723895A0670
:1008000006D44020FFF758FD238943F0400323819D
:10081000069B13B1002384F86230864803F0C6FBC0
:10082000099830B106F065FE00220272294602F0F6
:100830004BFC0A9B33B100221A720C2229460A98FB
:1008400002F01AFC002F7FF4A1AE23891B063FF5AE
:100850009FAE8020FFF730FD238943F08003238182
:1008600096E60CA90AA8FFF7CBFDC6E794F863202B
:100870000DF122010BA8A8F85820ADF8222001F0B4
:10088000DBFB38B10B9828B1042288F88020BDF832
:10089000222015E098F8C720002A40F093800DF13F
:1008A00021020DF12201E06D06F030FD002800F07C
:1008B0008980BDF82220002A73D1012188F8801098
:1008C000E063A4F84820002A00F0A380033098F8E1
:1008D000823098F8819098F880806064B8F1020FB7
:1008E000079309D0A8F10402012A00F2948003784A
:1008F0004FF00308022B0DD0E06D06F067FD0028D5
:1009000040F08C80B8F1030F04D001F0AFFB80F011
:100910000106F6B2E16B4FEAC909079A0B7809F0B4
:100920000809900003F0F30300F0040043EA090310
:10093000034323F0100343EA061306F0010623F0F5
:10094000030384F8546048EA03020A700222B4F8F0
:1009500048304B70A4F840209BF88D20002A5FD0CF
:10096000002B5DD0206BFDF749FE0022216BE06B70
:10097000FDF7DCFF18B9E16B206BFEF737F99BF848
:1009800069100120FDF7D0FE012384F86430237440
:10099000BAF1000F3FF432AF0CA90AA8FFF730FDFF
:1009A0002CE79DF8211019B90322018081706CE7B2
:1009B000017801F00301012908BF4FF0030988F80D
:1009C00080907DE70022ADF82220012288F8802067
:1009D0001948002274E7B8F858200DF12201E06DA3
:1009E000ADF822200DF1210206F090FC00287FF4E2
:1009F0004EAFFFDFFEE70DF122010BA801F01CFB5B
:100A000008B10B9808B9FFDFFEE705223DE7FFDFDD
:100A1000FEE710465BE74FF001086DE7012679E736
:100A2000E06BFDF7EBFDFEF7B9F90021E06BFDF798
:100A300099FFA4E74C0400208E040020034B187C8F
:100A400010F0FF0018BF0C20704700BF38040020D2
:100A5000084B094A10B51A60FFF7F0FF08B1FFDF35
:100A6000FEE7064C01F06AF8E06201F06BF82063E3
:100A700010BD00BF1C0D0020280C1F0038040020F2
:100A8000F7B55C4C089F9DF824E0CDE90001217C7E
:100A900001F0FF0511B90AB103B10FB9FFDFFEE79D
:100AA00004F1140CA57284F86250E57284F8645065
:100AB0002580258184F8545084F8555084F84C5092
:100AC000E5636564A4F84850E561656225852365A2
:100AD00084F861E06260E760DDE900018CE8030012
:100AE000A569FDF7EFFBFEF759F995F96F00FDF7E2
:100AF0003BFC6E6AE869FDF73DFC3046FDF770FD92
:100B000095F89E00FDF740FC95F8692065210120CD
:100B1000FDF7ACFC384B1868FDF768FD2B69E36501
:100B20006B69A363A36993F8882093F86860A2F1C6
:100B30002901012903D993F88910292941D193F872
:100B40006E322BB1012E03D0012B0CBF01260226E1
:100B500005F130073146384602F0CEFB314601F050
:100B600075FEAB8F95F86910834228BF034638465F
:100B700084F8633002F031FB95F88E7095F86910B7
:100B8000B5F8446001F062FE0FB9043080B28642CD
:100B900028BF0646F3B284F86030637495F88E304F
:100BA00023B105F178012846FFF7A6FB0120FFF7E6
:100BB000C7FBA369D3F8C00103B0BDE8F040FDF75F
:100BC00039BD243A012A0DD827290DD093F82631B2
:100BD00013F0010202D19B07BAD50222012E18BFE1
:100BE0001646B5E72729B3D193F8262193F861304B
:100BF0001340EDE7380400201C0D0020FFF762BB16
:100C0000014B93F86400704738040020024B587A77
:100C1000C0F3C000704700BF38040020014B93F8B8
:100C20006200704738040020ED031F001D051F00FF
:100C30006D041F00E9021F002DE9F0411D46D37B22
:100C400088B014468846013307462146D373404690
:100C500004236A460BF001F9E37B04AE214601331D
:100C600040463246E37304230BF0F7F857B17B1E7E
:100C70006A461F37117813F8010F4140BB4202F852
:100C8000011BF7D16B462C461A46083403CAB24200
:100C900044F8080C44F8041C1346F5D105F1100380
:100CA0003246083303CA43F8041C08A943F8080C69
:100CB00016468A42F4D108B0BDE8F08110B504466A
:100CC00038B100F055FF24EA0000B0FA80F0400986
:100CD00010BD0120FCE7002313B5CDE9003301234B
:100CE0008DF80630684606F08BFE08B100200AE059
:100CF000009C204604F0C2F80028F3D0204604F0FF
:100D0000D0FD0028EED002B010BD002307B5CDE91C
:100D1000003301238DF80630684606F071FE08B1F5
:100D2000002004E0009804F0A9F80028F4D003B0F3
:100D30005DF804FB38B5044604F0A0FDB8B12046C8
:100D400004F09CF808B9002038BD204603F0DCFD13
:100D50000546204603F07EFE014650B9002DF2D034
:100D6000288806F029FE0028EDD0FFDFFEE74220AC
:100D7000EAE70C20E8E72DE9F0410F46B0F85A60A9
:100D8000B0F85C5003F0E6FE0221044601F05EFD7F
:100D900080460221204601F059FD464540F64803B1
:100DA00028BF4646B6B21B2E38BF1B26FB2E28BFD7
:100DB000FB26854228BF05467E80ADB21B2D38BF7D
:100DC0001B25FB2D28BFFB25B4F5A47F38BF4FF4AE
:100DD000A474FD809C4228BF1C46BC803C81BDE8B9
:100DE000F08100002D4BF0B55A8885B0B0F85C70EA
:100DF0000C46B0F85A6097429D8828BF1746964225
:100E000028BF16461B2E2BD0B5F5A47F2AD040F65E
:100E1000480301A99D4228BF1D46FFF7ACFFBDF85E
:100E20000A30BB4228BF3B46E380BDF80C30AB42E2
:100E300028BF2B462381BDF80630B34228BF334676
:100E40006380BDF80830AB4228BF2B46A380FF2348
:100E50002370E3881B3B9BB2E02B05D9FFDFFEE745
:100E60001B2FD1D105B0F0BD63881B3B9BB2E02B9B
:100E700001D9FFDFFEE72389A3F5A4739BB2B3F585
:100E8000E06F01D9FFDFFEE7A388A3F5A4739BB24F
:100E9000B3F5E06FE6D9FFDFFEE700BFA004002056
:100EA0002DE9F04186B00546008801A901F03AFD20
:100EB000044600286FD1029A92F85331D91E4B4252
:100EC0004B418DF80230936F98064ABF9DF802306F
:100ED000234683F001038DF8033092F8D8309B0647
:100EE00003D49DF80330002B5BD0EB881B3B9BB2F7
:100EF000E02B58D8298944F24810A1F5A4739BB27D
:100F0000834250D86B881B3B9BB2E02B4BD8AA88FE
:100F1000A2F5A4739BB2834245D840F64807B94274
:100F200043D8BA4241D8029E4FF0FF0886F81B8191
:100F30009DF802309BBB03A93046FFF71CFF6A886F
:100F4000BDF81230BDF814109342E88828BF13464C
:100F5000B942AA88A6F8203128BF3946BDF80E301C
:100F6000834228BF03462889A6F81C31BDF81030FB
:100F7000BB4228BF3B46834228BF03468A42A6F8AD
:100F80001E31134628BF0B46A6F8223186F81A8177
:100F9000002386F81B31204606B0BDE8F0813A24D4
:100FA000F6E71A24F7E71224F5E71124F3E7000027
:100FB00010B50121002006F0E9FC044658B90121D2
:100FC00006F0AAFC044608B9FFDFFEE7034B93F9DD
:100FD000061004F007FC204610BD00BFA00400204E
:100FE0002DE9F04385B006468846008802A901F045
:100FF00099FC054640BB039C94F8663103F0FF055D
:101000001BB1B8F1020518BF012594F88930262BD1
:1010100094F8D93043EAD3030CBF85F001094FF0AF
:101020000009DB0702D4B9F1000F3BD0B77817B93C
:1010300000F09EFD0746F078B0BB00F099FD3FB987
:10104000B9F1000F29D10925284605B0BDE8F08384
:101050000028F5D0FF2384F825310DBB94F8243106
:1010600003F0FF05E3B984F8270101A984F824817E
:10107000204684F82671B3788DF80430F3788DF823
:1010800005303379727943EA0223ADF8063001F076
:10109000ECFB002384F82531D6E700200746D9E78A
:1010A0003A25F6E71A25CFE7002FD3D1C8E74068E5
:1010B00090F8BA3123B1002380F8BA3103F05BBD58
:1010C00070470000024B987DC04300F0010070475C
:1010D000C4080020044B987DC0F3400080F001005C
:1010E00000F00100704700BFC408002008B500F000
:1010F000C7FF01F0B3F900F045FD01F0E1FE02F099
:10110000FDFF0022094B1B214FF4A4701A60084B0D
:101110001A8098805980074B07485A745A829A82DD
:101120000322186099809A7508BD00BF200D002029
:10113000A0040020C408002003021B00054B41F658
:101140004C5240F6A661C3E902121B221A74FFF743
:10115000CDBF00BFC408002073B51E4D0446AB6868
:1011600003631D4B836103F0F5FC064600F0FAFCB7
:101170008306297C204653BF1B236B88AA881A4606
:101180006687164EA4F85A30A4F85C2084F838100C
:10119000314601F06AFB01236A8804F11000697886
:1011A000E3850332AB88019192B216F8121C033327
:1011B00000919BB204F1140106F0AAFC23690BB95B
:1011C000FFDFFEE763690BB9FFDFFEE7002002B037
:1011D00070BD00BFC408002000093D00D6080020F3
:1011E000F7B504460D4604F049FB00285AD02046C6
:1011F00004F093FC38B1B5F80130013B7F2B02D9E4
:10120000122003B0F0BD204603F038FE08B10C20D8
:10121000F7E7204604F0B0FA06460028F7D120464A
:1012200004F046FB0028EBD042F21073B5F80170D1
:10123000E97820465F4304F05EFC204604F069FC38
:10124000014630B93A46204603F062FB40B3FFDF67
:10125000FEE731460DF1060006F02AFB054608B907
:101260000D20CEE7314601F06AFBBDF80630294675
:1012700020462B8004F02EFD01212846FFF76CFF4D
:101280003A462946204603F043FB024608B1FFDFF9
:10129000FEE7054B9B681BB105F58D712846984705
:1012A0000020AEE74220ACE7A0040020024B1B6800
:1012B00003B118470C207047200D002010B5FFF730
:1012C0000AFD044630B902F019FF204601F0D8F8B3
:1012D000204610BD0C20FCE710B503780446012B16
:1012E00001D9122010BDFFF710FD58B9207810F079
:1012F000FD000DD104F11703E21D611CBDE8104093
:1013000001F0C4B801F042F90028EFD00C20E9E761
:10131000A37903F0C003C02BE3D10120EAE710B5A5
:101320000446FFF7D8FC50B92078012809D8611C81
:1013300002F0EAFE00280CBF0720002010BD0C20A0
:10134000FCE71220FAE708B5008801F025F900282B
:101350000CBF3020002008BD38B50546FFF7D5FC8E
:10136000044638B92878003818BF012001F008F980
:10137000204638BD0C20FCE708B5FFF7C6FC18B9BD
:1013800001F0E8F8002008BD01F000F90028F7D0CE
:101390000C20F8E7102243F20D130270C27059229C
:1013A000A0F801308280C38000207047F7B507465F
:1013B0000E46104600211D4608F028F8044627B1C5
:1013C000022F0ED0122003B0F0BD0121304606F0EE
:1013D000DDFA80B1214604F097FB05B12C700020A6
:1013E000F1E76946304601F09DFA0028EBD1019BF8
:1013F00083F86F40F1E74220E5E710B5044600F0BE
:1014000087FB28B90020214600F03CFE002010BDDB
:10141000FFF77BFC0028F5D00C20F8E710B5044658
:10142000FFF773FC0120214600F02CFE002010BDC8
:1014300037B5837805461A2B08D8042B04D9144AEB
:1014400022FA03F3DB0705D412241AE0292B01D07A
:101450003B2BF9D12888B0F5706FF5D2694601F0C1
:1014600061FA88B9019B93F8182102F0FF046AB968
:10147000AA7883F81921FF2283F818216846FFF71C
:1014800016FE204603B030BD0224FAE70C24F8E72C
:101490002000380437B500880C460D46694624F80C
:1014A000020B80B201F03EFA70B9019B03F1910288
:1014B00083F8C300116821601179217193F8C3107A
:1014C0000029F5D103B030BD0023C5F802302371E7
:1014D000F8E7FFF7E5BC37B508800D46694601F02F
:1014E00021FA044618B929460198FFF744FC204622
:1014F00003B030BD10B50446FFF707FC78B92146AC
:10150000E27911F8010B00F0FD00003818BF01204E
:1015100001F00AF980F001004000C0B210BD01F0F6
:1015200035F80028EBD00C20F8E710B58388044686
:10153000022B10D8C078FFF7C1FB08B9112010BDED
:10154000A078FFF7BBFB0028F8D020460121BDE8BA
:101550001040FFF745BD1220F1E713B50C46694670
:1015600001F0E0F920B9019BB3F87E30013323800C
:1015700002B010BD13B504466946008801F0D2F9E7
:1015800020B122884FF6FF739A4229D16289A3893C
:101590009A4227D8618840F67A408B1F9BB28342DB
:1015A00022D8A288931F9BB283421DD88A421BD3A4
:1015B000E3880133B3F5FA7F16DC208940F67644E0
:1015C000A0F10A0189B2A1420ED8534342F2107130
:1015D00040F6C41248435343984294BF3020002041
:1015E00002B010BD1220FBE73020F9E7F7B507780D
:1015F00005460C46EF2F0FD890F901204378002ABA
:101600000ADB8278900707D113F010001DD19906EC
:1016100003F0030202D51AB1122442E0032AFBD0E0
:101620001E07F9D42979EA78EE7942EA012269792C
:1016300042EA0142A97941EA06212E7A41EA0641AD
:101640008A42E9D81F2A0FD8E6E713F0600FE3D1EA
:1016500003F00702052A05D003F00F010D22CA404E
:10166000D107D9D51A07DDD56A7A013A062AD3D827
:10167000AA7A032AD0D813F0040102D1023A012A2F
:1016800003D8EA7A012AC7D811B9AA7C032AC3D899
:101690002A7D48B1012ABFD12A7E012ABCD830B99F
:1016A0001124204603B0F0BD022AF5D1B4E7DB07D0
:1016B00012D46B782A7D03F01803082B11D1022A6B
:1016C000EED10121384606F061F9064678B103F003
:1016D000D5FBB8B10C24E4E700F004FA0028E8D107
:1016E000DEE7022AEDD02B7F002BEAD0D8E70121DC
:1016F000384606F011F9064640B3154B93F906102B
:1017000004F070F8304604F001FA29462070E874BD
:10171000304604F032F9EB7E0446002BC1D000289D
:10172000BFD10246B16A684606F0A7FA2246B06AFF
:10173000012106F0EDFAB16A6846042206F09DFA2E
:1017400022462146B06A06F0E3FAAAE70724A8E792
:10175000A004002037B50446FFF72AFC054623788D
:101760001F2B18D8816A0422684606F086FA2246A2
:101770000021A86A12F8013B06F09AFA68B1AC6A37
:10178000204606F037FB00210246204606F0C0FA4C
:10179000002003B030BD1220FBE70720F9E737B582
:1017A0000446FFF705FC054623781F2B18D8816AED
:1017B0000022684606F061FA22460121A86A12F862
:1017C000013B06F075FA68B1AC6A204606F007FBEB
:1017D00001210246204606F09BFA002003B030BDEE
:1017E0001220FBE70720F9E737B50C460546FFF75F
:1017F000DFFB002301A9ADF805508DF804308DF80A
:101800000740FFF7EDFC03B030BD08B5FFF7D0FB94
:10181000BDE80840FFF78EBA10B50C46002106F06F
:10182000B5F820B12146BDE8104005F0F7BA022016
:1018300010BD37B5038804460B8098B2638813B98E
:10184000122003B030BD694601F06CF80028F8D1D1
:10185000658842F21072019BA9B29C695143DA8DEE
:1018600062431C8C04FB02229142E9D39A699C6971
:101870009442FBD10022A3F8B450C3F8AC20621EFE
:101880000A44B2FBF4F2C3F8B020DAE713B5044619
:101890006946008801F046F8A0B9019BA27893F848
:1018A0006C10914210D07F2183F8860083F883105A
:1018B00083F88510E17883F86D10217983F86C2026
:1018C00083F86E1002B010BD0C20FBE737B50D4653
:1018D0006946144601F026F860B9019B93F86C2024
:1018E000012A09BF93F983200C202A7093F88430D1
:1018F00008BF237003B030BD10B50C46002106F0C0
:1019000045F890B1022C12D804F00102C4F340044F
:1019100080F8BD2180F8BC4112B190F8BA310BB902
:10192000002010BD03F027F9FAE70220F9E71220A2
:10193000F7E700000278034672B1427862B142884C
:101940001A2A09D982881A2A06D90068034A10601F
:1019500000209B889380704712207047C4080020A5
:1019600002680020014B9A60704700BFC408002045
:1019700008B50078003818BF012003F0C5F8002032
:1019800008BD10B501210446007805F0FFFF40B105
:101990006178C1F3400201F0010104F0D6F90020A2
:1019A00010BD4220FCE7000008B5052000F0CEF88D
:1019B00005F08CFA014B024A9A6008BDA004002091
:1019C000E50D1F00062000F0C1B8082000F0BEB8E9
:1019D00005F088BA10B5044604B910BD23689847CD
:1019E0006468F9E703680BB9016070471A465B68E1
:1019F00013B18A42FAD170478A4218BF51607047CA
:101A000008B503F023FF03F073F8BDE8084003F0C6
:101A1000D5BE08B5002006F028F806F0C9F800F099
:101A2000E7FAFFF70BF808B1FFDFFEE708BD08B5DE
:101A300003F02CF803F0B0FE08B1FFDFFEE7012051
:101A4000BDE8084006F011B808B5FFF7F0FF04F054
:101A5000B8FD08B1FFDFFEE708BD000008B50122B0
:101A6000084B1A7003F0FAFE04F0ADFD00F0C8FA5E
:101A7000FEF7EEFF002005F0F8FFBDE8084001F09A
:101A800041BA00BFAC04002010B5064C0649201D29
:101A9000FFF7A8FF04F108000449BDE81040FFF774
:101AA000A1BF00BFAC040020BC000020C400002087
:101AB00010B5084C0849201DFFF794FF04F10800F9
:101AC0000649FFF78FFF04F10C000549BDE81040FF
:101AD000FFF788BFAC040020CC000020D400002019
:101AE000DC000020014B1878704700BFAC040020D8
:101AF00010B5064C01F0CAF96068FFF76BFFFFF7FD
:101B00001DFB01F089FC0123237410BDAC040020EF
:101B1000014B187C704700BFAC04002010B5064C88
:101B2000A068FFF757FFE068FFF754FFFFF7DEFA02
:101B30000023237410BD00BFAC0400200048704790
:101B4000BD04002000487047BF050020C2080449BA
:101B500000F0070001238340885C03438B547047E7
:101B600088000020014BD3E9000170478800002065
:101B7000034B1868C0F30020400040F0010070479C
:101B80008800002008B508F009F90023074A32F858
:101B90002310814205D302EB83029378044A137029
:101BA00008BD01330C2BF2D10023F7E7CA5C1E00FD
:101BB000C106002008F0F2B80B46122203F8032BEE
:101BC000D0F80920C1F80320427B1A71704737B55D
:101BD00004460D46FFF776FA00B3A4F5AF70022174
:101BE00003886846ADF8003034F8FA3CADF80230AE
:101BF00034F8F83CADF80430FFF7F2F908B1FFDF34
:101C0000FEE7ADF800009DF80030002063F3070008
:101C10009DF8013063F30F2003B030BD17232B7004
:101C2000D4F80930C5F803300423ADF80030EAE7F2
:101C300010B54468238884F87411A4F8753194F8B9
:101C40006830012B03D0022B01D0FFDFFEE784F8C0
:101C5000773194F86930012B03D0022B01D0FFDFDC
:101C6000FEE784F8783104F26B10034901F044FA7E
:101C7000002384F8243110BDB91B1F0038B5436818
:101C800004460D4693F82421012A0FD11E21FFF7A7
:101C9000CFFF636875B1182283F80921092283F800
:101CA000882093F8C230CBB9FFDFFEE7002283F82B
:101CB0002421EEE793F88920A2F12401062901D915
:101CC000322A05D10022204683F8892001F0E2FB68
:101CD00020461821BDE8384001F001BC002038BD85
:101CE000436893F888200AB1FFDFFEE7242283F8D7
:101CF00088207047034610F0010002BFC3F3400381
:101D00005B00D8B270472DE9F84F074610461E46D3
:101D100042EA0104FFF7EEFF8346084692464BEA8B
:101D20000404FFF7E7FF88460A9D04438146E4B2B6
:101D3000003C18BF0124FFF71BFF10EA0A0A18BF76
:101D4000DA46FFF715FF97F8683010EA080118BF68
:101D50004946534508BF4FF0000A85F800A097F8A0
:101D600069308B4208BF002169705AEA01010BD12A
:101D7000B7F87E30013EF61A47F6FD73B6B29E42C2
:101D80008CBF002404F001042046BDE8F88F000059
:101D900040680749038800F5AF70A0F8093010F8D3
:101DA000FE3CC37210F8FD3C037301F087B900BF1D
:101DB000CF1B1F0070B54468064694F88950A5F102
:101DC0002403062B45D9322D43D0002D3FD194F862
:101DD0008830292B3DD04B7813F007032DD08A781B
:101DE00012F0070229D084F8612084F8603094F85A
:101DF0002531D3B994F82431012B16D094F8602002
:101E000094F869309A421ED194F8612094F86830B1
:101E10009A4218D10223B4F8642084F82431B4F82B
:101E20006630A4F82621A4F828312623304684F809
:101E3000893001F025FB284670BD30460978BDE8A1
:101E4000704001F04CBB3046FFF7A2FFEDE70125E3
:101E5000F1E72025EFE72DE9F04F456887B004460C
:101E600095F888B0ABF12503D3F1000848EB0308DF
:101E7000052A3ED195F88930272B40D189358A78BB
:101E80004F7802F0070A039207F007090AF1FF30C2
:101E900009F1FF3300EA0A0003EA0903034340F0B3
:101EA0009780B1F80360FFF763FE039A174307F0CA
:101EB0000707874340F08C805046FFF71BFF676899
:101EC00010B397F8683098421ED097F826211AEA86
:101ED000020F7DD0BBF1250F16D097F861201AEACA
:101EE000020F11D102286FD1013B012B0CD9FFDF6A
:101EF000FEE7414607B0BDE8F04FFFF7BFBEBBF1BC
:101F0000250F5FD18835BAE74846FFF7F3FE40B1A9
:101F100097F86930834204D097F8273119EA030F04
:101F200056D005AB38465246494600933346FFF734
:101F3000EAFE63680746F8B993F82421012A18D10C
:101F400001462046FFF774FE2F70636803F1890293
:101F5000954202D1002283F88920636803F1890247
:101F600095422BD1204601F095FA002007B0BDE83C
:101F7000F08F83F82401E8E7B3F87E20A3F86C62C1
:101F8000013EB61A47F6FD72B6B2964206D928222D
:101F9000204683F8AB2001F0FDFBDEE793F88920B3
:101FA0000D2A02D00A3A012A01D82A22F0E7BDF808
:101FB0001420A3F86E2229232B70CEE7002283F889
:101FC000C220D2E70220D1E7012B9DD0022B8ED177
:101FD000414620468EE7436893F88920262A02D09E
:101FE0000AB1FFDFFEE7272283F88920704700004F
:101FF000024B002283F822209A847047C2060020F8
:10200000FFF7F6BF044B93F82220012A1ABF0360A2
:1020100001200020704700BFC2060020054B024689
:1020200093F8221001291BBF01209A84002083F815
:1020300022007047C2060020054B024693F822009A
:1020400020B1136009B19B8C0B800120704700BF49
:10205000C2060020044B002293F822009A8410B19B
:10206000012083F822207047C2060020034B93F81A
:102070002200B0FA80F04009704700BFC20600207D
:102080007047000050B90A4A0120134603F8010BBB
:102090000868C2F801008A889A807047012805D133
:1020A000034B0A68D8719A608A889A81704700BF8A
:1020B000E806002050B90B4B187888B1D3F80120FE
:1020C000B3F805300A6001208B807047012806D1E3
:1020D000044BD87920B19A689B890A60F3E7002005
:1020E000704700BFE806002030B542401C780878F1
:1020F0005D7860404C786C409D7820448C786C40D2
:10210000DD782044CC786C401D795B7920440C79D3
:1021100049796C404B40204418441044B0FA80F098
:10212000400930BDF7B58A8800238DF80600ADF868
:10213000042008680B4A8DF807300146147802F530
:10214000A872019DD8B2844201D8082007E052F855
:10215000087F01335668AE4208BF8F42F2D103B008
:10216000F0BD00BFF8060020084B0146002230B544
:102170005C7803F20113D0B2844201D8082004E055
:1021800013F8015F01328D42F5D130BDF806002011
:10219000024600200139C9B2FF2900D17047535CC3
:1021A00083F001030344D8B2F4E70000F8B52D4CE6
:1021B00063782218013B92F80251DBB283426370CC
:1021C00030D01A010101961C8F1C2644274406F1C9
:1021D000100C56F804EB664547F804EBF9D182324F
:1021E00082312244214402F1100652F8047BB242AB
:1021F00041F8047BF9D1E118221891F8026182F8C4
:10220000026106267343704303F5857300F58570FC
:10221000E618E35827182350B388BB8091F83A3169
:1022200082F83A312846FFF79FFF082818D1237813
:10223000013BDBB29D42237012D02B3305F12B0200
:1022400004EBC30304EBC20293E8030082E803003B
:102250002078FFF789FF08281CBF241884F8025152
:10226000F8BD00BFF8060020F0B5254D89B095F8FF
:10227000984105F299116846224609F095FF2146DA
:102280006846FFF785FF0446B8B300EB400102A89B
:10229000C9B204F09BFF631E95F8A1610124DBB273
:1022A00095F8981105E0721CB2FBF1F001FB1022C9
:1022B000D6B206F120020DEB020010F8202C002A05
:1022C000F1D103EB430100F8204C06EB460220312C
:1022D0002A44694411F8187C82F8A27111F8177C1D
:1022E00011F8161C82F8A37182F8A411013BAA19F7
:1022F000DBB282F89941FF2BD2D109B0F0BD00BF0B
:10230000F806002010B5094C617804F5A170FFF7BC
:102310003FFF022838BF022084F89801002084F88B
:10232000A101BDE81040FFF79FBF00BFF8060020E5
:1023300070B50C4D04462E1896F899310BB1FFDF9D
:10234000FEE704EB440401F037F82B19020A83F886
:10235000A201000C83F8A32183F8A401012386F8CD
:10236000993170BDF8060020164A30B492F8A131B8
:10237000D41894F8991109B9FFDFFEE703EB430184
:102380000133114491F8A251057091F8A35191F8CD
:10239000A41145708170002184F8991192F8981168
:1023A000B3FBF1F001FB103382F8A13192F8C23196
:1023B0002BB9054902F5DD7030BC00F082BE30BC9F
:1023C000704700BFF806002069221F0070B506465E
:1023D00088B00C46C81C2AB3FFF7C6FF65790D22EA
:1023E0000021684605F03F0545F04005657109F09C
:1023F0008FFEE37804AA69468DF80F3030462379C2
:102400008DF80D508DF80E30042309F026FD9DF84F
:102410001F3023709DF81E3063709DF81D30A3702F
:1024200008B070BD032104F0D1FED7E7044B5A7801
:10243000824286BF1B1893F84A010020704700BFF4
:10244000F8060020044B5A78824286BF1B1893F886
:1024500042010020704700BFF8060020074B002211
:102460004FF461711A8083F8C32183F8C421A3F863
:10247000C61183F8C221FFF745BF00BFF806002050
:10248000014B83F8C4017047F80600202DE9F0479E
:102490008246894616461F46FFF744FE08288046B6
:1024A000054603D0FFF760FE08284CD1284C63781E
:1024B000072B4AD8B8F1080F13D125786B1C072DCC
:1024C000237001D9FFDFFEE705F12B02D9F80000E8
:1024D00004EBC20344F83200B9F8042083F806A0E4
:1024E0009A8094F8018006F1100208F101034FEA86
:1024F000081163704B1C234412F8010DB24203F81B
:10250000010FF9D1813107F11003214413F8012D96
:102510009F4201F8012FF9D144441021384600F0C0
:102520005DF9102184F84201304600F057F984F833
:102530000251002584F84A0184F83A51FFF7E2FE7F
:102540002846BDE8F0871220FBE70720F9E700BF27
:10255000F8060020064B10B55878013840B2002824
:1025600000DA10BDC4B22046FFF720FE601EF5E77A
:10257000F8060020014B5878704700BFF80600208D
:10258000014B83F8C3017047F8060020014B93F814
:10259000C3017047F8060020431E4AF2B7129BB2EF
:1025A00093429DBF024BA3F8C60101200020704753
:1025B000F8060020014BB3F8C6017047F80600206A
:1025C00008B5FFF7AFFD082803D0BDE80840FFF7C6
:1025D000CBBD08BD0A4B30B55C7884420ED9184497
:1025E00090F802012B3003EBC004A5790D7053F86D
:1025F000300010600120A388938030BD0020FCE7EC
:10260000F806002008B5FBF745FC18B1BDE8084006
:10261000FBF754BC082008BD0246074810B590F8E7
:10262000C34124B1417821B10230FBF793FB20462E
:1026300010BD0C46FBE700BFF80600202DE9F84F5F
:10264000274C9A468046894663789346834244D90C
:10265000231893F8425185F00105F9B193F84A31F6
:10266000E3B945F002070135BAF1000F18D1FA07B6
:102670000AD5062104EB0810524601FB08418230BE
:1026800001F58571FFF7A2FEBB0723D504EB081007
:10269000524649460230FFF799FE1BE02F46E3E71A
:1026A00094F8A161002DE2D0A31993F899312BB9C8
:1026B000BBF1000F0CD03046FFF73AFE013694F81C
:1026C0009831013DB6FBF3F203FB1266F6B2E9E77F
:1026D00047F004073846BDE8F88F0027FAE700BF47
:1026E000F8060020074B5A78824209D91A1892F846
:1026F00042212AB9062202FB003000F5857070479E
:1027000000207047F8060020064B5A78824281BFAD
:102710001B1893F83A01B0FA80F0400998BF0020E6
:10272000704700BFF8060020F8B50E4607460621A0
:102730001546304600F052F8044670B10C4B0022AA
:10274000587803F23913D1B2884202D801242046C6
:10275000F8BD013203F8015FF5E731463846FFF76F
:102760002FFF0828F3D0024B034483F83A51EDE7DA
:10277000F806002070B5054652B3174C94F8A10135
:1027800094F89831461CB6FBF3F203FB126623184B
:1027900093F8993131B91BB1344494F899315BB94C
:1027A000184670BD0BB9FFF7C3FD344494F8993156
:1027B00013B9F0B2FFF7BCFD2846FFF7D5FDE81CC2
:1027C000FFF7D2FD6B7903F03F036B710123E7E75D
:1027D000062104F0FBFCF5E7F80600200144002385
:1027E000884203D1B3FA83F04009704710F8012BF7
:1027F0001343F5E7F8B505460C46D0E9047608F032
:1028000075FC08B9FFDFFEE7E4B1D5E90423D21B6C
:1028100063EB0603012A73F100014FF0000113DBA3
:102820006FF001009042994101DAFFDFFEE7631E7D
:102830001344B3FBF4F35C43E41946F10006C5E925
:1028400004461C462046F8BD0C46FBE7022905D18C
:102850003C2808D980100F3880B27047702802D900
:10286000C0100E38F8E70020704738B50D46044612
:10287000FFF77EF92B78002B08BF034684F86430FD
:102880006B78002B08BF034684F865306B88A4F88A
:10289000663038BD0129034603D0022909D0FFDF85
:1028A000FEE740F2E24240F6C410002B08BF10469B
:1028B000704740F6C410704780F86F1070470000F2
:1028C0000B2801D9FFDFFEE7014B33F810007047FA
:1028D000FA5C1E0030B5002442F21075A0F84040AA
:1028E000B0F844404C43B4FBF2F4A0F84440541E0A
:1028F00005FB0343B3FBF2F3A0F84230084BB3FBF4
:10290000F2F30133A0F84830838F05FB0344436B97
:102910005943B4FBF2F4B1FBF2F18463416330BD7F
:10292000005A620210B50C46002105F02FF86060D5
:1029300018B101230020237010BD0220FCE770B500
:1029400004460D4641BB4FF4267209F0E1FB01231A
:1029500084F8DE5084F890306FF0360384F8D93074
:10296000042384F8DA306FF03B0384F8DB306F2304
:1029700084F8DC306FF03C0384F8DD306FF07F03C7
:1029800084F8DF302B2384F8D830FE2384F80E310E
:102990007F2384F8833070BD012911D10023A0F872
:1029A000C43180F8BB3140F6B8338269A0F8B43046
:1029B0001146438C04F17800BDE87040FFF78ABFF0
:1029C0000229E8D1B0F87A32D0F874228169F1E7AF
:1029D000C2B292FAA2F2030A93FAA3F31B0E100EEC
:1029E00040EA03207047013105300022C9B270B5BA
:1029F00010F8013F8B4214D310F8054C0023012539
:102A000005FA03F626421CBF01F1FF31C9B259B1E4
:102A10000133082BF4D10132D2B2052AE8D1FFDF0D
:102A2000FEE7C91AC9B2F6E703EBC200C0B270BD37
:102A30000B6870B5C0F8013004460B790546461D99
:102A400003F01F0343710023C37215F8010F00F058
:102A5000FDFC6871B542E37A1844E072F5D170BDAF
:102A600081EA114170B58CB20546C17A032682EA2B
:102A70000400FFF7ADFF013E00EB001016F0FF066B
:102A800004EB000290B2F4D144402522B4FBF2F3EF
:102A900002FB1343C3F3C402D8B203F007032A4472
:102AA0005678012202FA03F31E4207D161432846F9
:102AB000C1F30741BDE87040FFF795BF70BDF8B5A1
:102AC00090F8235004466B1E242B01D9FFDFFEE74C
:102AD000DAB1007E002843D194F8253094F8241010
:102AE00002FB01322523B2FBF3F103FB1123DBB21E
:102AF00004EBD30203F0070684F82530517E01224F
:102B0000B240114202D084F82630F8BDB3FBF5F292
:102B100005FB123304F11D01013303F0FF0311F82B
:102B2000012F9A4219D311F8055C0022012606FAFA
:102B300002F72F4208D0013B13F0FF0304D102EB50
:102B4000C00284F82620E0E70132082AEFD10130E4
:102B5000C0B20528E3D1FFDFFEE79B1ADBB2F6E740
:102B6000E28804F11800C969FFF77AFF84F82600AB
:102B7000CBE70378890123F0400301F040010B43C8
:102B800003707047037803F07F0343EAC1130370B7
:102B900070471F2A38B50546144601D9FFDFFEE706
:102BA0000634093009F000FB6C7038BDFFF7F1BF47
:102BB0000378024603F00F03032B3ED0052B42D1CE
:102BC000C37F90F82000034392F82100034392F85A
:102BD0002200034392F8230000F01F00184333D073
:102BE0005378222B2FD1B2F81930B1B1B3F5506F11
:102BF00013D940F607518B4225D8B2F81B30B3F5F4
:102C0000FA7F20D2B2F81D0040F676430A3880B22F
:102C100098428CBF002001207047991F40F67A40EF
:102C200089B281420FD8917D481E07280BD899425E
:102C300009D2B2F817109942DEE74078A0F10C03F0
:102C4000584258417047002070470000034608462C
:102C500071B13F2B0BD8074AD35C03F07F0291423E
:102C600005D08CBF0120002000EAD310704701205E
:102C7000704700BF125D1E008388A1B1B3F5506F8D
:102C800011D940F6075293421CD8C388B3F5FA7F96
:102C900018D2008940F676430A3880B298428CBF39
:102CA0000020012070479A1F40F67A4192B28A4272
:102CB00008D84278511E072904D89A4202D2428885
:102CC0009A42E1E70020704737B50C466946FFF7A6
:102CD00029FE10B1002003B030BD019B21461D69C3
:102CE000284604F0C2FA01460028F3D0284604F032
:102CF000F8FB0330EFE700002DE9F7430D46694686
:102D00009146FFF70FFE044620B9019F2DB901231C
:102D100087F88F3003B0BDE8F083D7F810802946DC
:102D2000404604F0A2FA064600B3114B5B88AB4262
:102D30001CD30146404604F0D4FB0223A0F8014016
:102D40000370304604F0D5FB294680F809904046D0
:102D500004F0C3FA08B9FFDFFEE76846FEF7A7F9FB
:102D6000019BA3F8B24187F88F40D3E7FFDFFEE76E
:102D7000C408002073B50E466946FFF7D3FDB8B905
:102D8000019B5C69204604F005FB0546F11E2046C8
:102D900004F0ABFB85420DD1204604F006FB204633
:102DA00004F0F8FA20B104F0A4FB0379002BF3D16E
:102DB00002B070BD04F09DFB01230371F8E7000031
:102DC000FF230B7002234B7083238B70014B1B7806
:102DD000CB707047DC0800202DE9F843D0F8048060
:102DE00007460D46D8F81490484604F06CFB06469A
:102DF00008B9FFDFFEE70146484604F072FB36885B
:102E0000B2B20AB9FFDFFEE70C4BC41CB8F80000F1
:102E10001B684BB9B8F800304846EE80AB8004F030
:102E20006AFB38B9FFDFFEE7214698470028F1D159
:102E3000BDE8F88300232C603B71F9E7240D0020E6
:102E400038B5104C10220021201D09F061F9012530
:102E5000257404F108031022002104F11400C4E9D0
:102E6000013309F055F984F8205004F11803064A9B
:102E7000C4E9053300236362A36284F82C30136035
:102E8000236338BDDC080020240D002010B5064C5B
:102E90002378FF2B01D0FFDFFEE709F03FF8207019
:102EA000BDE81040FFF7CCBF9500002010B5034CE3
:102EB000207809F04BF8FF23237010BD9500002007
:102EC000FFF7BEBF014B187809F04CB89500002001
:102ED00010B409B9FFDFFEE74A600B72EFF310840C
:102EE00072B6031D0B6042681AB1127A012A08BF3C
:102EF000036003681960016004B962B610BCFFF793
:102F0000E1BF0000014B024A1A607047280D002003
:102F1000D92D1F00F7B50546504FBB68BC69227A12
:102F2000012A1DD13A6B3AB1137A0BB9FFDFFEE7E4
:102F30003C6BBCB900207DE01A7A012AFAD01C460D
:102F4000474AEFF3108172B650680068506001B9CB
:102F500062B6A34208BF3C63237A1BB9FFDFFEE7DA
:102F6000404AEEE7267AF6B205232372731E0B2B36
:102F700066D8DFE803F063061F3161653965656572
:102F8000655663680BB9FFDFFEE720462946984780
:102F90000420EFF3108272B6237A052BD9B253D1F5
:102FA00000232372396BA14200D13B63002A34D144
:102FB00062B632E063680BB9FFDFFEE729462046C0
:102FC00098470346ADF80400C0B2C3F30723012BB2
:102FD0002ED0022BDDD11BE063680BB9FFDFFEE7CB
:102FE000204698470020D4E763680BB9FFDFFEE76F
:102FF0000B222A7001221988AA706A710022A5F892
:103000000310AA71627A1869EA7104F0CEF90420FB
:103010003B6BA34201D100233B6300283FF47DAF0B
:1030200008E0114B294620461B689847034648B9DB
:10303000267270B103B0F0BDFFDFFEE7FFDFFEE7F1
:10304000FFDFFEE70220E3E709B9FFDFFEE700202C
:10305000ACE7002B7FF461AF6CE700BFDC08002019
:10306000E0080020F0080020280D0020014B186027
:10307000704700BF240D00201346027A0AB1FFDF1B
:10308000FEE70A4601460148FFF722BFE00800209C
:103090000222FFF7F1BF00000346064890F83420F3
:1030A0003AB190F82C2022B9034900F8243BFFF7ED
:1030B000EFBF7047DC080020C12D1F000322FFF77F
:1030C000DBBF0422FFF7D8BF0A46037A0BB1FFDF4C
:1030D000FEE7014607230148FFF7FABEF00800208B
:1030E0001346027A0AB1037270470A460146014844
:1030F000FFF7EEBEE00800200222FFF7F1BF012932
:1031000003D10E30C00080B27047022902D10F30C7
:103110008000F8E7FFDFFEE7A0F5A17011230B7038
:103120000388A1F80330838FA1F80530B0F8403050
:10313000A1F80730C38FA1F80930B0F84230A1F8E8
:103140000B30704730B587B004460D46FDF7C2FF1F
:1031500078B36FF4A57369461C4424882046FEF7B3
:10316000BAF908B1FFDFFEE7BDF8063003A8ADF8F5
:103170000C40ADF80E30BDF80830ADF81030BDF899
:103180000230ADF81230BDF80430ADF81430FEF75F
:10319000A0F908B1FFDFFEE7ADF80C009DF80C3098
:1031A000002063F307009DF80D3063F30F2007B094
:1031B00030BD2B46162203F8032BD4F80920C5F89E
:1031C0000320D4F80D205A60B4F811201A8104238A
:1031D000ADF80C30E2E740687047C08A70478A88D3
:1031E0000B8910B5CC884988A0F85440A0F850103D
:1031F000A0F85220A0F8563010BD8383BDF80030EF
:1032000001834283C38370471B234FF01B128384C7
:10321000038482618382C260038539B94FF4A47349
:10322000034AC3844384C261C3820261704700BF02
:103230004801480103460846F0B4B3F85420B3F8F7
:103240004840B3F856109442B3F84460DF8F28BF6B
:103250001446B3F84C20B3F842508A42DC8728BFAA
:103260000A46B3F846109142A3F8422038BF1146EF
:10327000A64238BF2646A742A3F84610A3F84460EA
:103280001FD1AA1A18BF0122B3F84A50B3F8504010
:10329000B3F85270A5429E8FB3F8401028BF254660
:1032A000B3F84E40BC429D8728BF3C46AE42A3F8CF
:1032B000404002D1A14200D12AB10449F0BCFFF73D
:1032C0001BBF0122E0E7F0BC704700BF19311F00AF
:1032D0000B8BA2F809001046A2F80B304B8BA2F81A
:1032E0000D308B8BA2F80F30CB8B0249A2F8113036
:1032F000FFF7E4BE45311F00C28B08B50346408C82
:10330000824228BF0246187AFFF7F9FE5B89934292
:1033100028BF1346984238BF184680B208BDF8B59A
:1033200007460E4680891946FFF7E9FE05463846EE
:103330001446FFF7E1FF85429DF8181028BF0546A7
:10334000B88AFFF7DCFEFB8AADB2834228BF034692
:10335000A01D9BB230442B441844F8BD07B590F82B
:103360006930002296213030009390F83830FFF712
:10337000D6FF03B05DF804FB38B514460D46194678
:103380009634FFF7EBFF2044A84294BF281A002090
:1033900038BD38B50D4611460446FFF7DFFF284417
:1033A000606338BD01F19C0383423DBF9C38401AE5
:1033B0004008002070470000094AD2E9000343405A
:1033C00083EAB01181EA43214FEAF343116053606D
:1033D000044B58434FEAF06000EB8000704700BF99
:1033E00014090020BB79379E094AD2E90003434003
:1033F00083EAB01181EA43214FEAF343116053603D
:10340000044B58434FEAF06000EB8000704700BF68
:1034100098000020BB79379E10B50A4C0821094856
:1034200003F0D4FED4E900321343F7D0064CFFF783
:10343000DBFF2060FFF7D8FF236860601843F6D0F9
:1034400010BD00BF980000201409002000F05503B3
:10345000400800F05500034403F033009B0803F0DC
:103460003303034403F00F0000EB1310704743686D
:10347000002283F8882083F8C220A3F8BE2070477A
:1034800043680022A3F8C42093F8C620013283F8D1
:10349000C6207047426892F8C630013B5BB2002BF1
:1034A00082F8C63001DAFFDFFEE77047436883F831
:1034B0000B1183F80A217047A0F10A03042B0CD9E1
:1034C000A0F14703012B08D9A0F12403322818BF2B
:1034D000062B94BF012000207047012070474268EE
:1034E000936F10B513F0080408D143F0080382F875
:1034F00008119367FFF7C4FF204610BD0120FCE7C9
:10350000174B184A9A60184A5A60184A1A60184AA3
:103510009A62184ADA62184ADA60184A9A61184AB6
:103520001A63184A1A62184ADA64184A9A64184ADE
:103530005A62184B184A9A60184A5A62184ADA6254
:10354000184A1A61184A5A61184A9A61184A1A6345
:10355000184A9A64184ADA64184A9A63704700BF96
:103560002C0D0020E5371F0015381F0081381F0083
:10357000AD3A1F00853B1F00DD3A1F009B3B1F003B
:10358000B53E1F00713C1F00DF3D1F00FB3D1F00CB
:10359000BD3C1F002C0E002001381F00B93D1F004C
:1035A000BD3B1F00693B1F00D93B1F00F13B1F00C3
:1035B000453F1F00293E1F001B3E1F00A53D1F0069
:1035C000044B054A5A65054B054A1A65054A5A6572
:1035D000704700BF2C0D002025391F002C0E002045
:1035E00011391F008B391F00054B064A9A65064AA0
:1035F0001A66064B064A9A65064ADA65704700BFA6
:103600002C0D0020B51D1F00571E1F002C0E002082
:10361000E11C1F00D71F1F00023A08B5152A78D8F1
:10362000DFE802F00B7717797927772977792F3B35
:103630003F7777437979575770700378012B436848
:1036400002D193F8103101E093F8193102204B7048
:103650000EE04268D2F8CE31C1F80130D2F8D23152
:10366000C1F8053043680D20D3F80431C1F80930A2
:1036700008BD4368E5E700F077FB0028F8D1FFDFDD
:10368000FEE7102306204B7059238B700023CB706C
:103690000D230B7131234B71EAE7436893F80A312C
:1036A000D4E7084600F04EFBE7E70278436852B9DA
:1036B00093F810213AB193F80D214A7093F80C3128
:1036C00003208B70D4E793F80B214A7093F80A31EA
:1036D000F6E742680920B2F854304B701B0A8B7031
:1036E000B2F81231CB701B0A0B71B2F850304B712B
:1036F0001B0A8B71B2F8103192F810211B0ACA71A3
:103700000B72B5E7436893F826214A7093F8273186
:10371000D6E7FFDFFEE70120AAE700003F289ABFB7
:10372000024B53F820000020704700BF2C0D0020F2
:103730003F289ABF024B53F820000020704700BF7B
:103740002C0E002030F8023C73B504460D4630F8CC
:10375000A26C63B101226846ADF801608DF80020CB
:10376000ADF80330FDF7A2FD08B1FFDFFEE7082347
:10377000A5F803602B70002354F88E0CAB70637AAD
:103780006B7103F01CFE08B9FFDFFEE7042002B0F6
:1037900070BD0000F7B5456804464FF6FF772E6907
:1037A0000DF102010DF101023046ADF8027003F097
:1037B000ADFD01A9304603F0CBFD40B1019803F007
:1037C00098FE616800220272FFF77EFCE8E7044978
:1037D00005F1A20003B0BDE8F040FFF76FBC00BFE9
:1037E00045371F004368002093F88A20063A012AD3
:1037F00081BF4A7883F88B20062283F88A2070479D
:10380000426892F88A30063B012B84BF072382F876
:103810008A307047426870B592F88950F5B9CB8804
:10382000B2F87E60A2F86C32013B9B1B47F6FD7636
:103830009BB2B34206D9282382F8AB30FFF7AAFF28
:10384000284670BDD1F80130C2F86E324B7982F84B
:1038500072320A22436883F88920F1E70125EFE7F5
:103860000B46062203F8032BD0F80920C1F80320E9
:10387000D0F80D205A60427C1A720023CB7070473A
:10388000436870B593F8895006460C46002D3DD12B
:1038900029462046FFF7F0F928B921783046BDE8DF
:1038A0007040FFF71CBE72686389B2F87E10A2F800
:1038B0006C32013B5B1A47F6FD719BB28B4207D914
:1038C0002823304682F8AB30FFF764FF284670BDEE
:1038D000A38840F2E2414B43C2F874326378C3EBF1
:1038E000431003EB800303EB83035B00A2F86E320B
:1038F00063884B43C2F87032E388A2F87832238998
:10390000A2F87A320D2382F88930DFE70125DDE75E
:10391000436893F888200AB1FFDFFEE7212283F88D
:103920008820704773B5456806460C4695F8883080
:10393000213B022B27D8B1F805101A291CD9B4F85D
:103940000730B3F5A47F17D3B4F801201A2A13D98E
:10395000B4F80300B0F5A47F0ED3009005F1300059
:10396000FFF74BFC7168284601F5A171FFF762FC77
:103970000621706801F060F9002085F8C20085F822
:10398000880002B070BD0120FBE74268936FD90642
:1039900010B5044601D4FFDFFEE7990601D5FFDF2D
:1039A000FEE723F010039367FFF774FD60680621BC
:1039B000BDE8104001F040B909230B70D0F8093080
:1039C000C1F8023070470B460A2203F8022BB0F808
:1039D00009204A80C27A9A7070470000F0B5044608
:1039E00085B00D46FF2600F8A56C10F8A63CE3B1A3
:1039F000164F3B780BB1FFDFFEE70C21381D03F0BB
:103A0000E5FB3E70002304F8A53C07232A4602F894
:103A1000033BD4F80930C5F80330D4F80D305360B7
:103A2000D4F81130936005B0F0BD01A80C2103F06B
:103A3000CDFBA4F5BC73039A1A6001AB03CB44F829
:103A4000AE0C44F8AA1C04F8A66CDBE71C090020A5
:103A500010B5054C23782BB90C21201D03F0B6FBC3
:103A6000FF23237010BD00BF1C090020024690F800
:103A7000D631BBB990F8D73103F0FF010BB100206C
:103A80007047094B18780028F9D01970D9680433A9
:103A9000C2F8041103CBC2F8CE01C2F8D211FF2341
:103AA00082F8D631012070471C09002038B54368E0
:103AB000054693F8894034B1113C0F2C8CBF01248A
:103AC0000824204638BD93F88E30002BF9D0FFF73C
:103AD000D7FC6B68112283F88920F2E7426838B579
:103AE00092F8893004460D463BB1132B05D0113BAB
:103AF0000F2B8CBF0120082038BD92F8C83013B9B5
:103B00002046FFF7BDFC6268D5F80B30C2F8C6311D
:103B1000D5F80F30C2F8CA316368D5F81320C3F85E
:103B200000211A88A3F88522D5F80120C3F887223E
:103B3000D5F80520C3F88B226368B5F80920A3F8EF
:103B40008F226368002583F8D6516068054900F527
:103B50001F70FFF79DFA63681622284683F88920B4
:103B6000CAE700BFDD391F00436893F88920162A91
:103B700001D0FFDFFEE7012283F8C720182283F877
:103B800089207047436893F88920122A05BF1322C1
:103B90000020022083F889207047436810B593F80D
:103BA000893004461C2B07D1FFF774FC6368202280
:103BB000002083F8892010BD0220FCE7436893F8B9
:103BC0008920112A01D0FFDFFEE7012283F8C720F8
:103BD000122283F889207047436893F88920182AB5
:103BE00001D0FFDFFEE71C2283F889207047000028
:103BF00038B54368044693F88920202A01D0FFDFB6
:103C0000FEE7002293F8C8101D8803F29F1083F886
:103C1000C72069B10B4983F8C820A3F8A95183F8DC
:103C2000A821FFF735FA6368002283F8892038BDA0
:103C3000012283F8A811A3F8A951034983F8AB2105
:103C4000EFE700BFC7391F00B9391F000B46052237
:103C500003F8032BD0F80920C1F80320D0F80D2079
:103C60005A60B0F811201A81C27C9A727047000025
:103C700038B54568AB6F13F0010419D1D1F80120B4
:103C80000C4BD1F8051013400B4AC5F8D830C3F3DC
:103C900007630A4043F00803C5F8DC2085F8DB30F1
:103CA000FFF7EEFBAB6F204643F00103AB6738BD77
:103CB0000120FCE72FC904F76FDB0080406810B5D6
:103CC00090F88830042B28D1D1F801304A1CD1F863
:103CD0000540C0F8D830C3F30763C0F8DC4043F0B8
:103CE000080380F8DB30002380F8C23080F8883089
:103CF00090F8813103F0FF040BB1002010BD038860
:103D000000F2791044724381D1F801300449C36054
:103D100053680361FFF7BCF9EFE70120EEE700BF4E
:103D20004D3C1F00406890F8813143B9038800F290
:103D30007910034943811A234372FFF7A9B97047E9
:103D40004D3C1F0010B50446FDF70CFF044A054B1F
:103D5000024009200B40C4F80120C4F8053010BD12
:103D60002FC904F76FDB008037B50C464568FDF7B7
:103D7000F9FE0A4B0A4A03400A4095F8D81000930E
:103D80000B4001928DF800306B4603CBC4F8010064
:103D90000920C4F8051003B030BD00BF2FC904F7D7
:103DA0006FDB0080436893F888200AB1FFDFFEE7ED
:103DB000042283F8882070474268936FD90701D4A2
:103DC000FFDFFEE723F001039367FFF763BB0C23DC
:103DD0000B706FF49C73184403884B8070474368E2
:103DE000002093F888200F2A01BF002283F8B62014
:103DF00083F8C22083F88820704738B54568AB6FD8
:103E000013F0040407D1FFF73BFBAB6F204643F0F0
:103E10000403AB6738BD0120FCE74268936F23F0D1
:103E200004039367FFF736BB436893F888200AB111
:103E3000FFDFFEE70F2283F88820704710B5D0E936
:103E40000D42A24206D30B8C121BC98D05334B4386
:103E5000934202D3012380F83E3010BD38B5DB0415
:103E6000154604D5837D13B10023436338BD446BED
:103E700001344463FFF7E2FF836B9C42F6D30023D7
:103E80000349436305F10D00BDE83840FFF734B93D
:103E9000CF3D1F0001230B7000238B7030F8CA3C0C
:103EA000A1F80330437A4B714389CB8083890B811E
:103EB0007047000038B54468054694F88830012BF7
:103EC00002D0A36F980738D494F8C9309A0713D456
:103ED0004A78D80784F8D3204A88A4F8D4208A885E
:103EE000A4F8D62043F0020284F8C9200DD5144965
:103EF00004F1CA00FFF700F994F8C930D9070FD4CC
:103F0000A36F9A0706D5FFDFFEE794F82A31002B4E
:103F1000EDD1F1E743F002032846A367FFF7B0FABB
:103F200094F88830012B4FF0000301D0002038BDF9
:103F300084F8883084F8C230F8E70120F7E700BF42
:103F4000953E1F0010B5446894F8C9309A070CD408
:103F500094F888300BB1FFDFFEE70122A4F8BE30F1
:103F600084F8882084F8C22010BDA36F9B0705D574
:103F7000FFF790FAA36F23F00203A367002384F8EE
:103F80002A31F1E715230B70D0F80930C1F803305E
:103F900070477F2307B50DF107008DF80730FAF75A
:103FA000B7FB9DF9070003B05DF804FB38B5446822
:103FB0000546FFF7EEFF7F28014684F883003DD0D9
:103FC00094F89E2094F985006B6884F884200A1A7E
:103FD00093F86D5012B2002AB8BF524292B2AA4270
:103FE0002CD3FF2D2AD094F886200132D2B284F847
:103FF000862093F86E50954201D37F281ED100226F
:1040000084F8851084F8862093F86C20012A15D155
:1040100093F8342192B91A8803F596700849A3F8E9
:10402000352194F8832083F8372194F8842083F88D
:1040300038210222BDE83840FFF71EB838BD00BF66
:10404000853F1F0010B50B7901284C790A6843EAB7
:104050000421104608BF41F4803110BDF0B51F4D5A
:1040600000242B7814709BB1013B6D68DBB21E1BE2
:10407000012E0FDC05EBC40655F8347076688E42CD
:1040800008BF874227D0B84271EB060612D21470DF
:104090000020F0BD1E197710C6F3470655F837C04B
:1040A00005EBC70E8445DEF804708F412CBF334604
:1040B0003446DCE705EBC30455F8335064688C42A2
:1040C00008BF854206D0A84271EB040428BF013323
:1040D0001370DDE71C4601201470DAE72C0900207C
:1040E00010F0070201D0FFDFFEE718B1024B197292
:1040F00058601A70C80070472C090020014B00223C
:104100001A7070472C0900202DE9D343FFF79AFF5E
:104110000DF1070207460E46FFF7A0FF90B90F4CBE
:104120002378227A9A420ED0626819469DF807E0F9
:1041300002EBC3008E4509D302EBCE020133C2E984
:1041400000762370012002B0BDE8D08350E90289D7
:10415000013960E80289C9B2ECE700BF2C090020F0
:1041600007B5FFF76FFF0DF10702FFF777FF03B009
:104170005DF804FB08B5FAF7D1FB00F544404FF4B5
:104180007A734930B0FBF3F0BC3008BD10B504467B
:1041900090F86900FFF7EEFF012201462046BDE8D6
:1041A0001040FFF7F6B8000038B5084B4FF47A72AC
:1041B0000C4653F820303C3403F52243B133B3FBB3
:1041C000F2F52C44FAF7A2FB204438BD545B1E00E4
:1041D0002DE9F04F04468BB00E461746984690F8EE
:1041E0006990FDF7E7FC834694F87200FEF768FBE0
:1041F000834494F889A01FFA8BFB87BB94F887301F
:10420000032B2CD1BAF10D0F29D1B4F86C32B34283
:1042100025D1D4F8F0312046B4F8C421C4F8E031F7
:10422000A369C4F8E431B4F862321344C4F8E83145
:1042300002F01CFED4E99C23A262B4F86E22A361B2
:10424000A285D4F87822226241F64B5293428CBF69
:104250000023012384F87130022384F88730B4F8F6
:104260006052B4F87EE0751BA6EB0E0E2DB20FFA6D
:104270008EFE002D10DA7546D4E99223C4E9962308
:10428000012294F88730032B00F26A81DFE813F0F3
:104290000600FC0052001B014246F2E7012100200B
:1042A000FEF7F8FA8146A06A5946484405F02CFD0D
:1042B0005946C4F8EC01A06905F026FD07A9C4F829
:1042C000F00108A8FAF74AFA079B0093DDE90823F2
:1042D000D4E9960105F019FE83462046FFF756FF04
:1042E000D4F8643294F86900A56A0393FAF716FBD0
:1042F000039B00F52240D4F8EC111D44B1304FF47B
:104300007A735C3D6D1A3031B0FBF3F04D44A38DF0
:10431000A5EB0B0503EB41012D1A94F86900FFF79B
:1043200043FFD4F86432C4F8F401EB1ACC2B54D810
:10433000FFDFFEE7A36A5946D4F8E401184405F00C
:10434000E3FC5946C4F8EC01A06905F0DDFCC4F8B3
:10435000F0012046FFF71AFFA36AD4F8E4511D4488
:10436000B4F8C431002B40F08B80B8F1000F00F09E
:10437000878094F86900FAF7D1FAD4F8EC11D4F8F0
:10438000503200F522406D1A94F86920B1305C3D3E
:104390001D448C4B53F822304FF47A7203F2E7330A
:1043A000D4E992BCB3FBF2F3B0FBF2F0A5EB0B0542
:1043B0001D442D1AD4F8E031D4F8E82194F86900AE
:1043C00002FB0311A38D303103EB4101FFF7ECFE3B
:1043D0000123C4F8F40184F88730A36904F50C794B
:1043E000A3F1E50BD4F8F031ABEB030B00238345CD
:1043F00084F83032D4E9963228BF834604F1300085
:104400005B19C4F8C0B142F10002C4E99032FEF772
:10441000E2FE04235844A4F8606284F83932C4F8F8
:104420003402D4E99023C4E99623B4F8B0319B1B3D
:104430001BB2002BD4BF00220122BAF10D0F4FEAAC
:10444000420284F8382200F08D80B8F1000F40F06D
:104450008C8094F88730002B00F0A380A169484637
:10446000D4F8F031C91AFEF7C5F980B2002800F07F
:104470009880149B03B1188001200BB0BDE8F08F29
:10448000D4F8EC116D1A95E7D4F8F001A369B4F8EB
:10449000C4111B1AD4F8E8217144D4F8E0C15D437B
:1044A000D4F8EC31891A303301390CFB023300FBAC
:1044B0000133A18D94F8690001EB4301FFF774FE0D
:1044C000C4F8F40189E7D4F8F0B1A369A3EB0B03B6
:1044D0005D4394F88830292B03D094F88930292B38
:1044E00009D1B4F86C32F31A1B0404D494F86F3277
:1044F000002B18BF9946B4F8C4C14AB3BCF1000FF1
:1045000026D1D4E99410D4E992238A4273EB0000B7
:1045100001D3FFDFFEE794F869205C39294B4FF4A3
:104520007A7053F822300393D4E99223CDE904231F
:10453000039B03F2E732049BC91A039B03F5224352
:10454000B2FBF0F2B1331144B3FBF0F3C91A0D44DE
:104550000CEB0E0148460BFB01F130314900ADE791
:10456000FFDFFEE7B8F1000F1BD0B4F8D80100B3AD
:10457000B4F8DA1194F8DC214D1CA4F8DA1101FB2F
:10458000022290420DDD002B0BDD0023A4F8DA514E
:1045900084F83832FEF710FF00F00700013084F88D
:1045A000DC01494604F5027006F028FD18B9FFDF6A
:1045B000FEE70146DEE787F0010784F8007200207D
:1045C0005BE700BF545B1E007FB5044608B9FFDF00
:1045D000FEE7052900F2BD80DFE801F003B52C27D6
:1045E000BBB090F80032B0F87E20ABB1B0F8FE312D
:1045F000934208BFB0F8B4319A1AA0F8B621A4F8D3
:104600007E302046D4E99023C4E9922302F044FB93
:1046100094F8BB3104B070BDB0F8FC319B1AA0F81F
:10462000B631B0F8FC319BB2E9E704B0BDE87040A8
:10463000FAF7A0B805F061FCD4E99223801A61EB87
:104640000301012871F1000301DAFFDFFEE76FF0DB
:10465000010383424FF000038B4101DAFFDFFEE7E5
:10466000A3690BB1B0FBF3F394F88910B4F8FE2101
:104670000D2932D10132A4F8FE21B4F8623202AE23
:10468000B4F87E500133A4F86232B4F8BA301D4455
:10469000B4F8B830013DED1AADB2B4F8FE116B1AA2
:1046A000180435D40023204600961A46FFF790FDE3
:1046B0000128AFD1B4F8FE21B4F8B011BDF808302C
:1046C0001344521A12049BB204D5EA1A12F4004F92
:1046D00018BF0B46A4F8FE31DFE7B4F87E100B4498
:1046E0009BB2D11A0D044BBF013301329BB293B27E
:1046F000A4F8FE3194F80132002BBED1B4F8B431E5
:10470000B4F8FE21934204BF0133A4F8FE31B4E7AC
:1047100094F88C3030460394002B14BF08233E23BA
:1047200084F8AB3001238DF80830FFF733F82046CA
:1047300001F050FF002384F887306BE704B0BDE838
:104740007040FCF75BBA90F88730042BF2D0FFDFA3
:10475000FEE7FFDFFEE7002313B51A4680F8873037
:10476000A0F86032194600930446FFF731FD08B106
:10477000FFDFFEE70123C4F8E801C4F8E00184F894
:104780008730A4F8FE01A4F8FC0184F80102B4F813
:104790007E30A4F86202013BA4F87E3002B010BD66
:1047A0002DE9F8430E46044608B9FFDFFEE7052968
:1047B00000F2A680DFE801F00376413DA42E05F06B
:1047C000D9FCC4E94401204601F07CFAD4F8040184
:1047D000A43805F094FB204601F09FF9054600BB84
:1047E0000146204601F04FF800F1AE06D4F804016E
:1047F000B04209D2301A0321192838BF192005F018
:104800008EFC60B105F07DFBC4F80461204601F028
:104810006DFA45B12046BDE8F84301F068BA0125BC
:10482000F2E70025F2E7D4E94423C4E93E23BDE8DA
:10483000F883BDE8F843F9F79DBF01F02FF8042392
:104840008146884684F8093105F057FB07220F4658
:10485000A9FB023102FB0811D4E93E525B1941EB7E
:104860000205D4F8E0203AB159EA080204D098428F
:1048700077EB050228BF012684F80861D4E94626B3
:10488000121A66EB070694F8281139B9012A76F155
:1048900000010BDA204601F02DFA03E0012A76F13F
:1048A0000006F7DB002384F82031C0E7984277EB5D
:1048B00005010FD259EA08080CD01B1A65EB070155
:1048C0009A4276EB010005DB012B71F10000A4BFD9
:1048D0001A460E460B49012304F1B800914284F8B0
:1048E00021314FF0000384F80031B341B8BF0A46CC
:1048F00004F5807106F030FC002898D1FFDFFEE758
:10490000FFDFFEE70040420FD0F8E00070470000F4
:104910002DE9F84304460E46154690F8203103F081
:10492000FF07002B40F08E8000F1B808394678224E
:10493000404607F0EDFB22464349404606F058FB4F
:10494000C4F8E060FF2384F8203166B1FEF74CFD27
:1049500000F0070032463D49013086F8DC0106F5DB
:10496000027006F045FB40F20243A4F80831002330
:1049700084F8003105F01CFA00F14906204601F0E8
:10498000CCF80146B6B298B3FDF714F900F5CD6145
:10499000284689B205F0B8F92844AE3DC4F80401B0
:1049A00005F0ABFA301841F10001C4E944010120DF
:1049B00084F8E40001F08AFA2D1AC4F8E8504FF0A8
:1049C000FF356FF000414046D4E94423C4E9465125
:1049D000002504F58071C4E93C23C4E93E2384F832
:1049E000215142F2107206F0B7FB20BBFFDFFEE759
:1049F0002046DFF85C9000F046FFAE30C4F80401BA
:104A0000B9F8000048B1E08B38B1FEF7EDFCB9F819
:104A10000030B0FBF3F202FB1300064405F06DFA20
:104A2000361841F10001C4E94461002DC7D0AD1929
:104A300041F10001C7E72946204601F083F93846D5
:104A4000BDE8F8830C27FAE7A1471F00C9451F00FE
:104A50004409002038B5044690F820319BB1FF236B
:104A600080F82831012101F06DF994F8203153B11B
:104A700004F1B805284606F021FB284606F053FB52
:104A8000002384F82031002038BD0000F0B5002359
:104A900085B0CDE9003301238DF80630684602F079
:104AA000AFFF70B10123114EB3700023CDE9023383
:104AB00002A802F0A5FF044638B10023B37005B088
:104AC000F0BD0098FFF7C6FFE8E7029D95F8873034
:104AD000002BEDD005F50277384606F0EFFA3846A0
:104AE00006F021FB85F88740E2E700BF440900207B
:104AF000044B0022DA709A7042F210721A80FFF7AB
:104B0000C5BF00BF44090020014BD870704700BFEB
:104B10004409002008B590F8282142B990F8E42013
:104B200042B1D0E93A31994202D901F0E3F80022CA
:104B3000104608BD0122FBE708B5F9F76FFB044BEF
:104B40005A6882422ABF9878002080F0010008BD90
:104B50004409002082694FF4C271006B904208B58D
:104B600028BF1046FEF71EFC40F64803984228BFB7
:104B7000184680B208BD7FB5044690F8BB3103F0FB
:104B8000FF05002B56D190F88730032B52D105F04A
:104B9000B4F9D4E99223801A61EB0301012871F181
:104BA000000347DB6FF00103834275EB010101DA7B
:104BB000FFDFFEE7A269B4F87E300AB1B0FBF2F283
:104BC000013313449BB2A4F8FC31B4F8B431B4F807
:104BD000FC219B1A1BB2002B2CDD04F5027006F0A1
:104BE0006DFA38B3FF2384F80132B4F8BA300DF10E
:104BF0000E06B4F87E501D44B4F8B830013DED1AED
:104C0000ADB2B4F8FC31EB1A1B0413D4B4F8FC11A8
:104C100000230122204689B20096FFF7D9FA012825
:104C200008D1B4F8FC31BDF80E2013449BB2A4F8AF
:104C3000FC31E6E704B070BDF7B5044606296FD82D
:104C4000DFE801F004241222282D6900354B9B78FF
:104C500003F0FF0243B900920123B0F8B411FFF74B
:104C6000B7FA20B1FFDFFEE7042384F88730F9F7B5
:104C700061FC06F0ADF90023B4F87E20A4F862329E
:104C8000A4F8FE2184F8013203B0F0BD032380F8BC
:104C90008730F9E7F9F7E6FAC4E99401F4E790F808
:104CA0006900FFF767FAA569D4F8F0311D4F9D42FE
:104CB00088BFED1AFB7898BF00251BB9236B9D4276
:104CC00028BF1D46D4F8C06104F13000FEF783FA16
:104CD0000644022005F0FCF90221AD1B25EAE5752A
:104CE000854228BF0546284605F019FA10B12E4422
:104CF00005F007F901234FF4807231462046FEF794
:104D00003BFBD4F8C0317860A069184403B0BDE81B
:104D1000F04005F0F4B803B0BDE8F040FFF736BA54
:104D2000FFDFFEE7440900202DE970430C461546DD
:104D3000EAB9F9F773FA84F8E4500646D4E94489ED
:104D400084F820510121D4F8E000FDF7F8FDD4F8F3
:104D5000E000C0E99289C0F86462C0E99689FFF773
:104D6000FAFCF9F7E7FBBDE8704306F031B9FFDF65
:104D7000FEE770B5044619B101297BD0FFDFFEE7DD
:104D800000F08CFD94F8213105460E46DBB150EA67
:104D9000010318D0D4E93C32D4E94401C01A3346A7
:104DA00061EB02012A4607F05CF905FB01F300FB09
:104DB0000633A5FB00021344D4E93C21121843EB4F
:104DC0000103C4E93C23E38BEBBB0020D4E93C3274
:104DD000ED184FF0000346EB02062D1840F2024298
:104DE00084F8003146F1000684F82131A4F8082146
:104DF000C4E93C56C4E9445694F8283103F0FF0155
:104E0000DBB96FF00043D4E946029A4208BFB0F123
:104E1000FF3F25D02046D4E9445600F034FDAE30A3
:104E2000D4E946325B1B62EB06021B1A62F10002F8
:104E3000002A15DA204600F05DFFF9F77BFBBDE89C
:104E4000704006F0C5B8204600F067FE0028BCD1CF
:104E5000FEF7B2FAE38BB0FBF3F202FB1300B5E707
:104E600004F5807104F1B80006F0C8F80028E4D118
:104E7000FFDFFEE7002380F8E430DEE790F8200152
:104E8000003818BF012070470B46042203F8032B9B
:104E9000B0F80920A1F80320C27A9A7070470B4637
:104EA000142203F8032BD0F80920C1F80320D0F80E
:104EB0000D205A60427C1A72704700000378A0F8F7
:104EC000971080F89630437C80F895200BB190F8CD
:104ED000263080F899308C300149FEF7D9B800BFF0
:104EE000C5531F000346074A1068D3F84920C0F88D
:104EF0000320B3F84D20A0F8072093F84810FDF7E1
:104F000038BE00BF4C09002038B510220B460C46B5
:104F100003F8032B00F10902293052F8041B8242E6
:104F200043F8041BF9D1127800211A700123A588D7
:104F3000A371284602F02AFD40B1E37833B1002185
:104F4000284602F039FD08B1FFDFFEE738BD00005A
:104F500038B5C38C0446194D0133C3F30E03C38423
:104F60002B7C2BB1F9F7C6FBF8F74CFF00232B7411
:104F700000232B7194F861302BB101212046BDE84C
:104F80003840FFF7F6BE637CABB1E28C9A4212D395
:104F900001212046FFF7EDFE63882046DB0747BF6F
:104FA000A369432243224FF6FF7148BF1988BDE829
:104FB0003840FFF783BF0021E0E700BF4C09002025
:104FC00010B5074C2379012B05D1237C1BB1F9F7D0
:104FD00091FBF8F717FFA069BDE81040FFF7B8BFD5
:104FE0004C0900200346074A906903B909B9FFF745
:104FF000AFBF1379D26903F180431269023B52F8C3
:10500000233018474C09002070B5234C2379012B1D
:1050100001D0FFDFFEE798B90125237C1BB1F9F72A
:1050200069FBF8F7EFFE002D35D0A069FFF772FDA0
:1050300060B3F9F72FFAE369BDE870409B68184741
:105040002168A26911F8095B02F1490392F848202E
:10505000E809FDF749F80028DED000212068FDF7B7
:10506000A7FD0028D8D02379012B01D0FFDFFEE770
:10507000237905F00F01E26903F18043A0695269C9
:10508000013B52F8233098470546C6E7A069BDE8C2
:105090007040FFF75DBF70BD4C09002003292DE96A
:1050A000F043054685B0174607D14388980720D4BA
:1050B0000024204605B0BDE8F083428890F86030B7
:1050C000D107DBB2F4D5002BF2D14FF00108DFF8A5
:1050D000D09099F81060AEB1FDF794FA08283870B6
:1050E00013D002AA0DF10701FDF774FA20B9FFDF12
:1050F000FEE74FF00208EAE702A99DF80700FFF774
:105100002FF806463B78082B08D1D9F8001011F883
:10511000030BC0F38010FFF723F80646D9F8001000
:1051200005F1500395F84F2011F8030BC0F38010E0
:10513000FCF7DAFFD9F80010044611F8030BC0F3AE
:105140008010FDF73DFA8146FDF7DEFA40B1B9F176
:10515000080F1BD04846FDF769F980F00103D8B26B
:105160003A78082A14D01CB9AC7DA21A5442544192
:105170006A8853079DD400289AD176B9EC7C4445BF
:1051800018BF002C0CBF0124002492E70020E7E7A1
:1051900080F001022240D4B2EAE7344689E700BF3A
:1051A0004C0900202DE9F04F85B008230521044665
:1051B0000DF107028DF80730FFF770FF064620B9A2
:1051C0000026304605B0BDE8F08F7A4F396807F108
:1051D00012037A7C11F8030BC0F38010FCF784FFF4
:1051E00080460028ECD13B6840F2E249A1691846AC
:1051F00091F8902010F8035B02EA55121D4602F068
:10520000010281F89020D3F80320C1F8032082889E
:10521000A1F8072015F81F1BA269C1F38011917036
:1052200002A9D3F81F00029028790871D3F80F0063
:10523000D061587D1D7D000440EA0520DD7C2843B7
:105240005062B3F8190082F8718009FB00F0906198
:105250009D7DC5EB451005EB800505EB85056D00D3
:105260009585B3F8170009FB00F09062B3F81B00B6
:105270001084B3F81D00508493F8243003F01F000D
:105280005B0982F89C0082F87230A56994F912A03B
:1052900005F19000FDF7CCFB40F20113A5F8683052
:1052A0004FF0FF0B85F86AB0414605F13000FDF77D
:1052B000ABFF51462846FDF7FFFAA36984F86B80DF
:1052C00004F176011A8884F889B0A4F86C204FF6AE
:1052D000FF729DF80700A4F88A209A69B2FBF9F2E0
:1052E000A4F882201A8CA4F884205A8CA4F8862072
:1052F00093F8722084F88820627D3AB394F84820AD
:10530000012A23D194F84E2002F0C002402A1DD178
:10531000D4F84920C4F87620B4F84D208A800828B3
:105320009A7803F1030504F17C0184F86F2004F1FD
:105330007002D3F8033036D0E367AB888B8004F17A
:105340006F01FDF747F928B9FFDFFEE70022C4F837
:105350007620E3E794F86F3043F0020384F86F306F
:10536000154904F16200FDF793FEA369134904F1A6
:105370009A001A88A4F8A32093F8903084F8A530F6
:10538000FDF786FEA369002220461988FFF796FDE7
:105390000B4B00221B683A71002B3FF412AF2146E1
:1053A000A06998470DE72367AB8893800023E367E4
:1053B0008B80D5E74C090020094F1F00894E1F0044
:1053C000300F00200A4638B50B46132102F8031BA4
:1053D000D0F80910C3F80310417B1171DA7892B14B
:1053E00030F88A4C14F008040DD1B3F8055021466A
:1053F000284602F0CBFA30B12146284602F0DCFA0A
:1054000008B1FFDFFEE738BD032937B5044604D0F5
:1054100005295AD0012003B030BD08230DF1070241
:105420008DF80730FFF73AFE0028F3D0237C13B342
:105430009DF8075094F8AE30EBB9237884F8AF307C
:10544000FEF7A7FD082D04F1B10284F8B7002CD0B7
:1054500004F1B0012846FDF7BDF808B9FFDFFEE70B
:1054600094F8B03043F0020384F8B0301B4904F1E3
:10547000A600FDF70DFE1A4D042220462B681A7077
:1054800006225A70FFF72EFD616B94F838202868C9
:10549000FDF78CFB032328682B71F9F7AFF8002187
:1054A0002868F9F75FFA0020B5E70D4B1868034646
:1054B00013F8031BC1F3801184F8B010D0F8031067
:1054C000C4F8B1109B889380D0E7064B1B68002B73
:1054D000E9D0984780F00100C0B29CE79F4E1F00C2
:1054E0004C0900202C0F0020F8B504460F4619B3D4
:1054F00000F12005284600F0A5FCA0B963881A0732
:105500002ED5284600F0B3FC0646284600F09AFC4B
:10551000301AC0B200F0DAFC474A936803442846C8
:10552000936000F064FC284600F066FCF8F72CFF5E
:1055300021792520F8F7A0FE3F4E002394F856204D
:105540003068037043706388103B0D2B68D8DFE828
:1055500003F063675F0C6744676767676767674463
:105560002046BDE8F840FFF7F3BC06234370202334
:1055700003702046FFF7B6FC638823F008039BB254
:10558000152B05D094F83020E16A3068FDF701FB57
:105590003068F9F733F800213068F9F7E3F90223AE
:1055A000217900203371F8F7FBFE054607B9F0605A
:1055B00063881B0704D500F065FC0544C4F8EC5073
:1055C0006388103B0D2B33D8DFE803F034322C2CEA
:1055D000322C323232323232322C0C2321214370BF
:1055E000034603F8091B52B1D4F857200121C0F833
:1055F0000920B4F85B209A80FDF7C4FAB9E7226D60
:10560000C0F80920B4F854209A8094F84F10F3E7BA
:10561000062303704370ACE7022303700623F9E707
:10562000FFDFFEE721790120BDE8F840F9F77CB8FB
:10563000FFDFFEE7F8BD00BF4C09002038B5438806
:105640000446102B04D10121BDE83840FFF74CBFC0
:105650000B4D2B7C23B1F8F7AFFB4020F9F73EF858
:105660002868F8F7CBFF608810F0040002D1217998
:10567000F9F75AF80020F9F70FF801232B7138BD1C
:105680004C0900200121FFF72FBFFFF7FBBF0000EF
:10569000024B01219869FFF727BF00BF4C0900208A
:1056A00070B50446407D0E46134668B994F848002C
:1056B000012809D194F84E003F2805D804F149008B
:1056C000BDE87040FDF756B865883246A07D15F0FC
:1056D000040118BF04F15701FCF7B0FF410705466C
:1056E00021D4C2070BD50123A07D84F84830FCF7F4
:1056F000F9FF0368C4F849308388A4F84D30AB073C
:1057000001D4012070BD094B01211868D4F857302D
:1057100084F85610C0F80930B4F85B30A0F80D30AA
:10572000FDF730FAEDE70020ECE700BF4C09002060
:1057300010B5104C237C1BB1F8F7DCFFF8F762FBC7
:10574000A069FFF7E7F970B12379012B10D1237914
:10575000E26903F18043A069D268013BBDE81040D3
:1057600052F823301847A069BDE81040FFF7F0BB9E
:10577000FFDFFEE74C09002090F86A300BB10120F2
:10578000704790F8A230002BF9D190F894000038BF
:1057900018BF012070470000074810B5037903F0D7
:1057A000FF0433B914222146043006F0B1FC204630
:1057B00010BD0C24FBE700BF4C09002010B50023EE
:1057C000074C2371FCF7BAF92060FFF7E5FF08B139
:1057D000FFDFFEE7E3690BB9FFDFFEE710BD00BFA7
:1057E0004C09002037B50D464FF49872002104464D
:1057F00006F08EFCFF2323701323638042F21073A4
:10580000E38302F00BFA00220146A062684602F030
:1058100034FAA06A0022012102F07AFAA16A6846ED
:10582000042202F02AFA0022A06A114602F070FA5D
:1058300004F12000A57403B0BDE8304000F0BFBA09
:10584000FF23886A0B7002F015BA0000014B024A70
:10585000DA6170474C090020605D1F00034B044A69
:105860001A60044B044A1A60704700BF2C0F0020D6
:10587000A5511F00300F0020294D1F000078FF3870
:1058800018BF0120704710B50446203000F0EFFA31
:105890002822618800F0FAFA6D3010BDD0E90201CB
:1058A0007047C07C003818BF0120704701757047F1
:1058B000F8B5057D0446AF1EFFB2BDB3012F2AD84F
:1058C00000F1500190F84F00FCF77AFE08280646D8
:1058D00021D0FCF7B7FDF8B9023D18BF0125012F13
:1058E00084F84850A6758CBF002701276775FCF720
:1058F00061FE054604F001FB0022134B84F856209C
:10590000E5FB0301C4E9100111462046FFF7C8FE7C
:1059100058B9FFDFFEE70826022D09D104F149013D
:105920000020FCF7C7FB60B90020F8BD0826F5E7AA
:1059300004F149010120FCF7BDFB0028F4D001254A
:10594000CDE70025CBE700BF40420F0070B504460D
:10595000807D0E461546082809D194F848303370EA
:10596000D4F849302B60B4F84D30AB8070BDFCF7F3
:1059700069FD0028F1D10323F1E72DE9F04F074637
:105980008FB00D46064606AC0FCF0FC497E80F0048
:1059900084E80F0004A800F012FAAB7A2F7D6C782F
:1059A0000093012F2B78C4F34008C4F38009C4F39B
:1059B000C00AC4F3001BC4F34012019304F00103B6
:1059C000C4F3801403D0022F01D0FFDFFEE7697A11
:1059D00004A8A401CDE9023200F0F8F9297DDDE93F
:1059E0000232022944EA42142A7F0CBF697D012158
:1059F00044EA030402F1010208BF013144EA0B1436
:105A000008BFC9B244EACA04D2B244EA890444EAEB
:105A100048090DF1100840464C4600F0D9F919F03C
:105A2000080964D1404600F022FA2822214600F0FD
:105A30002DFA40F27122297900F2992395F803A0FA
:105A4000B3FBF2F34AEA012A697953434AEA014A6D
:105A500002FB0AFA53450CD9E97995F806A04AEAFF
:105A6000012A297A4AEA014A02FB0AFA9A4528BF22
:105A70009A46AB7C95F818B002930BF1FF33B06AED
:105A8000D3F1000B4BEB030B02F0BFF9B06A02F04D
:105A9000CCF9019B8DF81C7006AF8DF81830029B75
:105AA000ADF81A4034468DF82B30009B8DF828B0A5
:105AB0008DF82C30CDE908A90FCF0FC497E80F005F
:105AC00084E80F0098E8030030620020B184EB7A8C
:105AD00003F0FD03003B18BF012386F84F30EB684D
:105AE00033652B8AA6F854300FB0BDE8F08F4FF025
:105AF000000AD146BDE74FF40043C38443881D2B01
:105B000008BF0021417470478174704790F91200FA
:105B10007047408800F0010070478078C0F3C000F3
:105B200070470000F0B5464E85B00446327902F069
:105B3000FF0312B90278FF2A01D1FFDFFEE7B3604D
:105B400080F861303F4B684604F1200500933E4BDE
:105B500001933E4B0293F3695B680393F8F746FDAC
:105B6000F8F7B0FBF8F7C6FDF8F74CF93848F8F746
:105B700001FC3848F8F734FD284600F038F928468B
:105B800000F03AF9F8F700FC21792520F8F774FBCA
:105B900094F91200F8F7E8FB04F12C01A06A02F076
:105BA000D2F8074604F13401A06A02F0F3F8054682
:105BB0001FB3237F0BB3B4F92650ED43ED0F637D84
:105BC00053B963885B0707D494F84830012B0DD193
:105BD00094F84E303F2B09D86FF00043D4E91012EF
:105BE0009A4208BFB1F1FF3F0DD19DB93068033033
:105BF000FCF712FD307405B0F0BD002DDFD0657FDD
:105C0000002DD8D1DBE704F078F9D4E910239042D5
:105C10009941EAD3012229462046FFF741FD50B1C0
:105C2000FCF7C8FC054604F068F90B4BE5FB0301E3
:105C3000C4E91001DAE7002DD8D0FFDFFEE700BF8E
:105C40004C09002031571F0009501F00E54F1F006D
:105C5000D6BE898E5555550040420F0073B5044697
:105C6000FFF760FF00212046FFF73EFC6388DB075B
:105C700021D50023114EA569CDE90033FF237374AC
:105C8000684601F0BDFEB0B9009CA542F8D005F110
:105C90000A036A7A04F10A01607AFCF725FA0028FF
:105CA000EED0A3787374D4F80330C6F81230044BE6
:105CB000B4F807209A8002B070BD00BF4C090020E4
:105CC0005E090020024B9861DB691B68184700BF22
:105CD0004C09002090F8483081614B72D0F849306F
:105CE000C1F80A30B0F84D30CB8170477047FFF7EC
:105CF0002FB9000043881A0710B504460ED58369F2
:105D00003C220F49623042721B884381FF2380F896
:105D100027304FF6FF730385FDF7BAF963882046F5
:105D2000DB0747BFA3693C223C224FF6FF7148BF07
:105D30001988FFF7C3F8FF2384F8613010BD00BF56
:105D4000094F1F0080F86010704701774277704755
:105D500085561F003D561F008B561F0009541F001B
:105D60005D5C1F00C14F1F0091561F00505D1F005A
:105D7000545D1F005C5D1F008278034612F0010035
:105D800002D0D978C90710D5900702D5D9788907EC
:105D90000AD512F0040008D0D878C0F3800080F053
:105DA00001008000C0B2704702207047C0F340027B
:105DB000C0F3800300F0010013441844704700232F
:105DC000C0F8023001234370037070478170704740
:105DD00010B54270144601708078FFF7E7FF484322
:105DE00004FB00F2FE2A01DDFFDFFEE710BD002309
:105DF000C37043710371704710B50446FFF7BCFFD1
:105E0000637962780133DBB29A4263710CD1E37833
:105E10000022A17803436271DBB29942E37001BFB3
:105E20002379E27001332371022805D0042805D0BC
:105E3000012805D0FFDFFEE7262010BD2720FCE764
:105E40002520FAE738B504468078FFF7AFFF014612
:105E5000E078FFF7ABFF2378227965789B1A6B43D4
:105E600059436379C91A00FB1510C0B238BD014609
:105E700008B58078FFF79AFF4A780B785343584368
:105E8000C0B208BD40F2EE20704700000138022881
:105E900001D9FFDFFEE7132905D811290ED81029F3
:105EA00008D0FFDFFEE71529FBD1074B03EB4003CA
:105EB000D8887047044B33F810007047024B03EB4F
:105EC00040039889704700BF965D1E0040F25A3328
:105ED00058437047436893F88920182A01D0FFDFA0
:105EE000FEE71E2283F88920704700000C4A034613
:105EF000117889B9906833B9B0F85810828F9142FF
:105F00000AD8FEF719BE93891B0707D590F88A00B7
:105F1000073818BF012070470020704701207047E4
:105F20006C0900202C4A034630B49489402B9068B9
:105F300044EA0304948103D1042130BCFEF77CBE03
:105F4000802B01D10521F8E703F00304032C01D1D4
:105F5000FFDFFEE7DD0706D50C6811612478062C0B
:105F600010D00B2C1AD09C0706D509680978052992
:105F700011751ED00B2928D09B0644BF082313702F
:105F800030BC704790F889401C2CECD100240025CF
:105F9000C0E93845012480F88D40E4E790F8894055
:105FA000122C01BF002480F88D40012480F8C840E5
:105FB000D9E790F889101829DED1002400250121A5
:105FC000C0E93A4580F88E10D6E790F8891011297B
:105FD000D2D10021F6E700BF6C090020436893F896
:105FE0008920352A04D1002283F88920FDF752BA8E
:105FF000182A03D11E2283F889207047FFDFFEE7AD
:10600000436893F88820092A0BD193F8091193F873
:106010001021914205D1002283F8882083F8C22004
:1060200070479A6F110704D522F008029A67FDF7AE
:1060300031BAFFDFFEE738B50E38536814460D4617
:1060400093F88820092840D8DFE800F0053F3F3F5B
:106050000F3F183F3F27042A05D12046FDF707FAD6
:106060002046FDF75FFE002038BD0F2AFBD100223D
:1060700020461146BDE83840FDF7B1BE212AF2D1D5
:106080002046FDF7F4F9002DEDD0626892F8D83083
:1060900023F0200382F8D830E5E793F88920272AF7
:1060A000E1D10025204683F88950FDF7F3F96368B4
:1060B00093F82431012B03D129462046FBF7B8FD84
:1060C0006368002283F82421CDE7FFDFFEE70000AC
:1060D00073B5044640680D46836F13F0300F4AD104
:1060E000B1F805101A2904D9B5F80730B3F5A47F23
:1060F00006D22978204602B0BDE87040FDF7EFB91E
:10610000B5F801201A2AF4D9B5F80360B6F5A47FD2
:10611000EFD330300096FDF770F8184B9A8992074C
:106120000DD51B7D142B0AD16268936F43F01003C9
:1061300093672046FDF7A4F9002002B070BD6368A4
:1061400093F88820212AEFD093F81B31002BEBD154
:10615000636893F81A31002BE6D16268936F114699
:1061600002F24B1243F0200331F8300B42F8D33CDB
:10617000FDF7AEF8DDE70120DFE700BF6C09002086
:1061800090F80E31FE2B01D0FFDFFEE7002380F8F0
:106190000E1180F80F3112B9A0F8C4207047A0F892
:1061A000BE30012380F8C2307047000013B50446AA
:1061B00001A8FBF727FF08B9FFDFFEE72222002135
:1061C000019805F0A5FF01992246064801F8034F02
:1061D000FDF722FAFBF722FF08B9FFDFFEE702B066
:1061E00010BD00BF70090020224B70B59C6894F868
:1061F0006E3294F86F22C3BB94F86800BABB94F86F
:10620000691084F8680084F86910FF2184F86A1026
:1062100094F82411012901D0134303D0002116481A
:10622000FBF706FD04F130063046FCF7D4FF04F519
:10623000A17105462046FCF7FDFF20460621FEF72A
:10624000FBFC3046FCF7C7FF854204460BD203F047
:1062500095FF0146601B192838BF192003F05FFF26
:1062600010B103F04EFE012070BD1846C6E711467E
:10627000C7E700BF6C090020700900202DE9F84332
:10628000684D0646AC68002840F08880AB891A0744
:106290002AD594F80E31FE2B01D1FFDFFEE7FE2355
:1062A00084F80E3194F889301E2B06D184F8C7008B
:1062B000281DFDF7EFF884F8896094F88830242BC6
:1062C0000AD194F88930A3F12402062A29D9322B65
:1062D00027D0252384F8883094F88A30072B02BF12
:1062E00002236B7584F80E31AB89DB071BD4AB89B5
:1062F0005F077BD4990740F18380287D0122AB683A
:106300000D2883F80F2178D0112800F08480072809
:1063100000F08380FDF70CFA034600286ED1FFDF02
:10632000FEE73223D6E7D5F80880296998F8893046
:10633000D1F80090113B99F800700F2B09D8BB1EC3
:10634000DBB2092B6BD840F2333222FA03F3D807C1
:1063500065D509793846FCF779FC20B939463248C9
:10636000FDF7BDF83AE0012F01D9162F22D198F898
:106370008800FDF7A1F840B198F88830242B04D0AC
:10638000252B07D1322388F888303846FDF7C6F927
:1063900003461CE0162F14BF022620262B781B076D
:1063A00005D594F88930113B0F2B98BF082630464D
:1063B000BDE8F883112F15D005D8072F14D00D2F65
:1063C000E3D11A4B05E0142FDFD1194B1B68002BCA
:1063D000C4D02A694946144812799847002886D0C3
:1063E0000646DBE7134BF4E7134BF2E794F88A20F9
:1063F000062A04BF01226A757CE7104B0A489847B9
:10640000AB89DA06CAD594F889300A2BC6D10B239A
:1064100084F88930C2E70A4BF0E70A4BEEE708261A
:10642000BCE700BF6C0900207009002043651F0015
:10643000340F002081651F006B641F00D55E1F00B4
:10644000DD5F1F0001601F00837D63B9437CA3F102
:106450001002032A07D990F8500028B1202B8CBFD6
:106460000020012070470120704738B50446487865
:10647000A0F10E03DBB2092B08D8012140F2512212
:1064800001FA03F5154203D1082B06D0002038BDD0
:106490002246BDE83840FFF7CEBD636893F88830E8
:1064A000252B01D0322BF1D12046FCF7E0FF6368A9
:1064B00093F88920262AE9D093F8D9201A2120467A
:1064C00022F0010283F8D920626892F8D93023F0D3
:1064D000080382F8D930FBF7ABFBD7E7A0F10E0336
:1064E0000029DBB208BF1F21092B70B5144607D85D
:1064F000012540F251269D40354203D1082B06D09C
:10650000002070BD0021BDE87040FFF794BD5568C4
:1065100095F88830252B08D12046FBF789FB00230E
:1065200085F8883085F8C230EAE7322BE8D195F853
:106530008930A3F12402062AF1D9322BEFD02A2187
:10654000EAE702464068497890F88830252B0FD05A
:10655000322B0DD0042B0DD00F2B0DD0212B0DD0B5
:1065600090F88930272B0CBF1720FE20FFF7B6BF0D
:106570001620FBE70E20F9E71220F7E71420F5E7D5
:10658000024640680B4690F8D81041F0040180F8AC
:10659000D81099785878FFF7A1BF10B50C46D1E90B
:1065A000040101F0F1FA94F887304BB104F502745C
:1065B000204604F083FD2046BDE8104004F0B3BD42
:1065C00010BD0020704708B5FCF79AFFBDE80840F1
:1065D000FDF73EBA0022A0F8882080F88C2090F8C1
:1065E000BB3113B10221FEF727BB0321FBE70000FB
:1065F0002DE9F84FB24F0E468046B989BC688D052B
:1066000004F1780A54BFB4F8B8200023504653BFB1
:106610000132A4F8B83084F8BF31A4F8B820FFF7ED
:1066200013FF30B10B4604F5967221465046FDF734
:1066300015FCBB8903F4C0632BB194F88C30002B9C
:1066400046D0032B4BD094F88C20BB89012A04D16F
:10665000180544BF022284F88C20B8F1000F40F0E6
:106660009480590657BFB4F8D8214246013292B2FD
:10667000A4F8D82103F00A020A2A0CD13A7D022A92
:1066800009D123F008033046BB81FFF7F7FD304303
:106690000823C6B2BB813046FFF7F0FDBD6830432A
:1066A00095F80E31C6B2FE2B3CD1DEBB95F88A3090
:1066B000063B012B36D995F81831ABB195F8193155
:1066C00001220221A5F8BC6085F81031284628E196
:1066D000012184F88C102046FEF7AEFAB3E70223BE
:1066E000012184F88C30F6E795F889B0ABF1100BF6
:1066F0005FFA8BFBBBF1100F40F2E680AB6FDA075D
:1067000002D532460921E1E7980740F192803246EE
:106710000C212846FFF734FD95F8C93043F00103FA
:1067200085F8C930B4F8B83194F8BC510133A4F8F5
:10673000B831002D00F0E381FAF768FA10B10023B8
:10674000A4F8B83194F88C10012940F20D8294F825
:106750008A30072B40F0EB81B4F8B830022B40F2BE
:106760000382B4F8BA500135ADB2B4F87E302B4490
:10677000A4F8B03194F8BD31002B00F0F981012369
:10678000B4F87E201344A4F8B431BB89BD685B061D
:1067900057BFB5F8C4310023B5F8B6219B1858BFD0
:1067A0009BB2A5F8C43195F8183123B995F88A3011
:1067B000063B012B06D8B5F8BC30B5F8B62113441A
:1067C000A5F8BC3095F8C21031B1B5F8BE30B5F8B7
:1067D000B6211344A5F8BE3095F9C620002AC1BFE2
:1067E000B5F8C430B5F8B6011B18A5F8C43095F853
:1067F000AB3063B9B8F1000F40F048827B7D022BCB
:1068000040F0FD8195F81031062B18BF162395F83E
:10681000AA2022B92B4885F8AB30FCF7BBFF2846ED
:10682000FFF7D8FE002384F8BB31BDE8F84FFBF733
:1068300011BC590702D53246132147E71A0706D57E
:1068400095F80831324685F8103107213EE713F0FC
:10685000300F59D095F81B31002B55D195F81A31CE
:10686000CBB195F8893005F58D7105F26E22292B93
:1068700024D095F88830A3F12900434243412846AB
:10688000FCF7ADFCAB6F23F0200343F01003AB67C4
:10689000002385F81A31AB6FDB0635D505F5A171FC
:1068A0002846FCF7C7FCB5F8523000221521A5F8A0
:1068B0001031B5F85630A5F8123107E70123DEE7AD
:1068C0006C09002070090020D7F8089099F88930E9
:1068D000182B32D013D8112B20D0162B24D095F89A
:1068E0008830002B67D195F88930103B102B6AD97E
:1068F00095F8B630002B66D001221221E6E6202B57
:10690000EDD1324606210BE0B86890F88930262B8D
:1069100041D0352BE3D10022112102E032460B2178
:106920004846FFF72DFCFDE64846FDF79FF8002896
:106930003FF4F8AE00220421F2E799F86832012B07
:1069400007D1324605214846FFF71AFC89F86862EC
:10695000E8E699F86832022BD9B27FF4E3AE99F8F1
:10696000C83053B10623324689F810314846FFF744
:1069700007FC002389F86832EAE703210622B048C1
:10698000FCF794FD99F8D830324613F0040F0CBF91
:106990000D211121EAE790F82431022B02D10022C7
:1069A0001721BEE790F82431012B98D190F82531BA
:1069B000002BF4D093E7092B05D195F8093101227A
:1069C00085F8103141E7BBF1100F7FF6ABAEBD6823
:1069D00095F88890B9F1000F7FF4A4AE95F82B31AB
:1069E0003BB101220E212846FFF7CAFB85F82B9107
:1069F000AEE795F82A318BB195F8C93013F0030949
:106A00000CD101220C212846FFF7BAFB95F8C930BA
:106A1000134385F8C93085F82A9199E795F81A311A
:106A200033B395F81B311BBB95F8893005F58D7193
:106A300005F26E22292B19D095F88830A3F1290090
:106A4000434243412846FCF7CAFB002385F81A312C
:106A5000012214212846FFF793FBB5F85230A5F820
:106A60001031B5F85630A5F812315BE60123E9E79D
:106A700095F82431012B7FF455AE95F82531002B84
:106A80007FF450AE95F88930A3F12402062A7FF6F0
:106A900049AE322B3FF446AE95F86800012803D08A
:106AA000022801D0FFDFFEE795F86910012903D025
:106AB000022901D0FFDFFEE7022895F826210BD03E
:106AC000012A14BF0022012242B90A3B042B7FF69F
:106AD00029AE01221621F9E5022AF2E7022995F8EA
:106AE00027210AD0012A14BF00220122002AECD05B
:106AF00000215348FBF79CF814E6022AF3E7FAF763
:106B00007FF808B1A4F8B851FAF788F800283FF4E4
:106B100019AE94F8BF310133DBB2022B84F8BF31D8
:106B200082BF0023A4F8B83184F8BF310AE694F894
:106B3000B6301BB194F888300F2B15D1B4F8BA5089
:106B40005046B4F8B830ED1A033DFFF77DFC68B14C
:106B5000D4F8B030D4F8AC20033B9B1A9D42A8BFB8
:106B60001D46012D3FF700AE0125FEE52B46F5E75A
:106B7000012D7FF604AE94F8893013B10B2B7FF40E
:106B8000FEAD94F88830002B7FF4F9AD94F88A308C
:106B9000002B7FF4F4AD02297FF4F1AD94F8BF31FE
:106BA000002B7FF4ECAD2069B4F82E9000F007FCC8
:106BB00000283FF4E4AD94F80E31FE2B7FF4DFADF6
:106BC000B4F8B231012B7FF6DAADB4F8B821238CDA
:106BD0009A42BFF4D4AD013D9B1AADB29BB2B5FB56
:106BE000F9F59D4228BF1D4605FB09F3003D03F161
:106BF000010318BF01259BB284F8BA51C0E5012BEF
:106C000009D195F88B30002B7FF401AE0021284686
:106C1000FEF712F806E64EB1F00635D4310735D44A
:106C2000B20635D4B30735D1FFDFFEE751B1B5F871
:106C3000BE10B5F8C030994204D32223E7E500BF67
:106C400070090020002A05DDB5F8C420B5F8C03071
:106C50009A42F2D2B5F8BC20B5F8BA309A420AD2BC
:106C600095F88C20B5F8B83052B1B5F8BA209A42F0
:106C7000CCD80823CBE595F81831002BDDD1EFE710
:106C8000052BC3D93E23C2E51E23C0E53D23BEE547
:106C90002323BCE52A23BAE573B55B4B002501220B
:106CA000044698601A719D811D705D75FF2380F800
:106CB000BB31B0F8B231D3B190F80E31FE2B16D102
:106CC00090F818319BB190F88A30063B93420ED968
:106CD00090F819310221A0F8BC5080F81031FFF76C
:106CE0004FFA80F8BA510846FFF760FA03E094F8CB
:106CF0000E01FE28F8D1B4F8B61104F17806E38D40
:106D00000139B4F8B821304689B2B1FBF3F313442A
:106D1000A4F8B831B4F8B8300B44A4F8B830FFF791
:106D200093FB20B1D4F8AC300B44C4F8AC30B4F8C9
:106D3000B2310025012B9CBF0133A4F8B23109B157
:106D400084F8BF5194F8893084F8BA51A3F10A024B
:106D5000012A29D8B4F87E30B4F86C229B1A1904A1
:106D60003BD404F26E2104F19000FBF761FE84F83D
:106D70008950FF2384F8C330B4F8B6212146304649
:106D8000FBF79DFE94F889302049113B204A0F2BD8
:106D90008CBF0023012301931E4B00931E4B03C99C
:106DA000F9F76EFE02B070BD292B16D1B4F86C2233
:106DB000B4F87E309B1A1A040FD484F88950FFF778
:106DC00013FA014630B984F8240102B0BDE87040DE
:106DD000FFF70EBC84F82451CEE794F8883003F016
:106DE000FD03292BC8D1B4F87E30B4F86C229B1A6D
:106DF0001B04C1D4002384F88830FFF7F5F901465D
:106E00000028B9D1E1E700BF6C090020700900201B
:106E1000255F1F00F1651F00ED5E1F0038B50446B9
:106E2000084694F8683213B10C25284638BD94F80A
:106E30008930162B01D0182BF6D194F8843203F048
:106E4000FF05002BF0D178B194F8D6310BB9FFDFF4
:106E5000FEE7052304F1F00204F5E37104F0FDFF01
:106E6000012384F86832E0E70223FAE7D0F87432AD
:106E70008269934210B5044604D1D0F87812026AB0
:106E8000914215D0228804F28D100F49A4F8972161
:106E900040F2E242B3FBF2F3A4F89931B4F878324D
:106EA000A4F89B31B4F87A32A4F89D31FCF724F9A8
:106EB00002212046FBF743FD002384F88930032399
:106EC00084F88C3010BD00BF61381F0008B5FCF796
:106ED00077FB024B024A1A6008BD00BF340F002046
:106EE000D1601F00FCF780BB064A074B02604FF4DD
:106EF00026725B7882800822C3710023827103723C
:106F0000704700BF9B651F0084090020064A074B9D
:106F100002604FF498725B7A82800822C371FF236B
:106F200082710372704700BF41581F00840900201E
:106F3000094B07B5DA886846ADF800209A885B8867
:106F4000ADF80420ADF80230FAF7F4FC08B1FFDF29
:106F5000FEE703B05DF804FB84090020F8B5C41D0A
:106F60000028054624F007040CBF0020204600F04E
:106F7000DBFB071E02DA6FF00B00F8BD254EB1886F
:106F800070880331F3790330B27989B280B200F0AE
:106F900095FD0028EFDB3C4473783178002D04F137
:106FA0000304194424F0030400FB01F10CBF00208A
:106FB000204600F097FD23180DB9002BDBDB717A1A
:106FC000184679B10333002D728923F003040CBFF6
:106FD0000020204600F0F4FD0028CCDB20440DB951
:106FE0000028C8DB317A91B1737A83B1C41D002DBA
:106FF00024F007040CBF00202046FDF771F800289C
:10700000B9DB0DB10020B8E72018B6D5B3E7002DE5
:10701000F8D1B2E78409002010B5044604F002FE5E
:1070200010B94FF0FF3010BD02F0B8FEB0F5FA7F96
:10703000F7D80D4B00221A744FF48072DC601A806E
:107040001B225A809A8040F20322DA804FF4847225
:107050001A811F225A81EFF3108472B601F026F8CC
:1070600004B962B60020DEE78409002010B50028CC
:107070003CD1214C237C032B35D059B1002A38D088
:107080000239052932D8DFE801F00312233126291D
:10709000137863700020FFF761FF0028B7BF01235A
:1070A00002236FF00B002374A8BF237410BD137963
:1070B000FBB15379EBB113881A2B1AD953881A2BC9
:1070C00017D913689288C4F802300C4B9A80E1E714
:1070D00013786372DEE713886381DBE71388FF2B85
:1070E00007D82372D6E74FF0FF30DFE76FF02C00B0
:1070F000DCE76FF01500D9E784090020860900203D
:10710000F8B50D46064620B319B311F0070420D197
:10711000114F3B7C012B02D16FF00B00F8BD032B0C
:1071200002D14FF0FF30F9E700F056F80028F8D010
:107130002846FFF713FF0028EEDBF6F7E6FD3046A2
:107140002146FAF7D5FCFFF7F3FE032320463B74F4
:10715000E4E76FF01500E1E78409002010B5064C64
:10716000237C032B03D1FAF7D9FCFBF79FFE00F039
:10717000C1FF0020207410BD8409002008B5FAF773
:1071800083FC03490120BDE8084000F0C5BA00BFF8
:107190000D6F1F0008B5FAF78BFC03490020BDE80E
:1071A000084000F0B9BA00BFE96E1F00FAF7FCBB57
:1071B000FAF70BBCFAF70CBCFAF704BC0268002023
:1071C000014B1A60704700BF98090020014B1B68F3
:1071D000184700BF98090020024B1868003818BFF4
:1071E00001207047980900200A8870B595B2C67CC6
:1071F000C2F30E020488023602F118033444C35A63
:10720000A4B233442344013BB3FBF4F303FB042255
:10721000438892B29342044B8BBF2B40AB43134342
:107220009BB20B8070BD00BF0080FFFFF8B5941CBF
:107230000E46054617460C446343B3F5004FA8BFFE
:107240004FF0FF3310F0030101D0FFDFFEE79CB2E7
:10725000B4F5004F01D9FFDFFEE71422043004F03B
:1072600057FFEF746C802E80F8BD03888B4210B5F9
:1072700001D2FFDFFEE7C388048983EA0402C2F378
:107280000E020AB9A34207D1C3F30E030122183339
:10729000C1528274184410BD1046FCE7023101440B
:1072A0004A43B2F5004FA8BF4FF0FF3290B21B30F7
:1072B00020F00300B0F5004F34BF00B24FF0FF30B4
:1072C000704740881B3020F00300B0F5004F34BFFA
:1072D00000B24FF0FF3080B2704738B503888B4260
:1072E00001D2FFDFFEE7857C65B1C388C3F30E03DF
:1072F0001833C25A8A4207D3C152811DFFF774FF67
:1073000000238374284638BD0025FBE70346183068
:10731000F0B59E88DD88B4B2C6F30E06A54214D03F
:107320005F89DD7C845B3D44E41B0235A4B23544B7
:1073300028440D88A54284BF0C8025465989B1FA9E
:1073400081F149091170DD81F0BD00252846FAE779
:10735000F8B582880026C38904460D4692B20E60B5
:10736000B3B14189C2F30E020B4418329BB28718A5
:10737000825A4381934201D9FFDFFEE704D1011D08
:10738000FFF732FF46812F6000230120E381F8BD23
:107390001846FCE701898388C1F30E029BB21832BC
:1073A0001044994208BF0020704783880146028933
:1073B0009BB29A4202D00831FFF716BF704783880C
:1073C000C0889BB2C31A584258417047828873B52F
:1073D00095B2C488C2F30E02AC4202F1180212D078
:1073E0004189C689835A314499420EDB0DF1060169
:1073F000ADF80650FFF7F8FEBDF80600001B18BFF9
:10740000012002B070BD0020FBE70120F9E770B554
:10741000C488034606891830C4F30E0584EA0602C0
:10742000C2F30E020AB9B4420FD19C891A880CB17A
:10743000465B921B914207DCDA7C2C4402322244E8
:1074400010440A461A8270BD00221046FAE7F8B5C9
:10745000038A002B35D08B4233D3C48800F1180344
:107460008589C4F30E041E1995B91D55757085895B
:107470001E5B0D443144ADB285811953BAB1811DF3
:10748000FFF7B2FE00238381002303820120F8BDB1
:107490001E5BAE4201D0FFDFFEE7C57C2644878A33
:1074A000023535445E195F53857DB570DFE7C27CD8
:1074B000254402322A4499189B5A83828B7883751B
:1074C000E2E70020E3E78388C2889BB29A4206D0B5
:1074D000428922B9C3F30E031833184470470020C1
:1074E0007047C37C0233C8187047C37C0233C81A84
:1074F00070470230704738B58388C2889BB29A4281
:1075000007D045892DB9011DFFF76EFEC581012009
:1075100038BD0020FCE70023838103827047038885
:107520001380C388C3F30E031833034480890B60B0
:10753000704700004A1E03460846062A01D8FFDFAE
:10754000FEE7094A914201D9FFDFFEE711B94BB1CD
:10755000196070472BB11B680022C3E901211A1D75
:107560001A600430704700BFFAFFFF7F03680022F3
:1075700023B9C0E90132031D0360704759681B68D5
:107580000A44F5E70729034670B501D8FFDFFEE797
:107590000068C0B1446806461A688C4210D0106872
:1075A00060B901F10805AC420DD354685050186819
:1075B000651A541800686560505002E01346E9E708
:1075C000146830461C6070BD0023C1E900320368B6
:1075D0000B600160704730B5458804882C441D4419
:1075E000A24298BFA41AAA4201D2FFDFFEE72344B9
:1075F0009A4201D2FFDFFEE7081930BD70B5468818
:10760000048834441E44A24298BFA41AB24201D254
:10761000FFDFFEE723449A4201D2FFDFFEE7468008
:10762000081970BD30B504884588E41A1D44A4B219
:10763000944224BFA418A4B29542048001D9FFDF6C
:10764000FEE72344934201DDFFDFFEE74580081992
:1076500030BD70B504460088C618B5B2954224BF47
:10766000AD1AADB2258065889D4201D2FFDFFEE7ED
:10767000964201D9FFDFFEE7ED1A0844658070BD30
:1076800030B590B18478B1FBF4F304FB131300EB35
:10769000430252898A4201D1D8B230BDC27822B9A0
:1076A00000F10803D0B2844201D8FF20F5E733F897
:1076B000025F01328D42F5D1EFE78278038805320F
:1076C0004B4303EB420318447047000010B5114BC5
:1076D00000EB41041A786389B3FBF2F303FB022346
:1076E000013A1A44B2F5706F0279807828BF0023FE
:1076F0001A440B18B2FBF0F100FB11215B1AB3FB2B
:10770000F0F100FB113313446FEA43436FEA534334
:10771000638110BD9C090020024B03EB800359607C
:10772000704700BF9C0900202DE9F04F10F00709B9
:1077300085B0044601D0FFDFFEE7564E824606F1D3
:107740002005A8462F4633688DF80B903BB101A861
:1077500098479DF80A30082B01D9FFDFFEE79DF816
:107760000B0038BB04B12860043604354645EAD125
:10777000002C76D00022DFF820810726964688F874
:10778000002057F82690013EB9F1000F5CD099F81F
:10779000045099F802C0FF2D68D031460023481CE0
:1077A0003FD19C44BCF1FF0F46D90AB188F800E0F4
:1077B000FFDFFEE79DF80AC0BDF80810CCF100031A
:1077C000614401391940B1F5803F01D3FFDFFEE785
:1077D000BCF1020F00F1050338BF4FF0020C5A0054
:1077E0000AEB43030CF1FF3ECCF1000C734403EAB7
:1077F0000C039CB19A1A4FF0010C2A609070118012
:1078000082F803C09DF80CC082F804C0DDF804C003
:107810004FEA1C4EA2F808C0A2F806E001FB003AAD
:10782000A2E757F8210028B190F804B0AB4504BF97
:1078300080781B180139B2E7DBB2E64589F80430DD
:107840003CBF5FFA8CFE0122731C9AD10AB188F802
:1078500000E0072540F6FF6957F82560BEB9013DF5
:10786000FAD2AAEB040005B0BDE8F08F0023E4E7EC
:1078700006EB410308F101083046A3F80A90FFF730
:1078800025FF5FFA88F1B3788B42F1D8E7E74FF034
:107890000008F6E7A00900209C090020034B03EB39
:1078A0008003586A00B18078704700BF9C090020AF
:1078B0004FF6FF73024630B40380164B03EB81038F
:1078C000586AA8B184780379B3FBF4F104FB11334F
:1078D000DBB2194600EB4105B5F90A50002D0CDB6F
:1078E0000131B1FBF4F504FB1511C9B28B42F1D1A2
:1078F000002030BC7047FFDFFEE700EB41046389E6
:10790000C3F30E031380C278002AF4D0638130BC25
:10791000FFF7D3BE9C0900201B4B03EB810370B51E
:107920005C6A05462CB3030401D5FFDFFEE7014680
:107930002046FFF7A5FEFF28014604D02046BDE8FB
:107940007040FFF7BABEA078B5FBF0F300FB13530D
:10795000DBB219460A1D04EB4206B6F90260002E9E
:1079600009DB0131B1FBF0F200FB1211C9B28B420D
:10797000F0D1002070BD8B4201D00023E37004EBF6
:1079800042025580DAE700BF9C090020094B03EB57
:107990008103014610B55C6A2046FFF771FEFF289F
:1079A000014604D02046BDE81040FFF786BE002007
:1079B00010BD00BF9C090020F8B5104B074603EB33
:1079C000810301465C6A2046FFF75AFEFF28054600
:1079D00011D0E288238953EA024606D001462046A8
:1079E000FFF76BFE01463846B04720462946FFF7B1
:1079F0006DFE0020F8BD0520FCE700BF9C090020BB
:107A000038B50E4B0446827903EB8203586A08B9F5
:107A1000052038BD8278E1799142F9D24B1CE3719F
:107A200000EB41035D89B3F90A30002BF3DBA5803D
:107A3000FFF743FE20600020EBE700BF9C09002019
:107A400037B500240546CDE900448DF806006846A8
:107A5000FFF7D6FF224601340028F8D02846FFF76A
:107A60001DFF801AC0B203B030BD37B500240546F3
:107A7000CDE900448DF806006846ADF80440FFF7F4
:107A8000BFFFBDF8044008B103B030BD2946204611
:107A9000FFF792FF0028EFD0FFDFFEE708B5064BA7
:107AA00003EB81030146586AFFF7EAFDFF2801D185
:107AB000FFDFFEE708BD00BF9C09002070B51E4631
:107AC0000D460A21FFF7EAFB044632460921284603
:107AD000FFF7E4FB40EA04031B0454BF00194FF016
:107AE000FF3070BD70B5044610F003000E4601D0A3
:107AF000FFDFFEE7FFF71EFD054624B103483146D0
:107B00000460FFF717FD284670BD00BFE0090020A4
:107B10002DE9F14FDFF86CB01E4607460D46DBF845
:107B2000003090469DF828A09DF82C900BB9FFDFFF
:107B3000FEE752460A214046FFF7B0FB4A4684B2B0
:107B400009213046FFF7AAFB81B2DBF8000021448F
:107B5000FFF718FD386018B9286001B0BDE8F08F54
:107B60000444534641460A222C603868FFF75EFB06
:107B70004B4609223146286801B0BDE8F04FFFF7B7
:107B800055BB00BFE009002070B50E460446FFF764
:107B900098FB05463046FFF794FB044B2A18214614
:107BA0001868BDE87040FFF70FBD00BFE009002076
:107BB000024B186808B1FFF7D9BC7047E0090020F4
:107BC0001F2AF0B5044623D89200033248B1830738
:107BD00001D0FFDFFEE7104B586022F00300197060
:107BE0001881282322F003020025012703FB01F05E
:107BF0001204094B120C5B68EEB2B14200D8F0BD22
:107C000014B126181F705E60104401352833F3E765
:107C10004FF0FF30F3E700BFE4090020144A0021D1
:107C200070B553681578C8B2854201D8FFDFFEE70A
:107C30001C461846013114F8286B0EB92346F2E7AA
:107C40000021997001241289996103F126055C7065
:107C50009208D96103F11E04596824F8022FAC423E
:107C600043F8041F1144F8D100234361037070BD31
:107C7000E409002001230370704710B5FF238B70C7
:107C8000C2F3800301245B00DBB2CA18127D032A11
:107C900008BF0133CA18147503F10C04002201EB6C
:107CA000830321F814205B688A700360828010BD12
:107CB000F8B50C46054611461E4684F001046400E2
:107CC000E4B2FF23837003191B7D012B05D001341F
:107CD000E4B203191B7D012B0AD105EB44073B8B52
:107CE0003A8C9819904205DD00232C443B83237580
:107CF0000020F8BD05EB840432466068184404F0A7
:107D000053FA3B8B1E443E830023AB700120F0E707
:107D100081F00101490010B5C9B2FF2383704318F7
:107D20001C7D012C07D10C3120F8112002221A757C
:107D30000023837010BD0131C9B243181C7D012C92
:107D4000F1D0FFDFFEE7024630B5837803F0FF0095
:107D5000F3B9137D022B19D0537D022B15D10346A5
:107D6000012089B10024D5180C332C7522F813405A
:107D7000131803241C7502EB80035B680B6000F191
:107D80000C0332F813308B80012030BD0123E8E76B
:107D90000020FAE7034630B5827802F0FF00E2B92E
:107DA0009A7D022A17D0DC7D022C13D1032281B1E7
:107DB0001D1900200C34287523F81400981803248A
:107DC000047503EB82000C32406833F8123008600F
:107DD0008B80012030BD0324E9E70020FAE7037D12
:107DE000012B01D1008B7047437D012B0CBF408BD1
:107DF00000207047837D012B01D1808B7047C37DAC
:107E0000012B0CBFC08B00207047027D022A01D1DC
:107E1000008B7047437D022B01D1408B7047032AB2
:107E2000F6D0032BF9D000207047827D022A01D1C1
:107E3000808B7047C37D022B01D1C08B7047032A12
:107E4000F6D0032BF9D00020704730B503B930BD10
:107E5000013BDBB2CC5CD55C6C40C454F6E7013925
:107E60000244002310B5904200D110BD11F8014F1B
:107E700043EA440300F8013B0B78DB09F3E70428ED
:107E80007FB509D10123059101A800218DF80430A7
:107E9000ADF80830ECF7A6F807B05DF804FB000079
:107EA000104B2DE9F041064693F800805D680027ED
:107EB000FCB2A04501D800200FE0AA7BB37B9A4218
:107EC0000DD1EA7BF37B9A4209D10C223146284638
:107ED00004F00EF918B9601CC0B2BDE8F08101379A
:107EE0001035E5E7F009002038B50B460446B8B177
:107EF000B1B102010021184604F00AF9094A03460B
:107F0000014602F1100052F8045B824241F8045B22
:107F1000F9D1054A0121002011701472536038BD57
:107F20000120FCE7F55D1E00F009002038B504468D
:107F3000FFF7B6FF90B90A4A1378117A99420DD922
:107F400051682046103401EB031150F8045BA04245
:107F500041F8045BF9D10133D8B2107038BD00BFCD
:107F6000F0090020014B1878704700BFF00900208D
:107F7000044B187801281EBF00F1FF301870002054
:107F8000704700BFF009002038B5022814464FF0B2
:107F900000020D46A270228008D10B880BB9012087
:107FA00038BD0122A27000202380F9E71028F6D105
:107FB000084633B1FFF7BAFFA0700028EFD0AB89B5
:107FC000F1E7FFF76DFFF7E70023FFF7DDBF0000E4
:107FD00070B509B9012070BD00230B708378012BA7
:107FE00009D122B10388137003881B0A537002233E
:107FF00000200B70EFE7EDD90D4C25789D42E9D3B9
:108000009AB103F180536468013B04EB03131446F7
:1080100003F1100553F8046BAB4244F8046BF9D13B
:108020000388137303881B0A53731023E0E700BF10
:10803000F00900200B4B01224FF0FF3000215A6065
:10804000C3F80803C3F80015C3F804255A6040F6C6
:10805000FE72C3F80803C3F8001503F56033C3F8D4
:108060000825704700A004500E4B802200210E48C6
:1080700083F88A1383F8E51383F8851383F84B2379
:1080800083F84A23C27783F8D71383F80E2483F842
:108090004E2383F81C23C02283F81E2383F81D235C
:1080A000704700BF00E100E000ED00E008B5FFF719
:1080B000C1FF0E4B4FF48062C3F88820BFF34F8F8F
:1080C000BFF36F8FC3F8882140F6FE72084BC3F8E8
:1080D000082500F003FA00F0ADFC1D2000F094F834
:1080E00000F05AFDBDE8084000F01CBE00E100E0D1
:1080F0000020085008B5FFF79DFF0B4B4FF480623E
:10810000C3F88820BFF34F8FBFF36F8FC3F8882168
:1081100040F6FE72054BC3F8082500F041FDBDE8AE
:10812000084000F015BE00BF00E100E0002008504C
:108130000920704702F0A4BE03F05EBA03F04EBF00
:1081400002F0A6BE06207047203838B5C3B20C46F0
:108150002F2B09D8054B53F82050D1E90223D1E940
:108160000001A847206038BD0120FBE7085E1E0023
:10817000114B1A6870B5E2B15A6809210125013224
:108180001E68092A28BF002205FA02F426420DD0F3
:108190005A60EFF3108172B61A6822EA04021A607C
:1081A00001B962B65B680360002070BD0139E6D199
:1081B0005A600520F9E700BFFC090020074BB3F91E
:1081C0000830002B09DB5A09012103F01F039940F5
:1081D00002F14003024A42F823107047FC090020D4
:1081E00000E100E010B4EFF3108172B6054A0123FC
:1081F000146803FA00F02043106001B962B610BCA5
:10820000FFF7DCBFFC090020024B002218811A6036
:108210005A607047FC090020044B1A68012303FAD6
:1082200000F01040003818BF01207047FC09002002
:10823000F0B5164B40F20114C3F80045D3F80444DE
:10824000E407FBD50023114C93424FEA830513D179
:10825000D4F81834D80706D401230C4AA360D2F806
:108260000434D907FBD5094B0022C3F80025D3F805
:108270000424D207FBD5F0BD51F82360D4F8047470
:10828000FF07FBD501334651DEE700BF00E0045095
:10829000012910B53BD0022912D0002949D1264C22
:1082A0002378022B01D0FFDFFEE7D4E90121E0684B
:1082B000FFF7BEFF05232370BDE8104002F088BE23
:1082C0001D4C01F01AFED4E90432C01A1B4B61EBBD
:1082D000020183424FF000038B4120D3A369F3B91D
:1082E0002378022B01D0FFDFFEE7C0F5452084F89C
:1082F0002830012304F1200100F54160A3612063CF
:1083000004F1380002F07AFE80B9FFDFFEE70A4C84
:108310002378052B05D003F0FB03022B07D10320A4
:1083200000E00220FFF75EFF0023237010BDFFDF97
:10833000FEE7FFDFFEE700BF080A00200F5C0C002D
:10834000F8B5044608B9FFDFFEE790F85850052954
:1083500000F2BC80DFE801F0037A42626B7490F8AF
:108360002A30033B012B01D9FFDFFEE7052380F80C
:108370002A30002380F859300378EBB12378012BA1
:1083800024D102F0D3FE636894F828606362C4E9E4
:108390000601F6B901F0BFFD3146204603F092F91F
:1083A000236A3146284698470146204603F0C4F91F
:1083B000022840F08D80F8BD01F09FFD07460E4673
:1083C00002F0B4FE87428E41F6D3D7E7D4E9040128
:1083D000D9E72046BDE8F84003F07CB990F82A3090
:1083E000DA1E012A01D9FFDFFEE790F828202AB122
:1083F00021462846BDE8F84003F02AB9042B036A59
:1084000018BF012180F82A10052128469847002826
:10841000D1D00378002BCED0FFDFFEE790F82A30D2
:10842000052B01D0FFDFFEE7036A0221BAE790F8CF
:108430002A30052B01D0FFDFFEE7036A0121B1E7F7
:1084400090F82A30052BC4D0FFDFFEE790F82A30E1
:10845000052B06D090F829200AB1032B01D0FFDFAD
:10846000FEE794F82820002AC2D194F859307BB155
:1084700002230821284684F8592084F82A30236AE8
:108480009847002897D00378002B94D0FFDFFEE7B1
:1084900094F8292052B1214604F1300084F82930A3
:1084A00002F0ACFD002886D1FFDFFEE702230721A2
:1084B000284684F82A30236A984700283FF47BAF87
:1084C0000378002B3FF477AFFFDFFEE7FFDFFEE727
:1084D0000128236A0CBF0421032163E7014B00221A
:1084E0001A707047080A00202DE9F04704460F462D
:1084F0009146002A00F08C80EDF71CFE18B10F2584
:108500002846BDE8F08709F1FF35AD0015EB0408FA
:1085100040462CBF01260026EDF70CFE0028EED1C8
:10852000002EECD13C4BD3F82C33B4EB832F4FEA25
:1085300083226FD290456DD244EA07039B0769D12D
:108540003846EDF7F7FD0028D9D1E8192CBF4FF0D8
:10855000010A4FF0000A5546EDF7ECFD0028CED198
:10856000BAF1000FCBD12D4B1A682D4B9A4205D092
:108570004A4639462046FFF75BFEC1E7294E33786D
:108580000BB11125BCE70220FFF746FE0028F8D109
:108590000320FFF741FE02460028F2D1224906F1EE
:1085A000380002F025FD0123C6F818A03370C6F884
:1085B0000490C6E9027401F0A0FC3378012BC6E9EF
:1085C000040101D0FFDFFEE7240986F82030174BB5
:1085D0003146C4EB181406F138005C434FF47A734B
:1085E00004F5AD3404F2A714B4FBF3F440F20343F2
:1085F0001834338547F2305374623363022301F831
:10860000203B02F0FBFC00287FF47AAFFFDFFEE79F
:10861000092575E7102573E700C0FF00D40A002084
:10862000BEBAFECA080A002091821F00C05701008E
:10863000024B4FF08042C3F80021704700E100E098
:10864000233023289ABF024B185C0320704700BFD9
:10865000C85E1E0010F1230F02D018B1FFDFFEE745
:108660004FF4005070470020FFF7BCBD10B50A2939
:108670005BD8DFE801F006060606064D5A5254564E
:10868000580001392A4C032903D8DFE801F01215FC
:10869000181B002003F0E2F8A36800209847002888
:1086A00039D003782370032B30D8DFE803F0100EA5
:1086B0001012A3680120F1E7A3680220EEE7A36887
:1086C0000320EBE7A3680420E8E7436863601848E9
:1086D00010BD4368002BF9D01A7822734AB91A7971
:1086E00022749A6862615A79DB686274A361114BE3
:1086F000ECE7012A08D11A792274DA68A2615A7962
:108700009B6862746361F2E7FFDFFEE7FFDFFEE76D
:108710000420FFF767FD0020DAE70620F9E70520CF
:10872000F7E70720F5E7FFDFFEE7FFDFFEE700BF23
:10873000680A0020740A002008B503F0D3FBBDE8E6
:108740000840FFF787BF08B503F0D0FBBDE808403D
:10875000FFF780BF08B503F0D8FBBDE80840FFF77E
:1087600079BF000008B50449002001F081FABDE896
:108770000840FFF765BF00BF67861F0008B50020EF
:1087800001F094FABDE80840FFF75ABF0146002007
:1087900008B501F0A5FABDE80840FFF751BF000099
:1087A00008B5034A02F09EFBBDE80840FFF748BF4A
:1087B00031861F0010B5044603F058FB20600020EE
:1087C00010BD000013B504460720FFF725FD80B952
:1087D0000DF10701084803F06BF8FFF731FF30B9DE
:1087E0009DF807300BB1FFDFFEE7044B9C6002B041
:1087F00010BD1120FBE700BF6D861F00680A002036
:1088000008B5002003F08AF8BDE80840FFF718BF5C
:108810001FB5F8B103788DF800307BB983680293F7
:108820008388ADF80430C36803936946002003F0E1
:1088300093F805B05DF804EBFFF702BF012B07D1F9
:10884000C36803938388ADF8043083680293ECE730
:10885000FFDFFEE7072005B05DF804FB70B50646B4
:108860000C460025AE4204F10C0401DC002070BD72
:10887000002354F80C0C013554E9021203F0EDFA10
:10888000F0E7014600F1200208B51031002303F0A3
:10889000E4FA002008BD0000094A1378FF2B01D13B
:1088A000FFDFFEE7EFF3108172B613780133DBB21E
:1088B000012B137004BF034A136301B962B67047FA
:1088C000840A002000E01050094A13780BB9FFDF3A
:1088D000FEE7EFF3108172B61378013BDBB2137041
:1088E00013B9044B01225A6301B962B6704700BF45
:1088F000840A002000E0105008B5FFF7CDFF044BBC
:10890000044AD3F8181551600122C3F8182508BD90
:1089100000E00450840A002008B5FFF7D5FF034BA0
:108920005A68034BC3F8182508BD00BF840A00200D
:1089300000E0045008B520B101280BD042F2040039
:1089400008BD094B1A7A1AB901221A72FFF7A4FF5F
:108950000020F5E7044B1A7A002AF9D000221A7297
:10896000FFF7B2FFF4E700BF840A002082B0104B8B
:10897000104A60B14FF48051C3F80413D2F8303577
:1089800043F00103C2F83035002002B07047D2F83E
:10899000301521F00101C2F830154FF48052C3F8B0
:1089A0000823C3F83001D3F830310193019BEBE782
:1089B00000E01050000012500B289FBF064AD2F86A
:1089C000303523F01E0343EA40009ABFC2F8300559
:1089D000002042F2050070470000125001289DBFA0
:1089E000044B53F82020002007209EBF1368194332
:1089F00011607047EC5E1E0001289DBF054B53F8C7
:108A00002020002007209EBF136823EA0101116087
:108A1000704700BFEC5E1E0001289DBF044B53F859
:108A20002030002007209CBF1B680B60704700BFF0
:108A3000EC5E1E00084B4FF4E0420849C3F80823DF
:108A40000022C3F830210A720A7001225A634FF4DF
:108A50008042034B1A62704700E01050840A0020E5
:108A600000E100E008B5074BD3F830212AB100221D
:108A70000120C3F83021FFF7B5FBBDE8084000F046
:108A80001DBF00BF00E010502DE9F0473E4C0546E9
:108A90000E46D4E90032013342F10002C4E900324B
:108AA000120402D50820FFF79DFB6368DB0301D5A4
:108AB00000F082F9B0464FF00009B8F10F0F34D83A
:108AC00016F00F0725D094F83830F61B03EB070893
:108AD00035442E4EB8F1100F12D994F8273006F114
:108AE000200206F1100130460133B8464FF001096B
:108AF00084F82730042303F0B0F9002384F83830D9
:108B000020333A462846D9B2314403F04DFB84F86D
:108B10003880B9F1000F34D01C4B002003F1100253
:108B20001946BDE8F047F8F787B8A6EB0803EF1839
:108B300094F8383073B194F827304FF00109144A93
:108B40000133A2F1100184F827300423A1F11000B1
:108B500003F083F9DFF838C03B460CF1100762469A
:108B6000083303CABA4243F8080C43F8041C94467D
:108B7000F5D11023A8F1100884F838305FFA88F88E
:108B80009BE7BDE8F08700BF900A0020980A00200C
:108B9000B80A0020FFF778BF0820FFF723BB0000CA
:108BA00010B5074C3422002104F1080003F0B0FA9C
:108BB00000230022C4E90023002384F83C3010BDC8
:108BC000900A0020034B93F83C00431E5842584142
:108BD000704700BF900A002038B505460C46EDF7F7
:108BE000DFFA60B9084B93F83C30012B09D10CB97E
:108BF000002038BD21462846FFF746FFF8E7102041
:108C0000F7E70820F5E700BF900A002070B5064698
:108C1000EDF7C6FA044690B90A4DFFF7C1FF30469A
:108C200005F1080305F118021946F8F705F8FF23C6
:108C3000204685F83830012385F83C3070BD10207F
:108C4000FCE700BF900A0020014B187803F08AB9B6
:108C5000A0000020F8B51D4C01F04FF906460D4666
:108C6000D4E90223904271EB030314D301F08CF892
:108C7000174BD4E902121B685B18D4E9040142F1D6
:108C80000002834272EB01073CBF18461146C4E95B
:108C9000023201F03EF9D4E90423964275EB030356
:108CA00013D34FF0FF324FF0FF33D4E90201C4E990
:108CB0000423B1F1FF3F08BFB0F1FF3F01D001F045
:108CC00028F9BDE8F84000F091BAF8BDA0000020F6
:108CD000D00A002001F011B930B4074C0B46C4E9AA
:108CE0000401D4E90254A842A34102D230BC01F0ED
:108CF00010B930BC704700BFA000002010B504467A
:108D000001F0FBF8054B201841F10001C3E9020115
:108D1000034B1C60BDE8104001F0FBB8A000002030
:108D2000D00A002010B5074C2378FF2B01D0FFDFBD
:108D3000FEE7054803F0F2F820700448BDE8104053
:108D400001F0E5B8A0000020558C1F00498C1F00E1
:108D500010B5064C002001F0DAF82078FF2803D087
:108D600003F0F4F8FF23237010BD00BFA000002023
:108D7000034B044A1968914204BF00221A607047ED
:108D8000D40A0020BEBAFECA08B5084B1B6803B15E
:108D90009847BFF34F8F0649064BCA6802F4E0625A
:108DA0001343CB60BFF34F8F00BFFDE7D80A00200D
:108DB00000ED00E00400FA0570B50C4D0C4B2A687C
:108DC0009A4211D1FEF7CAF9044608B1FFDFFEE767
:108DD000EFF3108672B6EDF70DFAFFF78BF902F09C
:108DE000BFFE2C6006B962B6002070BDD40A002018
:108DF000BEBAFECA2DE9F047054688B08846EFF3B3
:108E0000108672B6DFF8D8A1DFF8D891DAF8003012
:108E10004B4506D106B962B60824204608B0BDE825
:108E2000F08771480021714A121A03F071F97049F4
:108E3000704A7148714B521A1B1A9A4201D0FFDFD7
:108E4000FEE703F0B1F96E4A136A590448D49368F7
:108E50005B0545D4946814F4006441D12346EC20AA
:108E6000590903F01F0752F82110F940CF0710D518
:108E7000644F002157F804CB634531D001310629F6
:108E8000F8D1D11891F800737F0940FA07F7F90774
:108E900026D50133B3F5007FE2D14046CAF80090F1
:108EA000EDF758F9002840F08E80574BC3F800804A
:108EB000002D52D02846EDF797F9002840F0838026
:108EC0002A78022A00F285806B7872B9013B1F2B49
:108ED00004D8AB78212B01D8012B0BD1072473E0E8
:108EE00006B962B641F2010497E7002BF6D1AB78E0
:108EF000002BF3D1EB780B2BF0D8AB79002BEDD016
:108F0000424BD3F8103503F00303032B64D1404BDD
:108F100002AF03F1180C1868083353F8041C3A46E2
:108F2000634503C21746F6D1AB7801212A888DF834
:108F30000230ADF8002008AAEB78364802EB430374
:108F400033F8183CADF8043000238DF8063002F0F9
:108F50008BFC024618B1FFDFFEE72F4DD0E71C2146
:108F6000684602F0AFFD08B1FFDFFEE7A88800F019
:108F700097FF08B1FFDFFEE7FEF74EF808B1FFDF0D
:108F8000FEE7FFF771F8FEF7F9F8FEF703F9FEF7D1
:108F90000DF9FEF70FF9FEF70BF9FEF70DF9EDF7F6
:108FA00027F9A8791D4A6B78504323B11C4A5343D3
:108FB000984228BF184608B1FFF7A0FE002E7FF4A4
:108FC0002CAF62B629E7102406B962B6FFF7F4FEAB
:108FD00023E74FF48054F7E741F20304F4E700BFBE
:108FE000D40A0020BEBAFECAE4000020380F0020D8
:108FF000B4C21F0018C31F0080000020E40000203E
:1090000000E100E0FC5E1E00D80A002000200E50A7
:10901000145F1E00DC0A0020F45E1E0040420F00B8
:1090200090D00300044B054A1B689A1A53425341DF
:1090300003700020704700BFD40A0020BEBAFECAE9
:10904000112810B50C4609D012280BD010280DD1CC
:10905000D1E90001FFF7CEFE206010BDFFF7ACFEA6
:109060000020F9E70868FFF7DDFFF9E70120F3E7E3
:109070002DE9F0410D4D04466B78834214D96F6899
:1090800007EBC00898F8046000F082F910B9FF23DC
:1090900088F80430AB6853F826302BB157F83410F9
:1090A0003046BDE8F0411847BDE8F0813C0B002098
:1090B000FF2B70B505460C461046194601D1FFDF5F
:1090C000FEE712F0030201D0FFDFFEE7DE0030B161
:1090D000054BC3E9010530449970DC701A8000F03B
:1090E000BBF8304470BD00BF3C0B0020064B02466D
:1090F000D9781878814201D8FFDFFEE7996841F8F6
:109100002020421C1A7070473C0B00202DE9F041D2
:109110001B4C0F4611460346227882421CD96668D2
:10912000002594F801C0FF2006F10408EAB2944536
:1091300014D8FF2806D1A27862451AD00CF101029A
:109140006046627006EBC002137146F8307000F0A2
:109150009BF878B9FFDFFEE7FFDFFEE718F835E0A0
:10916000BEF1FF0F08D09E4507D156F83520BA4210
:1091700003D10020BDE8F08110460135D6E700BFDD
:109180003C0B0020F8B5114D034600246A686E7848
:1091900002F1040CE0B2864200D8F8BD1CF834702D
:1091A0009F4203D152F83470B94201D00134F1E743
:1091B00000F0BCF86B68FF2203EBC4031A716B78F4
:1091C000013B9C42E9D16C70E7E700BF3C0B0020FB
:1091D0000028054914BF03460123D1E900011818EE
:1091E00041F10001FFF778BD480B0020F8B5194C9C
:1091F000237AFF2B1DD0FFF76DFD277AE668D4E9AF
:10920000002156F8373006EBC705A0EB020C63458A
:1092100089BF9B180020181A63469B1846F8370030
:1092200041F10001C4E90031267AFF2E01D02B68FC
:1092300003B1F8BD2B79FF2B237206D0E26852F8F8
:10924000330002EBC305FFF7C3FF3046FFF710FF03
:10925000EAE700BF480B002038B50C4660B1002398
:10926000084D1946E860DAB2944207D8FF232B7202
:10927000FFF730FDC5E90001E00038BD40F83310CC
:109280000133F0E7480B0020F8B5274CE36853F8AA
:10929000306003EBC00C002E44D1FF22257A43F846
:1092A000301095428CF804200CD12072FFF712FD8B
:1092B000C4E90001227AE36853F83200FFF788FF1F
:1092C0000120F8BD53F835208A4206D9521A20727F
:1092D00043F835208CF80450ECE72A4653F83270F6
:1092E00003EBC20E3E44B14205D39EF8047015460E
:1092F000FF2F3A46F2D1FF2AA1EB060117BF53F820
:10930000326043F83010891943F830101EBF53F80B
:109310003260761A43F8326003EBC5038CF8042000
:109320001871C7E70020CCE7480B002070B4174D38
:109330002A7AEB6814461146FF2C01D170BC7047A5
:10934000844204D003EBC40621463479F4E7814219
:1093500003D103EBC20212792A7203EBC005002687
:1093600053F8304003EBC10143F830602879FF28FF
:1093700008711EBF53F83010091943F83010FF2A46
:10938000DCD053F8320070BCFFF722BF480B00203E
:1093900038B50F4D00232A7AE968FF2A16D0824299
:1093A0000AD151F832401C44FFF794FC2B68C21AD2
:1093B000944208D2012008E001EBC20451F83220A7
:1093C00013442279E9E72344181A38BD0020FCE74A
:1093D000480B00200728034611DC10F12D0F10DB8D
:1093E000094A101890F82E0002EBC00292F93C20B6
:1093F0009A4207D0002918BF0130C0B270471B2025
:1094000070470020704700BF2C5F1E00072808B57A
:1094100007DCFFF7DFFF044B03EBC00393F93C00CD
:1094200008BD0820FCE700BF2C5F1E00704700004D
:1094300010F0FF0003D0012806D0FFDFFEE7044B49
:1094400001229A601A607047014B5862704700BF52
:1094500000E0105010F0FF0003D001281AD0FFDF09
:10946000FEE70F4B01225A60DA60C3F800010D4B92
:1094700018700B4AD2F80834DB070AD4D2F86834E3
:1094800013F0010302BFC2F81031C2F81831C2F85C
:1094900014317047024B00229862C3F81C21E8E7A0
:1094A00000E010506D0B0020014B01221A70704734
:1094B0006D0B002018B101280AD0FFDFFEE7084B32
:1094C000D3F8103113B9074B187870470120704753
:1094D000034BD3F81C01003818BF0120704700BFB0
:1094E00000E010506D0B0020044BD3F8103113B97D
:1094F000034B187870470120704700BF00E0105000
:109500006D0B0020024BD3F8080400F001007047F7
:1095100000E01050024BD3F8480400F001007047FF
:1095200000E01050024BD3F84004C0B2704700BFB7
:1095300000E0105007490246D1F84C04D1F84C1411
:1095400010F4803005D0D0B201F003031B1A58424A
:109550005841704700E01050184BD3F80C34DA0330
:1095600030B501D4FFDFFEE7154A0124154B106A20
:10957000536620F03F0094645464136CDB03FCD406
:10958000136A116C03F03F03C1F30A01C1F5806156
:1095900081EAE1750B29A5EBE17509DD3F2B04D0CC
:1095A000013303431362172DE6DC0023936430BDBF
:1095B0000B31F8DA002BF8D0013BF2E700E0105055
:1095C000000812500100008038B50B4C23781BB105
:1095D00000232370FFF7C0FFEFF3108572B66378A6
:1095E00003F0FF000BB9FFF735FF05B962B6034B77
:1095F00000225A6638BD00BF700B002000081250D0
:1096000070B5154D012204460E462B18DA70FFF78F
:109610006BFF88B91CB1012C0CD0FFDFFEE71123D2
:109620002A19012105EB840451710C4AA660C2F885
:10963000043370BD8023F3E7002EFAD034B9022042
:10964000B047002305EB8405AB60F2E7012C01D1A4
:109650002046F5E7FFDFFEE7700B002000E010502A
:10966000044B0022191803EB80034A719A60CA70F8
:10967000704700BF700B002010B50446FFF71AFFBB
:1096800010B102482044C07810BD00BF700B00200C
:10969000014B1882704700BF700B0020014B588AA5
:1096A000704700BF700B0020014B188A704700BF45
:1096B000700B002010B5EFF3108472B6064B034414
:1096C0005A780132D2B25A705B78012B01D1FFF780
:1096D000AFFE04B962B610BD700B00200020FFF78A
:1096E000E9BF0000034610B5EFF3108472B61049CD
:1096F0000B445A780AB9FFDFFEE75A78013AD2B232
:109700005A705B7883B90B7D43B10A4BD3F80C34A4
:10971000DB0306D44B7803F0FF002BB9FFF79AFE6A
:1097200002E0487D02F01EFC04B962B610BD00BF25
:10973000700B002000E010500020FFF7D3BF0000A6
:1097400010B5FFF7CBFF0C4CFFF7CEFE60B1A37D49
:109750003BB90A4B01229A610423E3750023237667
:1097600010BDFFF7E9FFF9E703230122E375034B7F
:10977000C3F80423F2E700BF700B002000E0105094
:109780000020FFF797BE0000014B01221A627047CC
:1097900000E01050044B587E28B1044BD3F8100160
:1097A000B0FA80F040097047700B002000E01050C4
:1097B00038B50A4B5D7E5DB901245C76FFF78EFFFC
:1097C000074B1022C3F81051C3F80423DC6138BDE5
:1097D000FFF7E0FF0028FAD0FFDFFEE7700B002064
:1097E00000E01050024BD87D003818BF01207047B0
:1097F000700B002038B5154C237D0BB9FFDFFEE759
:1098000001232370A37DC3B9A37EB3B1227E013BA4
:109810009A4212DAFFF768FE054602F027FBA37EA4
:10982000012B82BF237E0133237655B1E369C31A2E
:109830000133022B09D935B1E061BDE83840FFF7AB
:109840007FBF236AF3E72062F7E738BD700B002083
:1098500037B5184CA37D63B9606A00F00300FFF7C9
:1098600069FE30B1EFF3108372B6E27D1AB103B92D
:1098700062B603B030BD0122E27503B962B60823B7
:109880000D4DC5F808334FF42073ADF80630BDF820
:1098900006309BB25A1E92B2ADF80620002BF6D1CC
:1098A000C5F80C3184F82830FFF74AFF0823C5F8C3
:1098B0000433DEE7700B002000E010502DE9F74F75
:1098C000504C237D002B00F09A800323ADF8043028
:1098D0004D4BD3F80051D3F81C21003D18BF012592
:1098E00022B1012245F080058DF80520D3F80881CA
:1098F000D3F8142112B9D3F8183173B1424B0026B2
:10990000C3F81461C3F81861C3F81061637E0BB12A
:10991000FFF712FF667601F043FD3B4BD3F81031A1
:109920006BB3637E1BB1FFF707FF00236376637998
:1099300013B102238DF8043045F01005334E0DF1BC
:10994000040A314B4FF00009F71EC3F808531AF808
:10995000010B03280AD03B7843B14FF0000B33686A
:1099600087F800B013B19847C6F800B009F10103B9
:10997000043601374FF00109022BE8D101E0002D38
:10998000DCD1B8F1000F08D01F4B0022C3F808212A
:109990000422C3F80823FFF75BFF94F82860EA0766
:1099A000194BF6B2D3F80C7108D5E27D032A05D124
:1099B000A27D6AB90422E27501229A618FB1124B2D
:1099C0000022C3F80C21E37D042B06D0FFDFFEE765
:1099D000FFF7B2FE0223E375F0E70223E375FFF71A
:1099E000ABFE66B1002384F82830E37D022B01D161
:1099F000FFF7A6FE03B0BDE8F04FFFF79DBE03B032
:109A0000BDE8F08F700B002000E01050780B0020B4
:109A100010B5054C606A00F00300FFF78BFD0028CD
:109A2000F8D0002010BD00BF700B0020F8B505462F
:109A300050B10278022A07D8437842B9013B1F2B64
:109A400002D88378212B07D96FF0150089E0002B0D
:109A5000FAD18378002BF7D1634B4FF48042C3F8DF
:109A6000A020BFF34F8FBFF36F8F604EC3F8A021CC
:109A7000FD235F4CC6F808330023C6F81C31C6F836
:109A80000031C6F80831C6F80C316370A370AB889A
:109A90006382FFF737FD10B10123E3706370D6F8DE
:109AA0000C0440F2563310F48030238218D0FFF7B4
:109AB000FBFC504802F032FA4C4E602360750022E5
:109AC000C6F804332B78A978012B62766262A375FD
:109AD000A17622761DD0022B14D0DBB1FFDFFEE78A
:109AE000C6F81001FFF7A4FC404AD2F81031002B51
:109AF000FBD0FFF731FD0020FFF7ACFC3E4B00220E
:109B00005A66D6E7FFF7EAFDD6F80C34D903FBD541
:109B100002236362FFF7FEFC48B3FFF703FD636AAD
:109B200003F00303984222D1AB79DBB9FFF770FF52
:109B3000A37E63B12B7853B9FFF7D6FC054602F03C
:109B400095F96FF00043002D4BD0C4E907030123C2
:109B50004FF4804200202375234BE075C3F8A02109
:109B60001A62F8BD214B0422C3F80423E0E71F4B1F
:109B7000012200215A61C3F8081194F82410C3F897
:109B800040141A610422C3F80423AA79002ACFD111
:109B9000D3F80423520701D4FFDFFEE7174A176901
:109BA000116907F0100741F010011161D3F8083175
:109BB0000BB902F017FA0D4ED6F8083173B1FFF762
:109BC00027FF27B90D4A136923F0100313610423FB
:109BD000C6F808330023C6F80831A9E702F000FAF6
:109BE000EAE7C4E90730B2E700E100E000E0105026
:109BF000700B0020C9951F000008125000ED00E016
:109C00007047000038B5174C0023E078237508B979
:109C1000FFF720FCE37D042B0BD1134D0020FFF751
:109C200089FC18B1D5F80C31002BF7D00023C5F80A
:109C30000C3100234FF480426370E375A3700B4B2B
:109C4000C3F8A020BFF34F8FBFF36F8FC3F8A021DD
:109C5000FD22054BC3F80823607DBDE8384002F0C3
:109C600075B900BF700B002000E0105000E100E06B
:109C700038B50D4B04460D461A790AB1FFDFFEE7F1
:109C800001280DD803445A790AB1002038BD0122B9
:109C90005A71FFF70FFD29462046FFF7B1FCF4E7A4
:109CA0006FF01500F2E700BF9C0B002070B50B4D64
:109CB00004462E790EB1FFDFFEE701280AD80544DD
:109CC0006B792BB1FFF7CCFC20466E71FFF70AFDD4
:109CD000002070BD6FF01500FBE700BF9C0B00205B
:109CE000084A38B514790D460CB1FFDFFEE70128AC
:109CF00004D8FFF7C1FC2860204638BD6FF015007E
:109D0000FBE700BF9C0B002010B5F1B1E0B14FF0B4
:109D1000FF330F4A1C46E0FB0134944201D9FFDFB8
:109D2000FEE71A0DC3F30F100A4B42EA04324FF25A
:109D30002444B2FBF4F100EB024003FB1100B0FB42
:109D4000F4F040EA0140013010BD0846FCE700BFD6
:109D50003F420F00000024F4014B9B68184700BFEE
:109D60009C0B0020014BDB68184700BF9C0B0020B8
:109D7000014B1B69184700BF9C0B0020FFF704BD77
:109D8000FFF716BDFFF706BD034B1B790BB1FFDFD5
:109D9000FEE7FFF72FBD00BF9C0B0020034B1A7995
:109DA0000AB9FFF77BBC988D704700BF9C0B002061
:109DB000034B1A790AB9FFF777BC988A704700BF3E
:109DC0009C0B0020024B1B790BB9FFF741BD70477C
:109DD0009C0B0020014B9B69184700BF9C0B002087
:109DE00038B51C4C23791BB3FFF7C2FF50B91A4D8D
:109DF000C5F81001FFF7B0FFD5F81031002BFBD0EC
:109E0000FFF7B0FF144B6022C3F80423636A98473E
:109E1000002806DB94F82E3023B10123002084F8BB
:109E2000303038BDFFF7D6FF0028F6DAFFDFFEE757
:109E30000A4BA3610A4BE3610A4B23620A4BA360FE
:109E40000A4BE3600A4B2361FFF7F0FD0028E4D0E2
:109E5000E7E700BF9C0B002000E01050119A1F00A4
:109E6000019C1F00E5971F00DD961F0039971F001A
:109E700081971F0010B5094C237943B194F8303015
:109E80003BB1A36A9847002803DAFFDFFEE7FFF73C
:109E9000B9FE002384F8303010BD00BF9C0B0020B9
:109EA00038B5064B04461D790DB1FFDFFEE700F023
:109EB00099FF2046FFF7ECFB284638BD9C0B00209D
:109EC00008B5074800F07CFF054800F029F801F0CC
:109ED000D3FA01F0DDF900F053FB012008BD00BF0B
:109EE000D00B002008B500F04DFF01F09BFA01F007
:109EF000EDF9BDE8084000F05BBB01F0F9BA00F0F5
:109F00008FBF00F09FBF01F051BB01F011BB01F00A
:109F10001FBB01F023BB01F03FBB01F0FBBA000007
:109F2000024B186000221A719A607047D80B00200B
:109F3000F7B51E4C2379012BDAB204D0022A2ED0B9
:109F4000012003B0F0BD0DF10701A06800F03CFB5B
:109F5000A5686B7DDB071CD5AB7F042B19D000F007
:109F60009FFF0646A8B100F0A1FF2B69D5E90027A5
:109F70009A18B36847F100070A332CBF0125002562
:109F80001B1845EB01059342BD4102D3A06800F0C8
:109F9000E7FB0023A36023719DF80700D1E70DF1D3
:109FA0000701A06800F01AFBF3E700BFD80B002000
:109FB00010B5837FABB9034601F1180251F8044B89
:109FC000914243F8044BF9D101248477064B1A7966
:109FD0000AB1FFDFFEE798601C7100F013FF204616
:109FE00010BD0020FCE700BFD80B002073B505466C
:109FF0000C4600F055FF0646AB7F012B1AD02146D8
:10A000002B4604F1180251F8040B914243F8040B5B
:10A01000F9D101230DF107012846AB7700F0D4FAFE
:10A0200016B1012002B070BD034B0421186801F085
:10A03000FFFDF6E70020F5E7D80B0020024B0621D4
:10A04000186801F0F5BD00BFD80B002010B504461C
:10A05000074B1A790AB1FFDFFEE7986002221A71F6
:10A0600000F0D0FEA07FB0FA80F0400910BD00BF24
:10A07000D80B002038B50446A37F03B938BDA37FB1
:10A08000032B02D0A37F042B0CD1EFF3108572B603
:10A09000204600F0BFFA05B962B6A37F002BEDD0D1
:10A0A000FFDFFEE7A37F012B01D1FFDFFEE701F019
:10A0B00097FFE1E713B50DF1070100F08FFA0446B1
:10A0C00000F0EEFE08B9FFDFFEE7204602B010BD4B
:10A0D000F8B5074600F0E4FE044608B9FFDFFEE7E6
:10A0E00000F0E4FEA46800252418384641F100067B
:10A0F0002246334600F0DCFAA04271EB060309D396
:10A10000001B6FF0010361EB0601834275EB010157
:10A1100002D3F8BD2846FCE74FF0FF30F9E72DE900
:10A12000F04104460F4600F0BBFE064608B9FFDFCB
:10A13000FEE78568002362195B4113B10020BDE88A
:10A14000F08100F0B3FE2A18384641F1000314EB09
:10A15000020843F1000500F0ABFA4045A941EDD3F8
:10A1600001F0C6F900F054FAB368012037752344B2
:10A17000B360E4E700F09ABE8068704708B500F06D
:10A180008FFE08B9FFDFFEE7007D08BDF8B5036963
:10A1900004460BB1FFDFFEE701F0AAF905460E46C3
:10A1A000FFF7E6FD70B36435D4E9003246F10001F3
:10A1B000AB4272EB010001D22B460A46C4E90032E1
:10A1C000EFF3108572B600F06BFE064698B100F012
:10A1D0006DFEB3680B332CBF012200221B18D4E99B
:10A1E000006042EB0101B34271EB00023CBF334619
:10A1F0000146C4E9003105B962B62046BDE8F84021
:10A2000000F0C6BAFFF7D4FD074600F061FEB84281
:10A2100038BF3846963546F100024319D4E90001AB
:10A2200042F10002834272EB0105C7D20346C4E744
:10A23000042300F1180283770023037643768376A4
:10A24000C376044B196811B91A605A60704759688F
:10A250000A60FAE7E40B00202DE9F843174E0024CA
:10A2600007468846B368204633B928B3144B18789C
:10A27000BDE8F84301F076BE53E9061553F8082C03
:10A28000D3F80090521845F10005BA4275EB080565
:10A2900010D24CB1226812682260A3F11800FFF7B7
:10A2A000C7FF01204B46DFE7B268002AF5D01268ED
:10A2B000B260F2E71C46F5E7BDE8F883E40B002046
:10A2C000B800002000232DE9F04713600646324B0A
:10A2D000986800285DD0A0F1180550E9063CB3420B
:10A2E0007CEB01040AD250F8084CE3184CF1000C46
:10A2F0009E4271EB0C043CBF33468C4650F8104C28
:10A3000000270A3447F10000E3184CEB000C284604
:10A31000D5F81890B9F1000F3BD059E906E89E45F1
:10A3200078EB0C0435D290F814A019F8044CA2452F
:10A3300026D08CBF01240024F4B105F11803B645E2
:10A34000136078EB01030CD259F8083C13EB0E03B1
:10A3500048F100089E429E4671EB08033CBFB6469A
:10A36000884659F8103CA9F118000A3347F1000C4F
:10A3700013EB0E0348EB0C0CAD6955B1183DC7E764
:10A38000B9F80440B0F81CA0A4EB0A04C4F3C0342C
:10A39000D2E7BDE8F08700BFE40B00202DE9F04FC5
:10A3A00085B082834F4A04460091D2F808C094F8E1
:10A3B0001580D0E90030BCF1000F40D0ACF118019D
:10A3C000002708F00109D1E90026934270EB060549
:10A3D0006ED3B9F1000F2CD0277D0D7DAF4228D36D
:10A3E0008D68AD1846F1000615F10A0A46F1000E17
:10A3F000534570EB0E0219D22269D21840F10007C2
:10A4000092457EEB070B01D252467746AA42B741EE
:10A410000FD220460024FFF70BFF334B187801F0D2
:10A42000A1FD009B1C7005B0BDE8F08F1A460746E1
:10A43000ECE78A690F4622B1A2F11801C3E7624630
:10A44000674618F0010F38D0A168C91840F1000B19
:10A45000019192B3019DD2E9001615F10A0E4BF15C
:10A460000005714576EB050527D294F814E0157DBB
:10A47000AE4519D395686D1846F1000615F10A0925
:10A4800046F100084B4570EB080113D22169C91849
:10A4900040F1000E894578EB0E0A01D24946C646C6
:10A4A000A9427EEB060EB4D3926932B1183AD1E7D5
:10A4B0000A46C6E719468646F2E704F118035FB17B
:10A4C000BA69A261BB6103AA00200021FFF7FAFE6E
:10A4D000231A5C425C41A4E7024AC4F818C09360A6
:10A4E000F1E700BFE40B0020B8000020F8B5234CD2
:10A4F0000023E360EFF3108272B621686360E160CD
:10A50000236002B962B60026E36803B9F8BD9A7900
:10A51000A3F11800032A07D11A6801219E7153F88C
:10A520000C3CE2609847EFE7196851B1A1F11803BC
:10A53000074600229D7F042D07D09B7F032B02D16D
:10A54000A2B9E16015E0FFDFFEE7B0F81CC09D8B0B
:10A55000A5EB0C052D049D6944BF07F118021846B0
:10A56000002DEDD01F46A5F11803E3E713681B6823
:10A570001360C36802218677D4E700BFE40B002094
:10A5800010B5084C2378FF2B01D0FFDFFEE706480B
:10A5900001F0C4FC054B002220709A601A605A60DA
:10A5A0001A8210BDB8000020EDA41F00E40B0020AB
:10A5B00010B5044C2078FF2803D001F0C7FCFF231E
:10A5C000237010BDB8000020034B1A8A10B4541C2D
:10A5D0001C8210BCFFF7E2BEE40B002037B5044636
:10A5E0000D4601AA00210020FFF76CFE231A04F19A
:10A5F0001801584258412870044801F03DFB10B141
:10A6000000230120A37703B030BD00BFEC0B002076
:10A61000FFF722BE38B5114B044600F118011A6845
:10A62000B2B11A6800209AB191420ED108B1A56961
:10A6300005601D68A94204BF12681A605A689142F9
:10A6400000D158600023A37707E010461268EAE7BC
:10A65000034801F011FB0028F4D138BDE40B0020C1
:10A66000F00B002037B505460C46FFF7F5FD01AAB3
:10A6700028462146FFF726FE28B100F11803034AB9
:10A68000536103B030BD0346F9E700BFE40B00207F
:10A6900010B5064C616904F1080001F0EDFA18B13B
:10A6A000606900231838636110BD00BFE40B00200F
:10A6B0009C46144BF0B59D68FDB115F8043C183D5F
:10A6C000834218D812F10A04D5E900364CF1000192
:10A6D000A34276EB01070BD22F69FF1846F1000663
:10A6E000A7428E4107D3B4F10A0041F1FF31F0BD1A
:10A6F0001C463146F7E7AD69DEE74FF0FF30014613
:10A70000F5E700BFE40B0020837F022B1AD1437DC5
:10A7100013F0020302D000238377704703220376ED
:10A7200043768376C3760C4B827700F11802196862
:10A7300029B91A605A60094B187801F013BC59689E
:10A740000A60F7E7837F012B04D0837F042B01D0BD
:10A75000FFDFFEE7704700BFE40B0020B8000020D9
:10A7600010B500F118010446074801F085FA08B950
:10A77000FFDFFEE72046FFF75BFD044BBDE810401E
:10A78000187801F0EFBB00BFEC0B0020B8000020F0
:10A790002DE9F74FD0F810E0BEF1000F01D0FFDF38
:10A7A000FEE7836890F814800193D0E90014EFF37A
:10A7B000108972B6264BB3F810C09B686BB1019D2F
:10A7C000183B0A35D3E900264EF1000A6D1844EB18
:10A7D0000A0A95427AEB060707D2B9F1000F35D085
:10A7E000C0E9001403B0BDE8F08F8A4276EB04079D
:10A7F0000CD31F69BF1846F1000BAF427BEB0A0B6D
:10A8000034BF0125002575B99B69D7E712F10A0A03
:10A810009D6846F1000715EB0A0547F10007A942BC
:10A8200074EB0707ECE71D7DA84509D0ECD912F1C0
:10A830000A019D6846F10004691844F10004E3E749
:10A840009D8BA5EB0C052D04DED5F0E762B6C7E7BE
:10A85000E40B0020034B187800F0FD00431E584223
:10A8600058417047000C0020034B586808B9FFDFBF
:10A87000FEE7C36805211847000C0020024B0521A4
:10A88000986801F0D5B900BF000C002038B5FFF77B
:10A89000FFFE002580B1094C6060C4E9035500F05B
:10A8A00029FD6068022329468377C3689847D4E965
:10A8B0000601FFF7ADFE012038BD00BF000C0020EF
:10A8C0002DE9F74F2F4C814694F82430266A002B4F
:10A8D0003AD1FFF7BFFF804618B1E38C9E4238BFE4
:10A8E0001E4600F005FE83190F46054641F10001A2
:10A8F0001846CDE90013FFF7B5FE40B3019B009960
:10A90000D0E900AB534571EB0B0205D2BAEB06055B
:10A91000534659466BF1000728461B4AC4E90631E5
:10A9200000233946C4E90A57236300F0B7FD5046B7
:10A93000594600F00FFDB8F1000F02D0E38C9E42A3
:10A940001DD00223114A13E04FF00008C9E794F824
:10A95000243033B12378023B012B02D8636B0120F2
:10A960009847002584F8245000F0F5FC2B46084A4F
:10A9700084F83830C9F8002003B0BDE8F08F012317
:10A98000E0E700BF000C00207DA81F00E9AA1F001F
:10A9900095A91F00032910B5044603D8012906D83C
:10A9A000FFDFFEE70429FBD1FFF7C2FA08B9002058
:10A9B00010BD2046FFF784FF0220F9E72DE9F0479C
:10A9C00080460F469146444C002B6FD04FF0000A52
:10A9D000D3E90065C4F830A0864275EB01033CBFA3
:10A9E0000D46064629463046C4E9066500F0B2FC2D
:10A9F000E38CB6EB080803F1640365EB07074345F6
:10AA00005346BB410FDA94F824304BB12378023B14
:10AA1000012B02D8636B01209847002384F824306F
:10AA2000FFF718FF8246236A03F5E173984577F133
:10AA300000071CDABAF1000F10D0E08C274A301A58
:10AA400065F10001C4E90A0100F028FD0623244A4B
:10AA500084F83830C9F80020BDE8F0871F4A304636
:10AA60002946C4E90A6500F019FD0523EFE700F067
:10AA700074FCFFF777F9E08C236ABAF1000F0BD072
:10AA8000984209D9301A154A65F10001C4E90A0152
:10AA900000F004FD0123DAE7F01A104A65F1000125
:10AAA000C4E90A0100F0FAFC0223D0E794F824304C
:10AAB00033B12378023B012B02D8636B0120984706
:10AAC000002584F8245000F048FCFFF74BF900F013
:10AAD00042FC2B46034ABBE7000C00207DA81F0068
:10AAE000E9AA1F0095A91F00023970B50546032980
:10AAF00000F20681DFE801F00602083C814B0022EB
:10AB000083F83920002070BD7E4C94F83830042B37
:10AB100006D8022B24D8013B012B17D9FFDFFEE713
:10AB2000053B012BFAD8FFF703FA0028EAD000F022
:10AB3000CFFC00F0DDFC06460C46FFF793FD2A46ED
:10AB4000034621463046FFF739FFA2E0FFF7F0F950
:10AB50000028D7D000F0BCFC2846FFF7B1FE98E0F3
:10AB6000FFF7E6F90028CDD0012384F83930C9E792
:10AB7000644C94F83830013B052B00F2BF80DFE8CD
:10AB800003F0032855767E96FFF764FE10B194F823
:10AB9000240008B1FFDFFEE7636B9847012384F8C8
:10ABA000243000F0A5FCA36A574AC01A236B9842D0
:10ABB000ACBF2063236304F118000BC8C01A61F115
:10ABC0000001C4E90A0100F069FC022384F838306E
:10ABD00098E700F0C1FBFFF7BFF800F089FCA36A1B
:10ABE000C21A236B9A42B8BF1A462263FFF732FE9D
:10ABF000D4E9063168B194F8240050B9E28C981A6F
:10AC0000414A61F10001C4E90A0100F047FC032355
:10AC1000DCE7323B41F1FF31981841EBE2713A4AEF
:10AC2000C4E90A0100F03AFC0423CFE7FFF712FE63
:10AC300010B194F824500DB1FFDFFEE700F058FC8E
:10AC4000A36AC01A236B9842ACBF206323632846D3
:10AC5000636B98470123D4E9060184F82430323825
:10AC6000236B41F1FF31C01841EBE371D7E700F0EE
:10AC700075FB80B194F83930002B7FF45AAFFFF7A1
:10AC800005FE00283FF455AF002384F838301F4BF1
:10AC90002B60022037E700200021FFF7E3FC08B11A
:10ACA000FFF75EFD00F059FBFFF75CF854E7FFF794
:10ACB000D1FD10B194F824500DB1FFDFFEE700F094
:10ACC00017FCA36AC01A236B9842ACBF20632363AE
:10ACD0002846636B984701230B4A84F82430236B82
:10ACE000D4E90601323841F1FF31C01841EBE3717C
:10ACF000C4E90A0100F0D2FB052367E7FFDFFEE7A6
:10AD0000FFDFFEE7000C00207DA81F0011AD1F0033
:10AD100002392DE9F041064604292FD8DFE801F079
:10AD2000030A0C2E0F00164A1378003B18BF0123AC
:10AD300082F8243000201FE0FFF7FAF8FAE7DFF886
:10AD4000408000F0E7FA00F0D3FB0C460546FFF721
:10AD500089FC0746D8F80400FFF7D6FC0023002240
:10AD60002846C8F8043000232146C8E906233B469C
:10AD70003246FFF723FE0220BDE8F081FFDFFEE749
:10AD8000000C002010B5EFF3108472B60A4B9A68DD
:10AD900011680A4A91420CD193F83830033B012BD9
:10ADA00007D800F0DAFAFEF7DDFF00F0D4FA00F081
:10ADB0008FFB04B962B610BD000C0020E9AA1F0089
:10ADC000064A002310B5064C0260A06084F83830B3
:10ADD0002370FEF7EDFF3230206210BD95A91F00F1
:10ADE000000C0020054B9A681168054A914201D079
:10ADF000FFDFFEE732301862704700BF000C002012
:10AE000095A91F0010B5EFF3108472B6034B04210F
:10AE1000986800F00DFF04B962B610BD000C002068
:10AE2000064B5A680AB9FFDFFEE7D3E9062180180E
:10AE3000034A41F1000100F031BB00BF000C0020CB
:10AE400069A81F00034B5B680BB9FFDFFEE700F04A
:10AE50003FBB00BF000C0020034B5A680AB9FFDF5C
:10AE6000FEE7D860704700BF000C0020034B5A6813
:10AE70000AB9FFDFFEE71861704700BF000C002031
:10AE8000024B1B690BB9FFDFFEE71847000C0020DF
:10AE9000024BDB680BB9FFDFFEE71847000C002010
:10AEA000014B5868704700BF000C0020034B5A68E4
:10AEB0000AB9FFDFFEE7D3E906017047000C002066
:10AEC000024B323118705A63D9847047000C00204D
:10AED00008B5FFF7BFFC08B1014BD88C08BD00BF17
:10AEE000000C002010B503280AD8DFE800F00C029F
:10AEF0000C02A1F1320341F24A549BB2A34203D99E
:10AF00006FF0150003E00021FFF7DAFF002010BD0D
:10AF10000028ADBF00F1604000F00F00044B00F5C9
:10AF20006140B4BF185C90F800034009704700BF4F
:10AF300014ED00E0044B1B680BB9FFDFFEE71A6A53
:10AF40000321586A104700BF400C0020044B1B68C7
:10AF50000BB9FFDFFEE71A6A0421586A104700BFE9
:10AF6000400C00202DE9F04105460E46D1B9104FA6
:10AF70003B680BB1FFDFFEE738600E48FFF76CFF60
:10AF80000D48FFF773FFFFF7F5F86B7D04465B078D
:10AF900008D5FEF7B8FF0A34241A7C6000F0BAFA2C
:10AFA0000028FBD02B6A3146686ABDE8F04118479B
:10AFB000400C002035AF1F004DAF1F00024B002298
:10AFC0001A601A81704700BF400C002070470000D3
:10AFD000054B1A680AB9FFDFFEE70449D160002279
:10AFE0001A60FFF72BB800BF400C002065AF1F00B0
:10AFF000C0E908122022002101F08AB830B587B0DC
:10B000000C46182200210546684601F081F8637A53
:10B010004FF000026168C3F38003029183F00103E3
:10B0200063F38202237A8DF81430224B8DF81520B9
:10B03000039323785BBB9DF81500D4E904324007E5
:10B04000CDE9003207D50A3B01F10A0142F1FF3296
:10B050000291CDE90032637A69469DF81520C3F369
:10B06000400322F003025B0043F0010313438DF819
:10B070001530114B5868C0F30800B8B11038FFF70D
:10B0800047FF98B92846FEF7B1FF07B030BD2369E6
:10B090000493FEF732FF9DF815305B0744BF029B17
:10B0A0000A33CDE9000148BF0293D4E72846FEF7F2
:10B0B0007FFFEAE765AF1F0000ED00E008B50A4B2F
:10B0C00002465868C0F3080040B11038FFF720FF6F
:10B0D00020B91046BDE80840FEF7ECBF1046BDE8B9
:10B0E0000840FEF7B3BF00BF00ED00E010B50378E5
:10B0F00086B004460BB1FFDFFEE70593CDE90333CD
:10B10000D0E90423CDE9002343680293037A68461B
:10B110008DF81430FFF73AF80120DDE90023C4E987
:10B12000042306B010BDFEF7A5BF000008B5094B0B
:10B130001B680BB9FFDFFEE75B7D5B0703D4BDE84F
:10B140000840FFF717B8FFF715F80A3041F1000182
:10B1500008BD00BF400C002070B50B7886B00BB165
:10B16000FFDFFEE74C7A4FF000060593C4F380033F
:10B170004D6883F00103029563F382060B7A8DF824
:10B180001430104B8DF8156076070393D1E9043124
:10B19000CDE9003107D50A3B05F10A0541F1FF3140
:10B1A0000295CDE900319DF81530C4F3400469469D
:10B1B000049264F341038DF81530FEF7F9FE06B0F2
:10B1C00070BD00BF65AF1F007FB5FEF796FE002380
:10B1D00005930A4B039340F21E2302934FF0FF3373
:10B1E000CDE90001694606480493FEF7FFFE08B961
:10B1F000FFDFFEE707B05DF804FB00BF29B21F00C8
:10B20000780C002010B5074C94F820304BB9FEF7AD
:10B21000AFFD30B9012384F82030BDE81040FFF7BE
:10B22000D3BF10BD780C002008B505292BD8DFE866
:10B2300001F0032C262A2A0DFEF7A2FD1348FEF783
:10B240009BFF1E38BDE80840FEF759BEFEF790FD93
:10B2500038B10E4B002283F82020BDE80840FEF7ED
:10B26000EDBEFEF78FFD08B9FEF78AFD00214FF411
:10B270000070FEF754FF0028E0D1FFDFFEE7BDE8D5
:10B280000840FFF7A1BFFFDFFEE708BD780C0020F4
:10B290004FF000430B4A0021C2F88030A2F5802213
:10B2A000C2F88031012302F57832C2F80435A2F5E4
:10B2B0008022C2F804352022034B184683F8201060
:10B2C00000F026BF00400C50780C00200023084AF4
:10B2D000C2F88030A2F58022C2F88031012302F545
:10B2E0007832C2F80835A2F58022C2F808357047D6
:10B2F00000400C5008B5FDF7FFFA054AD2F8583760
:10B3000043F00103C2F85837BDE80840FFF77ABFA1
:10B3100000200E5008B5FDF7FFFA0B4AD2F8583757
:10B3200023F00103C2F858370122084B5A604FF04E
:10B33000FF32C3F808232022054BC3F89021BDE853
:10B34000084000F0C5B800BF00200E500050085063
:10B3500000E100E0704770477047704708B5FEF79E
:10B3600007FDA0B90C4BD3F800313BB90B4A536A27
:10B370000133312B536209D9FFDFFEE7FEF702FDEF
:10B3800008B1FFDFFEE7FEF7F9FC012008BD034B23
:10B3900000225A62F9E700BF00E01050780C00204C
:10B3A000FFF730BF40F20251014808B500F01CFC25
:10B3B0006D601E001848202208B5C0F89020BFF329
:10B3C0004F8FBFF36F8F154BC0F89021D3F8041542
:10B3D00021F00301C3F80415D3F8081541F0030167
:10B3E000C3F8081592FAA2F1B1FA81F1092904DD36
:10B3F00040F29F310A4800F0F7FBC3F81015012115
:10B400005960D9604FF00041C3F880104FF0FF3110
:10B41000C3F80813026108BD00E100E000500850C5
:10B420006D601E00124B4FF4E062C3F83823002217
:10B43000C3F8AC25C3F8BC25C3F8CC25C3F820213C
:10B44000C3F82421C3F8282120220A4BC3F89C21E9
:10B45000C3F89C20BFF34F8FBFF36F8FC3F89020CA
:10B46000BFF34F8FBFF36F8FC3F89021704700BFBA
:10B4700000200E5000E100E008B5FFF7D3FF054BB8
:10B480004FF4A062C3F834232022034BC3F89C215D
:10B49000DA6108BD00200E5000E100E00A4B10B553
:10B4A0001C680CB1FFDFFEE7B1F5801F1A6001D305
:10B4B000FFF778FF054B0122C3F8A005C3F8A415D8
:10B4C000C3F8AC2510BD00BFA00C002000200E501A
:10B4D000054A136833B100230449C1F8AC35C1F8FB
:10B4E00020311360704700BFA00C002000200E50D8
:10B4F00030B54FF0FF30064C6FF04041D4E90023E7
:10B50000904271EB0305F9D31046C3F3130130BD2C
:10B5100040270E5008B5FFF7EBFF044BD3E9022399
:10B52000904299412CBF0120002008BDA00C0020B2
:10B5300010B5029C241841F10001A01A61EB03012F
:10B54000B0F1004F71F1000101DBFFDFFEE710BD3C
:10B55000014B1861704700BFA00C002008B50C4BD0
:10B560001B690BB9FFDFFEE7EFF3108272B6B1F58E
:10B57000801F01D3FFF716FF064BC3F8C005C3F8C1
:10B58000C4150121C3F8CC1502B962B608BD00BFCD
:10B59000A00C002000200E5008B5FFF70BFF024B57
:10B5A00001221A6008BD00BF0050085010B5FFF717
:10B5B00001FF0F4C0023C4F8BC35C4F82431FFF759
:10B5C00097FF0A3041F10001B1F5801F01D1FFF76B
:10B5D000E9FE4FF00043C4F8B005C4F8B415C4F850
:10B5E000A4310123C4F8BC35024BC3E9020110BDEC
:10B5F00000200E50A00C0020134BD3F8342312F47B
:10B60000A06F10B501D1FFDFFEE7D3F820215AB1BA
:10B6100000220E49C3F8AC25C3F820210B680BB9F2
:10B62000FFDFFEE70A609847074BD3F828214AB1AD
:10B630000022C3F8CC25C3F82821044BBDE81040F4
:10B640001B69184710BD00BF00200E50A00C002041
:10B6500008B500230B8581F82A300B6A0921984729
:10B6600018B103780BB1FFDFFEE708BD034610B346
:10B67000007888B91A79012A1ED85A79012A1BD86C
:10B680009A680E49643A8A4216D8D8680C4B984298
:10B690002CBF00200120704701280CD11A79012A03
:10B6A00009D85A79012A06D8DA680449643A8A42E4
:10B6B00001D89868EAE70020704700BF3C86010087
:10B6C0000040420F436A19444162A1F19600FEF71F
:10B6D00016BC000070B50446FEF70FFC40F2F96698
:10B6E000656AD4E90632963342F100025B1905F52A
:10B6F000DF6542F10002B5FBF6F55B1942F100028D
:10B7000083428A410CD294F82A30052B01D0FFDF06
:10B71000FEE7236A0A2194F858009847FFDFFEE706
:10B72000044C236813B1984700232360BDE87040A0
:10B73000FFF74EBCB40C002070B504460D4639B975
:10B74000012380F85930FFF7C5FF0226304670BD4F
:10B750000E78032E6CD801A353F826F04BB71F00C8
:10B760006DB71F00D7B71F008FB71F004868C728E5
:10B7700001D80026EAE70421FEF7D1FC0028F8D022
:10B78000FEF7BFFB69682046FFF79CFFDEE790F8F5
:10B79000286006BB4D682846FFF768FF002847D0A1
:10B7A0002B78D3B9012121702B796A79003B18BF1E
:10B7B0000123002A14BF0422022243F00403227250
:10B7C000AA68A5326260EA6863720323226184F882
:10B7D0002A3084F829102046B5E794F82A30052B42
:10B7E00001D0FFDFFEE7267004F130002B796A7983
:10B7F000003B18BF0123002A14BF0422022243F099
:10B8000004032272EA686372A532A9686260D4E90F
:10B8100006325B1842EBE1722146C4E9043204238C
:10B8200084F82A30FFF7EAFB0028D4D1FFDFFEE7D7
:10B83000012384F85930CEE770B5002400F0F0F809
:10B8400005462646E0B2854200D870BD00F0EEF80D
:10B850000134068580F82A60F4E70000014B186087
:10B86000704700BFB40C0020F8B504460D46002711
:10B8700000F0D6F80646F8B2864204D8082D0CD956
:10B880006FF0150008E000F0D1F890F82A30013789
:10B89000002BF0D04FF0FF30F8BD2CB129462046E8
:10B8A000BDE8F84000F0CEB821462046F8E7000099
:10B8B0002DE9F8438846074658B300F0B1F84FF039
:10B8C000000904465FFA89F6B44203D86FF00B0012
:10B8D000BDE8F883304609F1010900F0A7F890F8B7
:10B8E0002A50002DEED1304600F0A0F80A49044657
:10B8F000058580F82A50024680F858603030FFF7FE
:10B9000077FB01232762284684F82A3088F80060F4
:10B91000DEE76FF01500DBE741831F0010B504463A
:10B9200000F084F8014688B190F828308BB990F87F
:10B930002A3073B1013B012B04D82046FFF788FE63
:10B94000002010BD012380F82830F9E76FF00100D6
:10B95000F7E76FF02200F4E770B50D4600F066F8E7
:10B960000446002849D090F82A60731E012B4AD85B
:10B97000002D45D02846FFF779FE002840D02B78CF
:10B98000F3B9012323702B796A79003B18BF012397
:10B99000002A14BF0422022243F004032272AA6880
:10B9A000A5326260EA68637203232261214604F1D2
:10B9B000300084F82A30FFF721FB38BBFFDFFEE7B9
:10B9C000022E20D1002323702B796A79003B18BF07
:10B9D0000123002A18BF042643F004032672EA68F4
:10B9E0006372A532A9686260D4E906325B1842EB43
:10B9F000E172C4E904320423D8E76FF0010070BD9E
:10BA00006FF01500FBE76FF02200F8E70020F6E783
:10BA1000024B00221A601A71704700BFB80C002058
:10BA2000014B1879704700BFB80C0020044B1A79FD
:10BA3000824283BF1B68602202FB003000207047F7
:10BA4000B80C00200A4610F0030110B50AD1074CCB
:10BA50002271206008B9002010BD60235A4300F015
:10BA600057FBF8E76FF00D00F6E700BFB80C0020B9
:10BA7000BFF34F8F0549064BCA6802F4E0621343D7
:10BA8000CB60BFF34F8F00BFFDE700BF00ED00E0CC
:10BA90000400FA05094B01225A604FF0FF32C3F847
:10BAA00008234FF40062064BC3F88820BFF34F8F82
:10BAB000BFF36F8FC3F88821704700BF00B00450F8
:10BAC00000E100E0F8B5224F05460C4616463B78EB
:10BAD000002B3AD1FDF7AAFC7E601E4B01263C816B
:10BAE0004FF48062C3F8A4601B4BC3F89020BFF3EF
:10BAF0004F8FBFF36F8FC3F89021FFF7CBFF174B2A
:10BB0000002D14BF28461846FEF76AF90546D0B93D
:10BB1000FFF754FAFEF756F9FFF78EFEFEF7D0F95D
:10BB200008B9FFDFFEE7002C0BDB04F01F036409FC
:10BB3000A4009E4004F1604404F56144C4F88061AF
:10BB4000266001233B702846F8BD4FF0FF35FAE729
:10BB5000C00C002000A0085000E100E044601E007E
:10BB600038B51D4C2378ABB3FEF7BCF9EFF3108565
:10BB700072B600236360FFF729FAFEF77BF9012113
:10BB8000164B1748C3F8A4104FF48063C0F89030E8
:10BB9000BFF34F8FBFF36F8FC0F89031FFF77AFF7D
:10BBA000B4F90830002B0BDB5A0903F01F0399404E
:10BBB00002F1200340F82310BFF34F8FBFF36F8FC4
:10BBC000FFF726FF074B0122C3F8082505B962B627
:10BBD0000023237038BD00BFC00C002000A0085017
:10BBE00000E100E00020085008B572B6024B5B6827
:10BBF00003B19847FFF73CFFC00C0020074BB3F997
:10BC00000830002B09DB5A09012103F01F0399407A
:10BC100002F14003024A42F823107047C00C002092
:10BC200000E100E0014B1878704700BFC00C002015
:10BC3000F8B5037904460BB1FFDFFEE746790171E1
:10BC400026B901234371217909B96171F8BD2768CB
:10BC500020462671B84702280546F4D10321204624
:10BC6000B84708B1FFDFFEE723682946204698471A
:10BC70000028E8D0FFDFFEE703460068884204D1D1
:10BC800009B10A681A600846704728B970478842A7
:10BC900002D10A681A60F6E7034600680028F6D168
:10BCA000704701F11003013813F8012D8B4200F8A1
:10BCB000012FF9D1704700002DE9F84F074689465A
:10BCC00093469846374CDFF8E0A0384D2E78013681
:10BCD000F6B2D5E84F3F0133DBB2C5E8403F00285C
:10BCE000F7D101216160C4F80001C4F80401EFF349
:10BCF000108072B62E4BC5F80490AB60C5E905B351
:10BD00003B68C4F810357B68C4F81435BB68C4F8C8
:10BD10001835FB68C4F81C35264BC4F83035103391
:10BD2000C4F83835216000B962B6D4F800312BB9B7
:10BD3000D4F8043113B92B789E421CD0B8F1000F0F
:10BD400009D00A9B3BB1D4F840350A9AC8F80030B4
:10BD5000D4F83C351360D4F80431002BB5D12978E0
:10BD6000B142B2D1C4F80031C4F804310323C4F89D
:10BD70000833BDE8F88FDAF81030DB06D5D5032399
:10BD80004FF40061C4F804330B4BC3F88811D4F8A6
:10BD90000031002BC9D1D4F80431002BC5D100F0FB
:10BDA0001FF9C2E700B0045000ED00E0CC0C002009
:10BDB0001000000BD00C002000E100E02DE9F0475E
:10BDC00013F0010F8EB004460D4617469A46DDE982
:10BDD000168924D006A8FFF764FFA30735D002AA6E
:10BDE00004F110052068083454F8041C1346AC42D2
:10BDF00003C31A46F6D106AD02AC1AF0020F434651
:10BE0000CDF8009023D0294620460AAAFFF754FF18
:10BE10000AA93846FFF745FF0EB0BDE8F08713F0DA
:10BE2000040F0DD106AB0E4601F1100C1D46306813
:10BE3000083656F8041C1A46664503C21346F6D166
:10BE4000214602A8FFF72DFFD6E706ADD5E73A4613
:10BE500029462046FFF730FFDEE713B50024CDE981
:10BE60000044FFF7ABFF02B010BD00001A4B4FF4C7
:10BE7000000270B5C3F89820BFF34F8FBFF36F8FE8
:10BE8000164C0021164DC4F80011C3F898212E69F4
:10BE90002B6906F0100643F010032B610123C4F850
:10BEA00004332360D4F800319BB11EB92B6923F011
:10BEB00010032B610123D4F808054FF400026360DE
:10BEC000C4F808330023C4F80031034BC3F89821A9
:10BED00070BD00F085F8E5E700E100E000700D506E
:10BEE00000ED00E00346002018707047EFF3108269
:10BEF00072B6012103780170DBB202B962B6012B80
:10BF00000CBF6FF0220000207047EFF3108372B671
:10BF10000022027003B962B60020704704230A4968
:10BF200030B501EBC302157905F0FF041DB1013BEB
:10BF3000F7D2FFDFFEE741F8330001215471D8B298
:10BF40009471117130BD00BFF00C0020042801D99C
:10BF5000FFDFFEE7024B002203EBC0031A717047BC
:10BF6000F00C0020042801D9FFDFFEE7084B03EBAB
:10BF7000C0000379012B01D0FFDFFEE7437982790E
:10BF80000133DBB29A4218BF4371FFF737BE00BFDF
:10BF9000F00C002038B505240F4D95F8281005EB5E
:10BFA000C1031A79012A09D158799A79904205D0AA
:10BFB0005A79D2B29A7155F83130984795F82830AD
:10BFC000013C0133DBB2052B28BF002314F0FF0432
:10BFD00085F82830E1D138BDF00C0020FFF7DABF3A
:10BFE00020BF704720BF70479142F0B501D3FFDFFB
:10BFF000FEE7B2FA82F33BB1C3F1200499409A40C4
:10C0000020FA04F4984021434FEA124C93B2040CF6
:10C0100087B2B1FBFCF50CFB151E05FB03F64FEADE
:10C020000E4E0EEB1040864205D9361A964294BF4A
:10C0300001260226AD1B04EB0141280405FB121169
:10C04000B1FBFCF40CFB1411634307EB0147BB424B
:10C0500005D9DB1B934294BF01230223E41A20433A
:10C06000F0BD2DE9F0411D4607460C46164652EA42
:10C07000050301D1FFDFFEE785B9914204D2FFF746
:10C08000B3FF2946BDE8F08108462946FFF7ACFF1B
:10C0900005463246384605FB1641F0E7B5FA85F805
:10C0A0000123400803FA08F3C8F11F0840EAC470EE
:10C0B000A3FB0212610803FB0522FFF795FF30FA8C
:10C0C00008F04FF0000102D0013861EB010106FBDE
:10C0D00001F3A6FB002C00FB0533BF1A634464EB9D
:10C0E0000304B742AC41CDD3013041F10001C9E7AF
:10C0F00062B1013910B5841810F8012B11F8013F15
:10C10000A04201D09A42F7D0D01A10BD1046704715
:10C11000F0B5C9B20446A30726460ED14FF001354B
:10C1200022F003034D43E718BC420CD1334402F024
:10C1300003021A44934209D1F0BD002AFCD0013A0F
:10C1400004F8011BE7E744F8045BEDE703F8011B83
:10C15000F0E70000094B0A4AC3F800230132C3F894
:10C160000C230132C3F818230132C3F82023013213
:10C17000C3F81C230132C3F81021704700A00850F7
:10C1800004000080074B0022C3F80023C3F80C23EF
:10C19000C3F81823C3F82023C3F81C23C3F81021C5
:10C1A000704700BF00A00850844641EA000313F026
:10C1B000030359D1403A33D3F0B4F0C9F0C0F0C909
:10C1C000F0C0F0C9F0C0F0C9F0C0403AF5D2F0BC00
:10C1D00026E0403A24D300BF0B6803604B684360FD
:10C1E0008B688360CB68C3600B6903614B694361F3
:10C1F0008B698361CB69C3610B6A03624B6A4362DB
:10C200008B6A8362CB6AC3620B6B03634B6B4363C2
:10C210008B6B8363CB6BC36340304031403ADBD2DE
:10C2200030320BD30B6803604B6843608B688360CC
:10C23000CB68C36010301031103AF3D20C3205D302
:10C2400051F8043B40F8043B043AF9D2043208D0D8
:10C25000D2071CBF11F8013B00F8013B01D30B884A
:10C2600003806046704700BF082A13D38B07B0D005
:10C2700010F00303ADD0C3F10403D21ADB071CBFD7
:10C2800011F8013B00F8013BA3D331F8023B20F841
:10C29000023B9EE7043AD9D3013A11F8013B00F87A
:10C2A000013BF9D20B7803704B7843708B78837025
:04C2B000604670472D
:10C2B40001000000001100201D40000000000000EB
:10C2C400FFFFFFFF1FFF0000BAABBABA1010101037
:10C2D400FF00000000000000FFFFFFFFFFFFFFFF63
:10C2E400FFFFFFFFFFFFFFFFFF000000011A1F0019
:10C2F400000000002F1A1F00000000005D1A1F003C
:10C3040000000000491A1F0000000000131A1F005B
:04C314000000000025
:04000005001E382978
:00000001FF
