:0200000260009C
:10380000293806009538060039380600358107004A
:1038100055DF0600FD6106002D8107003981070094
:08382000318107005D8A0700F9
:1038280000B5024880475DF804EB7047698D0700D2
:1038380071460420084202D0EFF3098101E0EFF35A
:103848000881886902380078102813DB20280FDBEC
:103858002D280BDB084A1268084B9A4203D16028CE
:1038680004DB074A1047022008607047054A1047E2
:10387800054A1047FFDF0000D40A0020BEBAFECA7E
:10388800F96106004181070039900700124909785B
:10389800D9B904207146084217D106990F4A9142B6
:1038A80013DA0F4A914200DA0FDB069902290CDB82
:1038B80002394878DF2808D10878FF2805D14FF069
:1038C80001004FF00002074B18474FF0FF307146D8
:1038D8004FF00002034B184728ED00E000CC07002A
:1038E80000380600818D070007282DD01AB1012A5B
:1038F8000BD0812070474B7803F00703042BF8D8CE
:10390800DFE803F007220C131B004B78C3F3C20354
:10391800F4E7002A14BF032002207047032813D8B5
:1039280000280CBF05200F20704704280CD8023847
:10393800012894BF0F2005207047062804D00328CB
:103948000CBF0F20052070470020704773B5144640
:10395800ADF80410BDF8042003462280227842F016
:10396800040222709DF90420002A13DA104A9DF8F7
:103978000410927AA068C1F3001193420CD3FE2B75
:1039880004D107324942D20818F07CFB237823F08F
:103998001003237002B070BDDE08012503F0070391
:1039A800825D9D40994022EA05020A438255EDE76F
:1039B800E8000020064BDA88824206D330B10C2298
:1039C8001B6850430C38184470470020704700BFEC
:1039D800E8000020820682B0C3B20BD41B0606D5CD
:1039E800054B9B7ADA1D4B4303EBD20399B2084689
:1039F80002B070470021FAE7E80000201388F0B50C
:103A08000B8091F90030002B26DA144B0C789B7A46
:103A1800984204D344F0100400200C70F0BD95685F
:103A2800C60800F007070733AE5DDB103E4166F3BA
:103A380004140C701178D27801F0030142EA0122D3
:103A480040F20121B2FBF1F101EB4121521A92B28D
:103A580000FB02302844E1E79068DFE7E800002037
:103A680010B5044649B1042113F08AFF38B1204645
:103A78000421BDE8104014F00BB8084610BDFF2023
:103A8800FCE700002DE9F7438146084616461D4627
:103A9800FFF790FF0446DDE90A7800285CD001783A
:103AA800480759D5B9F1000F4FDA5FFA89F92E4B5B
:103AB8009B7A4B4552D9224601A94846FFF79EFFFB
:103AC8002278E37840F2012102F0030243EA02235C
:103AD8006A04B3FBF1F101EB4121A3EB010189B2C7
:103AE8000AD58B4208D194F802C022790CF0030C55
:103AF80042EA0C22B24233D3B14231D3C5F30D02AC
:103B08009519ADB2A9422DD38B4205D1A378290AC4
:103B1800257161F30103A370B8F1000F01D0A8F873
:103B2800002077B13946304418F0F8FA9DF804308F
:103B38002246484623F010038DF804300199FFF718
:103B480005FF002003B0BDE8F0831FFA89F0C9091A
:103B5800FFF786FF8146AAE70120F3E78720F1E710
:103B68000720EFE70D20EDE7E8000020CB1C23F04D
:103B7800030399422DE9F04107460D462ED1184C12
:103B880000230E4640F201282160A0802381A27202
:103B9800E380337813F0040001D1BDE8F081E288B6
:103BA8000132E28013F0200216D103F00302F1780B
:103BB800707841EA022143EA0020B1FBF8F202EBF7
:103BC8004222891A89B2FFF705FF238903449BB271
:103BD8002381FB1A2B44B3600C36DAE78620DCE736
:103BE800E8000020044AD388108903EB430301301E
:103BF80000EB830080B27047E80000202DE9F04F09
:103C080040F2012487B081461546ADF8141002939E
:103C1800BDF8403005980393B2FBF4F404EB442458
:103C2800141BA4B22146FFF7D5FE0146FFF7DAFFC1
:103C3800DFF8F4C00C30BCF8042008449042DDE9F9
:103C480011766CDC9DF8148008F0A003A02B68D0D6
:103C5800BCF80600DCF800A0431C9BB2ACF80630A8
:103C680006B1338018F0200B09BFBCF8086039464C
:103C7800891989B204BFACF80810511A4FF00C0228
:103C880008BF514402FB00F6FE200AEB06029160D1
:103C980005990492FFF75AFE049A18F0800FDFF88E
:103CA8008880D570C5F3012514714FEA14241AF8D9
:103CB800061045F0040521F0070145EA01050AF858
:103CC800065008BF0125917864F301014FF0000404
:103CD8009170264699F802105171B9F80010D180F8
:103CE8004FF0000111731CBF0F4A957ABBF1000F0A
:103CF80018BF0027E3B29D4201D800200CE044F031
:103D080000400134CDE90076DDE90223B8F8061059
:103D1800FFF7B8FE0028EDD007B0BDE8F08F84208B
:103D2800FAE70620F8E700BFE80000202DE9F3478E
:103D38000446084692461D46FFF73CFE8146DDE9EB
:103D48000A6700283ED001784B073BD5C9092046B1
:103D5800FFF786FE1F4B9B7A834235D901A94A4655
:103D6800FFF74CFE99F8023099F80440BAF5806FD5
:103D780003F00303CAF3090844EA03210C460DD3F0
:103D880099F8002099F8033002F0030243EA02236D
:103D9800B3F5007F02DD6B1E8B4217DCA04517D8F8
:103DA800A4EB080292B2AA4228BF2A4607B13A8079
:103DB80026B100EB0801304618F0B0F9002002B037
:103DC800BDE8F0870120FAE78720F8E70B20F6E73F
:103DD8000720F4E7E80000202DE9F0470446FFF744
:103DE800E9FD064668B3184F25464FF0000940F232
:103DF8000128B7F806A0AA4509D23B89013C002052
:103E0800A3EB0903FC8030703B81BDE8F0872846AE
:103E18000135FFF7CFFD0278C178ADB202F0030398
:103E2800407841EA032142EA0020B1FBF8F303EBB2
:103E38004323C91A89B2FFF7CDFD48441FFA80F918
:103E4800D9E70120E1E700BFE800002010B51446DB
:103E580039B1013911800121FFF702FEA07000205D
:103E680010BD0120FCE70000F8B5154B04460C27EF
:103E7800DE8818682388B3421FD207FB03F1421873
:103E88001BD0415C5D1C11F0040F14D05379A37250
:103E9800D3889078238100F00300117941EA00214A
:103EA800A078A181E11CFFF7A9FD2061ABB2002039
:103EB8002380E38002E02580DCE70A20F8BD00BF0C
:103EC800E8000020012303827047000073B506460E
:103ED80008461D46ADF80420FFF76CFD044658B3AC
:103EE80001784B0728D5C9093046FFF7B9FD144BAF
:103EF8009B7A834222D922460199FFF727FDFF2D9D
:103F080017D0237840F20122E17803F0030341EA55
:103F18000321B1FBF2F202EB4222891A89B215B9E8
:103F280001F2012189B22378E170090A61F30103E2
:103F38002370002002B070BD0120FBE78720F9E75D
:103F4800E8000020F8B50646084617461D46FFF764
:103F580031FD0446F8B101784B071CD5C909304634
:103F6800FFF77EFD224639460646FFF747FD5DB15D
:103F78002378E27803F0030342EA0322B2F5007FD4
:103F8800CCBF002201222A70044B987AB04294BF19
:103F980087200020F8BD0120FCE700BFE8000020D2
:103FA80090F82F30C279C3F30103134063F3010281
:103FB80013F00103C2711BBF837A90F83220837219
:103FC80013401FBF90F831208372437A13408278E0
:103FD8004372037A9A4288BF8370704770B503783A
:103FE80004460D46052B08D003F0F703012B11D129
:103FF8000169042015F0BEF80CE08368016904200B
:104008001E7815F0B7F8052E04D0054A042021695A
:1040180015F074F829462046BDE8704000F05CB8F9
:1040280080C3C9012DE9F041054686B00F46012439
:10403800DFF850802B79013B55F823607378013BFA
:10404800DAB2012A05D858F823303946304698475D
:104058000446012C11D82B79013BD9B2297171B9C9
:104068000A2301A802968DF80430336A059305F0F7
:10407800DFFB204606B0BDE8F081032CF9D103240C
:10408800D8E700BFDC5D060010B5044601460420F1
:1040980015F070F82146034A0420BDE8104015F0D9
:1040A8002DB800BF80C3C90138B50D468022002154
:1040B800044617F0E7FF012D01D0022D07D1204655
:1040C800657001F08BFB02230020A37538BD052025
:1040D800FCE7042015F04EB838B50C4669B100234A
:1040E80005780B7005F0A4FB064B20782B441B7A4F
:1040F800834214BF0220032038BD05F099FB2046F7
:10410800FAE700BFDC5D060010B50379012B0CD07F
:104118004C780022012C0A7004BF0A744A615A1CA8
:10412800027140F82310032010BD0420FCE700238F
:1041380037B58DF804300D464378012B03D0022B98
:1041480011D06C4606E0C468002CFAD0237C002B02
:10415800F7D10C3401462046FFF7D6FF032804D0D8
:10416800042003B030BD0469EEE729462046FFF776
:1041780059FF9DF80430002BF3D0F1E720B1037C00
:1041880013B10C30FFF74EBF0120704738B5054614
:10419800C2F110001446284417F0C0FF102C0AD0B2
:1041A800C4F10F02802328460021D2B2AB54BDE8E7
:1041B800384017F067BF38BD2DE9F04788B00C4686
:1041C80011460546DDF848A004AEDDE91029D046C1
:1041D8004F4617F8010BC0F340008DF8100018F88F
:1041E800010BC0F340008DF811001868CDF81200DB
:1041F80098889B79ADF8160068468DF818301368D2
:10420800CDF819309388ADF81D30937932468DF882
:104218001F30102313F013FE2A4669462046032355
:1042280017F0D5FDB8F80430DAF801003246ADF8D9
:1042380014302946D9F8013004906846CDF8163074
:10424800BB88ADF81A3000230793102313F0F7FD4D
:1042580003232A466946204617F0B9FD08B0BDE891
:10426800F08700002DE9F04389B0054690461C46CA
:104278000E46DDE9107919B3032302462B4930466F
:1042880017F0A5FD10222946384613F0E2FD95F9EE
:104298000F30002B05DA1023254A3946384613F02B
:1042A800CEFD10223946484613F0D3FD97F90F305A
:1042B800002B05DA10231E4A4946484613F0BFFD75
:1042C80010220021284617F0DDFE102C14D822D128
:1042D80023463A46414604A813F0B1FD2A46014652
:1042E8001023684613F0ABFD03236946304617F0E8
:1042F8006EFD09B0BDE8F083103C684610232A46DD
:10430800A4B208EB040113F09AFD03236946304672
:1043180017F05DFDD9E7E2B241466846FFF736FF80
:1043280010234A4669460DEB0300D5E7A85D060051
:10433800B85D06001FB51B88044612880846ADF80C
:1043480002300023ADF80020694603932246CDE9E8
:104358000133032317F03BFD04B010BD30B589B01D
:1043680004460D46106851686B4604AA03C300232F
:1043780069462846CDE90233032317F028FDBDF826
:104388001030238009B030BDF0B5027887B0002323
:104398000446012A06698DF8083047D0022A00F041
:1043A800BE8012B1012007B0F0BD0379013B032B99
:1043B800F8D8DFE803F0020B08237378012B40F0EC
:1043C800C18002230AE01D233370FAE77378022BB9
:1043D80040F0B88033780C2BE4D1072301228DF804
:1043E8000830227022899A4216D2082301A88DF833
:1043F8000430236A0593FFF76FFED4E7B37D022BE1
:10440800D0D132781D2ACDD84F4BD340DB07C9D540
:104418000389012BD5D8C5E70B46052203F8042BE1
:10442800D4E9020183E803000320BCE70A78052ADF
:10443800B8D18DF80420026A8D6805929DF8102085
:10444800039563F300020379013B8DF81020032BD9
:10445800A8D8DFE803F00224125802270B23002112
:10446800ADF808702B70037D01A803F01F036B7073
:10447800FFF7B4FD3770002095E79DF81030022251
:1044880043F00103ADF808208DF8103005232B7098
:10449800037D6B70027001A8FFF7A0FD83E7072377
:1044A8000021ADF8083001232B70037E6B70437E2A
:1044B80003F00103AB70837E03F01F03EB70C37E30
:1044C8002B71EB7813F0010315BF037FAB7103F079
:1044D80007036B711CBF6B71437F01A81CBF03F0FE
:1044E8000703AB71FFF77AFD2B68F362AB8833865D
:1044F800AB7986F8323063695B7873752B79B37062
:104508000D233370B7E702230021ADF808300E23DE
:104518002B70037D01A86B70FFF760FDABE70122EC
:1045280019468DF80420026A059203228DF80820A6
:10453800027D01A88DF80920FFF750FD304601F0F3
:104548004DF998E705202EE7F0C0012070B59CB022
:104558000C46194602F120059DF880308DF82C3064
:104568000DF12D0352F8046BAA4243F8046BF9D1FC
:1045780022460DF14D03203452F8045BA24243F861
:10458800045BF9D107AB0BAA019303AB009341235A
:10459800FFF768FE1CB070BD2DE9F04FA1B01C46B6
:1045A80020230DF1280B0DF1180A2C9ECDF804B02C
:1045B800CDF800A0CDE904014D490EA8DDE92A7522
:1045C800FFF750FE4FF4807305F101080DF1580C08
:1045D800ADF84830731C07F1100E0393D6F801307C
:1045E800CDF84A30B6F80530ADF84E303378C3F31D
:1045F80040038DF85030D5F80130CDF85130B5F87A
:104608000530ADF855302B78C3F340038DF857309B
:104618003B461868083353F8041C6246734503C2C6
:104628009446F6D123460DF1680C04F1100E186873
:10463800083353F8041C6246734503C29446F6D106
:104648000023DFF8B09012AA0EA98DF87C3035232C
:104658000498CDF87890CDE900ABFFF703FE4FF44E
:104668008073ADF84830D6F80130CDF84A30039B56
:104678009B88ADF84E30337807F11006C3F340033A
:104688008DF85030D5F80130CDF85130B8F80430F5
:10469800ADF855302B7816ADC3F340038DF857307D
:1046A8003B461868083353F8041C2A46B34203C231
:1046B8001546F6D11AAA04F110052068083454F8F2
:1046C800041C1346AC4203C31A46F6D1012312AAAE
:1046D8000EA905988DF87C300AABCDF87890019337
:1046E80006AB00933523FFF7BDFD21B0BDE8F08F81
:1046F800C85D0600656C7462F0B59DB00546259EE0
:10470800D6F801000B90B6F80500ADF83000307807
:10471800DDE92374C0F340008DF83200D4F80100BD
:10472800CDF83300B4F80500ADF837002078229CA6
:10473800C0F3400004F110068DF839003888ADF850
:104748003A00B8788DF83C000DF13D0054F8047B30
:10475800B44240F8047BF9D10DF14D0003F1100487
:1047680053F8046BA34240F8046BF9D10DF15D03D3
:1047780002F1100052F8044B824243F8044BF9D17D
:1047880007AB0BAA2846019303AB00934123FFF71D
:1047980069FD1DB0F0BDF0B5A3B09C4606460C46B9
:1047A800289D0EAB05F1100E2868083555F8041C35
:1047B8001F46754503C73B46F6D112AB02F12007E9
:1047C8001068083252F8041C1D46BA4203C52B462D
:1047D800F6D122461AAB04F120051068083252F8C7
:1047E800041C1C46AA4203C42346F6D106AB0EAAF3
:1047F80061460AA8019302AB00935023FFF732FDEC
:104808000A9B336023B0F0BD2DE9F04300238FB03D
:1048180090F800C005460F46C4688DF82430BCF1F6
:104828001B0F00F28780DFE81CF01C00EC0232034B
:104838004E0389039403A903DB03F8035604810498
:10484800C904F104FD043F0587059405B705B905BA
:104858003B067D067F06B206CF064B076E072E077E
:10486800350714B123781D2B36D0AE68002E61D0E1
:104878000123296A8DF8243040F602230D91ADF802
:1048880028306B690B93AB88002B53D03278501EBD
:104898000D2821D8023A0C2A23D8DFE812F070003C
:1048A800EB0040011C0230025002790299024B00D1
:1048B8000D00AF00AD010102022B3BD114B12378EA
:1048C8000C2B09D102238DF8243073788DF8283009
:1048D800002109A8FFF782FB002630460FB0BDE88B
:1048E800F083042014F046FCAB88072B22D10CB3CC
:1048F8002378022B02D01A1F022A19D80123237009
:104908003379DA1F092A1AD90A232B741D23394649
:1049180009A8237018232B7008238DF824302B6ADC
:104928000D9302238DF82830FFF7D6FB0646D4E70F
:10493800012BE5D02B7C002B00F0F286E6E7A37074
:1049480003223368E362B3882386B37984F832306C
:1049580001232B70234603F82D2B0A93631D8DF832
:1049680024200B9304F114032A6A0C930D92394600
:1049780009A8FFF7B1FB0646012EAED1DAE7072BEF
:10498800D8D1002CD6D023780D2BD3D1F17894F838
:104998002F20C1F3C0038807C2F3C00203EA020351
:1049A8007279C3F10703DBB204D11342ACD1B179F8
:1049B8000B42A9D194F8311022EA01021A42A3D17C
:1049C80094F83210B27922EA01021A429CD1337962
:1049D800DA1F092A98D8627D9A4201D9062394E7FA
:1049E80033680E226360B3882381B379A3720123ED
:1049F8002B70234603F82D2B0322AEE7412B99D1C8
:104A0800002C97D02378042B24D1E378D90791D5AB
:104A1800731CE269413653F8041BB34242F8041B85
:104A2800F9D10B23002109A88DF824302B6A0D93A6
:104A3800E3690A93FFF7D2FA2378042B0ED10523F2
:104A4800237003232B7008238DF824302B6A0D93D1
:104A5800412314E20F2B7FF46DAFD9E7A37D012B1F
:104A680002D81123237037E7032B14BF1023122316
:104A7800237048E0112B7FF45DAF002C3FF45AAF50
:104A88002378042B17D1E378DA073FF553AFA04614
:104A980006F1010958F8403B23F07E4303F0FF2359
:104AA800B3F5007F13D110224146484617F0DAFAD1
:104AB80068B9042329E7062B07D1E378DB07E6D496
:104AC800A37D022B7FF436AFE1E7112BFAE74846C6
:104AD800113650F8043BB04248F8043BF9D16178EC
:104AE800012914BF122307232370E378D80711D5AF
:104AF8000129A27D40F02F86022A40F0278603F084
:104B08003E03022B09D104232B700C238DF824308B
:104B18002B6A67E0012940F02186052358E0112B14
:104B28007FF408AF002C3FF405AF2378082B02D0A0
:104B3800132B7FF4FFAE04F17002711C113610467E
:104B480051F804EBB14240F804EBF9D1082B14BF3B
:104B5800142309232370E378D9071FD5A67D022ED5
:104B680004D06178022935D1012E30D8022ED4E93B
:104B780006010BD1666BC3F34403D6F800C0013BB2
:104B88002CFA03FC0CF0010C4CF0800C1346CDF809
:104B980000C0024605A8FFF7D9FC0BE0A36A05A8E8
:104BA8000293636A0193231D009304F12C03616B44
:104BB800FFF702FB102205A904F1400017F052FA92
:104BC80000287FF476AF2378092B00F0C8850A23E4
:104BD8002B70CDE1032E2B6A06D104222A700C22F9
:104BE8008DF824200D93C2E609222A7008228DF838
:104BF80024200D93112342E1112B7FF49BAE002C4E
:104C08003FF498AE23780A2B13D1E278D2077FF5C8
:104C180091AE04F14008721C1136414652F8040B5B
:104C2800B24241F8040BF9D10A2B06D10B232370A9
:104C3800CEE7152B7FF47EAEEBE72346162204F170
:104C4800500105A803F8602B626A0392A26A0292D7
:104C5800621D0192626B009204F17002FFF74CFD35
:104C6800102205A9404617F0FDF90646002840F035
:104C7800168320463146FFF793F9A378206AC3F1DB
:104C88001002184417F0FEF90F232B7006230A961A
:104C98008DF824302B6A0D93A3788DF82C3066E6B6
:104CA800022B7FF447AE002C3FF444AE23781A1F42
:104CB800032A03D90E3B032B3FF63CAEA37D022B00
:104CC8007FF438AE0846FFF7DFF90E238DF824305D
:104CD8002B6A0D93F9E5022B7FF42CAE002C3FF4E0
:104CE80029AE2378012B7FF625AE0C2B3FF422AE9C
:104CF80004238DF8283073788DF829301AE6112BA3
:104D08007FF418AE002C3FF415AE2378172B7FF4F0
:104D180011AE62781421636A971E7A427A4101FBC8
:104D28000232731C1136926953F8041BB34242F8DD
:104D3800041BF9D1286AFFF7A7F9182392E60B2B71
:104D48007FF4F8AD002C3FF4F5AD2378182B7FF4F1
:104D5800F1AD62781421636A901E4242424101FB20
:104D68000233B6F801201B691A806278636A941EC0
:104D78006242624101FB02335A69D6F8033013607C
:104D8800D6F807305360286AFFF77EF917231FE724
:104D9800112B7FF4CFAD002C3FF4CCAD2378192B29
:104DA8007FF4C8AD6278636A911E4A424A41142171
:104DB80001FB0232731C1136D26953F8041BB3424B
:104DC80042F8041BF9D1286AFFF75EF91A2349E66D
:104DD800082B7FF4AFAD002C3FF4ACAD23781A2B31
:104DE8007FF4A8AD636A71781A7861F347021A7084
:104DF800D6F80220636AC3F80120F288A3F80520D8
:104E0800C1E70B78012B7FF495AD4B6804F11402D0
:104E180003F1180153F8040B8B4242F8040BF9D143
:104E2800E27994F82F10C2F3C003C1F3C0010B401C
:104E3800E17863F30001237DE170002B7FF465AD19
:104E4800217803291ED1607DA17888423FF6C6AD3E
:104E580063F3471202212046E271627A217163F3FB
:104E680007126272A27A63F30712A272FFF798F828
:104E7800082329708DF824302B6A0D9307238DF8A9
:104E8800283074E5E378DB077FF547AED9E50B7882
:104E9800052B7FF44FAD07228DF82430036AADF857
:104EA80028209DF830200D9322F001028B688DF8A0
:104EB80030200B9362681A6022899A80A27A9A71CC
:104EC8000423237004E50B78052B7FF433AD8DF8AC
:104ED80024300C22036AD1E901010D930AAB83E85F
:104EE80003004123ADF828309DF8303023F001034A
:104EF8008DF830300A70BA68A369013203F14001B5
:104F080053F8040B8B4242F8040BF9D1002109A88D
:104F1800FFF764F8E378012262F34503E37023782E
:104F2800052B09D1A37D934201D80723A0E5032BC4
:104F380040F03481082395E50F2393E50B78072B80
:104F48007FF4F8AC0B79002B7FF4DFAC8B68E3635C
:104F5800E3E5102104F1600012F032F9636BF3B954
:104F6800A37D012B06D807232B70AD4BC4E90D3365
:104F78000326B2E406232B700423C7E50B78022B23
:104F88007FF4D8AC0B79002B7FF4BFACA37D022B48
:104F980007D18B68002B3FF4CDAC6363A363072371
:104FA80016E6032BFBD16178A379012994F82E200A
:104FB8001EBF194613460A46012A0DD1BA68002AAF
:104FC8003FF4B8AC6263E278D60707D5012B05D168
:104FD800FB68002BE2D1ADE4914AF3E7904BDDE7A3
:104FE800026A08230D92E2788DF82430D00709D59B
:104FF8006278A37D022A01D1012B0CD9032B0CBFA7
:10500800092308232B7011238DF82830394609A865
:10501800FEF7E4FFAFE40923F4E70B78052B7FF4F0
:1050280089AC2278072A04F1600218BF4FF0110CEE
:1050380084F800C08DF82430036A8E680D9311231C
:1050480035460B96ADF828309DF8303023F0010333
:105058008DF83030032305F8013BE07810F0010F9C
:105068001ED1A36A28460293636A0193231D009305
:1050780004F12C03616BFFF79FF8236823F07E434C
:1050880003F0FF23B3F5007F7FF422AC28464034B9
:10509800113650F8043BB04244F8043BF9D117E408
:1050A800A37D022B05BF636BC0F3440000231B687C
:1050B80004BF00F1FF30C340284608BF03F00103D6
:1050C800D4E9061708BF43F08003009313463A4615
:1050D800FFF73CFAD1E70B78052B7FF42BAC1122B4
:1050E8008DF82430036AADF828209DF830200D9300
:1050F80022F001028B6804F170018DF8302004223F
:105108000B9303F8012B04F1600252F8040B8A4256
:1051180043F8040BF9D1002109A8FEF75FFF2378B3
:10512800092B01D10A2382E513239BE4E378D907ED
:1051380039D5A27D012A24D16378012B04F17003AB
:10514800D4E9061004F1600411D100260A4600943F
:1051580001460AA8FFF71FFB0D23002109A88DF8B7
:1051680024302B6A0D93FEF739FFFFF7B6BB0246D2
:1051780000930AA82346FFF70EFB0B2303262B7088
:10518800EAE7022A0FD1C3F34402132A0BD80132EB
:1051980062F34503E3706378012B01D1062361E4D0
:1051A80010232370B9E4236823F07E4303F0FF2320
:1051B800B3F1012F3FF490AB0B2309E5E378DA074D
:1051C80004D5A37D012B29D10C23D4E60F2304F1A8
:1051D800700205AE037004F160006378616B012B07
:1051E8000CD113460246304600F0C0FAA0780021E0
:1051F800C0F11002304416F045FF47E5034630463B
:1052080000F0B4FA2046FEF7CBFEEFE70B78022B4E
:105218007FF490AB0B79002B7FF477AB0D23D7E4A9
:10522800A85D0600637804F17006D4F828C004F17C
:105238006008012B216AE26B04F150090CBF40465B
:105248003046CDF808C008BF3346D4F824C018BF8C
:105258004346CDE9000C4846FFF79EF96378012BD9
:1052680020D1A3780021206AC3F11002184416F057
:1052780009FFA36A32464946039305A8636A029365
:1052880004F12D030193636B00934346FFF734FA4F
:10529800102205A904F1400016F0E4FE10B10B231A
:1052A800FFF733BB0E235AE20B78052B7FF442AB92
:1052B8008DF8243004F1700E036A04F160028868E6
:1052C80004F150010D9311230B90ADF828309DF88F
:1052D800303023F001038DF830300D2300F8013B06
:1052E80094F801C0D4F83880BCF1010FD4E909362C
:1052F8000FBF04F1050C04F12D0C9946334618BF75
:105308004E46CDE9008CCDE902637346FFF7F4F908
:10531800002109A8FEF762FE6378012B09D10F234B
:105328002B7006238DF824302B6A0D9300230A93E3
:10533800B2E41523FFF796BB0B78032B7FF4FAAA88
:10534800E379DB0740F1A381102303700723FFF7FC
:10535800DDBB0B78042B7FF4EDAA0B1D04F11402BE
:10536800183753F8041BBB4242F8041BF9D1636A8F
:10537800228CA3F80920636AA278DA71636AE1795A
:105388001A7A61F301021A72636A627A1A73636A9B
:10539800A27A83F82020F9E41223E0E191F8008052
:1053A800B8F1050F7FF4C6AA8B681426082143615B
:1053B8006278636A023A18BF012206FB0233586911
:1053C80011F0FEFE6278636A04A8023AE16918BF28
:1053D800012206FB02335A6900F0DCF96078626A40
:1053E8000223023804A918BF012006FB0020093255
:1053F800006912F024FD626AB04B0DEB0600093219
:10540800A169FEF797FF6278636A0DEB0601023A1D
:1054180018BF012206FB0233A278986916F07EFEB7
:105428006278636A0021023AA07818BF012206FB5D
:105438000233C0F110029B69184416F023FE1122B2
:105448002B6AADF828209DF830200D9322F0010238
:105458006B698DF824808DF8302006220B9303F8B1
:10546800012B6178626A023918BF012106FB01220B
:10547800926902F1100152F8040B8A4243F8040BB6
:10548800F9D1002109A8FEF7A9FD00236B611323B8
:105498002B7008238DF824302B6A0D930B23EEE430
:1054A8000B78052B7FF446AA8DF82430036A142064
:1054B80089680D930B230B91ADF8283007230B70E7
:1054C8006278636A023A18BF012200FB02331B6943
:1054D8001B88A1F801306278636A023A18BF01227A
:1054E80000FB02335A691368C1F803305368C1F8E6
:1054F800073023781C2B08D11A232B709DF83030E5
:1055080043F001038DF8303080E51723002109A806
:105518002B709DF8303023F001038DF83030FEF702
:105528005DFD25E515231AE10B78052B7FF402AA0A
:1055380011228DF82430036A1420ADF828209DF834
:1055480030200D9322F001028B688DF8302008225C
:105558000B9303F8012B6178626A023918BF0121A5
:1055680000FB0122D26902F1100152F8040B8A42B1
:1055780043F8040BF9D1002109A8FEF72FFD1623E3
:105588002A6A2B7008230D928DF8243077E40B7863
:10559800052B7FF4CFA98DF824300822036AADF8D3
:1055A800282009220D938B680B931A706269127870
:1055B800C2F346025A706269D2F80110C3F80210A9
:1055C800B2F80520DA8094E7667804F1040CE378F1
:1055D800022E03F001030CBF01210021C3F10703D0
:1055E80018BF012201F1050808BF00221CF80800B5
:1055F80002F1050E18400CF808001CF80E8003EAAA
:1056080008030CF80E30002840F09C801B262670FA
:10561800002B3CD013F0010808D02244567A26F01B
:1056280001065672112203262A7002E09E071BD437
:1056380001266278022A00D053B921444A7A12F02E
:10564800010818D022F001024A721722002622709F
:105658001CF80E2002437FF48FA9002B3FF48CA97D
:105668001C232370FFF788B92244567A68F3410651
:1056780056721422D7E712F0020FE9D068F34102FC
:105688004A721922E2E70B78062B7FF453A91B23F1
:10569800FFF79EBA2378012B3FF44CA90C2B3FF45B
:1056A80049A90923002102268DF82430036A09A894
:1056B8000D93FEF793FCFFF710B900BFD85D060005
:1056C8000A78052A1AD1036A8DF824200D938B686D
:1056D8000221ADF828109DF830100B9341F001011C
:1056E8008DF8301039461A70027C09A85A70FEF7F6
:1056F80075FC192306462B70FFF73EB906230B707D
:105708001923FFF765BA01238DF82430036A0D9336
:1057180003238DF82830037C8DF829300023037487
:105728009DF8243063B10026002109A8FEF756FC35
:10573800002C3FF4D2A8204600F050F8FFF7CDB86F
:105748000126F5E7012E3FF465AF71E7012A3FF620
:10575800E4A9FFF7D8B9012A7FF6D5A909232B7048
:1057680008238DF824302B6AFFF743BA7FB5064625
:105778000D4618686C46596803C41068234651687A
:10578800324603C303236946284616F020FB04B0BB
:1057980070BD000030B5154685B0074A0446684616
:1057A80002F130033232FEF7C5FD2A46694620462B
:1057B800FEF7D4FD05B030BDA85D060070470000B7
:1057C80010B40446034B0846034A214610BCFEF7B2
:1057D800B1BD00BFD85D0600F35D06004378012B1C
:0857E80018BF0C230370704789
:105800002CFFFFFFDBE5B151009401000D31FFFFDC
:10581000730000008196980075A7B53A3CDD4A8078
:0C5820000BC04E1D23D7EEC1ACAF956944
:10582C00D5F5060005F9060065FA060091FA0600A2
:10583C00D3FA060011FB06004BFB06007BFB0600AF
:10584C00B1FB060011FC0600B5F60600E16006008F
:10585C00BD8606001D870600458706009587060055
:10586C00298806009D890600998A0600D18A0600BF
:10587C00358E0600298F0600698F0600D58F06002D
:10588C00F58F0600CD9506000196060005950600DD
:10589C00699506003D960600CD960600ADA3060060
:1058AC0091A406003DA9060069AA060015AB0600E6
:1058BC0081AB0600EFAB0600E560060009AD060003
:1058CC0073AD0600E5600600E5600600E5600600C5
:1058DC00E5600600A190060019910600E56006003F
:1058EC0029920600E5600600219006005D900600F6
:1058FC0081900600E5600600E5600600E5600600A4
:10590C00E5600600E5600600E5600600E56006005F
:10591C00E5600600E5600600E1600600E160060057
:10592C00E16006002DBA0600B9BA0600D9BA060025
:10593C00FBBA06007DBC060025BB060031BB060089
:10594C0075BB060099BB060061BC0600A7BC06002F
:10595C00E1600600CBD20600E3D20600E9D20600D5
:10596C0025D3060055D3060029D40600A9D4060079
:10597C00C5D4060025D5060075D6060041D806000C
:10598C006DD9060089D9060041DC0600E1600600ED
:10599C00E1600600E5600600E5600600E5600600D3
:1059AC00E5600600E5600600FF0102001001100131
:1059BC003A0200001A020C01020000001100030060
:1059CC000300070008000330030003000D00000073
:1059DC0005000F000F0003000F00060007000F006A
:1059EC0004000500070007000C0003000F0007006F
:1059FC000F00030003000300030003000300030077
:105A0C000300030003000300030003000300030072
:105A1C000300030003000300030003000300030062
:105A2C000300030003000300030003000300030052
:105A3C000300030003000300030003000300030042
:105A4C000300030003000300030003000300030032
:105A5C000300030003000300030003000300030022
:105A6C000300030003000300030003000300030012
:105A7C000300030003000300030003000300030002
:105A8C0003000300030003000300030003000300F2
:105A9C0003000300030003000300030003000300E2
:105AAC0003000300030003000300030003000300D2
:105ABC0003000300030003000300030003000300C2
:105ACC0003000300030003000300030003000300B2
:105ADC000300030003000400030003000230001164
:105AEC000003030708080D0004050600C40100208C
:105AFC000200000B0406080A0C0E10121416181CD7
:105B0C001E20222426282A2C2E30323436383A3CB9
:105B1C003E40424446484A4C4E021A500000000097
:105B2C00280000001800000000000000F023000016
:105B3C002413000000000000400600004006000096
:105B4C00000098086B03000000000000F023000028
:105B5C00241300000000000048A3000014A0000063
:105B6C00000040060C030000800000200200000B27
:105B7C00260200200200000C8A0200200200000B0A
:105B8C008A0200200100000C880200200100000C99
:105B9C006FFD060005820600F5B00600D5D906009B
:105BAC00E1EF060000000000FFFFFFFF0000FFFF19
:105BBC00000003000230030003000F000F0004007C
:105BCC000D00130003000300080003000300030092
:105BDC00030006000700030003000300030003009A
:105BEC000300030007300300030003000700030059
:105BFC000300030003000300030003000300030081
:105C0C000300030003000300030003000300030070
:105C1C00070003000300030003000300030003005C
:105C2C0003000300110003000D0003000300030038
:105C3C0003000300043003000300090085EF060095
:105C4C006DF3060085EF060085EF060085EF060074
:105C5C0085EF06002BD206000BD206007BD2060085
:105C6C009DB906005FB906007FB9060005FF060066
:105C7C006FFE0600C99D06009BD2060000000000C6
:105C8C00BFD20600EBB906000000000000000000C7
:105C9C000000000000000000499E06000102020303
:105CAC000300000028000000200100010000010199
:105CBC0000000100010000010001000000000100D3
:105CCC000B0002000A00050009000A00080014007D
:105CDC0007001E000600320005004B0004006400A3
:105CEC00030096000200FA000100F4010000F40128
:105CFC00FA00960064004B0032001E0014000A00EB
:105D0C000500020001000C0802170D01010209092F
:105D1C00010106020918180301010909030385038F
:105D2C000201230202240910040405050B0B040BC9
:105D3C002B1B1B159A9A1C021D16130501490D15D8
:105D4C000508061B1B0F01010000FEFEFEFEFEFEF9
:105D5C00FEFEFEFEFEFEFEFEFEFEFEFEFEFEFE163F
:105D6C00FEFEFEFEFEFEFEFEFEFEFE1F1FFEFE26DD
:105D7C00FEFEFEFEFEFEFEFEFEFEFEFEFEFEFEFE37
:105D8C00FEFE3E3EFEFEFEFE3B3BA201B003BE0508
:105D9C00EE024806A209C405F40B24120000000010
:105DAC000000000000000000000000008700000060
:105DBC00000000000000000000000000BE83605ADC
:105DCC00DB0B376038A5F5AA9183886C00000300C3
:105DDC00114806009143060000000001020603046E
:105DEC00050000000700000100FB349B5F800000F1
:105DFC008000100000000000000000003D81070042
:105E0C003D8107003D8107003D8107003D81070072
:105E1C003D8107003D8107003D8107003D81070062
:105E2C00E18407003D8107003D8107003D810700AB
:105E3C00318707003F8707004D870700D18B07008C
:105E4C002D8907003D8107003D8107003D8107003A
:105E5C0065890700B18907003D8107003D81070076
:105E6C003D8107003D810700D5890700F1890700B6
:105E7C00118A07003D8107003D8107005D870700FF
:105E8C007587070085870700998707007B880700BF
:105E9C0055880700BD870700F987070009880700A8
:105EAC0069810700AD8707003D8107003D81070030
:105EBC003D8107003D810700058C0700110303039A
:105ECC000303030303030303030703030303030392
:105EDC0003030F07030303030303030303050F006B
:105EEC0000E5105004E5105000100200DC05040021
:105EFC008A000000E500000085000000D7000000CB
:105F0C004B0000001C000000FA00F4019600640035
:105F1C004B0032001E0014000A00050002000100B4
:105F2C00000000000000010101010101010101015B
:105F3C000101020202020202030304040505060623
:105F4C0007070808090A0B0C0D0E0F101112131479
:105F5C0015161718191A1B0010010000D2000000AA
:105F6C0030010000D800000001000000E400000037
:105F7C0002000000EA00000002000000EC0000003B
:105F8C0003000000EE00000004000000F000000020
:105F9C0005000000F200000006000000F400000004
:105FAC0007000000F600000008000000F7000000E9
:105FBC0009000000F80000000A000000F9000000D1
:105FCC000B000000FA0000000D000000FB000000B8
:105FDC000F000000FC00000011000000FD0000009C
:105FEC0013000000FE00000015000000FF00000080
:105FFC0018000000000000001B0000000100000061
:10600C001F0000000200000023000000030000003D
:10601C0028000000040000002D0000000500000016
:10602C0033000000060000003900000007000000EB
:10603C003F0000000800000000100200FA00000001
:10604C006E5246357800FFFFFFFF1F0075A7B53A6B
:10605C003CDD4A800BC04E1D23D7EEC1ACAF956919
:10606C00002F6A656E6B696E735F776F726B7370FE
:10607C006163652F776F726B73706163652F646FEB
:10608C00776E73747265616D5F746573745F626C47
:10609C00655F7364635F50522D31373932332F642F
:1060AC007261676F6F6E2F6D70736C2F6C6962739A
:1060BC002F73636865642F7372632F7363686564F1
:1060CC005F68616C5F74696D65725F677274632E73
:0460DC00630000005D
:1060E000012070470620704709F04EB909F06EB9DB
:1060F00038B50E4B0C461B7873B9602801D06A285E
:1061000010D160380A4B53F82050D4E90223D4E967
:106110000001A847206038BDA0F16003612BF0D9D1
:106120000120F7E743F20100F4E700BF3404002048
:106130002C580600054B984205D3054B98422CBFBE
:106140000020012070470020704700BF0038060083
:1061500000CC070008B50246FFF7ECFF0B4B1968AF
:106160000B4B99420AD178B90A4B9A4205D30A4B94
:10617000186882422CBF0020012008BD20B9054BC1
:106180009A42FAD30548F4E70120F6E7D40A002042
:10619000BEBAFECA800000208400002080000020DB
:1061A0000A4B1A680A4B9A420BD10A4B1B6883426E
:1061B0000AD8094B98422CBF0020012080F0010032
:1061C0007047064B9842F4D20020F7E7D40A00202B
:1061D000BEBAFECA8400002000800120800000209A
:1061E00008B1FFF7DDBF704708B1FFF7B3BF7047D5
:1061F000FFF77ABFFFF77ABFFFF77ABF704738B56E
:1062000004460D4600F02AFB29462046BDE83840EA
:1062100001F086BB38B510220D460021044615F06A
:1062200035FF1723258163810A23A37338BD4FF6F9
:10623000FF730B800146022012F0A0BF7047008957
:106240007047837B03F00303022B1BBF838900206D
:1062500005200B807047837B9B0748BF8181704777
:10626000837B5B0700D509B14089704717207047D1
:10627000837B61F3C30383737047008820F400704D
:1062800020F00100C004C00C003818BF0120704786
:10629000827B034610B512F001040CD14181FFF757
:1062A000ECFF10B142F004029A739A7B42F00102B3
:1062B0009A73204610BD0524FBE700002DE9F34149
:1062C000044607781546012062680E4600FA07F773
:1062D0004FF6FF71138827F408578B42BFB200F0C6
:1062E0001F811FB141F6FE510B4247D13B43138042
:1062F000002D00F0178100232B702278511E0C29ED
:1063000000F2FE80DFE811F00D003D00480065005E
:1063100081008C0096006500A800AC00C700E10079
:10632000EA0063689A7B900740F1F4802289162A7C
:1063300040F2EE8019899142C0F0EA8099891629CD
:1063400002D9914240F0E48029780220A5F801208A
:1063500060F305012970032131809A819A7B22F034
:1063600002029A73002F00F0D9806F4A02206188E0
:1063700012F0C8FE6368227800209A7002B0BDE86F
:10638000F08104232B702389A5F801306389A5F8D7
:10639000033005233380E5E7B4F81080338808F133
:1063A00007081FFA88F84345C0F0B2800623E81DAD
:1063B0002B702389228AA5F8013063896169A5F8C9
:1063C0000330A389A5F8053015F0ACFEA6F80080CF
:1063D000C8E7082A0DF1070104F10C0014BF0823D7
:1063E00010232B702389A5F801306389A5F80330A9
:1063F0000523EA18338011F0E9FD002840F0888079
:106400009DF8073032881344C4E70A232B70238990
:10641000A5F8013003233380636822899A80A1E7BD
:106420000C232B702389A5F801306389A5F803306C
:106430000523F0E722893388520002F101081FFA90
:1064400088F8434564D3B8F1040F61D928460E2378
:1064500000F8013BE168B7E72B7843F040032B706D
:106460006289338802F103081FFA88F843454FD345
:106470002B781221E81C61F30503E1682B70238956
:10648000A5F8013015F04EFEA6F800802B785906CD
:106490003FF568AFC0E7A289338802F105081FFA0B
:1064A00088F8434534D32B781621681D61F3050322
:1064B00021692B702389A5F801306389A5F8033081
:1064C00015F030FEA6F80080A6E72B78182262F3BC
:1064D00005032B70237A6B7002235BE763681A88CD
:1064E000920417D5DA8823899A4215D11E232B707E
:1064F000012362683380138823F40053138031E74B
:10650000032033806268138823EA0703138035E78A
:106510000420F7E70520F5E70620F3E73846F1E722
:1065200009202BE7042029E780C3C9012DE9F043A6
:1065300092F8009085B007461E4609F03F080C46C9
:10654000002900F0878118F0010F40D0B8F1190F31
:1065500094BF002101213046FFF782FEA042C0F027
:10656000798135884FF6FF739D4200F0738119F0F1
:10657000400340F071815FEAD91940F06D81ADF8B8
:106580000030B8F11F0F00F26381DFE818F05F01FF
:106590002200610198006101A7006101C80061014A
:1065A000DB006101EB006101F7006101FB006101AB
:1065B000040161010E0161016101610117016101C5
:1065C0002F0161013E016101370161015F0101217C
:1065D000C1E7052C40F03A8102238DF80030B378F2
:1065E0008DF804309378D17843EA0123ADF8063072
:1065F00013798DF80130537803F03F03023B162BDB
:1066000000F22481DFE813F0170022013D0022018F
:1066100040002201430022014600220149002201DC
:106620004C0022014F0022015200220122012201CE
:1066300055002201580015F0020F00F0078169464D
:10664000384605F0E7F8044668B9B8F11B0F0AD0E0
:10665000B8F11D0F07D03946022012F08FFD3388A4
:1066600003F400533380B37B5A0706D53046FFF757
:1066700004FE10B960F38203B373204605B0BDE891
:10668000F08315F0040FD8E715F0080FD5E715F0E3
:10669000100FD2E715F0200FCFE715F0400FCCE731
:1066A00015F0800FC9E715F4807FC6E715F4806FF9
:1066B000C3E715F4006FC0E715F4805FBDE7AB07D3
:1066C00040F1C480032C40F0C18053788DF8004025
:1066D000927843EA0223ADF80430B0E76D0740F149
:1066E000B580052C40F2B2805178012915D00229DD
:1066F00040F0AC801023023C042002338DF80410DB
:10670000A4B28DF80000B4FBF3F14B43ADF80610D2
:106710009C4240F09B80023212E00223EBE7280704
:1067200040F19480013C0521A3B2C4F38D048DF89F
:106730000010B3EB840FADF8044040F087800132C5
:1067400002927CE7E90640F18180012C7ED006238D
:106750008DF800305378012B78D9023C8DF8043045
:10676000A4B2D0E7AB0671D50723013C8DF8003009
:10677000B388ADF80640ADF80430E0E76D0665D5A6
:106780000823F2E7280661D50923013C8DF8003083
:10679000ADF80440D3E7E90558D5012C56D00A23BB
:1067A0008DF800305378032BD6E76A054ED5012CBF
:1067B0004CD10B238DF80030B3888CE72B0545D5E1
:1067C000042C43D90C23053C05328DF80030B388E6
:1067D000ADF8043012F8023C12F8011CADF8084084
:1067E00043EA01230392ADF8063028E7ED042DD5E6
:1067F000012C2BD10D238DF8003020E7A80425D4DF
:106800005378917843EA0123F380B37B19071DD5B0
:10681000022C1BD9B8F11B0FA4F1030402F10302EF
:106820000DBF0E230F2345F400558DF800301CBF1B
:106830008DF80030358012F8023C12F8011CADF8DA
:10684000064043EA0123ADF8043079E707240AE75C
:10685000082408E7072410E708240EE702281FB5DC
:106860000B4606D10122694698B28DF8002004F04B
:10687000D1FF05B05DF804FB0B8810B5048F9C4276
:106880000CD9406BC418C05A40B1A0880633C0F37D
:106890000E00034400200B80146010BD0A20FCE7AA
:1068A0001FB54B6B0C464BB10B2201938DF80020AA
:1068B0000A8F6946ADF8082005F092FC0023636357
:1068C000A3F58033A36304B010BD00002DE9F04FA1
:1068D00091464A6B87B006460D460AB9002487E008
:1068E000012BFBD10023474FADF80E3005AA0DF167
:1068F0000E012846FFF7C0FF024608B10A244AE00D
:10690000059BB3F904100029F0DB1B883046109971
:106910001FFA83FA0B8004AB5146CDE900234FF4F4
:106920000073FDF707FA0446A8BBBDF80E30834696
:10693000ADF81230DDF81480B8F800309A4515D162
:10694000B8F8042093B2120410D4B8F8022043F42B
:10695000804351463046CDE900BB01F0CEF80446F5
:1069600068B9B8F804303B43A8F8043005AA0DF123
:1069700012012846FFF780FF0028DBD00A24059B80
:10698000002230461988BDF81030CDE9002201F010
:10699000B4F80A2CAAD00023ADF80E3005AA0DF1E8
:1069A0000E012846FFF768FF30B30A2C20D1B9F159
:1069B000000F93D00023ADF8123005AA0DF112019B
:1069C0002846FFF759FF002888D1059C109A238894
:1069D0001380A388628834F8061BCDE90040304656
:1069E00001F08BF804460028E7D00A283FF476AF80
:1069F000204607B0BDE8F08F059A9388C3F30E03D5
:106A00009380CBE70080FFFF2DE9FF470D46064648
:106A100017469DF83810002228469846DDE90C9A62
:106A200001F055F8832804461DD104230DF1060218
:106A3000294630468DF800300023ADF80450FDF7AC
:106A400085FAC7F3090369463046ADF80A80ADF808
:106A5000083005F0C5FB022801D030B18124204662
:106A600004B0BDE8F0870028F9D143463A462946EC
:106A70003046CDE90C9A04B0BDE8F047FDF75AB9AD
:106A80002DE9FF470D46064690469DF83410012239
:106A900028461F46DDF830909DF838A001F017F821
:106AA000832804461ED100230DF1060229463046F4
:106AB0008DF800A0ADF80450FDF748FAC7F30D03B8
:106AC00069463046ADF80880ADF80A30CDF80C9034
:106AD00005F086FB022801D030B18124204604B0A5
:106AE000BDE8F0870028F9D117F4004F4FF00004FB
:106AF000F4D13B46424629463046CDE90C9404B0D9
:106B0000BDE8F04700F0F9BFF8B5566B15464EB337
:106B100005386B8F82B24FF6FF7083421BBFF018AF
:106B200006330024848818BFE4182B8F18BFA4B242
:106B3000A71807F10800984216D8B1F801303019AB
:106B400005313353063031F8023C20F8022C20F88E
:106B5000043C15F0E7FA6B6B00206C873B4498719E
:106B6000D871F8BD8320FCE70920FAE72DE9F04F42
:106B7000082B91B08A469946BDF868B01E9E0490D5
:106B80000792DDE91B1859D10B880922022743F02F
:106B900010030B803D463270022498F800300693B3
:106BA0000A2388F800300AF1180318460893FDF705
:106BB0008DF9022F0CBFFD23FB230593C7F1FF03C3
:106BC0009BB209930BAB0498DDE9072100F0EEFEC0
:106BD00000285AD11D9B1B881B1BAB4255DBB9F10A
:106BE000100F06D1022C1FBFA31CBDF82C205B1B6D
:106BF000F252BDF82E101D9B31531B88059ADB1BEA
:106C00001B1B9BB29A42099AB8BF1346594534D907
:106C1000079A049802920DF12A0201923A1932441D
:106C200000920022FFF7F0FE88F8000000283ED016
:106C3000832839D1022011B0BDE8F08FDAF81C307A
:106C40009878012815D11A88A2F5205292B2012A0B
:106C50000FD84FF420529871987204279A8042F608
:106C600001021A8100229A7311220B8843F020033B
:106C70008FE7102388F8003009E00AD1069A42B164
:106C8000134688F80020AAF818B0022C24D100205E
:106C9000D1E70DF12A02049801923A193244009288
:106CA0000022FDF747F8BFE7BDF82EB0EBE7BDF8CF
:106CB0002A20022C07EB0205EDB203D175702C449B
:106CC000A4B27FE77378AB4205D1BDF8381091428A
:106CD000F5D0FF2DF3D01D46B9F1100F01BFA31C55
:106CE000BDF82C205B1BF2521D9B1C800023C1E7CA
:106CF0000B46002110B518461446442215F0C6F97B
:106D000000F108028487C2614FF6FF7242871722A2
:106D1000C2870A2280F8422010BD4FF6FF730B8015
:106D20000146032012F02ABA10B50C46FFF7B8FD51
:106D30000023E362236310BD808F704790F84230D8
:106D4000024613F002000ABF538806200B807047EA
:106D500090F842309B0748BFA0F84010704790F869
:106D600042305B0700D509B1C08F704717207047CC
:106D700090F8423061F3C30380F8423070470388D3
:106D8000C3F3C00013F0F00F18BF40F00200DA05A3
:106D900048BF40F00400990548BF40F008005A057C
:106DA00048BF40F010001B0548BF40F0200070476E
:106DB00070B590F84250044615F0010611D1C18714
:106DC000FFF7DDFF10F03E0F1CBF45F0040584F80F
:106DD000425094F8423043F0010384F84230304688
:106DE00070BD0626FBE72DE9F04F924695B01A7864
:106DF00081461D46209C02F03F0B0E46DDE91E87B2
:106E0000C9B11BF0010F19D0BBF1190F94BF0021BC
:106E100001212046FFF7A3FFB0420CD312F040033C
:106E20000ED1BBF11E0F0ED0218801F47F6111B984
:106E3000B8F8001039B94FF0040ACCE00121E8E7B6
:106E4000BBF1120FF7D1D209F5D10022ABF102014B
:106E50008DF82620ADF82820ADF82A201C2900F254
:106E6000F582DFE811F01D00F3023A00F302C000E2
:106E7000F3023401F3026E01F302AB01F302D80214
:106E8000F3023401F302D601F302F302F30220020B
:106E9000F3028A02F302F302F302F302F302DA02CC
:106EA00094F84230980701D5032E01D0042397E0CF
:106EB000B5F801304FF400620FA948466380ADF881
:106EC0002A208DF83C60ADF8403005F089F9824603
:106ED000BAF1000F40F0578167E0052EE6D1B5F812
:106EE00001309AB22383ADF82830B5F8033099B257
:106EF0006383002A73D08A4271D80023A37223814E
:106F00004FF6FF73238404F1180318460693FCF729
:106F1000DDFF0FAB524604F1180148463E7000F009
:106F200045FD08B10A235BE09DF842300226012BA3
:106F30001ABF02234FF0100B4FF0020B7B700022A0
:106F40000DF1270110A811F041F850BB9DF8273032
:106F50005B4526D1BBF1020FB8F800300CBF03220D
:106F600011229B1B9A421CDABDF83E300BAA0DF190
:106F7000270110A8BB53023611F028F89DF82720EE
:106F8000B6B20BA90792B81915F0CCF8079A0FAB57
:106F900006993244484696B2524600F007FD002852
:106FA000CDD0022EBED0A8F800609DF8263053B197
:106FB00001223A702A783B7105237A70BDF82820A7
:106FC0007A80A8F8003023884FF0000ABDF82A2004
:106FD00023EA02032380504615B0BDE8F08F012359
:106FE0008DF82630E1E7062E0B927FF65FAFB5F8FD
:106FF000013099B22383ADF82830B5F8033098B248
:10700000638301230029EBD08142E9D8A3726B7915
:10701000A979A27343EA01232381E36998780128BF
:107020000ED11988A1F5205189B2012908D84FF451
:10703000205198719872998042F601019A731981D2
:10704000EB1D073E636204F11803268401261846EF
:107050000693FCF73BFF0723B3463B700023ADF8D4
:107060003E300FAB52460699484600F09FFC28B9C7
:10707000B8F800200BF104039A4210D2BBF1010FC3
:107080003FF450AFE3699B79012B04BFBDF83C305E
:10709000ADF82E300B9BBB51A8F800B085E7BBF1D3
:1070A000010F0BD0E2699279012A04BFBDF83C20A0
:1070B000ADF82E200B9ABA510436B6B2BDF83E2078
:1070C0001FFA83FBADF82C20ADF82E20C9E7072E60
:1070D00002D0152E7FF4EAAEB5F801309AB22383C0
:1070E000ADF82830B5F8033099B263830123002A44
:1070F0003FF476AF8A423FF673AF701FA37200234E
:10710000E269691DC0B22381A37310F05BFF002800
:107110007FF408AF4FF6FF735246214623840DF1EA
:10712000260302930DF12A03CDE90387CDE900037D
:107130005B464846FFF71AFD238B8246ADF82830A0
:10714000C6E6032E7FF4B2AEB5F8011040230FAAB5
:1071500048462183ADF82A30B8F8003001927A1CF5
:10716000013BADF82810009289B29BB20022CDF805
:1071700008A0FFF749FC8DF82600B8B183287FF4FA
:1071800014AF4FF0020ABDF82A202388134323804E
:1071900093057FF520AF228F4FF6FE739A427FF45E
:1071A0001AAF4FF0030AE562268614E70B233B7003
:1071B000BDF83C300133A8F80030F6E6052E7FF428
:1071C00075AE8023ADF82A30B5F80130238399B22B
:1071D000B5F80300ADF8283082B22084B2F5007F04
:1071E00001D90723FCE642F47C420FA82284B8F8B8
:1071F00000300190781C013BCDF808A00090484673
:107200009BB2FFF701FC8DF826000028B6D10D23B4
:10721000CDE7022E04D8002B3FF448AE0023CAE786
:10722000002BB5F801B0A6F1030305F103000CBF74
:10723000062205229BB200901FFA8BF14846079365
:10724000ADF828B00691CDE901A20022FFF718FCA5
:107250002A78079B12F0400F8DF826000DD0238866
:1072600013F4807F4FF0000304D0228B06998A42EA
:1072700008BF63628DF826309DE7A0F18301238467
:10728000EB1C4FF480724842A4F818B063624FF0D0
:1072900013034841ADF82A203B7001234FEA400A0E
:1072A000A8F8003014E6042E7FF600AEB5F801B061
:1072B0004FF6FE73228F1FFA8BF1ADF828B00AB19A
:1072C0009A4226D10A222387731F48466FEA434316
:1072D000CDE901A26FEA53436A1D9BB20092B5F853
:1072E0000320FFF7CDFB4FF4007383288DF82600B1
:1072F000ADF82A300FD1224629463046FFF704FC6C
:107300008DF8260010B183287FF44FAEA4F818B092
:1073100037E70722D8E738BB224629463046FFF731
:10732000F3FB8DF8260000287FF43FAE608FD4F881
:1073300034C0B8F800E00CEB00018A88531D9BB202
:107340009E45C0F089803CF80060063131F8040C9D
:10735000A8F800301723A7F80300781D3B70A7F8A2
:10736000016014F0DFFE20E6228F4FF6FE739A4292
:107370007FF41BAE0023238717E6022E69D195F810
:1073800001B0BBF1010F64D80AAB00222146484688
:1073900000935B46FFF79AFA8DF8420038B9BBF1CB
:1073A000010F20D0218F4FF6FF7291421BD0228F08
:1073B000CAB14FF48062ADF82A200AAB21460122FF
:1073C000484600935B46FFF781FA06468DF8260093
:1073D00021464846FFF764FA002E7FF4E6AD1923F4
:1073E0003B700123E7E608220FA948468DF840B01C
:1073F0008DF83C2000228DF8432004F0F1FE4FF47C
:10740000806202288246ADF82A203FF47FAF002830
:107410007FF4B9AED1E70623E2E523881A0718D531
:10742000012E16D109230FA948468DF83C30E38878
:10743000ADF8403004F0D4FE49468246032011F0F6
:107440009DFE0823ADF82A30002329E7002B3FF4E6
:107450002DAD4FF0040A96E64FF0070A93E60000C0
:107460002DE9F04F8FB00D468046CDE906320B78FE
:1074700001224FF6FF7102FA03F323F47F63DDE983
:10748000187423F006039EB223888B42ADF8226065
:1074900000F0DE8116B11B0700F1DC810022069BA3
:1074A0003A70B3F800902B78ADF82490022B8DF849
:1074B000212009D0032B3DD0012B40D0238823EA83
:1074C00006030726238053E01B233B7094F84230C9
:1074D0001807F3D50AAAA9F1030340460192FA1C42
:1074E0009BB200920022A988FCF724FC0028E5D179
:1074F000AB88A7F80130BDF828300333ADF824304D
:107500004FF00009BDF8226026F47F63002B00F0E5
:107510008E81AB4A4146032011F0F4FD2B78237194
:1075200023881E439DF821302680002B40F0838164
:1075300000261DE01D233B70AB88E380C6E72B7956
:1075400095F805B0022BB4F800A08DF821B061D0F9
:10755000032B00F05381012BB0D10AF400622B8978
:10756000ADF82220002A00F04E81162B37D80526D0
:10757000258815F47F651CD1218ED1B1069B40462C
:10758000079A1B88ADF8243009ABCDE9017400934C
:10759000E36AFFF728FC012306460AA98DF8283084
:1075A0004046E36A0B9304F01BFE002818BF064612
:1075B000258694F842506B0709D52046FFF7DFFB7C
:1075C00010F03E0004BF60F3820584F84250BDF81D
:1075D0002430069A138030460FB0BDE8F08FA28F9A
:1075E0009A42C4D3B4F84020162A01D99A42BED197
:1075F00039780322A7F8013062F30501ADF82420A1
:107600003970A4F8403094F8423023F0020384F833
:10761000423075E70AF4FE661AF0F00FADF822600A
:1076200042D01AF0C00F03D02A89238B9A429ED1F0
:10763000BBF1000F40F03C81AB7AD9070BD5CDF8F8
:1076400004B040462B690093EB89AA89298900F090
:1076500054FA00288BD1802E00F04B8100F2FC8080
:10766000202E04D0402E32D0102E7FF427AF09AB4D
:107670001AF0100F0497214603930DF121030CBF5C
:107680004FF010094FF0080902930DF12203079AF9
:10769000404601932B8900934B46FFF767FA064655
:1076A000002E3FF42FAF63E7B6F5807F00F0DF8058
:1076B0007FF604AFB6F5007F21D0B6F5806F7FF47A
:1076C000FDAE238BBBF1000F40F00E817BE00AAAD8
:1076D00009F1FF33404601927A1C9BB200920022CE
:1076E000218BFCF727FB0B238DF821003B70BDF8A5
:1076F00028300133ADF824304FF00A0902E72B8916
:10770000208B98427FF433AFD4F834A0BBF1000F44
:1077100038D1AB7A03F00103BAF1000F1ED0002B71
:107720007FF425AF608F0AEB00018A88531D9BB25E
:107730009945FFF4C3AE3AF80060063131F8040C05
:10774000ADF824301723A7F801603B70A7F80300B9
:10775000781D14F0E7FC4FF01609D3E6002B3FF438
:1077600006AFEA89531D9BB29945FFF4A7AEAE89D7
:10777000ADF82430172329693B70A7F80100A7F85A
:107780000360E5E7BAF1000FE5D000204FF6FF7285
:10779000ADF82600638FBDF82660B34200D038B143
:1077A00000210AF803109A448AF801106287D2E790
:1077B0000AAA0DF126012046FFF75EF83246E9E7F6
:1077C00080C3C901238B04F11802DBB22146404675
:1077D00000920122FFF77AF88DF8210020B91923D1
:1077E0003B700123ADF824300026214640464FF07F
:1077F0001809FFF755F853E70526F6E70AF4007372
:10780000ADF822300BB9002658E6218F4FF6FE73F3
:1078100099421BD1AB684FF6FF7133B1A8896363FE
:10782000208761871A705A7095E7218793E723882C
:1078300023EA060676E6012287F801903A70228B49
:107840003B7105237A80ADF8243071E606268FE679
:107850000826C0E61646BEE6B6F5007F3FF44FAFF9
:10786000B6F5806FAED0B6F5807F7FF427AE238B60
:10787000298999427FF47BAEBBF1000F15D1636A71
:1078800073B1AB7ADA077FF572AECDF804B040463B
:107890002B690093EB89AA8900F02FF98DF821005C
:1078A00013233B700123ADF824304FF0120929E671
:1078B000B6F5807FDBD00ED8402E3FF41DAF04D844
:1078C000102E3FF4D4AE202ECFE6802E7FF4F6ADFE
:1078D0004FF00C0916E6B6F5007F3FF410AFB6F591
:1078E000806F7FF4EBAD238B002B85D02B89238316
:1078F0007AE70AAA09F1FF33404601927A1C9BB24B
:107900000092228C218BFCF715FA0D238DF82100B3
:107910003B70BDF828300133ADF82430D8E700BF04
:1079200003281FB50B4606D10222694698B28DF88E
:10793000002004F055FC05B05DF804FB406B0038F6
:1079400018BF012070470346887810B580B11A78B7
:10795000904201D1088858B18878043148B18242F8
:10796000FAD1B3F8014031F8040C8442F4D100207C
:1079700010BD8120FCE7000038B5FCF737F90A4A52
:107980000B30938898420DDAD1880C2310684B4352
:107990000131C45CC518D18024F00404C454002013
:1079A000287338BD8420FCE7E80000202DE9F04F63
:1079B000D1F804A04FF6FF7B87B01F46A3F800B0B4
:1079C0004FF000089AF802300E460C8A8DF81230FB
:1079D000BAF800300190ADF810300B8802929C424A
:1079E0008DF8168038BF1C460C822046FBF7E6FF58
:1079F000054610B3338A2A78013352079BB207D465
:107A0000013408F101083382A4B25FFA88F8ECE788
:107A100005F10509514633824846FFF794FF0028D7
:107A200050D13B885B4504BF04F1FF339BB2A3EB0D
:107A300008033B807388A34207D2013C4FF00A0839
:107A40003482404607B0BDE8F08F04A94846FFF7EE
:107A50007AFF8046002835D1AB7895F8049003F082
:107A6000030349EA032233895B459146009203935D
:107A70000ED0024629460298FBF73AFF10BB039B43
:107A80004B451FD14A46A968F06814F0EFFAC8B90F
:107A90007C806B790198BB71EB882A78BB8002F0FF
:107AA0000302EB78297843EA0223A7F80C90C9096E
:107AB0007B81FBF7D9FF2A4607F10801FBF7A2FFFC
:107AC0003861BEE701344FF00008A4B28DE770B50D
:107AD0000D461646FBF772FF014660B10478630756
:107AE00009D532462846FBF703FF18B914F04000C9
:107AF00018BF832070BD0120FCE7FBF7C7BF08B5A6
:107B0000FBF75CFF40B103785B0705D5C3880B80AA
:107B1000437900208B7008BD0120FCE703785B08E7
:107B2000032B16D8DFE803F002060D120023002015
:107B30000B707047837903F0C003C02B09D1012378
:107B4000F5E7837903F0C003402BF7E783793F2BF8
:107B5000F5D943F2022070470378032B01D8FFF7D1
:107B6000DDBF43F20220704707B5002310488DF8AF
:107B70000730837C3BB90DF107010930FFF7ECFFBB
:107B800070B1FFDFFEE7C37C022B03D0032B0CD0C8
:107B9000FFDFFEE7427A012A88BF03238DF8073012
:107BA0009DF8070003B05DF804FB0123F6E700BF72
:107BB000F400002008B507F0E7FC08B9FFDFFEE796
:107BC00043780133437008BD0C4B07B55A7A012A3C
:107BD00003F10A0207D8104609F00DFC03B05DF866
:107BE00004EB07F0B9BBD3F80A009388009068460D
:107BF000ADF8043009F010FCF0E700BFF4000020FD
:107C000007B502384FF0000318BF01208DF800308F
:107C1000CDF801308DF807006846ADF8053009F061
:107C200067FC03B05DF804FBF8B5044600680D4638
:107C30001746FEF7D9FA08B11020F8BDA08828B978
:107C40002368A08853B9B8B10920F6E70138236842
:107C50001844FEF7C9FA0028F2D0EDE71F28F3D840
:107C60000023834208DA2668F15C39B9F25C002A05
:107C70003FD101338342F9DB0020DEE71E447278F6
:107C8000013A142A1DD8DFE802F00B18183030240E
:107C9000242A2A1C1C1C1C1C1C1C1C1C1C18240018
:107CA0000229D1D1B278062A3A7020D852071ED5BF
:107CB0002A7842F001022A7003E0CE070CD5012990
:107CC0000AD02268A088D25C013213448342C8DD06
:107CD000BAE74A1E1007F2D04FF44850ADE72A78B1
:107CE000910706D442F00202E5E70620A5E70A2044
:107CF000A3E70B20A1E738B504460D46FEF72AFAA4
:107D000060B96B1E072B0BD804EB850554F8040BE8
:107D1000FEF720FA10B9AC42F8D138BD1020FCE7CC
:107D20000C20FAE7A1F12003092B43D8DFE803F088
:107D300005070C161D222E33383DFFDFFEE70378C2
:107D4000202B39D1FFDFFEE70378233B022B33D909
:107D50001A4B9B78052B2FD0FFDFFEE70378222BF1
:107D60002AD0232B28D8FFDFFEE70378222B23D04D
:107D7000FFDFFEE70378223BDBB2072B04D8B522F6
:107D800022FA03F3DB0717D4FFDFFEE70378252B86
:107D900012D0FFDFFEE70378252B0DD0FFDFFEE7D3
:107DA0000378252B08D0FFDFFEE70378282B03D0CC
:107DB000FFDFFEE7FFDFFEE701707047F400002001
:107DC0007FB50D884FF6FF734C88CA888E880021D6
:107DD000ADF80030ADF80250ADF80440ADF8082021
:107DE000ADF80660ADF80A10ADF80C1098B19D42E0
:107DF00008BF06259C4208BF06249A4208BF4FF4DC
:107E000048629E42ADF80250ADF80440ADF808203B
:107E100008BFADF80610684609F0AAFB07F09CFA07
:107E200004B070BD37B50C460DF107010546FFF7EC
:107E300093FE70B922789DF8073063F3470223461A
:107E400003F8012BD5F80120C4F80120B5F805206E
:107E50009A8003B030BD000013B510F0FD04137814
:107E6000A0F102001FBF0F4C0DF1080C01944C79DA
:107E70001CBF0CEB941414F8044C012864F3470362
:107E80008CBF0020012013701346147860F30004A7
:107E900003F8014B0868C2F801008A889A8002B092
:107EA00010BD00BF0302FF0102210FF06DBD38B508
:107EB00005460C4661B1FFF7F7FF08B9FFDFFEE7A3
:107EC000A5800389238163814389A3818389E38119
:107ED00038BD37B50B780D46212B11D9ADF804000C
:107EE00001A88DF8062009F0A1FA07F035FA04463A
:107EF00018B921212846FFF715FF204603B030BDF1
:107F00000824FAE72DE9F043044685B008B9FFDFFD
:107F1000FEE77223037083681A78063A112A3DD867
:107F2000DFE812F04C00430112004301430142001C
:107F300064013C003C003C006400640164015701A2
:107F40006401640148015001B3F80370BEB23046C9
:107F5000FFF7AAFF0546304607F0D0FEA3685B791D
:107F6000F8B922780221678061F3071263732270E7
:107F70000322227307F042FA21212846FFF7D2FE9E
:107F8000304603F0A7F8304604F002FB31460120EA
:107F900011F0F4F86B7F23F004036B7705B0BDE8B4
:107FA000F08385F83130E7E7DA1DB3F80510B3F850
:107FB000030005B0BDE8F04308F094B89E88304651
:107FC000FFF772FF054608B9FFDFFEE707F016FA74
:107FD000A36831460120DA882A811A896A815B897F
:107FE000AB8111F0CBF80023AB73D7E7DB782BB173
:107FF0003C2BD3D0022BD1D0FFDFFEE707F0FEF9F8
:10800000A568AB790BB9FFDFFEE7012BAE880ABF8D
:108010007B4B4FF0FF0993F80390484607F0B4FA02
:10802000074608B9FFDFFEE7022130460FF072FC79
:10803000044608B9FFDFFEE731220021013014F0C9
:1080400025F82023222120462370FFF76BFE95F8A8
:1080500006800521304608F1FF3253425341627FCA
:1080600063F3010262776A8B2281AA8B6281EA8BB9
:1080700084F81F90A2818DF800300FF04BFC014670
:1080800008B9FFDFFEE76A46304607F01FFEBB88EF
:1080900003213046ADF80430BB788DF806300FF080
:1080A00039FC014608B9FFDFFEE701AA304602F0BD
:1080B0009FFF0023CDE9023304238DF80E3002A880
:1080C0000FF09CFC88B90421BDF80C000FF0E4FC13
:1080D0008146022130460FF0DFFC8145EFD10421BB
:1080E000BDF80C000FF066FC68B9BB88042130466F
:1080F000ADF80830FB788DF80A300FF00BFC014624
:1081000018B9FFDFFEE7FFDFFEE7304605F1140692
:1081100002AA04F051F9062130460AF05DFB78B35B
:10812000EA79930701D5FFDFFEE7E37B62F34703BC
:10813000E373AB682361AB8905F10E07A38204F1F9
:10814000160205F10801E879A61CFFF785FE062155
:1081500038460AF041FB6378D8B1294A517A490878
:1081600061F347036370D2F80A30C4F80230D38950
:10817000B8F1010FB38016D1214B03229A700DE79D
:10818000E37B012262F34703E3736B692361B388E6
:10819000D2E7012262F347036370D5F80E30C4F8CA
:1081A0000230BB88E4E7FFDFFEE705B0BDE8F0433F
:1081B00001F01ABD07F022F9114A137D43F00203C2
:1081C0001375EBE607F01AF90D4A137D43F004032B
:1081D000F6E7DB78002B3FF4E1AE094CA378052BE2
:1081E00009D1E078FFF7E6FC0323A37005B0BDE8F2
:1081F000F04307F003B9042BF8D10223F5E700BFE1
:10820000F40000202DE9F843037807460C46164693
:108210001B09013B092B00F24D81DFE813F015012A
:108220001C014B014B014B014B010A004B014B015F
:108230000E0185682B78063B112B00F2FE80DFE8EB
:1082400013F01200FC00FC00FC00FC00FC002C0001
:10825000FC00FC00FC003700BC008900A3006000AB
:108260001A00DA007400A888FFF721FE10231222FA
:1082700033807CB922E1002900F023812A79EB7850
:1082800043EA02231C228B806B790B72AB794B7211
:108290000A2333802280638010E1002900F01381DB
:1082A00003231B220B726B888B8009233380F1E739
:1082B000EF78002F40F00F81002900F0FD806A79EF
:1082C0002B7943EA02238B806B8B4B820B826A7F74
:1082D0002B7F43EA02238B82EA7FAB7F43EA0223B0
:1082E00001F10802CB8205F10801E879FFF7B4FD3E
:1082F000AB79012B01D1E37327761A231022338047
:10830000C8E7002900F0E1804FF6FF7301F10A028F
:1083100028798B80EB780B72EB7A4B72691DFFF733
:108320009BFD112320223380B4E7002900F0C9808F
:108330002A79EB7843EA0223684A8B806B790B72C7
:10834000AB794B72137D23F0040313750A232122AA
:1083500033809FE7002900F0BA80AB888B80EB78F0
:108360000B72AB79022B07D85D4AD35C4B72EB7969
:10837000022B03D9FFDFFEE7FFDFFEE7D35C2222FB
:108380008B720B23338085E7002900F0A0804FF625
:10839000FF738B802B794B72EB798B72EB783C2BD4
:1083A00007D0432B07D1022323720B2326223380CD
:1083B00070E70123F8E7FFDFFEE7002900F089807E
:1083C0002A79EB7843EA02238B80B5F80530DBB2DB
:1083D0000B81B5F80930DBB24B812A7AEB7943EA9D
:1083E00002238B812A7BEB7A43EA02232422CB816E
:1083F000102333804EE700296BD02A79EB7843EACB
:1084000002238B806B68C3F30F230B812A7AEB79ED
:1084100043EA02234B81AB68C3F30F238B812A7B92
:10842000EB7A43EA02232D4ACB81137D23F002032A
:1084300013751023232233802CE732462146384619
:10844000BDE8F84301F01DBD037B022B01D140883C
:108450000AE7FFDFFEE790F80C80B8F1020FECD9D5
:10846000B8F1030F24D171B345882846FFF71CFDEE
:108470007B7B90F81F90414623722846A5800FF021
:1084800099FA072128460FF095FA052128460FF0A2
:1084900091FA022128460FF08DFA002128460FF0AC
:1084A00089FA4846FFF786FB092311223380F1E65B
:1084B000FFDFFEE7FFDFFEE71A2333800020BDE881
:1084C000F8830A23F9E70923F7E71123F5E70B23DC
:1084D000F3E71023F1E700231A46C9E6F400002071
:1084E000B4590600012838B51FD18CB22046FFF7D9
:1084F000DBFC054608B9FFDFFEE70378212B16D029
:1085000006F074FF50B112234480037002230373FA
:108510000023AB73BDE8384006F070BF2946204603
:108520001322BDE83840FFF7D4BCFFDFFEE738BDBB
:108530002DE9F041074615460C4609B9FFDFFEE775
:108540001223137091F80080B8F1020F25D1FFF7C4
:10855000ABFC064608B9FFDFFEE762884FF6FF7303
:108560009A4202D1A38893420BD106F047FF2368B9
:10857000EB6063682B612389AB820023B373BDE892
:10858000F081002BF1D1807B0128F8D1044A3946D3
:1085900010F0B8FD86F80E80F1E7FFDFFEE700BFC0
:1085A00080C3C90107B520380B46052820D8DFE86D
:1085B00000F0031F101F1607062003B05DF804FB30
:1085C0008978188809F096F903B05DF804EB06F095
:1085D000C3BE086803B05DF804EB01F089BE0B6808
:1085E00001A86946019309F022F906F0B5FEE4E717
:1085F0000720E2E730B5054685B008460C46FDF792
:10860000CFFDC8B9222D19D0252D17D0202D17D177
:10861000254602A901A835F8023BADF8043008F060
:1086200037FF06F099FEDDF80A30C4F802309DF8F5
:108630000E302B7105B030BD1020FBE70620F9E7A6
:108640000720F7E700487047FD00002010B516220C
:108650000021194813F01AFD01200FF01DF908B18F
:1086600008F0A4FC144C012304F10A00A37005F0E7
:108670007BFCA8B105F070FC012804D1E37B01204C
:1086800063F03F03E3734FF46173400023824FF4C0
:10869000007360726382FFF797FA38B1FFDFFEE77D
:1086A000062104F10A000EF08FFDE7E700F0CEFD91
:1086B000BDE8104001F06EBAF4000020F7B507469F
:1086C000FDF748FD10BB144CD4F8090004F109056E
:1086D000B4F80D20E37B294600903846ADF804201D
:1086E0008DF80630FFF79EFB90B9FFF76DFA034651
:1086F00048B10098BDF804109DF80620C4F80900A0
:10870000A4F80D10E273184603B0F0BD1023FAE789
:1087100043F20223F7E700BFF400002038B5054616
:10872000FDF73EFD044640B905492A46487A0A311C
:108730004008FFF791FB204638BD1020FCE700BF42
:10874000F400002030B5044685B008460D46FDF71C
:1087500027FDA8B9B4B90E4B9B78043B012B14D864
:1087600008F024FC02AA0DF107010DF0EDF89DF8C8
:1087700007002A4602A9FFF76FFB204605B030BD6F
:108780001020FBE743F20400F8E70820F6E700BFFB
:10879000F40000202DE9FF410D46044628B908F0F9
:1087A0008BFDB0B143F2032010E0FFF7A4FA68B9E3
:1087B000264604EB8507BE42F1D002A956F8040B09
:1087C000FFF7ACF90028F6D043F2022004B0BDE870
:1087D000F081144F38720CB90020F7E704EB8508DC
:1087E000444501D13D72F7E754F8046B0DF10701E0
:1087F0003046FFF793F908B1FFDFFEE79DF8073039
:1088000002A88DF80830D6F80130CDF80930B6F856
:108810000530ADF80D3008F080FD0028E0D0FFDF16
:10882000FEE700BFF40000202DE9F04F0F468DB0A9
:1088300090460646C8B9331E01A818BF01238DF81B
:10884000043008F087FD002868D108F093FD044645
:10885000002863D1002E40F08D804F4B987CFFF7AD
:10886000CFF9044670B3FFDFFEE71146FFF743FA86
:10887000044638BB0546DFF8209145450DD108F187
:10888000FF3BA345D7DD04F101095FFA89F506EB4B
:10889000850AA8452FD84C46F3E756F8250002A9CB
:1088A0001030FFF759F918BB87B999F81230022B2D
:1088B00014D1AFB9102156F8250009F08DFF68B129
:1088C00043F2062420460DB0BDE8F08F57F825008E
:1088D000FDF740FC0028E8D01024F3E70135CCE791
:1088E000102157F8250009F077FF0028E2D0E7E7CC
:1088F00043F20224E6E756F824005AF8041B037CEE
:108900000A7C5340012B06D806221131113013F096
:10891000ADFB00283DD00135EDB2BAE743F20424A7
:10892000D0E7D5F81130CDF80930B5F81530ADF8ED
:108930000D300DF10F0355F8042B4D4543F8042B72
:10894000F9D157B90DF11F0001F0B0FC02A80134B4
:1089500008F0C0FC70B1FFDFFEE757F824300DF1DE
:108960001F0203F1100153F8040B8B4242F8040B71
:10897000F9D1EBE744453FF470AF56F8245002A913
:1089800005F110094846FFF7E7F80028C9D0FFDFD6
:10899000FEE743F2052495E7F4000020F0B585B02A
:1089A0000546FDF7D7FB002871D16868FDF71CFC70
:1089B000044600286BD16A884AF2B8139A4203D958
:1089C0000724204605B0F0BD2B78022B26D02B784B
:1089D000002B37D1FFF7F8F804460028F1D1022622
:1089E0002878FFF70DF906F0B7FC04460028E8D117
:1089F0002B78284FBB74FE74686801F03FFC6B88CD
:108A000002A8002B08BF4FF461733B82ADF8083019
:108A100008F097FC0028D4D0FFDFFEE709F0A8FD9E
:108A20000746E6B2B742D2D9304609F009FD10B187
:108A300043F20624C5E73046013409F0F5FC00286E
:108A4000EFD0F5E7013B012BBAD86E78022E10D09B
:108A5000032E19D1002302A80093ADF8043002932D
:108A6000ADF80C3008F0D8FC06F076FC044600287F
:108A7000A7D14FF4407302A8ADF8083008F07FFF8B
:108A80000028ADD0FFDFFEE743F2022499E710246F
:108A900097E700BFF400002010B50446FDF780FB07
:108AA00008B1102010BD606830B1FDF799FB0028B7
:108AB000F7D1606801F0FAFB044B00201A8A62804B
:108AC000DA7C62709B7C2370ECE700BFF40000202E
:108AD0002DE9F04F97B080460C469246FDF760FBBB
:108AE00018B1102017B0BDE8F08F2046FDF77CFBD1
:108AF0000028F6D15046FDF777FB0028F1D1B14DA3
:108B0000AA78012A02D1BAF1000FEAD098F8003011
:108B1000FF2B04D1012A00F088810420E2E7013B09
:108B2000DBB2FD2B40F27E81BAF1000F00F0018133
:108B3000043A012A40F23A810023ADF804309AF851
:108B40000030013B042B64D8DFE803F003131A2143
:108B500028009DF8043023F0130343F013038DF82D
:108B600004309AF81470032F53D8DFE807F01C1C68
:108B70001C1C9DF8043023F01D0343F01D03EEE799
:108B80009DF8043023F0150343F01503E7E79DF843
:108B9000043023F0120343F01203E0E79DF80430A1
:108BA00043F01003DBE7BDF804309DF80460ADF836
:108BB0000830002316F0040B8DF8033005D0DAF8E6
:108BC0000400FDF7C7FA00288BD1AB7C43B1EB7CE6
:108BD000022B05D1DAF80400FDF706FB002880D14E
:108BE00016F0080903D0BAF80C30802B11D81FB149
:108BF0002B7A5BEA03030CD09AF81730C3F3001307
:108C00008DF850309AF81530022B05D003D9042B7B
:108C100017D0072066E701238DF84C300123DAF8DE
:108C200004B08DF84E308DF84A70BBF1000F16D0AD
:108C30000DF103015846FEF771FF20B143F2022007
:108C400050E70323E8E7DBF801001190BBF805309B
:108C5000ADF848309AF80F3033B1062042E7CDF82E
:108C600044B0ADF848B0F5E7BAF81030002BF4D1B5
:108C70009AF81230002BF0D19AF8132012F01F0B43
:108C8000EBD1BDF808308DF838B0ADF83930DAF8EE
:108C90000830C3F30721D8B2C3F307438DF83C1063
:108CA0008DF83D308DF84030474B8DF83F100693DE
:108CB000A3F104338DF83B00079316AB8DF83E000B
:108CC00003EB521212F8403C8DF84130FEF74CFF96
:108CD0009DF8033006A98DF842000EA88DF84330A8
:108CE00001238DF84BB08DF853308DF84FB08DF8CF
:108CF0004DB08DF854B008F077FC06F02DFB00283D
:108D00007FF4F0AE9AF80E20BAF80C30EA71BDF894
:108D100004202B80AA80AF71B9F1000F02D00BB9EB
:108D200080232B8006F0010600230236AE7088F8FF
:108D3000003000230DF108098DF801308DF8023064
:108D40008DF803308DF8043094BB27462646A046A4
:108D5000CDF80E40ADF8164001AA0DF1020104A8AD
:108D60000294ADF80C800497ADF81460FEF75CFF38
:108D700000287FF4B7AE0DF103020DF10101484662
:108D8000FEF752FF00287FF4ADAE9DF80230D80701
:108D900046D42B799DF8032013F0040316D1A9794A
:108DA000A1B191071DD043F201209BE6082099E66E
:108DB00094E80F00B4F804801746A689044689E8B1
:108DC0000F00C9E7F400002007060504D20708D504
:108DD0003BB92B8844F24F62013B9BB293423FF672
:108DE00018AF5FFA88F221460DF119008DF81820AE
:108DF00013F098F906A808F0D0FC06F0ADFA0028A8
:108E00007FF470AEF2B239460DF139008DF838209A
:108E100013F088F90EA808F09BFC06F09DFA61E6B5
:108E20000A205FE643F204005CE6BAF1000F7FF42B
:108E300083AE7EE7F8B53B4D0E46AA78023A012A8A
:108E400067D8002867D10EF0F9FD28B9AB78032B5D
:108E500002D112242046F8BD0FF066F9C0F12004BB
:108E600000200EF019FD241A00200EF0E7FDAB786B
:108E70002044042B08BF0138002801DAFFDFFEE799
:108E8000FF2801DDFFDFFEE7C0B2002846D0032B3C
:108E9000EF780ED1304606F077FB002840D04378BB
:108EA000002BD6D0304606F083FB04460028D1D1F3
:108EB000EE7008F07BF80446FEF756FE01462046A9
:108EC0000CF0F2FCE979288808F08CFC06F044FAF2
:108ED000044608B1EF70BDE7AB78032B15D1E878F5
:108EE00006F052FB08B9FFDFFEE743780BB9FFDF5E
:108EF000FEE7013B4370AB78032B01D0FFDFFEE7B9
:108F00000523AB70A6E70423FBE7022BFBD0FFDFB2
:108F1000FEE708249EE743F204049BE7132499E745
:108F2000052497E7F400002038B5B0B90D4DAB78B3
:108F3000043B012B14D808F066FC06F00DFA044639
:108F400038B9AB78052B06D1E878FEF733FE03235A
:108F5000AB70204638BD0223FAE743F20404F8E779
:108F60000824F6E7F400002073B5064608460C46D0
:108F7000FDF73AF938BB3046FEF796FF054620B3B9
:108F80000378212B24D9437F03F00303012B18D14D
:108F9000837B022B13D024B9684600F0E5FA60B950
:108FA0006C4621460020FEF70BFF30B921463046C3
:108FB00007F077F808B90123AB7302B070BD112038
:108FC000FBE7FFDFFEE71020F7E743F20200F4E7DC
:108FD0000820F2E738B50D460446FEF765FF014666
:108FE00028B12A462046BDE83840FEF772BF43F25A
:108FF000020038BD012808B504D1084B9B78012B2D
:1090000009D041B901380023C0B208F0CDF9BDE85C
:10901000084006F0A1B943F2040008BDF4000020A6
:1090200070B5064608460C461546FDF7B9F808B176
:10903000102070BD2846FDF7B3F80028F8D12A4665
:109040002146304608F040FC06F086F90028F0D1B1
:1090500094F900307F2B08BF0520EAE7012307B50C
:10906000ADF8000068468DF802308DF803108DF8D9
:10907000042008F009FC06F06FF903B05DF804FB6A
:10908000002307B5ADF800006846ADF802308DF852
:10909000043008F0F9FB06F05FF903B05DF804FB5B
:1090A00037B5054608460C46FDF754F840BB284640
:1090B000FEF7FAFE30B30378212B26D9154B1B7D22
:1090C0005B0724D42278072A16D86378072B13D895
:1090D00042EA0301032911D88DF8033002236846C0
:1090E0008DF80220ADF80430ADF8005008F01BFAFE
:1090F00006F032F903B030BD0720FBE70620F9E7A0
:109100001020F7E743F20200F4E70820F2E711200D
:10911000F0E700BFF4000020F0B587B006460D462A
:109120001446FEF7C1FE002871D00378212B71D9B7
:109130002846FDF759F810B1102007B0F0BD34B142
:109140002046FDF74DF80028F6D12060A080354B71
:109150001B7D9B0760D46946304608F0BAF910B110
:1091600006F0FAF8E9E7BDF80810BDF80200BDF80E
:109170000470ADF80C60BDF80660ADF81010ADF8E5
:109180000E60ADF81200ADF81470002D46D06A885C
:109190002B88002A08BF3246002B08BF0346ADF8D3
:1091A0000E20AA88ADF81230002A08BF3A46ADF862
:1091B0001420EA880AB1ADF81020A4B1984201D277
:1091C0001A1A2280BDF80E20BDF8105096423CBFFE
:1091D000921B6280BDF814202A447D18AA42C2BFA7
:1091E000521AD21BA280984203D3BDF80E30B3426C
:1091F00001D91320A1E7BDF814303944BDF810207F
:1092000013448B42F5DC03A808F061F9A8E743F2A8
:10921000020092E7082090E711208EE7002CE4D0AE
:109220000346CFE7F400002038B5054608460C4653
:10923000FCF7B6FF38B92146284608F08CF9BDE89E
:10924000384006F089B8102038BD0000024B0022DB
:109250001A605A601A8170470A0100202DE9F04F08
:10926000A5B006469A4615469DF8B870ADF80610AA
:10927000002A40F0CA804FF001080DF110094FF4A8
:10928000C0530022494640468DF81280ADF8103098
:1092900003F0DAFA0446002840F0C4808DF812800A
:1092A0004FF4285301461C228DF80A0016A8ADF889
:1092B000103012F0EBFE112372780DF108080CA9A2
:1092C0008DF80830C2F30102337816A85200ADF8C9
:1092D0003A408DF809309DF80A3042F00102CDF88D
:1092E000348023F00703CDF830901A439DF85830AE
:1092F00043F002038DF80A2006AA8DF8583033890E
:10930000ADF838307389ADF83C307368109303F0D2
:1093100007FC0446002840F085807068FCF760FF79
:10932000002840F083800123754E4FF0010B0CA9FB
:1093300016A8327A8DF812B063F30002BDF8183027
:10934000338042F60123327206AAADF810309DF840
:109350000A3023F0070343F002038DF80A3002239A
:10936000ADF83830ADF83C300DF10603109303F042
:10937000D7FB0446002855D1BDF818307380002D66
:1093800000F09E8001461C22ADF80C000DF10C0A85
:109390008DF80E00CDF84E00ADF852001DA812F069
:1093A00075FE112308AA11A98DF80C301DA89DF88F
:1093B0007430CDF848A043F002038DF816B08DF854
:1093C000743042F60423ADF8143005AB11932B88AA
:1093D000ADF828306B88ADF82A30AB88ADF82C306A
:1093E000EB88ADF82E309DF80E306BF342038DF80C
:1093F0000E300823ADF84C30ADF850300AAB159361
:1094000003F08EFBF8B104460CE01046FCF7A2FE18
:10941000002872D129460120FEF7D2FC044600281C
:109420003FF429AF204625B0BDE8F08F7068FCF707
:10943000DBFE00287FF477AF737803F00303023B71
:1094400018BF012370E7BDF82030B380002F46D14C
:10945000012442F6A6231C22394616A88DF8124094
:10946000ADF81030ADF8087088F8027012F00EFEFA
:10947000112306AA0CA916A88DF808309DF80A3009
:109480008DF8744023F00703ADF83840ADF83C4048
:1094900043F003038DF80A309DF8583043F002037F
:1094A0008DF858301DABCDE90C98109303F038FBC4
:1094B00004460028B6D1124BBDF81820DA80B1E777
:1094C000BAF1000F01D10023BFE7FEF755FA08B14A
:1094D0000324A7E7FEF750FA0028F4D0F8E7012F9D
:1094E00002D0074B0022E9E7FEF746FA0028EFD149
:1094F000FEF742FA0028F4D0EAE7102492E700BF12
:109500000A01002030B5082385B0164D0446ADF899
:109510000630AB880BB3FCF71DFE00BB21460120D3
:10952000FEF74EFCB8B9238801460DF10602A88863
:10953000ADF808306388ADF80A30A388ADF80C3078
:10954000E388ADF80E3002AB03F020FEBDF8063024
:10955000082B18BF032005B030BD0620FBE7102004
:10956000F9E700BF0A01002030B5174D85B0044669
:10957000AB881BB30023CDF80CD0ADF80A3008231C
:10958000ADF80830FCF7E6FDD0B902AAA9884FF67D
:10959000FF7003F049FF78B9BDF80830082B11D1EE
:1095A000BDF800302380BDF802306380BDF8043080
:1095B000A380BDF80630E38005B030BD0620FBE790
:1095C0001020F9E70320F7E70A0100201FB5022366
:1095D000ADF8060009480DF10E02ADF80E3000217D
:1095E0000DF10603408803F0D1FDBDF80E30022BCB
:1095F00018BF032005B05DF804FB00BF0A0100207E
:10960000002307B5ADF8023002230190ADF8003019
:10961000FCF7C6FD70B9084B6A464FF6FF705988D3
:1096200003F002FFBDF80030022B18BF032003B087
:109630005DF804FB1020FAE70A010020F7B5224D7F
:10964000144607460E462B7ADA0739D50846FCF74A
:1096500081FD002836D1F82C02D90C2003B0F0BDD2
:109660003846FCF777FDF0B901A9288803F03DFDE5
:109670000028F3D13B7801A928888DF8053003F044
:1096800011FD0028EAD10223694628888DF80030B0
:109690009DF805301B071CBF0A238DF8003003F02E
:1096A000F3F90028DAD1334601AA00212888ADF861
:1096B000044003F06BFDBDF80430A342CED0CCE7EC
:1096C0000F20CBE71020C9E70A010020002337B59F
:1096D000ADF8023005460B880C460190ADF800301D
:1096E000FCF77EFD10B1102003B030BD2046FCF722
:1096F00057FD0028F7D115B1BDF8003053B1064B26
:109700006A464FF6FF70198803F08EFEBDF80030F0
:109710002380E9E70C20E7E70A01002011230B7002
:1097200000234B7090F82030062B18D8DFE803F0A8
:1097300009171717041114000B78022262F307139C
:109740000B700B781F2B82BF837FC3F305034B7015
:1097500070470B780322F1E70B780422EEE7FFDF76
:10976000FEE738B505460C4605F040FE08B9FFDFB8
:10977000FEE72223458003702368C360BDE83840BC
:1097800005F03CBEF0B5022791B00C461546082105
:109790003A460646ADF8247006F0ECFA0A9090B10D
:1097A0000423D43407A88DF81D700DEB03010F9628
:1097B0000B948DF820308DF83050FAF7BCFC08B1CE
:1097C000FFDFFEE7012011B0F0BD38B50D46FEF712
:1097D0006BFB044608B9FFDFFEE7213400214FF49C
:1097E000B472284612F052FC012105F1D4002C611C
:1097F000FAF75EFC08B1FFDFFEE738BD70B505463D
:109800000E46144605F0F2FD78B1A223224600F878
:109810000C3B04F1140352F8041B9A4240F8041B59
:10982000F9D1BDE8704005F0E9BD31462846132264
:10983000BDE87040FEF74DBBF7B5078A06460D46FA
:109840003846FEF731FB33780446013B0D2B00F21E
:109850009E81DFE813F0C6009C010E003E007200FE
:1098600083009C00DF00FD009801B7005B00B7009B
:10987000B700072138460EF087F8054608B9FFDF24
:10988000FEE7AE4B93F85820D20714D5DA6DC0F836
:109890001E2093F8582022F0010283F8582000225D
:1098A000DA6573686B67B368AB672378252B00F0C4
:1098B0009080FFDFFEE703211E300DF085FCD5F818
:1098C0001E309F4AB3FBF2F102FB1133C5F81E3084
:1098D000E7E7072138460EF057F808B9FFDFFEE743
:1098E00003789B070DD52378252B0AD102232B70F3
:1098F000437F2B7100F11E032E30AB60E86003B094
:10990000F0BD037843F001030370F8E70721384600
:109910000EF03AF808B9FFDFFEE70378DF0609D555
:1099200007232B70037F2B7113B93E30A860E6E745
:109930000020FBE743F00803E6E790F91D30002B19
:1099400001DAFFDFFEE7337B0821B288384603F0F7
:10995000010303B0BDE8F04006F0E1BA08B9FFDF4B
:10996000FEE773684BB100F1210203F1100153F8D7
:10997000040B8B4242F8040BF9D128212046FEF754
:10998000D1F9A37F327A62F30503A377B7E7072102
:1099900038460DF0F9FF044608B9FFDFFEE7022163
:1099A00085300DF011FC04232B7004F5B0737C346A
:1099B0006B60B4F809306C612B82604BAB60103384
:1099C000EB609CE7072138460DF0DEFF08B9FFDFAA
:1099D000FEE732462146384603B0BDE8F040FFF7C7
:1099E0000DBF08B9FFDFFEE70378212B87D9337954
:1099F00001463246012B02BF437F43F08003437789
:109A00003846FFF7FBFE2321204603B0BDE8F040B7
:109A1000FEF788B9327908213846AA8006F0AAF9FB
:109A20000446A86010B105232B7068E7072138466B
:109A30000DF0AAFF08B9FFDFFEE7022300F1620183
:109A400010225E300DF0D8FD04703379437056E774
:109A5000072138460DF098FF054608B9FFDFFEE7FD
:109A600090F8843003F00303012B1AD1637F5E0664
:109A7000C3F3801133D490F89C30D8072FD495F8D5
:109A80008830DA075ED495F888309B0709D5D5F879
:109A90005C2105F17D0195F87C0010324008FEF74D
:109AA000DBF9022395F8842001A938468DF80430AB
:109AB0009DF8053062F301038DF8053095F8883084
:109AC0008DF8063095F89C308DF80730FFF749FE89
:109AD0002378252B4AD0212B4CD0FFDFFEE7D5F889
:109AE00058313BB395F883001A7C60F387021A74EF
:109AF000D2B2607FC0F3401060F3410261F3000214
:109B00001A740029BBD004F1210204F1310152F88A
:109B1000040B8A4243F8040BF9D195F89C3043F0CA
:109B2000010385F89C3095F8883023F0010385F80F
:109B30008830A8E70029A6D1A1E700BF14010020C2
:109B400040420F00D5F85431002B9CD095F883107B
:109B50001A7C61F387021A74D2B2617F22F0030289
:109B6000C1F3401142EA41021A748CE722212046D7
:109B7000FEF7D8F8072138460DF01CFF00283FF407
:109B8000BEAEFFDFFEE7736800225A70B7E6FFDF64
:109B9000FEE700BF10B50F4C94F8583023F00103D6
:109BA00084F858300023E365FBF70CFE204604F0F0
:109BB00009FA18B9102120460DF006FB064804F0FA
:109BC000E7F918B9102104480DF0FEFA002384F8D3
:109BD000303010BD14010020240100200B46014646
:109BE00003F1D400FAF779BA83681A78092A70B5B4
:109BF000054686B034D00A2A30D0072A40F0868045
:109C0000B3F803603046FEF74FF9044608B9FFDFAA
:109C1000FEE70378212B7BD0282B1AD1AB68B3F851
:109C20000D20B2B9D3F80520D3F809301A4310D16A
:109C300000F12101304607F0EDFD05F08DFB08B184
:109C4000FFDFFEE72921204606B0BDE87040FEF7A1
:109C500069B806B0BDE8704005F0D0BB01225A716A
:109C6000B3F803603046FEF71FF9044608B9FFDF7A
:109C7000FEE70378212B4BD0AB685A79002A43D0FA
:109C80009B78002B40D105F0B9FB637F9A0617D56E
:109C90005B0613D5A37F03F03F03102B0CBF0623F5
:109CA000052384F820302378292B1CD10721304646
:109CB0000DF06AFE054628B9FFDFFEE70523F0E751
:109CC0000423EEE725212046FEF72CF803236946FE
:109CD00005F1D4008DF80030FAF754FA10F0FD0FBA
:109CE00016D0FFDFFEE7242B12D1314604200FF0FF
:109CF00045FA22212046FEF715F8072130460DF0DF
:109D000059FE28B1FFDFFEE7FFDFFEE7FFDFFEE7DA
:109D100006B070BD2DE9F04387B006460F46904669
:109D2000FEF7C2F80546002849D00378212B46D912
:109D3000232B44D090F91D30002B40DB0721304607
:109D40000DF022FE044648B9072130460DF0E2FD31
:109D50000446A8B101463046FFF737FD94F8B1300C
:109D600073B904F1B009D434C9F80C402B78222B14
:109D700001D0242B0ED125212846FDF7D3FF09E081
:109D8000104B93F835200AB1FFDFFEE7A4B903F1C9
:109D900034091C64012369464846C9F8206089F8E3
:109DA0000130A9F80480C9F80870FAF7C4F910F076
:109DB000FD0F04D0FFDFFEE703F13409D3E707B05E
:109DC000BDE8F08314010020F0B587B00546FEF72A
:109DD0006BF80378222B16D9072128460DF0D4FD05
:109DE000044690B100F162060527B4F8603053B123
:109DF000B4F85E30F218F35C527843B1214628463D
:109E0000FFF7C0FCC0B907B0F0BDFFDFFEE70821D7
:109E10002846ADF8042005F0ADFF02900028F2D0EE
:109E2000694604F1D4008DF80070FAF7ABF910F030
:109E3000FD0F01D0FFDFFEE702231022314604F1BF
:109E40005E000DF004FCD0E710B586B00446FEF7C6
:109E50002BF80378222B12D9072120460DF094FD10
:109E600008B9FFDFFEE706236946D4308DF80030DD
:109E7000FAF788F910F0FD0F01D0FFDFFEE706B01A
:109E800010BDF8B5037806460C4615461B09072B8E
:109E90000BD00A2B58D0022B00F0498100231380ED
:109EA000002900F0E1811A4638E082681378072B18
:109EB00006D0093B012B45D8002932D10A23D2E133
:109EC000002900F0D981B2F80300888080B2FDF744
:109ED000EBFF034608B9FFDFFEE7D0F81600A060ED
:109EE000598B1A7FA181B168A273CA68C2F30F228D
:109EF0002282D1F80520C4F81220D1F80920C4F834
:109F00001620A27E22F0030242F00102A2765A7FBE
:109F100042F008025A771C2314222B80228063808F
:109F2000A2E1B2F80300888080B2FDF7BDFF08B956
:109F3000FFDFFEE704F10801FFF7F0FB0A231A2216
:109F40002B80EBE7FFDFFEE709B1C3698B80337B32
:109F5000013B0D2B00F2E980DFE813F0B100E700D0
:109F60000E00E700E700E700E700E700E700E70092
:109F70005900E7008400A800002C00F07981A08837
:109F8000FDF792FF07210646A0880DF0FDFC08B9F9
:109F9000FFDFFEE7426F9178C1F3800301F0030019
:109FA0005B00012808BF43F00103C1F3C000C1F307
:109FB000001143EA800343EAC103117801F007016D
:109FC00043EA0113517801F0010143EAC113117909
:109FD0002381D378A372E37A61F30003C1F34001D4
:109FE00061F341035179E372C1F34002237B61F3D2
:109FF000000362F3410323733378232B03D9262113
:10A000003046FDF78FFE0D2313222B8086E7002CB0
:10A0100000F03081A088FDF747FF07210746A088A0
:10A020000DF0B2FC08B9FFDFFEE73369A3600378E7
:10A0300043F004030370437813F00202237B0DD036
:10A0400043F0010323733B78232B03D927213846A0
:10A05000FDF768FE102318222B805FE762F30003F0
:10A060002373F7E7002C00F0FD80A08804F10807B7
:10A07000FDF71AFF336904F10E020A26B3FBF6F16D
:10A0800006FB1133303302F8013DBA420B46F5D1DD
:10A09000A37B43F00103A3730378232B02D9272169
:10A0A000FDF740FE0F2315222B8037E7002C00F030
:10A0B000DD80337C1622237209232B802EE7002CAF
:10A0C00000F0D680337C0021022BA16021731ED0CA
:10A0D00003D8012B0ED0FFDFFEE7DA1E012AFAD8E3
:10A0E000191F727C4B422272627A4B4163F3010268
:10A0F000627201E081232372A088FDF7D5FE037808
:10A100000646212B0DD0232B03D0FFDFFEE7822351
:10A11000F1E70721A0880DF04DFC22213046FDF724
:10A1200001FE0D2319222B80F8E6FFDFFEE709B1BF
:10A1300043888B80337B012B04D0022B44D023B384
:10A14000FFDFFEE7002C00F08D80A088FDF7ACFE5D
:10A150000721A0880DF018FC08B9FFDFFEE7D0F852
:10A160001E3004F10E0204F108060A20B3FBF0F1E0
:10A1700000FB1133303302F8013D96420B46F5D116
:10A18000A37B23F00103A3738CE7002C6ED0A0887F
:10A19000FDF78AFE07210646A0880DF0F5FB08B9F9
:10A1A000FFDFFEE7437813F0020F0CBF0123022309
:10A1B00023723378232B03D927213046FDF7B2FDD4
:10A1C000092317222B80A9E6002C51D0A088FDF787
:10A1D0006BFE08B9FFDFFEE70022A260A37A2273BC
:10A1E00023F0030343F00303A372437FA27AC3F374
:10A1F000401363F38202A272427FC2F380121340C3
:10A2000006D0837F03F03F03A3F110025342534172
:10A21000A27A63F3C302A272437F627AC3F380130C
:10A2200063F3C302737B03F003036272012B7FF4B9
:10A2300078AFD3B2E27AB17B43F004036372F37B6D
:10A2400063F30002237B61F30003F17BC1F3400160
:10A2500061F34102E272B27BC2F3400262F3410356
:10A2600023735EE70F232B800020F8BD0923FAE754
:10A270000D23F8E71023F6E71C23F4E7034630B577
:10A2800060B1084C00F110051868083353F8041C3D
:10A290002246AB4203C21446F6D10123024A82F899
:10A2A000303030BD340100201401002038B50E4D8F
:10A2B000044695F8303043B905F1200105F110004E
:10A2C000FBF782FA012385F83030084D234605F16B
:10A2D00010042A46083303CAA24243F8080C43F884
:10A2E000041C1546F5D138BD1401002034010020AE
:10A2F00038B50446A0B1FBF72DFFD0B9621E0A2184
:10A30000053412F8013F303BDDB2092D13D8A242CB
:10A3100001FB0030F5D1431C0DD0084B0124D8655A
:10A32000064B002093F8582064F3000283F858206D
:10A3300038BD1020FCE70720FAE700BF1401002019
:10A34000037813F00F0203D0012A08D007207047CA
:10A35000C3F303121B09F9D10A70002070471B09CF
:10A36000013B032BF2D8DFE803F0020507090123C4
:10A370000B70F2E70223FBE70323F9E70423F7E777
:10A38000042810D8DFE800F00307090B0D000023B4
:10A3900000200B7070471123FAE72123F8E73123DF
:10A3A000F6E74123F4E70720704700002DE9F0416C
:10A3B000074686B008468846FBF716FF002858D1A6
:10A3C0003846FDF771FD0646002856D00378222B4B
:10A3D00056D1B8F1000F4CD0437F5A0750D41B061A
:10A3E00050D4072138460DF0CFFA044650B9072162
:10A3F00038460DF08FFA0446002845D0014638460D
:10A40000FFF7E3F994F8B1305BBB04F1B005022328
:10A41000D43430462F626B70002398F800202B81D3
:10A420000123C2F340012C612B71134043EA8103E5
:10A43000C2F38001C2F3C00243EAC103242143EA0C
:10A4400002132A7D22F01F0213432B75FDF76AFCCD
:10A4500069462846F9F76FFE10F0FD000AD0FFDFCD
:10A46000FEE70A4D95F835300BB1FFDFFEE73435D6
:10A47000CDE7102006B0BDE8F08143F20200F9E715
:10A480000820F7E70D20F5E70420F3E7140100208A
:10A490002DE9F04F91468FB01C4A0C4601901F46A3
:10A4A000106805AB5168128903C301981A80FDF743
:10A4B000FBFC0646002800F035820378262B40F08E
:10A4C00034823CB1072101980DF05EFA8346F8B959
:10A4D000FFDFFEE74846FBF73DFE002840F0208204
:10A4E00099F80030C3F30213042B03D907200FB0EF
:10A4F000BDE8F08F99F80120062AF7D999F80230C3
:10A50000102BF3D89A42DDD9F0E700BFB859060006
:10A51000802CEBD804F06AFF002800F008825A462D
:10A52000012102F8044F09929BF804508DF8201085
:10A53000002D40F0BB8199F80020717FC2F34002EA
:10A5400062F34511DBE91DA47177C9B299F80020C7
:10A55000C2F3800262F38611717799F800209BF8AC
:10A560000110D20962F341018BF8011099F8002023
:10A570009BF80010C2F3021262F347118BF800102F
:10A5800099F800209BF80110C2F3C00262F30001A9
:10A590008BF8011099F801208BF8052099F800201C
:10A5A000A17802F0010262F30101A170C9B2727FC9
:10A5B000C2F3401262F38201A170CAB296F81D8004
:10A5C000C8F3801868F3C302A270D2B29BF80110DE
:10A5D00061F30412A2709BF80020C2F342122270B1
:10A5E0009BF80120C2F34002627099F80220E270E9
:10A5F000657125719AF80220C2F3C00218EA0208B8
:10A6000000F02F813846FBF7A5FD002840F0888137
:10A61000B868FBF79FFD002840F082817869FBF75E
:10A6200099FD002840F07C81BA689BF80110CBF8B6
:10A6300008207A69CBF80C209AF8012042EA5102EE
:10A6400002F001029BF8011062F341018BF8011046
:10A650009AF8022001EA121262F3000100228BF83C
:10A660001D2006F10F028BF80110CBF81420721C8C
:10A67000CBF81820A27802F00302012A40F0C9802A
:10A680009AF8022002F00302012A40F0C28099F8F1
:10A690000320617962F3000102F0020201F0F1018E
:10A6A0000A4399F80410627101F00209227961F3FA
:10A6B0000002617902F0F10249EA020984F804908B
:10A6C0009AF8042009EA02099AF8052001EA02032F
:10A6D0000293B8F1000F03D159EA030200F0998008
:10A6E0003846FBF737FD0146002840F019810390FA
:10A6F00010220BF18C0011F0C9FC0399CBF8541116
:10A70000B8F1000F13D119F0010F10D0F868FBF762
:10A7100047FD002840F00481FA6802F11201CBF8ED
:10A720005421CBF88C1002F11401CBE9241219F05A
:10A73000020F0DD03869FBF753FD002840F0F08080
:10A740003A69002A00F0EC80CBF89820CBF85C2125
:10A75000102200210BF1A00011F098FC0022CBF890
:10A760005821B8F1000F02D1029BD90713D53868E0
:10A77000FBF716FD002840F0D3803A68B8F1000FCF
:10A7800007D102F11201CBF8A01002F11401CBE9BC
:10A790002912CBF85821029B9A073AD57868FBF723
:10A7A0001FFD002840F0BC80FDF74CFF0268DFF879
:10A7B0008491CBF86021828809F12001ABF86421F3
:10A7C00082798BF8662199F8302042B909F110009E
:10A7D000FAF7FAFF012209F1200189F830207A689E
:10A7E000CBF8AC10AAB19BF8600110320BF26111EA
:10A7F0004008FDF731FB504B7F6803F1100E1A46FD
:10A80000083703CA724547F8080C47F8041C13467A
:10A81000F5D19BF8012012F002022AD1A1789AF812
:10A82000020001434B0724D521780EAB9AF8002093
:10A8300003EB410030F8245C5000054105F00305AE
:10A84000022D28BF0225B8F1000F3ED0012901D00A
:10A85000042904D1012A3AD0042A08BF154601224E
:10A860000CE09BF801109AF80120C1F340010A4066
:10A87000E8E6B8F1000FF2D1C2F34002717F62F353
:10A8800045110A4668F3861272779BF8011011F0A1
:10A8900002011ED003228BF80620B8F1000F05D16B
:10A8A0008DF8108004A90198FEF75BFF2521304642
:10A8B000FDF738FA08A90BF1D400F9F763FC10F0A2
:10A8C000FD003FF414AEFFDFFEE74246D6E7042565
:10A8D000D4E7022D04D18BF806508DF81010E1E773
:10A8E000012D10D102220BF121008BF806200D2240
:10A8F00011F0CCFB9BF800208DF8105042F00202C2
:10A900008BF80020CEE7042D15BF8BF8061001222E
:10A91000727F8BF806201CBF61F345127277C5E782
:10A920001020E4E543F20200E1E50820DFE5112014
:10A93000DDE500BF14010020340100202DE9F041C5
:10A9400086B0054688461446FDF7AEFA074600284D
:10A9500000F083800378272B40F08280072128466F
:10A960000DF012F8064608B9FFDFFEE7B8F1010F57
:10A97000857948D0B8F1020F31D0B8F1000F03D07B
:10A98000072006B0BDE8F081002CF9D1013DEDB201
:10A99000022D22D8334B2B449C7A3378252138461C
:10A9A00043F002033370FDF7BDF93378DA0751D570
:10A9B000324623F00103694606F1D40002F81E3B3B
:10A9C00002238DF804408DF800300292F9F7DAFB8B
:10A9D00010F0FD0F3FD0FFDFFEE7FFDFFEE7204670
:10A9E000FBF7B8FB08B11020CBE7032DC8D106F167
:10A9F0001E0304F1100254F8041B944243F8041B94
:10AA0000F9D10024C9E7012D1ED0022DB8D120466E
:10AA1000FBF7A0FB05460028E5D10146102206F110
:10AA20001E0011F033FB621E294605340A2012F87D
:10AA3000013F303BDDB2092D09D8A24200FB0131B4
:10AA4000F5D1C6F81E10DCE7002CDAD098E74FF0FD
:10AA5000FF31F6E77477002093E743F2020090E7B6
:10AA600008208EE7B8590600F0B587B004460E46B8
:10AA70001546FDF719FA0746002846D0204607215B
:10AA80000CF082FF044610B9082007B0F0BDEEB10B
:10AA900023785907F8D53B78232BF5D9802E37D862
:10AAA000267756B9284604F13E0305F1200250F8F6
:10AAB000041B904243F8041BF9D1227842F01002A3
:10AAC000D3B22270120708D40020DEE72846FBF735
:10AAD00041FB0028DCD01020D7E723F008032370C7
:10AAE00007238DF804608DF8003066B904F13E0349
:10AAF000694604F1D4000293F9F744FB10F0FD0F0E
:10AB0000E2D0FFDFFEE70023F2E743F20200BCE7FA
:10AB10000720BAE7F8B506460D46FDF7C5F950B36C
:10AB20000378272B01D00820F8BD072130460CF010
:10AB30002BFF044608B9FFDFFEE78779022FF2D129
:10AB40004378DB07EFD501462A463046FEF71AFE6A
:10AB500008B10020E8E7B4F860300D2B0ED83B4672
:10AB6000102204F1620104F15E000CF045FD0123A6
:10AB700045700370EDE743F20200D5E71120D3E7FB
:10AB8000F7B5044608460E461546FBF7E3FA10B142
:10AB9000102003B0F0BD2846FBF702FB0028F7D1D8
:10ABA0004FF6FF739C4219D02046FDF77DF9D8B1CE
:10ABB0004378811C2A465808FDF74EF9EF1D002402
:10ABC000102138460CF000FB05F117003B463246D9
:10ABD00031460094F9F7BEFC2046DAE72846FDF737
:10ABE0009DFD0028EAD0D4E743F20200D1E72DE929
:10ABF000F041044688B008460E461546FBF7F4FAC5
:10AC000018B1102008B0BDE8F0812846FBF7ECFA37
:10AC10000028F6D12046FDF747F9804600286CD081
:10AC20000378272B01D00820ECE7204607210CF001
:10AC3000ABFE044608B9FFDFFEE7038803F40173A7
:10AC4000B3F5017FEFD1D0E91D32527802B11DB1C9
:10AC50005F781FB1002E53D10720D3E7CDB1E26852
:10AC6000EF1D00231735114602A800933B46F9F764
:10AC700071FC102202A9284611F0F8F9B8BB3B4636
:10AC800004F12E0253F8041BAB4242F8041BF9D125
:10AC900000274EB1F31D04F11E02173653F8041BB2
:10ACA000B34242F8041BF9D123782521404643F0F2
:10ACB00002032370FDF736F82378DA071BD5224606
:10ACC00023F0010302A904F1D40002F81E3B022381
:10ACD0008DF80C708DF8083004F12E030492059362
:10ACE000F9F750FA10F0FD0F03D100208AE704278E
:10ACF000CFE7FFDFFEE76777F7E743F2020081E780
:10AD0000002DACD12F46C5E770B506460D46FDF7C0
:10AD1000CBF8044640B30378212B28D9437F1B0787
:10AD200025D529463046D5B106F074FD04F014FB54
:10AD30002B7C627FC3F3400363F3451262772A7C66
:10AD4000637F62F38613A27F63772B7C9B0863F398
:10AD50000502A277637F23F00803637770BD06F0D6
:10AD600059FD04F0F9FAF5E743F20200F6E708208E
:10AD7000F4E770B50E46FDF797F8054650B130463A
:10AD8000FBF70EFA044640B928463146FEF7C6FCEA
:10AD9000204670BD43F20200FBE71020F9E7932341
:10ADA000488001F80C3B02F1100352F8040B9A4260
:10ADB00041F8040BF9D104F021BB70B51446128898
:10ADC00006460D460AB9002070BD04F0D3FF0028E6
:10ADD000F9D0214631F8022B11F0A4F9EA1E3046D1
:10ADE000294653425341228805F099F80023012057
:10ADF0002380E9E7F8B515461A8806460F461C4633
:10AE00000AB90020F8BD294604F0B4FF0028F8D0A4
:10AE1000214631F8022B11F085F9238830462A4665
:10AE2000394601F053F8002301202380EAE738B5C2
:10AE300005460C46FDF738F860B10378212B0CD994
:10AE4000032128460CF0A0FD002820600CBF032041
:10AE5000002038BD43F20200FBE70820F9E70000BC
:10AE60002DE9F04F85B081460F469046019303B31C
:10AE7000019E06F1120B5846FBF7E1F9451D25F03E
:10AE80000305ADB2EFB998F80030092B41D17468D1
:10AE900064B1727B63886A439A4243DD211D204678
:10AEA00092B22B460CF095FB044607804FF0030A44
:10AEB0000CE001A9FFF7BBFF0028D9D005B0BDE821
:10AEC000F08F337BABBB34684FF0050A0121584645
:10AED000FBF7C6F951460246ADF80E00484604F0AD
:10AEE00049FF034638BB0CB32288FAB9A21C0DF106
:10AEF0000E014046C8F804B0A8F802900093FBF792
:10AF0000DDF9009BC8B1092836D81C4B33F8100076
:10AF1000D4E70D2B04D106F108044FF0040AD5E75D
:10AF2000FFDFFEE74FF0030A3C46CFE7BAF1030F1D
:10AF300020D01120C2E70246D9E7BDF80E2053B158
:10AF4000AAF1030148464B424B41514604F0E7FF4A
:10AF500077B90020B2E7BAF1030F2280F8D1727BF3
:10AF60002B4670686A43011D92B20CF045FBEFE777
:10AF70003773EEE71320A1E703209FE7C6590600C9
:10AF800010B50C4686B01946A2B104238DF80030E6
:10AF90001388ADF8083053886A46ADF80A30A378B4
:10AFA0008DF80E302388ADF80C300023FFF758FFE2
:10AFB00006B010BD1020FBE7053020F0030080B282
:10AFC00009B14143043108447047000013B50446F9
:10AFD000019048B90CF0ACFA24B1044B019A1A6004
:10AFE00000221A7102B010BD01A8F3E7740100201D
:10AFF0002DE9F8430D46164600212422284611F07B
:10B0000045F80EB9FFDFFEE7B778DFF854906F73AD
:10B010003488D9F80000053424F00304A4B2214692
:10B020000CF0AEFA08B9FFDFFEE74FF00008286029
:10B03000A0F8008047B17C43D9F80000211D0CF036
:10B040009FFA48B9FFDFFEE76F60318805F1120013
:10B05000BDE8F843FBF7DEB86860C0F80080F4E7AD
:10B06000740100202DE9F84301F1120706460D4650
:10B07000DFF85C803846FBF7E2F8441D95F80D9048
:10B0800024F003042968D8F80000A4B222460CF08A
:10B0900099FAB9F1000F07D004FB09F26968D8F8F2
:10B0A000000004320CF08EFA03200CF0F5FB04468D
:10B0B00003200CF0C3FC241A012C03D1D8F80000A3
:10B0C0000CF052FA39463046BDE8F843FBF7B6B803
:10B0D0007401002010B5032104460CF055FC08B99A
:10B0E000FFDFFEE700F112012046BDE81040FBF74C
:10B0F0009EB800002DE9F04F448889B006460D4601
:10B100002046032190460CF03FFC814608B9FFDF42
:10B11000FEE71DB10023AC80EB802B813278337BBE
:10B1200002F0F002902A40F027835A1E0E2A00F205
:10B130001E83DFE812F011036802580273000F004B
:10B1400060010201080124013B001C022D024A0299
:10B150003B013B0199F80C30022B01D0FFDFFEE7E9
:10B16000308AC4000C34A4B2002D00F0118305F124
:10B170000C030022688191B20833884203D830233F
:10B18000A8F8004029E199F8101003F8061CB9F856
:10B190000E1023F8081C716951F82210013223F8AF
:10B1A000041CC1F30F4123F8021CE4E799F80C30AA
:10B1B000022B01D0FFDFFEE7738ADC000C34A4B25F
:10B1C000002D00F0E582327C4FF0000A6B81009286
:10B1D000043AD346D2B201926A891FFA8AF39A429C
:10B1E000CDD9716902A8009A1FFA8AF759440AF169
:10B1F000010A10F097FF009BFF0003A99B44B34B8B
:10B2000007F10C0201981B792F442A44003B18BF18
:10B2100001230CF0B7FE029B3B61DDE796F810A01E
:10B2200099F80C30BAF1010F14BF10220222052B3D
:10B23000009203D0062B34D0FFDFFEE7738A03EBC6
:10B24000430464000C34A4B2002D00F0A182002756
:10B250006B81009BBA4603F1020B6A89BBB29A422A
:10B2600003D83323A8F80040B7E071695A4602A812
:10B270005144DA4410F056FF0623BAB2BDF8081064
:10B28000009801375A43AB180E3299812A448F4BEC
:10B290000DF10A011B79003B18BF01230CF072FE6F
:10B2A000DBE7BAF1010F738A14BF122406245C4352
:10B2B0000E34A4B2002D00F06B82BAF1010F6B8145
:10B2C0004FF0000714BF02230123BB462B73009BE2
:10B2D000023301936989BAB2914203D83423A8F8A2
:10B2E00000407AE0716902A8019A594410F01AFFEF
:10B2F000019BBAF1010FBAB29B44BDF808100CD102
:10B3000006204243A8181032C1812A440DF10A01D7
:10B3100000980CF057FE0137DCE7122000FB0252C8
:10B320000DF11A00D1810DF10A01103251F804CB50
:10B33000814242F804CBF9D1EDE799F80C30082BA3
:10B3400007D0FFDFFEE799F80C30082B01D0FFDFB4
:10B35000FEE7728A02F11004A4B2002D00F01882F8
:10B36000338A05F1100071696B81B9F80E30EA81FA
:10B37000AB8110F0D7FE3623A8F800402DE099F8F5
:10B380000C30092B01D0FFDFFEE7328A02F10C04FA
:10B39000A4B2002D00F0FC81716905F10C006A81F6
:10B3A00010F0C0FE3723A8F8004016E0728A02F1C0
:10B3B0001004A4B2002D00F0EB810E2B318A05F1B0
:10B3C0001000EA8114BF0223012369812B73716984
:10B3D00010F0A8FE3923A8F800402B80303B6FF412
:10B3E00090526C809BB242FA03F3DB0744BF002308
:10B3F00089F80C30CEE199F80C30327C042BB6F889
:10B4000012A0009249D0072B00F09980032B40F046
:10B41000AC800AEB8A0464000C34A4B2002D00F066
:10B42000B781931F05F10E074FF0000BA5F80AA096
:10B43000DBB20193BAF1000F03D13123A8F8004029
:10B44000CBE71622002102A80AF1FF3A10F01EFEF7
:10B450007169009A02A859441FFA8AFA10F062FE34
:10B46000BDF808303A460DF10E0127F8023C0A37C4
:10B47000BDF80A30019827F8063CBDF80C3027F8D3
:10B48000043C124B1B79003B18BF01230CF07AFDE2
:10B49000009B9B441FFA8BFBCCE70AEB8A046400F9
:10B4A0000C34A4B2002D00F07381009B05F10C0B4D
:10B4B0000027A5F80AA0053BDBB20193BAF1000F03
:10B4C00006D13223A8F8004087E700BF74010020AE
:10B4D000716902A8009A0AF1FF3A394410F022FE7D
:10B4E0009DF80A20BDF808300DF10D0101981FFAF2
:10B4F0008AFAABF8063002F07F03D20943EA02234E
:10B50000BBF8042022F4BF7222F001021343ABF80F
:10B5100004309DF80C209DF80B3043EA02235A4674
:10B520000BF10A0B2BF8023C924B1B79003B18BF26
:10B5300001230CF027FD009B3B449FB2BEE7009B1C
:10B540000AFB03F202F10E04A4B2002D00F02081E8
:10B55000023B716905F10E00A5F80AA0AB8110F05D
:10B56000E1FD3523A8F8004037E7FFDFFEE799F853
:10B570000C300A2B01D0FFDFFEE7002D00F0168112
:10B58000338A6B8100232B82EB8101232B7325E00F
:10B5900099F80C300B2B01D0FFDFFEE7B28A02F1E5
:10B5A0001204A4B2002D00F0F3800423B16905F168
:10B5B00012002B73338A6B81738A2A82EB8110F01D
:10B5C000B1FDA8F80040382307E7002D00F0EE8019
:10B5D00005232B7300236B81EB812B821223122412
:10B5E000A8F80030EFE799F80C30012B01D0FFDF0D
:10B5F000FEE7002D00F0D280338A0C246B813A23C1
:10B60000A8F80040E9E62DB1737B03F58073EB8069
:10B61000738A2B8199F80C20531E0B2B00F29A8011
:10B62000DFE803F0061624303C47525E6F7A7A7AE0
:10B6300099F80C30012B01D0FFDFFEE7002D00F060
:10B64000AD80337C012B01D0FFDFFEE71723D4E769
:10B65000337C082B03D0032B01D0FFDFFEE7002D46
:10B6600000F09C8000230C246B8188E5337C042B44
:10B6700001D0FFDFFEE7002D00F0908000230C24B6
:10B680006B81DAE6337C042B01D0FFDFFEE7002D6F
:10B6900000F0848000230C246B8112E7337C022BA2
:10B6A00001D0FFDFFEE7002D78D000230C246B8152
:10B6B000D7E5337C022B01D0FFDFFEE7002D71D0F0
:10B6C00000230E246B8109E6337C042B01D0FFDFBD
:10B6D000FEE7002D66D000230E246B81AB8140E78E
:10B6E000337C053B012B01D9FFDFFEE7002D5BD04A
:10B6F000738A10246B810023EB81B9F80E30AB8183
:10B7000039E6337C072B01D0FFDFFEE7002D45D063
:10B7100000230C246B8145E6002D47D0738A0B2A49
:10B720006B814FF00003EB812B82337C06D00C2A17
:10B730000CD00A2B3FF429AFFFDFFEE70B2B01D023
:10B74000FFDFFEE7042321E705231FE70C2BFBD0D7
:10B75000FFDFFEE7FFDFFEE755B301230B24EB809D
:10B7600000232B81AB723B23A8F8004035E6FFDFB6
:10B77000FEE700BF74010020012B07D1C5B1737B28
:10B780000B24AB723C23A8F8004026E6FFDFFEE75F
:10B79000A8F80040002009B0BDE8F08F0C23A8F8FD
:10B7A0000030F7E70E23FAE71023F8E71223F6E755
:10B7B0000B23F4E770B5568804460D460321304646
:10B7C0000CF0E2F808B9FFDFFEE700F112032A46A9
:10B7D00021463046BDE87040FAF7A8BE10B50C46C9
:10B7E00003210CF0D1F808B9FFDFFEE72146123043
:10B7F000BDE81040FAF72FBD10B50C4603210CF040
:10B80000C3F808B9FFDFFEE721461230BDE810405B
:10B81000FAF73EBDF7B50E46044603F0E7FD0546D0
:10B820003378013B0E2B00F28A80DFE803F0503DB5
:10B8300063393912393939083939393939003379A5
:10B84000043BDBB2022B01D0102B16D1F5B9FFDF80
:10B85000FEE708B9FFDFFEE7032120460CF094F86D
:10B86000037B042B0BD0072B10D0032B16D133797D
:10B87000063BDBB2022B09D043B107200CE0337941
:10B88000053BDBB2022B01D0102BF6D13246294604
:10B890002046FFF784FA002003B0F0BDFFDFFEE78B
:10B8A0000028F3D1FFDFFEE708B9FFDFFEE73779B5
:10B8B000012FEBD117212046FFF79EFF17212046CD
:10B8C00001F087FC3946204601F091FCDEE70321B8
:10B8D00020460CF059F808B9FFDFFEE700F112012D
:10B8E0002046FAF7A4FC002DD0D113212046FDF705
:10B8F00071FBD0E708B9FFDFFEE7032120460CF01B
:10B9000043F808B9FFDFFEE70DF106011230FAF740
:10B9100098FC08B1FFDFFEE7B7882046BDF8063087
:10B92000172F38BF17279F4228BF1F463946FFF7FA
:10B9300063FF3946204601F04CFC0121C3E7FFDFDD
:10B94000FEE710B50C4603210CF01EF808B9FFDF26
:10B95000FEE721461230BDE81040FAF789BC10B569
:10B96000032104460CF010F808B9FFDFFEE700F1F0
:10B97000080204212046BDE81040FFF71EBA10B5AA
:10B98000032104460CF000F808B9FFDFFEE7026867
:10B9900005212046BDE81040FFF70FBA70B503211E
:10B9A00006460BF0F1FF054608B9FFDFFEE712304F
:10B9B000FAF745FC441D24F00304A4B26A680AB1F6
:10B9C000538803B970BD32F8043B032130461A4452
:10B9D000FFF7F3F90028F5D06A7B234668686243D5
:10B9E000011D92B20BF033FEE8E738B504460D4670
:10B9F00003F0FCFC08B9FFDFFEE701234573448038
:10BA0000037333230370BDE8384003F0F7BC000034
:10BA1000602803BF0B780020034A072004BFC3F34C
:10BA200000031371704700BF7401002070B58CB023
:10BA30000D460646144601A9FFF7F9F9E8B9F4B92D
:10BA40000823ADF820508DF818304FF6FF73ADF88D
:10BA5000223001238DF826304FF42053ADF82430E6
:10BA6000019D06AA022130462B46FFF7F9F920B9BD
:10BA70001CB1A3782B742388EB810CB070BD032319
:10BA800002AA0AA920468DF8183010230B92ADF8AF
:10BA900028300CF09BFA68B90123ADF820508DF8DE
:10BAA00026304FF42053ADF824304FF6FF73ADF835
:10BAB0002230D5E70720E0E7012307B58DF80630EF
:10BAC00042F602030A4601A9ADF804300323FFF74A
:10BAD00057FA03B05DF804FB012307B58DF8063073
:10BAE00042F603030A46ADF8043004230DEB0301CC
:10BAF000FFF746FA03B05DF804FB7FB581B102237E
:10BB00006A468DF800300B88ADF808304B88052167
:10BB1000ADF80A300023FFF7A3F907B05DF804FB86
:10BB20001020FAE711B10723FFF72ABA0720704760
:10BB300070B588B00D460646144601A9FFF777F99F
:10BB400070B97CB90523ADF810508DF80830019D0F
:10BB500002AA082130462B46FFF782F900B9EC8192
:10BB600008B070BD0623ADF81050ADF812408DF846
:10BB70000830ECE77FB569B10723ADF808200391E1
:10BB80006A468DF8003009210023FFF769F907B0F4
:10BB90005DF804FB1020FAE7F0B5054689B00846C9
:10BBA0000C46FAF7D7FA10B1102009B0F0BD01A980
:10BBB0002846FFF73CF90028F7D1019E012106F144
:10BBC0001200FAF74DFB2278042A0ED004D8531E37
:10BBD000012B0CD90720E8E7052AFBD10C2163785B
:10BBE0008DF808108DF810301CE0023880B2E38820
:10BBF00033B1A1680029D7D0033880B283422DD851
:10BC0000042AA0881DD00028E4D1022AA7686488ED
:10BC10000ED109220146ADF810408DF80820ADF88C
:10BC200012300597334602AA2846FFF719F9BCE7F8
:10BC30000A21ADF81040ADF812308DF808100597C4
:10BC4000F0E70B216288ADF81430A3688DF8081076
:10BC5000ADF81020ADF812000693E3E70C20A4E73E
:10BC60007FB50D23ADF808106A468DF8003000232B
:10BC70001946FFF7F5F807B05DF804FB7FB581B111
:10BC800002236A468DF800300B88ADF808304B88E7
:10BC90000621ADF80A300023FFF7E2F807B05DF89F
:10BCA00004FB1020FAE770B586B00E460121002390
:10BCB0006A4605468DF80010ADF80860FFF7D0F829
:10BCC000044638B93146284601F075FA214628461F
:10BCD00001F08DFA204606B070BD68B38378012B61
:10BCE0002CD1008842F60413984216D8B0F5245F90
:10BCF00026D241F60103984208D8013841F2FE737A
:10BD000080B298428CBF0F2000207047A0F52050D1
:10BD1000032894BF0F200020704742F60123984269
:10BD200005D8B0F5285F34BF00200F207047A0F57C
:10BD3000285003380228ECE7102070470020704795
:10BD40000F20704787289ABF024B33F8100003205A
:10BD5000704700BFDA59060043785A0710D003F045
:10BD600007034A7863F302024A70437813F0380FEE
:10BD70000DD0C3F3C2034A7863F3C5024A7070471B
:10BD800013F0380F14BFC3F3C2030123E9E75A07C6
:10BD900014BF03F007030123EDE7000010B50B46C5
:10BDA00048800C46842103F80C1B02F1100152F864
:10BDB000040B8A4243F8040BF9D103F01FFB014B3B
:10BDC0001C6010BD7C0100200B460E22002110B526
:10BDD0000446184610F05AF903461CB1012C04D051
:10BDE000FFDFFEE705229A7110BD0622FBE770B562
:10BDF00088B004460D46102204AE0021304610F0F3
:10BE000045F9002203AB29460092204601931023F6
:10BE1000F7F790FF024620B108B0BDE87040FFF789
:10BE200091BF0DF10E0329462046CDE90063BDF810
:10BE30000C30FBF762FE0028EED108B070BD37B5BC
:10BE40000C46054600283CD00DF10701FEF778FAB4
:10BE5000002837D163780DF107019DF80720681C91
:10BE600062F302036370FEF76BFA58BB63789DF8C8
:10BE7000072062F3C503AA786370C2F34103012B64
:10BE800002D0022B20D10120237860F345132370C8
:10BE9000637859071EBFC2F3C00161F38613637054
:10BEA000637813F0380F1EBFC2F3001262F3C7139A
:10BEB0006370637813F0780F1EBF237843F040035C
:10BEC0002370002003B030BD0720FBE730B40D46DF
:10BED00011461A4641B102290AD12C7C14F0010303
:10BEE00003D024F001042C74012330BC04F017B8F3
:10BEF0000023FAE738B515460022044640680A7068
:10BF00004A70FFF79CFF58B9A38922899A420ED83C
:10BF100062689278D20704D5B3F5007F07D82B80EA
:10BF200038BDB3F5FF7F02D803F20123F7E70C20F9
:10BF3000F6E710B50C46F7F753FF08B1FFDFFEE751
:10BF40002046BDE81040FFF7FDBE014410B5044691
:10BF50004FF6FF708C4200D110BD43BA14F8012B8C
:10BF60009BB25A40C2F303135A4013039BB25A4088
:10BF7000530103F4FF5382EA0300EBE72DE9F04F8E
:10BF800085B01C46894605469DF83C6092460E9B4E
:10BF9000B11EDDF8408003F1140B18BF0121584693
:10BFA000FAF7DDFE314602460746284603F0E2FE78
:10BFB000002814BF0121002188F8001003D1C4B16A
:10BFC0002388B3B9A01C164A00210DF10E03ADF869
:10BFD0000E70116052464946CDE9000B2846FBF72A
:10BFE0003FFA68B1082819D80E4B034493F81001A2
:10BFF00003E0002E14BF1120132005B0BDE8F08F20
:10C0000098F80020BDF80E3032B132460E9928461D
:10C01000FFF75CFF0020F0E72380FBE70320ECE75D
:10C020007C010020DA5906002DE9F043002391B08D
:10C03000054608460C46ADF81630FAF78BF800288E
:10C0400040F0BE80E3683BB1A368002B00F0B880ED
:10C050001A88ADF8162018802846FBF725FF814680
:10C0600028B943F20205284611B0BDE8F0830378F1
:10C07000212B01D80825F6E7042128460BF084FC83
:10C08000074608B9FFDFFEE71430FAF755FEA3783C
:10C090000646013B012B00F295800BAA2188284619
:10C0A000F7F7D8FE20B111B0BDE8F043FFF74ABE64
:10C0B0000BA8F7F7DDFE0028F5D10BA8F7F7D8FE9F
:10C0C000002840F081800D9B434A23F07F43934238
:10C0D0007AD1E36883B10DF116022846CDE900322A
:10C0E000BDF81630A2882188FBF707FD0028DAD1B9
:10C0F000BDF81620A3681A809DF82F8018F010084C
:10C1000065D10F990029ACD09DF8303013F0380F6D
:10C1100001D1FFDFFEE7314AC3F3C203134493F8B2
:10C12000182199F820309A4254D80536A2780B7815
:10C1300026F00306012AB6B236D1DA079AD50223D1
:10C14000B8688DF8183058B17A7C438872439A42A7
:10C1500034DD92B23346011D0BF03BFAA0F80080AB
:10C160002388072206A90097ADF81C300DF11503AE
:10C17000CDE9018303462846FFF700FF0546002866
:10C180007FF471AF9DF81530002B7FF46CAFA3786E
:10C19000012B7FF468AF7A7C3346B8687243011D87
:10C1A00092B20BF029FA5EE79B077FF563AF03239A
:10C1B0004FF001088DF818303868D1E74046CFE7D6
:10C1C000102550E707254EE74FF450554BE743F253
:10C1D000014548E70F2546E702290100DA59060024
:10C1E000F7B50C46054603F001F9064623785A1EBA
:10C1F0000A2A00F2C180DFE802F00618B7304F4F7C
:10C20000667EB2989E005D4B1B684BB15A7842F037
:10C2100020025A7062685A600027384603B0F0BDA9
:10C220006168284603F018F9F6E7042128460BF068
:10C23000ABFB08B9FFDFFEE700F114012846FAF76F
:10C240006CFD2EB1224631462846FFF7A7FDE3E7F5
:10C2500013212846FCF7BEFEDEE7042128460BF03A
:10C2600093FB08B9FFDFFEE7A3790021E27903F031
:10C2700018038181182B08D1A388838156B12246E7
:10C2800031462846FFF78AFD53E05306C4D5A388FC
:10C29000C381F3E7FFDFFEE794F90720002A10DAF5
:10C2A000062B04D00227002E39D1FFDFFEE7042140
:10C2B00028460BF069FB08B9FFDFFEE7A388C381BE
:10C2C000F0E70027EFE7042128460BF05DFB074667
:10C2D00008B9FFDFFEE71430FBF730FB18B194F923
:10C2E0000730002B98DA3B7C43F002033B74002EAE
:10C2F000C5D1FFDFFEE7042128460BF045FB077C94
:10C300006379C7F3400262F300036371037C23F097
:10C31000020303740EB9FFDFFEE707F002072246AF
:10C3200031462846FFF73AFD77E70121284603F01A
:10C33000F7F8022771E7042128460BF025FB636814
:10C34000064601220093694623892846ADF8043049
:10C3500003F002F9337C23F0020333745CE7002816
:10C360007FF470AFFFDFFEE700212846FFF7E9FA10
:10C37000002E84D1FFDFFEE7FFDFFEE77C01002017
:10C38000431D23F003039BB2580009B15943043104
:10C390000844704737B50023064D044601902B71C1
:10C3A00030B90BF0C5F80CB1019B2B6103B030BD67
:10C3B00001A8F6E77C0100202DE9F0470E4617465C
:10C3C00086B005465822002130460FF05FFE0FB9B7
:10C3D000FFDFFEE797F802A0DFF8C89086F811A00B
:10C3E0003C88D9F81000053424F00304A4B2214697
:10C3F0000BF0C6F808B9FFDFFEE74FF00008306029
:10C400002146A0F80080D9F810000BF0B9F808B95F
:10C41000FFDFFEE77060A0F80080BAF1000F09D0DE
:10C4200004FB0AF4D9F81000211D0BF0A9F8C0B9DB
:10C43000FFDFFEE7C6F808A0002306F11401284636
:10C44000F3603A88FAF754FC01AA01212846F7F76D
:10C4500001FD01A8F7F70CFD044630B106B0BDE8B8
:10C46000F087B060C0F80080E6E79DF807301B0752
:10C47000EFD5BDF80A102846FFF7B9FC9DF8073044
:10C480009DF80820284643F01003BDF80A108DF8E7
:10C49000073043EA0223224663F30F02FF23F7F734
:10C4A00019FDD6E77C010020F8B501F114000D4616
:10C4B000FAF742FC441D134E24F003046F7C2968F4
:10C4C000A4B2306922460BF07DF8224669683069D3
:10C4D0000BF078F837B104FB07F2A9683069043231
:10C4E0000BF070F804200BF0D7F9044604200BF091
:10C4F000A5FA241A012C04D13069BDE8F8400BF0EC
:10C5000033B8F8BD7C010020F0B5204B8FB0054654
:10C510004FF6FF7009AAD989F7F79CFC09A8F7F72D
:10C52000A7FC0DF10E07044605AE0CB1052025E071
:10C530009DF82E30AB421ED0012B21D1BDF82C30FE
:10C54000A3F520539BB2012B1AD810232246BDF825
:10C550002A104FF6FF70CDE90067F7F7EBFB60B9E3
:10C5600004AA31469DF80E000BF02CFD28B99DF869
:10C570001230AB4204D1204600E003200FB0F0BDE2
:10C5800009A8F7F775FC0446CFE700BF7C0100203F
:10C5900038B5042105460BF0F7F908B9FFDFFEE7CF
:10C5A00000F1140428462146FAF7B7FB2146284635
:10C5B000BDE83840FAF7B8BB70B58AB006460C46FD
:10C5C000FBF772FC0546002835D00378212B02D8F2
:10C5D00008200AB070BD0CB1A3887BB301238DF88D
:10C5E00014300323ADF8183064B1A3882468ADF883
:10C5F00020300421304607940BF0C6F9044620B9D8
:10C60000FFDFFEE7ADF82040F3E71430FAF7B7FBA1
:10C610000307DDD502F0EAFE90B10DF1130395F8A2
:10C62000202005A9304602930223CDE90043636828
:10C63000FFF7A4FCCDE743F20200CAE70920C8E7F0
:10C640001120C6E72DE9F04F578889B082468B4606
:10C6500038469046FBF728FC0421814638460BF00B
:10C6600093F900230546ADF81E30B9F1000F01D152
:10C67000FFDFFEE708B9FFDFFEE70221384603F0DF
:10C68000BFFD05F114030146C0B100242646264A29
:10C69000002138461160514699F82020CDE9016308
:10C6A0000DF11E0300935B46FAF79DFB0646042836
:10C6B00037D8DFE800F01F36282F280018460593EA
:10C6C0006E68FAF74CFB022102460490384603F0EC
:10C6D00051FBDDE9042358B9002ED6D0318800295A
:10C6E000D3D10236041EADF81E2018BF0124CEE7B8
:10C6F0000646F7E7BDF81E302BB144B102222946A9
:10C700003846FFF7E3FB304609B0BDE8F08F6A68B2
:10C710001380F8E798F8013043F0100388F80130EF
:10C72000F1E7FFDFFEE700BF7C0100202DE9F043C9
:10C73000804693B00D46002900F083800027122226
:10C74000002128463E463C460FF0A0FC0DAA0121E0
:10C750004FF6FF70F7F77EFB0DA8F7F789FB20B1C6
:10C7600013B0BDE8F043FFF7EDBA9DF83E20BDF8E9
:10C770003A30012A18D1BDF83C20A2F52052032AF4
:10C7800012D8DFE802F0170B020E03249845E3D11C
:10C790002C74A6B9002013B0BDE8F0831E46022415
:10C7A000F4E71F460424F1E7042C06D0052C08BF4B
:10C7B0000624EBE71E460124E8E70524E6E70DF131
:10C7C0000E080DF110091023002231464FF6FF70BC
:10C7D000CDF80480CDF80090F7F7ACFA08B103204B
:10C7E000D9E72A4649469DF80E000BF0EBFB0246BE
:10C7F0000028F4D1AE81002FCCD008AB39464FF6DB
:10C80000FF70CDF8048000931323F7F793FA002804
:10C81000E5D1BDF80E002A1D0DF123010338C0B289
:10C820000BF0D0FB0028DAD1089B062CC3F30F23B2
:10C83000EB81AFD19DF83E30AB72BDF83C302B811F
:10C84000A8E71020A7E7000003460846012B70B5B3
:10C8500014468CB018D0022B13D142F601030122EA
:10C86000ADF81C308DF81E2058B308AE4FF480731D
:10C870000DF117013246ADF818300BF0A7FB034657
:10C8800028B107200CB070BD4FF42053E7E70E4DE0
:10C8900007A89DF81710AA1D0091CDE9016201F2C9
:10C8A00001220699F7F7AEF920B10CB0BDE870404F
:10C8B000FFF748BA0CB1EB882380012300202B71CD
:10C8C000E0E71020DEE700BF7C0100202DE9F04FFB
:10C8D0006A4E9DB000240D4633790592013B0B94BE
:10C8E000012B00F2C380F388834240F0C1808B4269
:10C8F00000F0C0800123A2462746A0468DF82630CE
:10C9000042F60203DFF878B112A8ADF824304FF4F4
:10C9100080738DF82A40ADF820305A4BADF828408E
:10C9200012930AAB13934FF6FF73ADF85030F7F73D
:10C93000CDFA072217AB12A94FF6FF70FBF736F8B6
:10C94000024630B10A2863D01DB0BDE8F04FFFF7B2
:10C95000F9B9BDF85E9014B3189B23F07F435B4593
:10C960001DD10DF1220349464FF6FF7001930EAB26
:10C9700000931023F7F7DEF90028E5D1BDF8223047
:10C9800023F002039BB2042B03D003201DB0BDE8AB
:10C99000F08FBDF83830AB4235D10F20F6E79DF867
:10C9A0006230012B2FD1BDF86030A3F520539BB22C
:10C9B000012B28D8F488A4EB09035C425C41B8F150
:10C9C000000F00D017B34D451DD10DF122030DF11D
:10C9D00038080022294601934FF6FF701023CDF846
:10C9E0000080F7F7A7F90028AED1BDF82200022891
:10C9F00001D01028C9D10BAA4146C0B20BF0E2FA0F
:10CA00000028C2D1C846BDF85EA092E75746FAE7B3
:10CA1000B8F1000F30D07FB30023ADF83080ADF80F
:10CA200032708DF81F309DF82E30012B15D09DF8F7
:10CA30001F2009A8059B0432089902930CABD2B2BF
:10CA4000CDE9002300238DF81F20F7F7DBF800283D
:10CA50007FF47AAF0223337176E70DAA0DF11F013F
:10CA60000BA80BF0B3FA0028E1D08EE708208DE781
:10CA700006208BE7072089E7052087E77C01002057
:10CA8000022801000100FFFF1FB50A78C2F3400130
:10CA9000C2F3000343EA4103C2F3800143EA810386
:10CAA000C2F3C00143EAC103C2F3001143EA011318
:10CAB000C2F34011C2F3801243EA4113411E4FF604
:10CAC000FF7043EA8213002289B28DF80C300DF119
:10CAD0000E03019303AB00930123FBF70EF8BDF89F
:10CAE0000E30012B01D0FFDFFEE705B05DF804EB4F
:10CAF000FFF728B910B50C46FFF7A1F968B96378BC
:10CB000003F00702012A09D113F0380F06D0237869
:10CB10009A0603D463F03703237010BD0720FCE7A7
:10CB20002DE9F04F002395B0DFF824B20546ADF8AB
:10CB300028300E46ADF82A301746ADF82C30ADF847
:10CB40001430ADF81C30ADF82030ADF82430ABF81F
:10CB500008309BF80430013B032B00F20082F9F708
:10CB6000F9FA20B11024204615B0BDE8F08F304608
:10CB7000F9F7F0FA0028F5D16868F9F735FB0028D5
:10CB8000F0D16B684BB1B5F80A902B89994502D862
:10CB9000B3F5007F02D90C24E5E799460DF12E028A
:10CBA00005A93046FFF7A6F904460028DBD17368D3
:10CBB0009B7803F00603042B12D007A92869FFF71E
:10CBC0003EF904460028CED12B69B3B16A789DF8AE
:10CBD0001D30900703F038030DD573B90724C2E761
:10CBE0009DF8153013F0380FE7D03069F9F7F8FAEF
:10CBF0000028E2D0B6E7002BF0D19DF81C30990652
:10CC00007DD408A905A8FFF7A7F89DF821300122D7
:10CC1000686962F302038DF82130FFF76BFF044669
:10CC20000028A0D109A9A869FFF709F9044600283E
:10CC300099D19DF824309A06D0D4AB6943B19DF8C0
:10CC4000253003F00702012AC8D113F0380FC5D0F0
:10CC5000EB681BB11B78013B1A2BBFD82A783068D0
:10CC6000C2F34001C2F3000343EA4103C2F380016F
:10CC700043EA8103C2F3C00143EAC103C2F30011D6
:10CC800043EA0113C2F34011C2F3801243EA411395
:10CC90000DF1130143EA82136A7812F0030218BF00
:10CCA000012243EAC2130DF13F028DF83C304FF4EC
:10CCB0008073ADF818304FF001038DF8323042F632
:10CCC0000303ADF830300BF081F90346002885D11D
:10CCD0009DF813A00DF1260200900AF1030A0699AF
:10CCE0005FFA8AFACDE901020AF201220CA8F6F7EE
:10CCF00089FFB0B115B0BDE8F04FFFF723B89DF83C
:10CD00001D3013F0380F06D16868F9F76DFA002866
:10CD10003FF477AF26E76868F9F762FA0028F3D0A6
:10CD200020E70C4BBDF82E2002933369059901933F
:10CD30003389BDF82680009373893068F6F762FF67
:10CD4000034648B101464046FFF7F3F804460AE7B8
:10CD50007C010020840100202A7812F0300F19D0C5
:10CD60004FF001020899ADF834000CA88DF832207C
:10CD700042F60212ADF830200DF12A0202920DAAFD
:10CD800001920222009240F20322F6F73BFF014695
:10CD90000028D8D1BBF808300022BDF826104FF685
:10CDA000FF70ADF83D300FAB019200935346FAF798
:10CDB000A4FE034600289DD19DF93C20002A26DAD6
:10CDC0004FF48072ADF83400ADF8182001228DF8D0
:10CDD00032204FF42452ADF830206A780290C2F32A
:10CDE0004001C2F3000242EA410200F0FC010CA83B
:10CDF0000A4306998DF834200DAA0192022200926E
:10CE000040F20322F6F7FEFE014600289BD16E6831
:10CE1000002E34D02B69A3B907A905A8FEF79CFF03
:10CE20006B7813F002030BBF9DF81D209DF81C309A
:10CE300063F3C50243F040030CBF8DF81D208DF84D
:10CE40001C3001232A8907990CA88DF8323042F64C
:10CE50000113CDF80090ADF8303040F20123B2FB61
:10CE6000F3F303EB4323D21A0AAB92B2CDE9016389
:10CE70000023F6F7C7FE014600287FF464AF2B7845
:10CE8000DB072DD50023ADF83430AB6953B909A9C0
:10CE900005A8FEF761FF9DF82530012262F3020329
:10CEA0008DF825309DF8243040F203220CA843F081
:10CEB00040038DF82430012309998DF8323042F671
:10CEC0000313ADF830300BAB02930DAB019302238B
:10CED00000930023F6F796FE014600287FF433AF57
:10CEE000EB684BB34FF480720CA8ADF81820012208
:10CEF00006998DF8322042F60412ADF830201A78E7
:10CF00008DF834205A788DF835205A88ADF83620BF
:10CF10001A798DF838200DAADB8801920722ADF826
:10CF20003930002300924FF402720293F6F76AFE42
:10CF3000014600287FF407AF03238BF80430002F4D
:10CF40003FF411AEBBF808303B80BDF828307B8041
:10CF5000BDF82A30BB80BDF82C30FB8003E60824E6
:10CF600001E600BF2DE9F04192B0012541F6010331
:10CF700007460DF108080E460DF10202284641460B
:10CF80008DF80A50ADF80830FFF75EFC044660BB30
:10CF9000002F3BD001461C220BA80FF077F8234648
:10CFA00004AA06A965F342030BA8ADF804408DF866
:10CFB00006309DF82C30039443F0200310968DF832
:10CFC0000A508DF82C3042F60523CDF81880ADF8C4
:10CFD000083004230893ADF824306B44079303AB67
:10CFE0000A93FFF79DFD20B10446204612B0BDE82C
:10CFF000F0810A4ABDF810305381BDF81430938196
:10D000000133D381054B00221A71EEE7BDF80220EF
:10D01000024B013258819881DA81F3E77C010020CC
:10D02000F0B51F4F87B004460E463B79033B012BFA
:10D0300034D80DF1160204A9FEF75CFF054650BB7B
:10D0400063689B7803F00603042B12D005ABBDF890
:10D05000162004990293236901932389009363891D
:10D060002068F6F7CFFD80B107B0BDE8F040FEF7CD
:10D0700069BE9DF8113013F0380FE7D02069F9F739
:10D08000AFF80028E2D0102505E016B1BDF8143045
:10D09000338004233B71284607B0F0BD0825FAE72A
:10D0A0007C01002037B505460C46D9B10146002366
:10D0B00001AA4FF6FF70F6F749FF20B103B0BDE8B3
:10D0C0003040FEF73FBE01A92046FEF7B8FE50B93A
:10D0D000A3782946019A4FF6FF7003F00103F6F793
:10D0E000F9FEEBE7102003B030BD13B50C46002964
:10D0F0004AD001460DF1030301AA4FF6FF70F6F77F
:10D1000025FF30B1872804D002B0BDE81040FEF7FB
:10D1100019BE00239DF80500694600F00700238032
:10D12000A370FDF72DF910B1032002B010BD9DF8DA
:10D13000003069469DF805002370C0F3C200FDF77A
:10D140001FF90028F0D19DF804209DF8003042F32B
:10D150004012637002F003029DF8033082F0010276
:10D1600003F0010343EA42039DF80520C2F3801156
:10D17000C2F3C01243EAC10343EA0213A27822F0C9
:10D180001F021343A370D0E71020CEE71FB514464B
:10D190000DF10E02CDE900320A46238801464FF612
:10D1A000FF70FAF7AAFCBDF80E30238004B0BDE88A
:10D1B0001040FEF7C7BD10B50C4604210AF0E4FB91
:10D1C00008B9FFDFFEE721461430BDE81040F9F74B
:10D1D000BFBD10B50C4604210AF0D6FB08B9FFDF2D
:10D1E000FEE721461430BDE81040F9F7E1BD10B567
:10D1F0000C4604210AF0C8FB08B9FFDFFEE7214610
:10D200001430BDE81040F9F7B3BD042110B5044651
:10D210000AF0BAFB014608B9FFDFFEE70368012206
:10D220002046BDE81040FDF7E5BD70B50421064677
:10D230000AF0AAFB044608B9FFDFFEE71430F9F74D
:10D240007BFD451D25F00305ADB2A3680BB15A88DF
:10D2500002B970BD33F8042B214630461344002236
:10D26000FDF7C8FD0028F4D0627C2B46A0686A4315
:10D27000011D92B20AF0EBF9E7E7042110B504466C
:10D280000AF082FB014608B9FFDFFEE7436802228D
:10D290002046BDE81040FDF7ADBD38B504460D464B
:10D2A00002F0A4F808B9FFDFFEE7012345734480CC
:10D2B000037344230370BDE8384002F09FB801298E
:10D2C00001D0FFDFFEE7FEF73CBB10B50446084681
:10D2D000FEF703FD20B92046BDE81040FFF7B4BAC1
:10D2E00010BDFFF7F3BA000038B514460D461A46D4
:10D2F00089B184B1636873B118B1094BDB8883428B
:10D300000BD12068FEF7E9FC30B921462846BDE87C
:10D310003840FFF705BC102038BD0720FCE700BFF0
:10D320007C01002010B50C4611466CB118B1084BB9
:10D330001B8983420AD12068FEF7CFFC28B920461A
:10D34000BDE81040FFF76CBE102010BD0720FCE7C1
:10D350007C01002070B5064686B010460D46144686
:10D36000F8F71EFF10B1102006B070BD6068F8F726
:10D370003BFF0028F7D101A92846FFF7D7F900287D
:10D38000F2D19DF81430072B3AD8DFE803F03B1BAD
:10D390001B1B1B04043B9DF80630012B05D1BDF877
:10D3A0000430A3F5C053012B0CD99DF80A30012B92
:10D3B0000FD1BDF8083042F60122934204D8B3F5EC
:10D3C000285F06D30F20CFE7A3F52853033B022B9A
:10D3D000F8D99DF80E30012B09D1BDF80C30B3F50A
:10D3E000245FEFD0A3F52453023B022BEAD96368F4
:10D3F00053B16368224661882846FFF7C7FEB3E74A
:10D40000FFDFFEE70320AFE701AA29463046F6F723
:10D410009DFD20B106B0BDE87040FEF793BC9DF8BD
:10D4200004309B06E5D49EE7F0B5064685B010466D
:10D430000F461446F8F7B4FE034678BB03AA3946F4
:10D440003046F6F783FD20B105B0BDE8F040FEF7A9
:10D4500079BC9DF80C3013F0100322D10DF10E02AF
:10D4600039463046CDE900324FF6FF736288F6F751
:10D4700061FC054680B96068F8F792FE48B90195ED
:10D48000394663683046009323886288F6F752FC79
:10D490000546BDF80E3023802846D5E7102005B09C
:10D4A000F0BD43F20140FAE721B1054B0A889B89A0
:10D4B0009A4201D9FEF7B8BD43F20300704700BF9E
:10D4C0007C01002070B586B006460C46154600214A
:10D4D000102202A80EF0DAFD0423114AADF8023042
:10D4E0005389BBB19289A24216D2AC4214D8ADF88E
:10D4F0000830022302A930468DF80A306B44ADF89B
:10D500000440049301ABADF806500593FEF78CFD83
:10D5100006B070BD0620FBE743F20300F8E700BF4A
:10D520007C0100202DE9F04307468BB008460C46ED
:10D53000F8F710FE18B110200BB0BDE8F0833846A4
:10D54000FAF7B2FC8046002800F08E800378212B89
:10D5500001D80820F0E7042138460AF015FA0646FB
:10D5600008B9FFDFFEE71430F9F709FC2378054618
:10D57000012B4DD110F0020FEBD0A379DA0761D463
:10D58000A388B3F5887F10D8B3F5827F45D2B3F571
:10D59000817F22785FD040F203118B425FD0012B54
:10D5A0005BD0A3F58072012A57D9DDB201F01EFFCE
:10D5B00000285CD014220021B6F80E900DEB02007A
:10D5C00098F820800EF062FD01238DF819508DF837
:10D5D00014300223ADF81C908DF81830A379DB07C6
:10D5E00009D59DF81E3043F001038DF81E30D4E9B3
:10D5F0000223CDE908230DF11303424605A938465D
:10D6000002930223CDE900637368FEF7B7FC93E74A
:10D61000022B22D110F01C0FAEE7A3F5827101227C
:10D6200089B28A4041F2C5010A4216D140F207127E
:10D63000934216D040F209129342B6D115F0080F6A
:10D64000B3D10AE06389002B9AD0E068F8F782FD35
:10D65000002895D06FE7022AA7D107206CE7012A9E
:10D66000FAE715F0100FEBE743F2020064E7112030
:10D6700062E700002DE9F04790B080460C46164660
:10D680001D46FAF711FC002800F0CA800378212B10
:10D6900040F2C980032D00F2C88000F0CA804CB966
:10D6A000AB0725D5654B9F890137BFB24FF6FF7990
:10D6B00025E00025012E01D80B2004E02046F8F7D4
:10D6C00093FD18B1102010B0BDE8F087701E204403
:10D6D000F8F78AFD0028F5D1A319023E2046B6B21C
:10D6E00033F8027C3146FEF730FCB842D8D0E3E78D
:10D6F000002D00F0A180514B0127B3F80C9006AA31
:10D7000039464046F6F7A6FBFCB9254606A8F6F7CB
:10D71000AFFB024618B9BDF81E10494518D90421BF
:10D7200040460AF031F9054600285AD1FFDFFEE7EE
:10D730005B88102BC0D804351D44ADB2B542BBD2B6
:10D7400063191A88BA42F3D3E0E723460025F8E7C5
:10D750009DF81BC01CF0080FD8D0002C38D004EB6B
:10D76000050A2F1DBAF80230BFB2102BA4D8F81842
:10D77000B042A1DC605B88429ED11CF0100F13D038
:10D780000BA90191E119009101464046FAF7B5F95C
:10D7900020B110B0BDE8F047FEF7D4BABAF80230B5
:10D7A000BDF82C209A4287D11F44BDB29DF81B20A2
:10D7B000FF239DF81C10404622F010028DF81B201C
:10D7C000D2B242EA0122BDF81E10F6F783FB9DE7B4
:10D7D0001CF0100FEAD04046FEF709FB0028E5D008
:10D7E00071E784891CB3142200210BA80EF04EFCB3
:10D7F00001230DF1170200958DF82C3002230BA99F
:10D8000040468DF83030ADF83440CDE90132072282
:10D810006B68FEF7B3FB00287FF455AFA88152E791
:10D8200043F202004FE708204DE707204BE7204670
:10D8300049E7002C7FF43DAF012737E77C0100204A
:10D840002DE9F043064689B00D461C4617461AB925
:10D85000102009B0BDE8F083032B79D87ED071BBCE
:10D86000A2077ED5404B0224D9893F4B44F30004E4
:10D870004FF0000803AADB8930461C40F6F7EAFAAD
:10D88000013CA4B203A8F6F7F3FA024600285CD1E3
:10D89000BDF81210A1421FD9B8F1000F5AD008F1FB
:10D8A000020445B13B88A34256D341462846FEF7C1
:10D8B0004CFB25F8080000203C80CAE700242846DD
:10D8C000F8F78EFC0028C3D1388801382844F8F7CF
:10D8D00087FC0028C4D0BBE79DF80F301B07D1D5CB
:10D8E0000DF10A094FF6FF733046CDE90029F6F72E
:10D8F00021FA024620B109B0BDE8F043FEF722BA92
:10D9000035B9BDF80A30043343441FFA83F8B9E748
:10D91000BDF80A3005EB0800B7F800C008EB0301BA
:10D9200004318C4518D3BDF8121025F80810438037
:10D9300008F10400CDF80490284400903046F6F732
:10D94000F9F90028DDD0032083E70A28D3D1A3E723
:10D9500007207EE705207CE70C207AE70029ADD17F
:10D960000C46012181E700BF7C01002010B5044670
:10D97000F8F716FC18B9034BDB89238010BD102083
:10D98000FCE700BF7C01002070B5064614460D463A
:10D9900051B9E2B12046F8F723FC48B92146304698
:10D9A000BDE87040FFF7A1BB0846F8F719FC08B1C5
:10D9B000102070BD29463046FAF7A1F818B1BDE82D
:10D9C0007040FEF7BFB9002CE4D12046F1E70720F4
:10D9D000EFE700002DE9F8431746027805460C46AC
:10D9E00002F0F002037B802A40F013819A1E072A7E
:10D9F00000F20D81DFE812F00201F20008003300AE
:10DA000033008600B000DB000421408809F0BCFF31
:10DA100008B9FFDFFEE7828962B1002C00F00681C1
:10DA20006B8807264FF05208A3803E80A4F8008040
:10DA3000668021E0002C00F0FE806B8804F10A0172
:10DA4000288AA3800123A371FFF79EFFA8B92B8A20
:10DA500010262381AB8AE3814FF05108E5E7062BBE
:10DA6000B0F816800BD190F91330002B07DA08F1CB
:10DA70001406B6B25CBB3E800020BDE8F88308F116
:10DA80001206B6B2002CF6D0002204F10801288A52
:10DA9000FFF77AFF0028F0D16B884246A96904F1AC
:10DAA0001200A3802B8AE3802B7B062B14BF02235A
:10DAB00001232373AB8AE381EB7CA4F810804FF041
:10DAC0005008C3F3C01363730EF02CFBADE70022C4
:10DAD00004F10A01008AFFF757FF0028CDD16B88B7
:10DAE0004246A96904F11400A3800223A3712B8A82
:10DAF00023810123A373AB8AA4F8128023820EF042
:10DB000011FBA9E7B0F8169009F11406B6B2002C83
:10DB1000B1D00421408809F037FF6B88804600228D
:10DB200004F10A01288AA380FFF72EFF0028A4D160
:10DB300002234A46A96904F11400A3712B8A2381A8
:10DB40000423A373AB8AA4F8129023820EF0EAFA9E
:10DB50002B8AA8F80E307FE74088FAF7A5F9064629
:10DB60000421688809F010FF0EB9FFDFFEE708B94D
:10DB7000FFDFFEE76B7CDB0747BF14264FF0510841
:10DB800012264FF05008002C3FF475AF6B88B8F1A7
:10DB9000500F287CA38003D1A11DFEF715F944E79F
:10DBA000022304F10801A371FEF70EF954E7234A9A
:10DBB000038A52899A4208D10626002C3FF45BAFB3
:10DBC00043884FF05408A3802FE7002C31D04288BF
:10DBD00008264FF05308E380A28026E704214088FE
:10DBE00009F0D2FE08B9FFDFFEE714B36B88082600
:10DBF0004FF05508A3802B8AE38016E7B4B1438821
:10DC000007264FF05608A3800023A3710DE7FFDF1E
:10DC1000FEE7012B08D149B1438807264FF057088A
:10DC20008B80437B8B7100E7FFDFFEE707233B80A0
:10DC300022E70823FBE71023F9E700BF7C0100205F
:10DC40002DE9F04114228AB005460F460DEB020083
:10DC500000210EF01BFA01232846ADF81C708DF848
:10DC600014308DF81830FAF71FF900284AD00378DD
:10DC7000212B04D8082630460AB0BDE8F0810421E3
:10DC8000284609F081FE044608B9FFDFFEE700F1EF
:10DC900014084046F9F773F88306EBD5237C072276
:10DCA00005A9284643F0010323740DF111030293E3
:10DCB0000223CDE900436368FEF760F9064620B110
:10DCC000237C23F001032374D5E739462846FDF76A
:10DCD00085FD0DF112014046F9F730F808B1FFDF7C
:10DCE000FEE7BDF812402846172C38BF1724BC4267
:10DCF00028BF3C462146FFF76CFA21462846FDF72F
:10DD00007BFDB8E743F20206B5E708B500F07CFA00
:10DD100000F0F8F800F014F8BDE8084000F0F4BE98
:10DD2000064BD3F8000138B1D3F8040120B1D3F881
:10DD30000801B0FA80F04009704700BF006004504D
:10DD4000034B00221A705A7010229A70704700BF5D
:10DD500090010020F8B50646022014460D4600F05A
:10DD6000DDF8114B114A01275C60191D9A6002F120
:10DD7000807203342D011F70DC601D83C3E904260B
:10DD80000022243303F80A2C0D2203F8092C084A38
:10DD9000C2F83015074903C983E80300C2F80875C3
:10DDA000C2F83835F8BD00BF900100200300000B19
:10DDB00000600450F85A060008B5022000F0AEF8E2
:10DDC0000D4B01221A7000220C4BC3F80021C3F83E
:10DDD0000421C3F808210A4AC3F8802003F57433EC
:10DDE000C3F88C20A3F58023C3F88C21A3F58053BE
:10DDF0000822C3F8042508BD9001002000600450EB
:10DE000003000080144A08B51378EBB100231349CE
:10DE1000C1F8803001F57431C1F88C30A1F5802152
:10DE2000C1F88C3108210E4BC3F80815FFF778FFB5
:10DE300078B101235370938EFF2B01D9FFDFFEE7EA
:10DE4000DBB29370002313700020BDE8084000F09F
:10DE500065B810235070F4E7900100200060045072
:10DE600000200450094B1A7862B1094BD3F8002105
:10DE700052B1D3F8040140B1D3F80801B0FA80F0F0
:10DE80004009704758787047022070479001002081
:10DE90000060045010B5C824FFF7E4FF022808D141
:10DEA000013C14F0FF04F7D1062005F0F3F82046FA
:10DEB00010BD431E58425841FAE70000064A08B513
:10DEC00013782BB1FFF72CFF20B192F8340008BD76
:10DED0009078FCE71020FAE79001002038B5084C54
:10DEE0000025D4F80035032B04BF01236360C4F878
:10DEF0000055C4F8005500F04FFFC4F8805038BDFD
:10DF000000600450044B4022C3F88820BFF34F8FB9
:10DF1000BFF36F8FFFF7E2BF00E100E010B50446EA
:10DF2000FFF7DCFF012C04D0022C07D02CB1FFDF5F
:10DF3000FEE7074B0222C3F8002510BD044B032265
:10DF4000C3F8002502F10042C3F88020F5E700BFC6
:10DF500000600450FFDFFEE7024BD3F8A00300F09F
:10DF60000100704700C0FF00084BD3F8A423D3F88A
:10DF7000A833511C9BB203D14FF6FF718B4203D0E3
:10DF800002608380012070470020704700C0FF00BE
:10DF90000B4B30B5D3F89053D3F89443D3F8981380
:10DFA000D3F89C2305EA04030B401340013317BF49
:10DFB00005600020446081601CBFC260012030BD4C
:10DFC00000C0FF000B4B30B5D3F88053D3F8844327
:10DFD000D3F88813D3F88C2305EA04030B401340CD
:10DFE000013317BF05600020446081601CBFC26020
:10DFF000012030BD00C0FF00064B0022C3F8002204
:10E00000C3F81822C3F82022C3F80C22C3F8142244
:10E01000704700BF00A00850074B0128187303D0B9
:10E02000022806D0FFDFFEE7044B0322C3F80025D9
:10E030007047024B0422F9E7C801002000A00850F5
:10E0400070B5134D0346084695F825600EB9FFDFFD
:10E05000FEE76BB9012E2C6A95F8241005D100F06B
:10E0600001FD2044AB69C01A70BD00F0DFFCF8E789
:10E07000012B0AD1012E2C6A95F8241002D100F050
:10E08000E1FCEEE700F0FCFCEBE70020EAE700BF74
:10E09000C80100200B4B93F8310088B193F8303061
:10E0A0007BB1094BD3F8002442F00102C3F80024ED
:10E0B000D3F8200500F0F600023818BF01207047A1
:10E0C00001207047C801002000A008500A4B40F40E
:10E0D00009000A4A1B8A40F04000B3F5166F36BFAC
:10E0E000A3F63813A3F5166343F48073C2F8083718
:10E0F000C2F84005704700BFC801002000A00850CA
:10E1000008B5FFF789FF0846FFF7E0FF084B00213D
:10E1100093F90D000BF076F900F028FC054B40F266
:10E120000312C3F8442E40F25B62C3F8482E08BDC8
:10E13000C801002000A0085070B506460C461546E0
:10E140000BF0ABFE0028FBD076BB2A4B01225A70A5
:10E1500093F830201AB9997B2846FFF7D1FF264B58
:10E160004FF47A7253F8253003F5FA73B3FBF2F3E8
:10E17000224AE41A224BC3F800211E4B01252149F3
:10E1800083F830509B691C441C4BC1F84045C1F8D2
:10E19000C031FFF77FFF30B1CD64D1F84C05A0420C
:10E1A000ACBF0020012070BD012E21D1114B0222F5
:10E1B0005A7093F83020AAB9997B2846FFF72CFFB4
:10E1C0000846FFF783FF0E4BD3F8002442F01002FD
:10E1D000C3F8002440F20312C3F8442E40F25B62FD
:10E1E000C3F8482E064B293C044AC3F80421C4E76F
:10E1F000FFDFFEE7C8010020605B06000B00008027
:10E2000000A00850005008504822002101480DF09D
:10E210003DBF00BFC8010020024B186A9B69C01AAD
:10E22000704700BFC80100200A4B93F82420D3E9AF
:10E230000630C01A084B03EB82039B6AC01A074BD7
:10E2400053F822304FF47A7203F2F313B3FBF2F374
:10E25000C01A7047C8010020005B0600545B06002E
:10E2600010B5FFF7E1FF04460BF044FF201841F121
:10E27000000110BDFF2801D9FFDFFEE7012903D00F
:10E28000022917D0FFDFFEE7002343F4801340F09C
:10E2900000700A4A43F4847340F44030C2F8203ED0
:10E2A000C2F8280ED2F8203503F0F703032B04D16F
:10E2B000FFDFFEE74FF08073E7E7704700A00850EC
:10E2C000F8B5204E4FF48067C6F89070BFF34F8FBB
:10E2D000BFF36F8F0BF0D7FD04461B4D0BF00AFF09
:10E2E0000121001B194CA861C4F8A410FFF784FE9B
:10E2F0000323C4F8401E2973C4F800354FF40023EB
:10E30000C4F800340DF0E4FE114B124AC4F838335F
:10E31000114BC3F8C820013AC3F8C42040F6FE727E
:10E320000E4BC4F814330E4BC3F804250023AB8402
:10E330002B862B624FF48073C6F89071C4F8883432
:10E340003761F8BD00E100E0C801002000A00850DE
:10E35000030000800600008000500850010000808B
:10E3600000200850014B5873704700BFC8010020BF
:10E37000020E034B0002C3F8342EC3F82C0E704774
:10E3800000A00850034B044A1B5C907303F516630E
:10E3900013827047005B0600C801002070B52E4C48
:10E3A00005460E4694F831300BB9FFDFFEE7012336
:10E3B0002A4A84F83030D2F8003443F00103C2F81E
:10E3C00000340BF06AFD0028FBD005BB0123A17BC4
:10E3D00030466370FFF794FE6378012B01D0FFDFB6
:10E3E000FEE71F4AD36402F5A04213601C4BD3F82A
:10E3F0004C05A369C01A6DBB1A4B4FF47A7253F8DF
:10E40000263003F5FA73B3FBF2F3184470BD012D07
:10E41000ECD10223A17B30466370FFF7FDFD084677
:10E42000FFF754FE0D4BD3F8002442F01002C3F85E
:10E43000002440F20312C3F8442E40F25B62C3F89A
:10E44000482E6278022A01D0FFDFFEE7044AD56435
:10E450005D60CBE72930D9E7C801002000A0085053
:10E4600000500850605B060008B5FFF765FE58B91C
:10E47000064B0122C3F8400503F5A04302201A61B0
:10E48000BDE8084004F006BE08BD00BF00500850BB
:10E4900037B5234B4FF48060224A4FF0FF35D3F855
:10E4A0008814C3F89054C2F890014FF400221E481B
:10E4B00001F48071C3F8002400221C4C2286C0F8AD
:10E4C0004025C3F80821C3F80021C3F80421D3F87C
:10E4D0002005C0B2B8B18DF80750C3F82022012240
:10E4E0001A619DF8072012B1D3F8202222B19DF8BD
:10E4F000073043B9FFDFFEE79DF80720013AD2B2AB
:10E500008DF80720EDE70022054BC3F8202222807A
:10E5100019B14FF48072C3F8882403B030BD00BF36
:10E5200000A0085000E100E000500850C8010020A1
:10E5300070B50024244D254EC5F84845C5F844451E
:10E54000C5F84045C5F84C45FFF7A2FFC5F8C441E2
:10E55000C6F80841C6F80041C6F80441C5F8C840ED
:10E56000C5F8C440C6F80441C6F800410DF0C8FD26
:10E57000174B40F6FE72C6F83843C6F81443C5F888
:10E58000C041C3F808254FF48062124B1C71C3E9E7
:10E590000744114BC5F84845C5F84445C5F8404502
:10E5A000C5F84C45C5F84841C5F84441C5F8404157
:10E5B000C5F84C41C3F89020BFF34F8FBFF36F8F66
:10E5C000C3F8902170BD00BF0050085000A0085053
:10E5D00000200850C801002000E100E0014BC3F812
:10E5E0004C0E704700A0085010B50FC8014C84E8CD
:10E5F0000F0010BD100200200A490B4B10B501247A
:10E60000C1F8D00ED86283F83140FFF743FD40B91E
:10E61000064BC3F8400503200C61BDE8104004F030
:10E6200039BD10BD00A00850C8010020005008509E
:10E63000144B9A6910441A6A824210B5124C09D3DD
:10E64000022004F027FD00230122C4F840350F4BBF
:10E650001A610DE0012298601A716264D4F84435A1
:10E660000533834205D3094BD3F80C120029EFD0B0
:10E6700010BD0023C4F84431054BC4F84405C4F868
:10E68000C431F5E7C80100200050085000A0085030
:10E690000900008010B50E4C0346022294F82500B4
:10E6A0002271012894F82410227B4FF096000BD1A0
:10E6B00000F0F4F9074A0023A060C2F84431236A4D
:10E6C0000344C2F8443510BD00F002FAF2E700BF7F
:10E6D000C801002000500850044BC3F8940ED3F832
:10E6E000002442F04002C3F80024704700A0085004
:10E6F000054BD3F8002422F04002C3F80024002286
:10E70000C3F8942E704700BF00A00850044BD3F804
:10E71000183703F07F035B4203700120704700BF8E
:10E7200000A008500028034B14BF02220122997058
:10E730001A707047C8010020054B0022C3F840251D
:10E74000044AD2F82035DBB20BB1012313617047C4
:10E750000050085000A00850044B30B5D3E90E45D6
:10E760001B6CC0E900450B6030BD00BFC801002034
:10E77000F8B5614C0BF081FB01230022C4E90E01C6
:10E780005E49CB64D1F84C3523645D4BC3F8082156
:10E79000C3F80021C3F80421C3F80421C3F8002101
:10E7A000D3F8000420F01D00C3F8000484F83120E1
:10E7B000227922B1D1F84421003A18BF01226178B0
:10E7C00001290AD1D3F81852002D3ED14C4BD3F871
:10E7D0002032ABB145F0100512E0022933D1484B8D
:10E7E000D3F81852D3F80C3E003D18BF0125D807C6
:10E7F0004FEA450558BF45F0040502B345F0010551
:10E80000FFF7FAFBE906637803D5012B08BF45F053
:10E8100020053A4A2678D2F848152162D2F84425D4
:10E8200084F82530237BE26184F824307EB9667059
:10E8300026712686EA071ED5A36C98472EE015F0B0
:10E840000B0FDDD1C2E70025C0E70825D8E715F09A
:10E85000110735D1013EA2784FF0960118BF01266D
:10E860003046FFF7EDFBA27801463046278084F85A
:10E870003070FFF7F9FD15F0020024D0204B002185
:10E88000D3F81C0EE36C00F0010045EA8000C0F3F1
:10E89000800080F0010000F0010098476378022BAF
:10E8A0000DD123795BB1022B1BD1236AA2681344DB
:10E8B000124AC2F84435114B124AC3F8C421F8BDBC
:10E8C000FFF7E6FDB6E715F0280F05F0200104D0AC
:10E8D000B1FA81F1236D4909DFE7EB06DED5636DFF
:10E8E000ABE7012B01D0FFDFFEE7A368226A93426A
:10E8F000DED8FFDFFEE700BFC8010020005008504F
:10E9000000A0085009000080024B03EB8003986AC6
:10E91000704700BF005B0600024B03EB8003586B9F
:10E92000704700BF005B0600F8B50D46012347782D
:10E930000146437004462846164600F055F9074A3A
:10E94000D2F80431002BFBD0677016B9EB78A370B6
:10E95000AB707B1E58425841F8BD00BF00600450A8
:10E9600019B943780BB1C378837070472E303628BD
:10E9700054D8DFE800F05053535353534D5353537F
:10E9800053535353535353534B535353535355535D
:10E9900055534953475345534353413F3D3B393703
:10E9A0003533312F2D2B2927252321571C003F23B9
:10E9B0001D4AC2F8103770473323F9E72D23F7E7D4
:10E9C0002823F5E72323F3E71F23F1E71B23EFE7D2
:10E9D0001823EDE71523EBE71323E9E71123E7E716
:10E9E0000F23E5E70D23E3E70B23E1E70A23DFE746
:10E9F0000923DDE70823DBE70723D9E70623D7E769
:10EA00000523D5E70423D3E70323D1E70123CFE789
:10EA10004FF49873CCE74FF48873C9E7FFDFFEE744
:10EA20000223C5E73923C3E700A0085010B5044608
:10EA30000846FFF771FF4FF47A73B0FBF3F0201A2A
:10EA400010BD00004FF47A73054A584332F9112083
:10EA500000F2E7301044B0FBF3F00238704700BF1B
:10EA60004C5B06004FF47A73044A00FB033032F922
:10EA700011201044B0FBF3F0704700BF4C5B060060
:10EA800010B504460846FFF747FF4FF47A7200F2CC
:10EA9000E733023CB3FBF2F3E01A10BD38B51D4674
:10EAA0000A4B33F9114003EB820305359B681C4484
:10EAB0004FF47A7304F6B73403FB00441046B4FBFA
:10EAC000F3F42544FFF720FF284438BD4C5B0600D3
:10EAD00070B5064608461546FFF71EFF094B03EBC7
:10EAE00085039C684FF47A7304F6B73403FB06443D
:10EAF000241A2846B4FBF3F4FFF706FF0530204440
:10EB000070BD00BF4C5B0600024B00221A705A70A9
:10EB10009A707047200200202DE9F8430646012034
:10EB20000F4615469846DDF82490FFF7F7F99DF853
:10EB30002C3006F00302284C42EA03429DF83430A0
:10EB400042EA03620023C4F80425244AC4F8803052
:10EB5000C2F88430A2F58022C2F884310222204B10
:10EB6000C3F80825BDF828301E4A9380FB6893FA45
:10EB700083FCBB6818BA7B6819BA3B68C4F810C537
:10EB80001BBAC4F81405C4F81815290AC4F81C35B2
:10EB90002D069DF8207041EA0861D9F804302DBA9D
:10EBA000003F21F00041D9F800001BBA18BF01272F
:10EBB000022EC4F8203500BA41EAC7714FF00103B4
:10EBC000C4F8240509BAC4F82815C4F82C555370A4
:10EBD00008BF1370BDE8F88300600450003008508F
:10EBE00000200450200200202A4B5A782DE9F047DB
:10EBF00004460D460AB9FFDFFEE7274A03F1080E77
:10EC00004F7803F1100603F1380CDFF890904FF0C5
:10EC10000E08DF809F8403F1480A04379D61C3F822
:10EC20001C9083F82780A3F85C7092E80300C3E986
:10EC300014498EE80300D2E9020186E80300E91CCA
:10EC40000026196283F82660D2E90401C3E90A6646
:10EC50008CE80300611C196411495964D2E906016A
:10EC6000E21C8AE803009A65012183F85E6083F85C
:10EC70005F80C3E91866AA78A2700A4AC2F830E534
:10EC8000C2F838C599701970C2F804611160BDE806
:10EC9000F08700BF20020020745B06000100000D19
:10ECA0000100000C00600450324B5A782DE9F0410D
:10ECB00005460E460AB9FFDFFEE72F4A03F1380C7E
:10ECC00003F1480403F10807DFF8B080DFF8B0E093
:10ECD000C3F844801E65C3F854E092E80300C3E91A
:10ECE000085E8CE80300711C1964D2E9080184E80D
:10ECF0000300F11C0024996522495C6683F82E40CC
:10ED0000C3E91714D2E9040187E80300691CC3E9C9
:10ED10000418D2E90601EA1C03F118089A629A88DD
:10ED20009A850E2288E8030083F82F200121C3E989
:10ED30000C44B278AA70144AC2F830C5C2F83875CB
:10ED400099701B780BB9FFDFFEE7104BC2F8044146
:10ED5000C2F80841C2F880300D4AC2F88430A2F5EA
:10ED60008022C2F8843102220A4BC3F80425BDE890
:10ED7000F08100BF20020020745B06000100000C3F
:10ED80000100000DE803000E006004500100008047
:10ED900000300850002004500C4B1A788AB1002231
:10EDA0000B490220C1F8802001F57431C1F884209C
:10EDB000A1F58021C1F88421A1F58051C1F8080591
:10EDC0001A7000225A709A70704700BF200200200B
:10EDD0000060045008B50B4BD3F8082122B1042081
:10EDE00004F058F9022008BDD3F8042122B9052007
:10EDF00004F050F90320F6E7D3F80004003818BFF8
:10EE00000120F0E700600450014B01225A60704776
:10EE100000600450054B5A7A002383600360044B62
:10EE20004360FF23C2710372704700BF8C02002051
:10EE300032000200054A064B5B7A02602422C3714D
:10EE4000FF238280042203728271704765B006003E
:10EE50008C020020054A064B5B7A02605822C3717F
:10EE6000FF2382800422037282717047A9C40600C6
:10EE70008C020020054A064B5B7A02602E22C37189
:10EE8000FF2382800222037282717047FBFC06001E
:10EE90008C020020064A074B5B7A02604FF4B47282
:10EEA000C371FF238280042203728271704700BF06
:10EEB000DD9B06008C020020037803F00F03013B6A
:10EEC00030B4DCB20025042C158001D9FFDFFEE749
:10EED000024C54F8233030BC184700BF9C5B06003E
:10EEE000124B012212491A8040F201121A819A89AA
:10EEF0006FF3090242F480729A810E4A1A614FF050
:10EF00008572C3E9051241F211129A8302229A779F
:10EF10004FF4B0621A84084A1268D11C21F0030130
:10EF20008A4201D0FFDFFEE75A6070478C02002062
:10EF300005001F004C60060084000020F0B50F4C57
:10EF400005466078B8B90E4E176833680C33BB427B
:10EF500002D904201360F0BD6268517040F6A661CA
:10EF60001570916040F2011151801721336091803A
:10EF700001226270EFE70620EDE700BF8C0200205F
:10EF8000840000200720704770B5144D06462B46BC
:10EF900095F8271013F8244F640104F10802134474
:10EFA000C1B92A1892F98C21B2B195F826200A2A03
:10EFB00001D9FFDFFEE72C44202218460DF066F849
:10EFC00094F82D20034666F3020284F82D200122D6
:10EFD00085F82720184670BD1346FBE78C020020F9
:10EFE000037803F0F003502B01D0FFDFFEE7037B33
:10EFF0001BB1012B0CD0FFDFFEE7C9B143888B802A
:10F00000037C01200B720923138008804B800DE0E4
:10F0100051B143888B804369CB60038B0B82037CA7
:10F0200002200B721423EFE7142313800020704793
:10F030000923FAE7054B5A78824201D8FFDFFEE741
:10F040005B680C2202FB0030704700BF8C0200207E
:10F0500038B5084B00245D782146E0B2854201D1E5
:10F06000084638BDFFF7E6FF437801341944C9B2BA
:10F07000F3E700BF8C0200202DE9F04F15468DB05C
:10F08000A04A0E46804607AB9069D1699E4C03C3E7
:10F09000F31C6C2105A823F00303059308F048FA3C
:10F0A00005990DB9C4F89011A37E0144581C05912F
:10F0B00007462DB9C0B208F015FF08B1FFDFFEE723
:10F0C000059901EB0711033121F0030105913DB9C9
:10F0D000627A0D70208CF4F74DFD08B1FFDFFEE77A
:10F0E000238C059A1A44637A9B000592FF2B69D8FA
:10F0F0000332002D03F0FC034FF0050122F0030260
:10F100008248059218BF002209F0CEFF059B0344F8
:10F110000593002D3ED000274FF0000B6378DA46B0
:10F120005FFA8BF083424FD10598002D51464FF086
:10F13000000B00F10300DA4620F00300059018BF31
:10F140000020FBF743FF059B0344059363785FFAB8
:10F150008BF0834248D10598002D514600F1030001
:10F1600020F00300059018BF0020FDF713F9059B60
:10F17000002103440846059300F0A0FD637A09AA24
:10F18000022100208DF8243007F06EFF00283BDAC2
:10F19000FFDFFEE72F46042F5FFA87F90CD0012F1F
:10F1A00008D80CBF5A485B4809F09CFF484505D079
:10F1B000FFDFFEE75848F7E75848F5E70137052F26
:10F1C000E9D1A8E71327A7E70393FFF733FF8146A9
:10F1D000817880880BF1010BFBF7EEFE99F8012096
:10F1E000039B00FB02AA9BE70393FFF723FF8146E3
:10F1F000C17880880BF1010BFDF7C2F899F8012066
:10F20000039B00FB02AAA2E7237A09AA042100209B
:10F210008DF8243007F028FFB0F1000901DAFFDF94
:10F22000FEE76378EBB10020FFF704FF08B9FFDFCA
:10F23000FEE7838840F2032203210020412BADF832
:10F24000282009AA38BF412304339BB2ADF82630E9
:10F25000ADF8243007F008FFB0F1000901DCFFDF52
:10F26000FEE7059B073323F0070305938DB92C4B6D
:10F2700006A8069307F0A0FF08B1FFDFFEE7059997
:10F28000284807F03BFF08B1FFDFFEE7264803F000
:10F29000EBFE059BD8F800204B44073323F007030F
:10F2A00093420593C8F8003003D89E1BB6F5803F03
:10F2B00004DB042738460DB0BDE8F08F002F47D19E
:10F2C000002DF7D1F9F7C2F9042008F0E5FA00287B
:10F2D00030D0637E07AA217E002B1448009103F1F1
:10F2E000FF3118BF00224B424B412946F9F7B6FFC8
:10F2F00008B1FFDFFEE70E49E07EFDF733FEC8B13F
:10F30000FFDFFEE79C5B06008C020020200400204B
:10F31000E584060013FD0600FF6106007B7E070002
:10F320008D8B070061F4060053FF06009802002051
:10F33000A80200204FF4B672002106480CF0A6FE89
:10F3400040F20463A4F88C31012384F82830B1E73B
:10F350001327AFE7B002002045289DBF024B03EB07
:10F360004003188C032070479C5B06000378C3F3AE
:10F37000000307B501A88DF8043002F0F7FA03B0D6
:10F380005DF804EBFFF7E8BF08B50B49022008F071
:10F39000C1F90A49032008F0BDF90949042008F021
:10F3A000B9F90849052008F0B5F907490720BDE873
:10F3B000084008F0AFB900BF15EE060035EE0600B4
:10F3C00055EE060075EE060095EE0600044B002291
:10F3D0001A7083F8A821034B034A1A60704700BFD4
:10F3E0008C0200208400002000110020024B93F8C2
:10F3F0002800FFF7C9BD00BF8C02002010B5154CD6
:10F4000094F827301BB394F8243004EB431292F89D
:10F410002D2002F00702224492F98C11002901DC10
:10F42000FFDFFEE701330139DBB282F88C110B2BD1
:10F4300008BF002384F8243094F82630013384F880
:10F44000263008F0B7FE002384F8273010BDFFDF18
:10F45000FEE700BF8C020020043903F089BC0000E5
:10F46000F8B52D4D05F1240795F98C31012B48DDB8
:10F47000002085F8280085F82700FFF785FD044661
:10F4800008B9FFDFFEE72421D5F8900108F078F8ED
:10F49000A06008B9FFDFFEE703F03AFD0228064648
:10F4A00004D0042834D0D0B1FFDFFEE763782046D3
:10F4B00043F00803637000F060FD95F8273073B1E6
:10F4C00095F82420154B03EB421308339C4206D1D8
:10F4D0006378DB0603D461686088FFF7BDFF95F8A9
:10F4E000273063B195F8243007EB431308339C426F
:10F4F00005D12422A168D5F8900108F063F8002E08
:10F50000B2D1012385F82830002385F82730F8BDD3
:10F510002046F8F7F7FCE2E78C020020B00200205A
:10F5200038B54FF6FF7305460C46984201D1FFDF10
:10F53000FEE701290ED1FFF759FF08B9FFDFFEE70B
:10F54000552345800474037000230373BDE83840DD
:10F55000FFF754BFFFDFFEE770B506460C461546C1
:10F56000FFF744FF08B9FFDFFEE75523468003702D
:10F570000123037323684361A38805740383BDE8F3
:10F580007040FFF73BBF000038B5084B0446002130
:10F590005D78C8B2854201D1002005E0FFF74AFD41
:10F5A00003780131A342F4D138BD00BF8C020020A2
:10F5B00007B5FFF7E9FF08B9FFDFFEE7836801A899
:10F5C000019302F0CBF908B1FFDFFEE703B05DF86D
:10F5D00004FB00002DE9F041344D804695F8A83138
:10F5E0001BB108242046BDE8F081F6F7D9FD0028BC
:10F5F0005AD109F0E3FA0028F3D02B780BB9FFF7C2
:10F600006FFC6C7AFFF724FD844228D8284F002134
:10F610006E783B680C46033323F003033B60C8B2AB
:10F62000864226D13E6801226B7A404606EB81066F
:10F6300006EBC30606EBC4063146FFF71DFD044684
:10F6400010B30020FFF7A0FF0028CBD000F10F037C
:10F650003A6823F00303934211D0FFDFFEE7211A3B
:10F6600042460020C9B2FFF769FC04460028B9D120
:10F67000CCE7FFF7DFFC437801311C44CFE76B7820
:10F680003860013B6B70ADE7024631464046FFF7FC
:10F69000F3FC044608B1FFDFFEE7D8F800303B601A
:10F6A000012385F8A8319DE710249BE78C020020F8
:10F6B00084000020F7B5904F06460C46154697F893
:10F6C000A831002B40F00C810846F6F743FD0028D6
:10F6D00040F094803B780BB9FFF702FC731E1E2BA1
:10F6E00009D8012E1ED12378FF2B1BD0BB76002515
:10F6F000284603B0F0BDA6F120031F2B4BD820787D
:10F70000019578B1FFF740FF202E05460ED1FFF797
:10F710009FFC4DB16B78C31AA2789BB21344FF2BA8
:10F7200000DC72B90725E3E72B46F4E7222E0DD95A
:10F73000232EF7D16388162BF4D950B16388AB80A0
:10F74000D5E7A388002BEDD0D5B902E0002840F022
:10F75000CD80277801AA01213846FFF7EFFB054647
:10F760000028C5D13846FFF70FFF054608B9FFDF6F
:10F77000FEE7222E0CD0232EE0D0212E00F0B980FF
:10F78000A37840F2E2426B70A3885343AB60AEE7CC
:10F79000A378EB70ABE7A6F140031F2B6CD8032BCB
:10F7A000C0D8DFE803F00210635D2278012A00F27E
:10F7B0009980637823B1002AB4D0142B00F294808E
:10F7C00023883B8193E7637803F00303012B1DD16A
:10F7D000606880B901A92046FAF7B2FD0546002805
:10F7E00086D1637803F00303022B17D06389F82BCB
:10F7F0001ED909257CE7F6F7F7FC08B1102577E755
:10F800006068F6F7EDFC0028E4D1F7E7022B89D118
:10F810006068F6F79FFC0028DCD0EFE79DF8043025
:10F82000002BE3D06068F6F7DBFC0028DED0E5E7CC
:10F8300022899A42DDD8627802F00302012A04D1BB
:10F84000D7333A8C9BB29A42D3D32C4B94E807001F
:10F8500083E807003B69002B7FF44AAFBB8247E790
:10F860002378022B3FF65EAF3B7640E72378022BEE
:10F870003FF658AF7B763AE7A6F1A0031F2B3FF681
:10F8800051AFA12E09D0A22E15D0A02E7FF44AAFE1
:10F89000237803F00103FB7629E701A92046FDF751
:10F8A00029F9054600287FF423AF2388A278BB837B
:10F8B000134B9A701CE722684FF60773A2F1F80108
:10F8C000994296D8930794D17B7B03F00303012BD5
:10F8D00004D1FB8AD7339BB29A428AD33A8406E793
:10F8E000082505E7132503E7122501E7222E3FF43B
:10F8F0004FAFA378AB70FAE68C020020980200208C
:10F90000A80200202DE9F74F824608460F46F6F779
:10F9100047FC18B1102003B0BDE8F08F5046F6F751
:10F920005FFC01460028F5D10AF1030323F003032D
:10F930009A45EFD14A4C94F8263013B905203B8004
:10F94000E9E794F825903A46B7F800804FEA49165F
:10F9500004EB491909F12C094846FFF7ADFA0546B1
:10F96000002875D1BAF1000F70D03B88434575D897
:10F97000A319514693F82D8084F827004846C8F310
:10F98000020308F0070884F8283004EB080393F812
:10F990008C210193013283F88C213A46FFF78CFACF
:10F9A000019B84F8275093F88C21013A83F88C212D
:10F9B000012384F8283000284AD1B8F1000F03D081
:10F9C000984520D0FFDFFEE799F8013003F01803D7
:10F9D000082B04D1A319196BD88DFFF73DFD2644E0
:10F9E000716B21B12422D4F8900107F0EBFD94F95A
:10F9F0008C31012B01D103F063FA94F98C31032B84
:10FA000010DDFFDFFEE7264496F82D309B0603D578
:10FA1000316BF08DFFF720FD94F98D31052B01DD61
:10FA2000FFDFFEE794F825300133DBB20B2B08BF74
:10FA3000002384F8253094F82630013B84F82630E2
:10FA4000444494F88C31013384F88C31002062E70F
:10FA50000C283FF460AF00233B805CE70C205AE7A2
:10FA60008C02002038B505460C46F6F773FB08B14A
:10FA7000102038BD2046F6F793FB0028F8D1284621
:10FA800008F052FA2070B0FA80F040098000F0E7E8
:10FA900038B5044608F064FAC5B22046F6F7A0FB74
:10FAA000A8B954B92846FCF72FFD05280DD108F058
:10FAB0005DFA012809D0002008E023782570002B8A
:10FAC000F0D09D42EED0072000E00F2038BD10207E
:10FAD000FCE770B5044608460D461646F6F73AFBB5
:10FAE00008B1102070BD3046F6F75AFB0028F8D157
:10FAF000022C01D0102C09D132462946204608F0AC
:10FB000061FA002814BF05200020EBE70920E9E78F
:10FB100070B506460C461546F6F71CFB08B11020DA
:10FB200070BD2046F6F73CFB0028F8D12846F6F7D2
:10FB300057FB0028F3D12A462146304608F046FA02
:10FB4000002814BF07200020EAE713B50446F6F7A3
:10FB500027FB80B9684601F01BFCFFF7FDFB40B9AD
:10FB60009DF803302370BDF804306380BDF8063083
:10FB7000A38002B010BD1020FBE738B5054608464B
:10FB80000C46F6F72DFB08B1102038BD2CB92146E4
:10FB90002846BDE83840FCF70FBD2068F6F700FBAB
:10FBA0000028F1D1A388002BF1D10920EDE7000056
:10FBB00070B5044608460D46F6F7CCFA08BB621E3F
:10FBC0001E2A0AD8022C1ED8104B284603EB8203AB
:10FBD000BDE87040D3F8AC301847A4F120031F2BC8
:10FBE00005D829462046BDE87040F8F7DBBCA4F1F3
:10FBF00060031F2B07D829462046BDE87040FBF75D
:10FC000007BF102070BD0720FCE700BF9C5B06000B
:10FC100038B5044608460D46F6F7C2FA08B110207A
:10FC200038BD631E1E2B08D82846F6F793FA002825
:10FC3000F5D1022C05D10620F2E7A4F120031F2BF9
:10FC400001D90720ECE729462046BDE83840F8F7FF
:10FC5000D1BC70B514460A8842FA04F3DB0709D414
:10FC6000012303FA04F632430A800922011D07F03A
:10FC7000C3FC047070BD2DE9F843BDF820900C461C
:10FC80000746154609F104069846B6B2314603F018
:10FC900019F860B19DF824203146A0F8009045EA9B
:10FCA000C212A0F802803846D2B203F023F86219DB
:10FCB000137D01331375BDE8F8830000024B092260
:10FCC00000201A70704700BF350400200B46002149
:10FCD00010B5184614462E220CF0D8F901224270B5
:10FCE00000224261826102770CB9FFDFFEE70278F1
:10FCF000217861F30102027010BD704713B5002432
:10FD000001042046ADF8004009F038FA204602B060
:10FD100010BDF0B585B006460F0CFFF767FB054632
:10FD200030B91321384605B0BDE8F040F9F752B9B3
:10FD300047800521384607F027FE08B9FFDFFEE7B8
:10FD40009EB903782A4601A966F382030370022351
:10FD500038468DF804304FF6FF73ADF80630ADF835
:10FD60000830F8F7E5FB05B0F0BDFFDFFEE7FFDF89
:10FD7000FEE700002DE9F0410D46052180461646BC
:10FD800007F002FE038C0446184F13B13B78AB42D8
:10FD900023D1311D404689B202F094FF20B10430D6
:10FDA00009233B70BDE8F0813B78AB4215D1A28DB1
:10FDB00042FA05F3DB0701D5FFDFFEE7012304F17B
:10FDC0001E0003FA05F10A4304F12201A28509226B
:10FDD00007F026FC05700020E2E72A4604F12C011A
:10FDE00004F11E00FFF735FFF5E700BF35040020E2
:10FDF0002DE9F743537806460D461446ABBB97787A
:10FE00001FB1022F29D0FFDFFEE74FF0020808F1F3
:10FE10000409072130464A46FFF7ACFF00B301232F
:10FE2000022F4FF00702294603702378A0F80280C2
:10FE3000437008BFA388878004BFC380E3884FF066
:10FE4000000408BF038105233046CDE90094FFF785
:10FE500012FF2C7103B0BDE8F0834FF00608D6E71F
:10FE600023686B606368AB60F4E7FFDFFEE710B503
:10FE70000446052107F088FD0146021D2046BDE825
:10FE80001040FFF7B5BF0000F0B50C4685B0154631
:10FE900006210C220646FFF76DFF70B36378FF2240
:10FEA00000272146B3FBF2F2C2EB02229B1A122278
:10FEB0000133DBB263700270082243708270062245
:10FEC000C770A3702B8883806B88C380AB88038145
:10FED000EB8843810C233046019700930523FFF7FD
:10FEE000CAFE3946064A384667F30F01ADF8087076
:10FEF00066F31F4109F006F9012005B0F0BD00BF0F
:10FF00000087930310B50446052107F03DFD014627
:10FF100000F10C022046BDE81040FFF7B5BFF7B571
:10FF20000C460521054616461F4607F02DFD052CFB
:10FF3000014603D9082C0AD0FFDFFEE7042322463E
:10FF40002846CDE90067FFF796FE03B0F0BD062313
:10FF5000F5E7032A10B501D8FFDFFEE74C8805213D
:10FF600007F012FD08B9FFDFFEE7052C09BF007995
:10FF70000120B0FA80F0400910BD8268D388F0B546
:10FF8000043B1568044690882E889BB22F1D89B0CB
:10FF90009E426080676060D16988052919D0062972
:10FFA00010D0042959D1224639463046FBF702FCCD
:10FFB000082852D122463946304609B0BDE8F04003
:10FFC000FCF740BB3246394609B0BDE8F040F9F7CE
:10FFD000A1BE07F0D9FC032E01464FF000008DF8BA
:10FFE00014003AD96B79002B37D02A79122A03D022
:10FFF000132A0BD0012A32D0CDF80D0003AA0490A9
:0200000270008C
:1000000060888DF80C30FFF7F3FE26E08A789A427C
:1000100023D10B785F0720D5062E1ED160F3820313
:100020000B700021ADF8000060F30F01638863F3EB
:100030001F4109F0A3F802238DF814304FF6FF7327
:10004000ADF816302B7A6A7A43EA0223224605A9D4
:100050006088ADF81830F8F76BFA09B0F0BD052EDE
:10006000FBD98A789A42F8D10B785A07F5D5002047
:1000700023F004030B700146ADF8000060F30F019C
:10008000638863F31F4109F079F802238DF8143077
:100090002B7A6A7A43EA0223ADF816304FF6FF73E3
:1000A000D4E770B50D460521064607F06DFC044601
:1000B00090B103785B0712D401462A463046FFF719
:1000C000E3FE18B92B68E3606B6823612378002096
:1000D00043F00403237070BD43F20200FBE71120DC
:1000E000F9E700002DE9F04788B00C46052190465D
:1000F000064607F049FC0E220746002104A80BF033
:10010000C5FF0023ADF802308DF80C30CDE9013386
:100110000FB3013C4FF6FF79A4B24C451DD1364DCB
:1001200007F11E09DFF8D4A03B8C002B3ED007F16D
:100130002208012309224846414607F088FA012295
:100140000478BB8DA240082C2C7023EA0203BB85E7
:1001500023D9FFDFFEE7FFDFFEE718F8043003F0E6
:100160007F05DB09082D01D9FFDFFEE779190A7D3C
:10017000013A0A7573B12A460DF1020104A8FFF78E
:1001800068FD05F120030DEB030515F81C3C013358
:1001900005F81C3C013CA4B2BFE75AF824303046B5
:1001A0009847FB8B18F80330A342BDD109230124E3
:1001B0002B70124DBDF8123013B908B0BDE8F087AE
:1001C0000123092205A904A807F041FA0378BDF824
:1001D000022004FA03F122EA0102ADF8022005EB45
:1001E0008302526A0AB9FFDFFEE7203330466B44D0
:1001F00013F81C1C9047DDE735040020605C060006
:1002000010B50C46052107F0BFFB0119087D003829
:1002100018BF012010BD37B50D460DF1020201A92E
:10022000044607F07AF928B1012D05D0204607F0E1
:1002300070F9012003B030BD0020FBE72DE9F34148
:1002400088460778457804460DF1020201A9404628
:1002500007F0030707F061F90646D0B1012F01D07E
:10026000FFDFFEE70199404607F039F9C41CA819E1
:1002700080B2032813D92388BDF8022004339BB22F
:100280009A420AD3984208D009D3022002B0BDE8AE
:10029000F081022FF9D10334E9E70020F6E70120CD
:1002A000F4E70000024B1A8802431A805B68184783
:1002B00038040020014B00215B68184738040020F7
:1002C00010B5074CFEF7E4F8FEF766FD2089FFF74E
:1002D000F1FFE368A17AE07A98470023237410BD08
:1002E00038040020024B1B7C0BB1FFF7E9BF7047BD
:1002F000380400207FB590F86930012B03D0022B21
:1003000017D0FFDFFEE703220392012300200A4AF1
:10031000CDE90403527C0220029201F18802783177
:10032000CDE9003251E90223FEF7F6FB07B05DF894
:1003300004FB0422E8E700BF3804002070B51A4C23
:100340000646E36AA569E3614FF48173607C238408
:1003500095F88E3095F8691000EB83002EB9FF28D0
:1003600003D195F868308B4201D0FDF783FF95F8F3
:100370008E3093B1206BFEF73FF9216BE069FEF7F9
:1003800093FC16B93046FEF785F995F86810002001
:10039000FEF7C8F90223237470BDE069FEF72CF95B
:1003A000FEF7FAFCEDE700BF3804002070B50D4CF5
:1003B000656B0DB1636A0BB9FFDFFEE7238D2E4637
:1003C0006B702B78027823F0030302F003021343CF
:1003D00006F8033B3046228D616A0BF0A3FEE5610F
:1003E000666270BD38040020034B1B7C022B01D0D9
:1003F000FFDFFEE7FFF764BF3804002073B5194C38
:1004000006460D46E069A16BFFF718FF012816D0DC
:1004100002281FD020BB2846FFF7C8FF0DF10202BB
:1004200001A9A06B07F079F8019807F060F80122A4
:10043000218D3060A06B07F008F802B070BD28462F
:10044000FFF7B4FF0022218DA06B02B0BDE8704021
:1004500006F0FBBFA06B02B0BDE8704007F059B8D2
:10046000FFDFFEE7380400202DE9F041284C064666
:100470000F46237C012B5FFA83F801D0FFDFFEE7F4
:10048000A56995F87C303BB10021042085F87C10EB
:10049000FFF708FF85F87D8095F88030042B0AD19E
:1004A0001C490220FFF7FEFE636C1B78991E4B422D
:1004B0004B4184F84C3095F88E3023B105F178012A
:1004C000A069FFF717FF1EB1BDE8F041FFF7F8BEC6
:1004D000002FF9D0236D304698470028F4D0A37A36
:1004E000002BF1D123889A0708D594F84C30002BC3
:1004F000EAD00020BDE8F041FFF720BF002BE3D198
:1005000094F85430002BF4D194F85530EFE700BF45
:10051000380400207C0400202DE9F04F834C8FB07C
:100520000F460021237CA569022B5FFA83F9069010
:10053000CDE9091101D0FFDFFEE7E3698DF8341042
:100540001A7802F00306C2F3C00AC2F3800BC2F3AA
:1005500000185A788DF83060228503228DF831A07A
:1005600013442284069A63628DF832B095F88E3077
:100570008DF83380002A00F0CC80B3B1FEF72AFC5E
:10058000831EDBB2012B04D8FFF79AFE0FB0BDE843
:10059000F08F50B9238D43B195F8823003F00103F9
:1005A000534502D10123E372EEE7218D19B1A06B0F
:1005B00006F02BFF01462389616343F40073238116
:1005C00095F881300133DAB203F001039B450CD179
:1005D00095F88030002B43D0013B85F88120DBB2B9
:1005E000042B20D8524AD35CFBB995F8823003F033
:1005F00001039A4553D1B4F828A0BAF1000F3FD1B6
:1006000095F88230032E03F1010385F882305AD128
:1006100023890120474943F4805385F87C002381D6
:10062000FFF740FE6DE0FFDFFEE7022B06D109A9D0
:10063000E06D06F08BFE60B9FFDFFEE7032B0FD104
:1006400001F006FD08B9FFDFFEE700210820FFF7F3
:1006500029FED5E93832013342F10002C5E93832CA
:10066000002195F87D3085F8801023B1102085F8A1
:100670007D10FFF717FE238943F400632381B4E75D
:10068000731E012BBCD8238943F48053238194F833
:100690006030534506D2A37A43F01003A3724FF0A3
:1006A000000A1FE0636B002BF9D094F861301BB196
:1006B0002020FFF7FFFDF2E73146A06BFFF7ABFD0F
:1006C00000289DD0EBE7013E012E17D8BAF1000FAC
:1006D000E5D0DDF818A0D5E93A32013342F1000245
:1006E000C5E93A3295F88D30002B38D095F868304E
:1006F000012B21D0022B75D0FFDFFEE7BAF1000FEE
:10070000CDD0D5E93A32013342F10002C5E93A329F
:10071000C5E70BB1FEF778FB94F86230013384F83B
:100720006230238943F480632381B8E738040020D2
:10073000A85C06005C04002003220392FB22002335
:100740000120029205F5807205F1F001CDE9043037
:10075000CDE900320420D5E93823FEF7DDF9636BDB
:10076000002B41D1238DB3FA83F35B0903EA08031D
:1007700084F85530002F39D1228894F8623011075F
:1007800002D594F84C208ABB012B2FD8236D012071
:10079000984758B3A67A4EBBD4F818B0637C9BF840
:1007A0008E209BF8681003EB8203FF2B03D19BF88C
:1007B00069308B4202D0FF20FDF75CFD0022D4F8A7
:1007C00018808DF82120ADF8222098F88020052A85
:1007D00000F21B81DFE812F04800FA00FD00FD0086
:1007E0000D010D010422A8E70123BFE7FDF7A4FFD7
:1007F000BAF1000F33D1012723895A0606D44020CD
:10080000FFF758FD238943F040032381069B13B172
:10081000002384F86230864803F0C6FB099830B1A3
:1008200006F065FE00220272294602F04BFC0A9B8C
:1008300033B100221A720C2229460A9802F01AFCDF
:10084000002F7FF4A1AE23891B063FF59FAE8020C9
:10085000FFF730FD238943F08003238196E60CA93E
:100860000AA8FFF7CBFDC6E794F863200DF122013B
:100870000BA8A8F85820ADF8222001F0DBFB38B116
:100880000B9828B1042288F88020BDF8222015E0BA
:1008900098F8C720002A40F093800DF121020DF155
:1008A0002201E06D06F030FD002800F08980BDF8DF
:1008B0002220002A73D1012188F88010E063A4F877
:1008C0004820002A00F0A380033098F8823098F87E
:1008D000819098F880806064B8F1020F079309D086
:1008E000A8F10402012A00F2948003784FF0030873
:1008F000022B0DD0E06D06F067FD002840F08C80E3
:10090000B8F1030F04D001F0AFFB80F00106F6B29E
:10091000E16B4FEAC909079A0B7809F008099000C2
:1009200003F0F30300F0040043EA0903034323F058
:10093000100343EA061306F0010623F0030384F8CC
:10094000546048EA03020A700222B4F848304B703F
:10095000A4F840209BF88D20002A5FD0002B5DD0AA
:10096000206BFDF749FE0022216BE06BFDF7DCFFF9
:1009700018B9E16B206BFEF737F99BF8691001207D
:10098000FDF7D0FE012384F864302374BAF1000F20
:100990003FF432AF0CA90AA8FFF730FD2CE79DF811
:1009A000211019B90322018081706CE7017801F0F0
:1009B0000301012908BF4FF0030988F880907DE703
:1009C0000022ADF82220012288F880201948002258
:1009D00074E7B8F858200DF12201E06DADF822203F
:1009E0000DF1210206F090FC00287FF44EAFFFDFEE
:1009F000FEE70DF122010BA801F01CFB08B10B98DA
:100A000008B9FFDFFEE705223DE7FFDFFEE71046FE
:100A10005BE74FF001086DE7012679E7E06BFDF732
:100A2000EBFDFEF7B9F90021E06BFDF799FFA4E7B4
:100A30004C0400208E040020034B187C10F0FF00B3
:100A400018BF0C20704700BF38040020084B094A2B
:100A500010B51A60FFF7F0FF08B1FFDFFEE7064CA4
:100A600001F06AF8E06201F06BF8206310BD00BF8E
:100A70001C0D0020240C070038040020F7B55C4C46
:100A8000089F9DF824E0CDE90001217C01F0FF05DD
:100A900011B90AB103B10FB9FFDFFEE704F1140C7D
:100AA000A57284F86250E57284F86450258025812F
:100AB00084F8545084F8555084F84C50E5636564CC
:100AC000A4F84850E56165622585236584F861E0F6
:100AD0006260E760DDE900018CE80300A569FDF7CD
:100AE000EFFBFEF759F995F96F00FDF73BFC6E6AD5
:100AF000E869FDF73DFC3046FDF770FD95F89E0076
:100B0000FDF740FC95F8692065210120FDF7ACFC5C
:100B1000384B1868FDF768FD2B69E3656B69A363C3
:100B2000A36993F8882093F86860A2F1290101294C
:100B300003D993F88910292941D193F86E322BB14A
:100B4000012E03D0012B0CBF0126022605F1300730
:100B50003146384602F0CEFB314601F075FEAB8FD0
:100B600095F86910834228BF0346384684F86330FD
:100B700002F031FB95F88E7095F86910B5F8446075
:100B800001F062FE0FB9043080B2864228BF0646EB
:100B9000F3B284F86030637495F88E3023B105F1B8
:100BA00078012846FFF7A6FB0120FFF7C7FBA369E2
:100BB000D3F8C00103B0BDE8F040FDF739BD243AD9
:100BC000012A0DD827290DD093F8263113F0010200
:100BD00002D19B07BAD50222012E18BF1646B5E7EF
:100BE0002729B3D193F8262193F861301340EDE71C
:100BF000380400201C0D0020FFF762BB014B93F866
:100C00006400704738040020024B587AC0F3C000DB
:100C1000704700BF38040020014B93F86200704712
:100C200038040020E90307001905070069040700DC
:100C3000E50207002DE9F0411D46D37B88B014463C
:100C40008846013307462146D373404604236A464B
:100C50000BF0C1F8E37B04AE214601334046324637
:100C6000E37304230BF0B7F857B17B1E6A461F37B6
:100C7000117813F8010F4140BB4202F8011BF7D174
:100C80006B462C461A46083403CAB24244F8080C94
:100C900044F8041C1346F5D105F11003324608331D
:100CA00003CA43F8041C08A943F8080C16468A42F4
:100CB000F4D108B0BDE8F08110B5044638B100F0B9
:100CC00055FF24EA0000B0FA80F0400910BD012071
:100CD000FCE7002313B5CDE9003301238DF806307E
:100CE000684606F08BFE08B100200AE0009C204612
:100CF00004F0C2F80028F3D0204604F0D0FD00280C
:100D0000EED002B010BD002307B5CDE900330123BA
:100D10008DF80630684606F071FE08B1002004E048
:100D2000009804F0A9F80028F4D003B05DF804FBA3
:100D300038B5044604F0A0FDB8B1204604F09CF894
:100D400008B9002038BD204603F0DCFD05462046EA
:100D500003F07EFE014650B9002DF2D0288806F03F
:100D600029FE0028EDD0FFDFFEE74220EAE70C2055
:100D7000E8E72DE9F0410F46B0F85A60B0F85C5052
:100D800003F0E6FE0221044601F05EFD80460221EA
:100D9000204601F059FD464540F6480328BF464627
:100DA000B6B21B2E38BF1B26FB2E28BFFB26854262
:100DB00028BF05467E80ADB21B2D38BF1B25FB2DFD
:100DC00028BFFB25B4F5A47F38BF4FF4A474FD8081
:100DD0009C4228BF1C46BC803C81BDE8F0810000DD
:100DE0002D4BF0B55A8885B0B0F85C700C46B0F861
:100DF0005A6097429D8828BF1746964228BF1646DC
:100E00001B2E2BD0B5F5A47F2AD040F6480301A9AC
:100E10009D4228BF1D46FFF7ACFFBDF80A30BB421C
:100E200028BF3B46E380BDF80C30AB4228BF2B46C1
:100E30002381BDF80630B34228BF33466380BDF836
:100E40000830AB4228BF2B46A380FF232370E388E2
:100E50001B3B9BB2E02B05D9FFDFFEE71B2FD1D157
:100E600005B0F0BD63881B3B9BB2E02B01D9FFDFCF
:100E7000FEE72389A3F5A4739BB2B3F5E06F01D914
:100E8000FFDFFEE7A388A3F5A4739BB2B3F5E06F81
:100E9000E6D9FFDFFEE700BFA00400202DE9F04106
:100EA00086B00546008801A901F03AFD04460028F5
:100EB0006FD1029A92F85331D91E4B424B418DF8B3
:100EC0000230936F98064ABF9DF80230234683F0A4
:100ED00001038DF8033092F8D8309B0603D49DF8B7
:100EE0000330002B5BD0EB881B3B9BB2E02B58D828
:100EF000298944F24810A1F5A4739BB2834250D8CB
:100F00006B881B3B9BB2E02B4BD8AA88A2F5A4733D
:100F10009BB2834245D840F64807B94243D8BA420B
:100F200041D8029E4FF0FF0886F81B819DF80230E1
:100F30009BBB03A93046FFF71CFF6A88BDF812303F
:100F4000BDF814109342E88828BF1346B942AA8816
:100F5000A6F8203128BF3946BDF80E30834228BF9D
:100F600003462889A6F81C31BDF81030BB4228BFC3
:100F70003B46834228BF03468A42A6F81E311346E9
:100F800028BF0B46A6F8223186F81A81002386F87E
:100F90001B31204606B0BDE8F0813A24F6E71A245A
:100FA000F7E71224F5E71124F3E7000010B501215B
:100FB000002006F0E9FC044658B9012106F0AAFC1D
:100FC000044608B9FFDFFEE7034B93F9061004F06F
:100FD00007FC204610BD00BFA00400202DE9F0430F
:100FE00085B006468846008802A901F099FC0546AE
:100FF00040BB039C94F8663103F0FF051BB1B8F1C8
:10100000020518BF012594F88930262B94F8D930B1
:1010100043EAD3030CBF85F001094FF00009DB0759
:1010200002D4B9F1000F3BD0B77817B900F09EFD9C
:101030000746F078B0BB00F099FD3FB9B9F1000F59
:1010400029D10925284605B0BDE8F0830028F5D050
:10105000FF2384F825310DBB94F8243103F0FF05FC
:10106000E3B984F8270101A984F82481204684F893
:101070002671B3788DF80430F3788DF80530337924
:10108000727943EA0223ADF8063001F0ECFB00234D
:1010900084F82531D6E700200746D9E73A25F6E758
:1010A0001A25CFE7002FD3D1C8E7406890F8BA31AE
:1010B00023B1002380F8BA3103F05BBD7047000014
:1010C000024B987DC04300F001007047C408002027
:1010D000044B987DC0F3400080F0010000F0010057
:1010E000704700BFC408002008B500F0C7FF01F03A
:1010F000B3F900F045FD01F0E1FE02F0FDFF002232
:10110000094B1B214FF4A4701A60084B1A80988079
:101110005980074B07485A745A829A8203221860F2
:1011200099809A7508BD00BF200D0020A004002002
:10113000C408002003021B00054B41F64C5240F648
:10114000A661C3E902121B221A74FFF7CDBF00BFCC
:10115000C408002073B51E4D0446AB6803631D4BE5
:10116000836103F0F5FC064600F0FAFC8306297C57
:10117000204653BF1B236B88AA881A466687164EE3
:10118000A4F85A30A4F85C2084F83810314601F0F5
:101190006AFB01236A8804F110006978E385033251
:1011A000AB88019192B216F8121C033300919BB2E6
:1011B00004F1140106F0AAFC23690BB9FFDFFEE776
:1011C00063690BB9FFDFFEE7002002B070BD00BF0E
:1011D000C408002000093D00D6080020F7B50446E9
:1011E0000D4604F049FB00285AD0204604F093FC39
:1011F00038B1B5F80130013B7F2B02D9122003B082
:10120000F0BD204603F038FE08B10C20F7E7204679
:1012100004F0B0FA06460028F7D1204604F046FB59
:101220000028EBD042F21073B5F80170E97820463F
:101230005F4304F05EFC204604F069FC014630B9CF
:101240003A46204603F062FB40B3FFDFFEE731463B
:101250000DF1060006F02AFB054608B90D20CEE781
:10126000314601F06AFBBDF80630294620462B8046
:1012700004F02EFD01212846FFF76CFF3A4629466F
:10128000204603F043FB024608B1FFDFFEE7054BB3
:101290009B681BB105F58D71284698470020AEE785
:1012A0004220ACE7A0040020024B1B6803B11847A2
:1012B0000C207047200D002010B5FFF70AFD0446F2
:1012C00030B902F019FF204601F0D8F8204610BDD1
:1012D0000C20FCE710B503780446012B01D912203D
:1012E00010BDFFF710FD58B9207810F0FD000DD1AA
:1012F00004F11703E21D611CBDE8104001F0C4B801
:1013000001F042F90028EFD00C20E9E7A37903F0BF
:10131000C003C02BE3D10120EAE710B50446FFF774
:10132000D8FC50B92078012809D8611C02F0EAFEE7
:1013300000280CBF0720002010BD0C20FCE7122065
:10134000FAE708B5008801F025F900280CBF302025
:10135000002008BD38B50546FFF7D5FC044638B96E
:101360002878003818BF012001F008F9204638BD60
:101370000C20FCE708B5FFF7C6FC18B901F0E8F847
:10138000002008BD01F000F90028F7D00C20F8E794
:10139000102243F20D130270C2705922A0F80130DE
:1013A0008280C38000207047F7B507460E4610467E
:1013B00000211D4608F026F8044627B1022F0ED062
:1013C000122003B0F0BD0121304606F0DDFA80B1F5
:1013D000214604F097FB05B12C700020F1E7694627
:1013E000304601F09DFA0028EBD1019B83F86F4055
:1013F000F1E74220E5E710B5044600F087FB28B985
:101400000020214600F03CFE002010BDFFF77BFCD1
:101410000028F5D00C20F8E710B50446FFF773FC60
:101420000120214600F02CFE002010BD37B5837846
:1014300005461A2B08D8042B04D9144A22FA03F3C0
:10144000DB0705D412241AE0292B01D03B2BF9D15C
:101450002888B0F5706FF5D2694601F061FA88B955
:10146000019B93F8182102F0FF046AB9AA7883F867
:101470001921FF2283F818216846FFF716FE20463F
:1014800003B030BD0224FAE70C24F8E7200038044A
:1014900037B500880C460D46694624F8020B80B229
:1014A00001F03EFA70B9019B03F1910283F8C30089
:1014B000116821601179217193F8C3100029F5D1C9
:1014C00003B030BD0023C5F802302371F8E7FFF701
:1014D000E5BC37B508800D46694601F021FA04469F
:1014E00018B929460198FFF744FC204603B030BDE7
:1014F00010B50446FFF707FC78B92146E27911F8E8
:10150000010B00F0FD00003818BF012001F00AF9BE
:1015100080F001004000C0B210BD01F035F8002895
:10152000EBD00C20F8E710B583880446022B10D8C6
:10153000C078FFF7C1FB08B9112010BDA078FFF7F4
:10154000BBFB0028F8D020460121BDE81040FFF782
:1015500045BD1220F1E713B50C46694601F0E0F9EC
:1015600020B9019BB3F87E300133238002B010BD57
:1015700013B504466946008801F0D2F920B12288EB
:101580004FF6FF739A4229D16289A3899A4227D8DC
:10159000618840F67A408B1F9BB2834222D8A28892
:1015A000931F9BB283421DD88A421BD3E388013329
:1015B000B3F5FA7F16DC208940F67644A0F10A01E3
:1015C00089B2A1420ED8534342F2107140F6C412C0
:1015D00048435343984294BF3020002002B010BDCE
:1015E0001220FBE73020F9E7F7B5077805460C46EF
:1015F000EF2F0FD890F901204378002A0ADB827878
:10160000900707D113F010001DD1990603F00302D3
:1016100002D51AB1122442E0032AFBD01E07F9D4E6
:101620002979EA78EE7942EA0122697942EA0142AF
:10163000A97941EA06212E7A41EA06418A42E9D88F
:101640001F2A0FD8E6E713F0600FE3D103F007027B
:10165000052A05D003F00F010D22CA40D107D9D5C4
:101660001A07DDD56A7A013A062AD3D8AA7A032A5C
:10167000D0D813F0040102D1023A012A03D8EA7A41
:10168000012AC7D811B9AA7C032AC3D82A7D48B138
:10169000012ABFD12A7E012ABCD830B911242046A4
:1016A00003B0F0BD022AF5D1B4E7DB0712D46B78A2
:1016B0002A7D03F01803082B11D1022AEED1012153
:1016C000384606F061F9064678B103F0D5FBB8B1AB
:1016D0000C24E4E700F004FA0028E8D1DEE7022A4F
:1016E000EDD02B7F002BEAD0D8E70121384606F059
:1016F00011F9064640B3154B93F9061004F070F843
:10170000304604F001FA29462070E874304604F0AF
:1017100032F9EB7E0446002BC1D00028BFD102462F
:10172000B16A684606F0A7FA2246B06A012106F0BF
:10173000EDFAB16A6846042206F09DFA2246214677
:10174000B06A06F0E3FAAAE70724A8E7A00400209D
:1017500037B50446FFF72AFC054623781F2B18D817
:10176000816A0422684606F086FA22460021A86AA9
:1017700012F8013B06F09AFA68B1AC6A204606F00E
:1017800037FB00210246204606F0C0FA002003B0D5
:1017900030BD1220FBE70720F9E737B50446FFF715
:1017A00005FC054623781F2B18D8816A002268465D
:1017B00006F061FA22460121A86A12F8013B06F000
:1017C00075FA68B1AC6A204606F007FB01210246B3
:1017D000204606F09BFA002003B030BD1220FBE744
:1017E0000720F9E737B50C460546FFF7DFFB002376
:1017F00001A9ADF805508DF804308DF80740FFF7CA
:10180000EDFC03B030BD08B5FFF7D0FBBDE80840E4
:10181000FFF78EBA10B50C46002106F0B5F820B1DE
:101820002146BDE8104005F0F7BA022010BD37B5DB
:10183000038804460B8098B2638813B9122003B062
:1018400030BD694601F06CF80028F8D1658842F295
:101850001072019BA9B29C695143DA8D62431C8CC2
:1018600004FB02229142E9D39A699C699442FBD11C
:101870000022A3F8B450C3F8AC20621E0A44B2FBA5
:10188000F4F2C3F8B020DAE713B5044669460088DD
:1018900001F046F8A0B9019BA27893F86C10914230
:1018A00010D07F2183F8860083F8831083F8851099
:1018B000E17883F86D10217983F86C2083F86E103D
:1018C00002B010BD0C20FBE737B50D466946144643
:1018D00001F026F860B9019B93F86C20012A09BF3A
:1018E00093F983200C202A7093F8843008BF23706A
:1018F00003B030BD10B50C46002106F045F890B19C
:10190000022C12D804F00102C4F3400480F8BD2177
:1019100080F8BC4112B190F8BA310BB9002010BD6B
:1019200003F027F9FAE70220F9E71220F7E70000B1
:101930000278034672B1427862B142881A2A09D904
:1019400082881A2A06D90068034A106000209B8802
:101950009380704712207047C4080020026800205E
:10196000014B9A60704700BFC408002008B500789A
:10197000003818BF012003F0C5F8002008BD10B5DD
:1019800001210446007805F0FFFF40B16178C1F302
:10199000400201F0010104F0D6F9002010BD422000
:1019A000FCE7000008B5052000F0CEF805F08CFA41
:1019B000014B024A9A6008BDA0040020E10D070017
:1019C000062000F0C1B8082000F0BEB805F088BAC3
:1019D00010B5044604B910BD236898476468F9E758
:1019E00003680BB9016070471A465B6813B18A42FD
:1019F000FAD170478A4218BF5160704708B503F0AA
:101A000023FF03F073F8BDE8084003F0D5BE08B526
:101A1000002006F028F806F0C9F800F0E7FAFFF712
:101A20000BF808B1FFDFFEE708BD08B503F02CF89E
:101A300003F0B0FE08B1FFDFFEE70120BDE808407B
:101A400006F011B808B5FFF7F0FF04F0B8FD08B1D3
:101A5000FFDFFEE708BD000008B50122084B1A7041
:101A600003F0FAFE04F0ADFD00F0C8FAFEF7EEFF59
:101A7000002005F0F8FFBDE8084001F041BA00BFC2
:101A8000AC04002010B5064C0649201DFFF7A8FF46
:101A900004F108000449BDE81040FFF7A1BF00BFF2
:101AA000AC040020BC000020C400002010B5084C8D
:101AB0000849201DFFF794FF04F108000649FFF7CD
:101AC0008FFF04F10C000549BDE81040FFF788BF07
:101AD000AC040020CC000020D4000020DC0000205A
:101AE000014B1878704700BFAC04002010B5064CBD
:101AF00001F0CAF96068FFF76BFFFFF71DFB01F00B
:101B000089FC0123237410BDAC040020014B187C18
:101B1000704700BFAC04002010B5064CA068FFF76A
:101B200057FFE068FFF754FFFFF7DEFA0023237446
:101B300010BD00BFAC04002000487047BD04002069
:101B400000487047BF050020C208044900F00700A4
:101B500001238340885C03438B5470478800002036
:101B6000014BD3E90001704788000020034B18683F
:101B7000C0F30020400040F00100704788000020C2
:101B800008B508F0CBF80023074A32F82310814249
:101B900005D302EB83029378044A137008BD013326
:101BA0000C2BF2D10023F7E7CA5C0600C106002027
:101BB00008F0B4B80B46122203F8032BD0F8092022
:101BC000C1F80320427B1A71704737B504460D46B1
:101BD000FFF776FA00B3A4F5AF70022103886846D8
:101BE000ADF8003034F8FA3CADF8023034F8F83C87
:101BF000ADF80430FFF7F2F908B1FFDFFEE7ADF80A
:101C000000009DF80030002063F307009DF80130CC
:101C100063F30F2003B030BD17232B70D4F80930C5
:101C2000C5F803300423ADF80030EAE710B5446886
:101C3000238884F87411A4F8753194F86830012B66
:101C400003D0022B01D0FFDFFEE784F8773194F850
:101C50006930012B03D0022B01D0FFDFFEE784F8AF
:101C6000783104F26B10034901F044FA002384F840
:101C7000243110BDB51B070038B5436804460D4636
:101C800093F82421012A0FD11E21FFF7CFFF6368AB
:101C900075B1182283F80921092283F8882093F866
:101CA000C230CBB9FFDFFEE7002283F82421EEE744
:101CB00093F88920A2F12401062901D9322A05D1FD
:101CC0000022204683F8892001F0E2FB20461821FB
:101CD000BDE8384001F001BC002038BD436893F8EE
:101CE00088200AB1FFDFFEE7242283F888207047AE
:101CF000034610F0010002BFC3F340035B00D8B2FB
:101D000070472DE9F84F074610461E4642EA010487
:101D1000FFF7EEFF8346084692464BEA0404FFF7BE
:101D2000E7FF88460A9D04438146E4B2003C18BFA1
:101D30000124FFF71BFF10EA0A0A18BFDA46FFF773
:101D400015FF97F8683010EA080118BF4946534557
:101D500008BF4FF0000A85F800A097F869308B4261
:101D600008BF002169705AEA01010BD1B7F87E3033
:101D7000013EF61A47F6FD73B6B29E428CBF0024B0
:101D800004F001042046BDE8F88F000040680749D0
:101D9000038800F5AF70A0F8093010F8FE3CC3725C
:101DA00010F8FD3C037301F087B900BFCB1B07009F
:101DB00070B54468064694F88950A5F12403062BB3
:101DC00045D9322D43D0002D3FD194F88830292BAE
:101DD0003DD04B7813F007032DD08A7812F007021C
:101DE00029D084F8612084F8603094F82531D3B983
:101DF00094F82431012B16D094F8602094F86930BF
:101E00009A421ED194F8612094F868309A4218D111
:101E10000223B4F8642084F82431B4F86630A4F8BE
:101E20002621A4F828312623304684F8893001F091
:101E300025FB284670BD30460978BDE8704001F0AA
:101E40004CBB3046FFF7A2FFEDE70125F1E7202567
:101E5000EFE72DE9F04F456887B0044695F888B064
:101E6000ABF12503D3F1000848EB0308052A3ED166
:101E700095F88930272B40D189358A784F7802F040
:101E8000070A039207F007090AF1FF3009F1FF334F
:101E900000EA0A0003EA0903034340F09780B1F81F
:101EA0000360FFF763FE039A174307F007078743B2
:101EB00040F08C805046FFF71BFF676810B397F81F
:101EC000683098421ED097F826211AEA020F7DD07A
:101ED000BBF1250F16D097F861201AEA020F11D135
:101EE00002286FD1013B012B0CD9FFDFFEE74146F1
:101EF00007B0BDE8F04FFFF7BFBEBBF1250F5FD1C4
:101F00008835BAE74846FFF7F3FE40B197F86930E5
:101F1000834204D097F8273119EA030F56D005AB56
:101F200038465246494600933346FFF7EAFE636857
:101F30000746F8B993F82421012A18D10146204612
:101F4000FFF774FE2F70636803F18902954202D196
:101F5000002283F88920636803F1890295422BD11E
:101F6000204601F095FA002007B0BDE8F08F83F815
:101F70002401E8E7B3F87E20A3F86C62013EB61AAC
:101F800047F6FD72B6B2964206D92822204683F85B
:101F9000AB2001F0FDFBDEE793F889200D2A02D08B
:101FA0000A3A012A01D82A22F0E7BDF81420A3F842
:101FB0006E2229232B70CEE7002283F8C220D2E7BD
:101FC0000220D1E7012B9DD0022B8ED14146204625
:101FD0008EE7436893F88920262A02D00AB1FFDFF2
:101FE000FEE7272283F8892070470000024B002279
:101FF00083F822209A847047C2060020FFF7F6BFBC
:10200000044B93F82220012A1ABF0360012000200C
:10201000704700BFC2060020054B024693F822100D
:1020200001291BBF01209A84002083F822007047F9
:10203000C2060020054B024693F8220020B113602F
:1020400009B19B8C0B800120704700BFC2060020A5
:10205000044B002293F822009A8410B1012083F8E7
:1020600022207047C2060020034B93F82200B0FAEA
:1020700080F04009704700BFC20600207047000092
:1020800050B90A4A0120134603F8010B0868C2F848
:1020900001008A889A807047012805D1034B0A689D
:1020A000D8719A608A889A81704700BFE80600203C
:1020B00050B90B4B187888B1D3F80120B3F805302C
:1020C0000A6001208B807047012806D1044BD87923
:1020D00020B19A689B890A60F3E70020704700BF2F
:1020E000E806002030B542401C7808785D786040F2
:1020F0004C786C409D7820448C786C40DD7820448E
:10210000CC786C401D795B7920440C7949796C401E
:102110004B40204418441044B0FA80F0400930BDD0
:10212000F7B58A8800238DF80600ADF8042008680A
:102130000B4A8DF807300146147802F5A872019D0C
:10214000D8B2844201D8082007E052F8087F013352
:102150005668AE4208BF8F42F2D103B0F0BD00BF57
:10216000F8060020084B0146002230B55C7803F2E7
:102170000113D0B2844201D8082004E013F8015FB3
:1021800001328D42F5D130BDF80600200246002014
:102190000139C9B2FF2900D17047535C83F00103B4
:1021A0000344D8B2F4E70000F8B52D4C6378221848
:1021B000013B92F80251DBB28342637030D01A01C6
:1021C0000101961C8F1C2644274406F1100C56F87A
:1021D00004EB664547F804EBF9D1823282312244A0
:1021E000214402F1100652F8047BB24241F8047B0C
:1021F000F9D1E118221891F8026182F802610626ED
:102200007343704303F5857300F58570E618E35852
:1022100027182350B388BB8091F83A3182F83A31BD
:102220002846FFF79FFF082818D12378013BDBB22F
:102230009D42237012D02B3305F12B0204EBC30314
:1022400004EBC20293E8030082E803002078FFF762
:1022500089FF08281CBF241884F80251F8BD00BF6C
:10226000F8060020F0B5254D89B095F8984105F2A3
:1022700099116846224609F055FF21466846FFF746
:1022800085FF0446B8B300EB400102A8C9B204F0D0
:102290009BFF631E95F8A1610124DBB295F89811AC
:1022A00005E0721CB2FBF1F001FB1022D6B206F180
:1022B00020020DEB020010F8202C002AF1D103EBD4
:1022C000430100F8204C06EB460220312A446944C1
:1022D00011F8187C82F8A27111F8177C11F8161CFD
:1022E00082F8A37182F8A411013BAA19DBB282F82B
:1022F0009941FF2BD2D109B0F0BD00BFF8060020F4
:1023000010B5094C617804F5A170FFF73FFF022872
:1023100038BF022084F89801002084F8A101BDE8AC
:102320001040FFF79FBF00BFF806002070B50C4DAE
:1023300004462E1896F899310BB1FFDFFEE704EB47
:10234000440401F037F82B19020A83F8A201000CAB
:1023500083F8A32183F8A401012386F8993170BD85
:10236000F8060020164A30B492F8A131D41894F837
:10237000991109B9FFDFFEE703EB43010133114473
:1023800091F8A251057091F8A35191F8A4114570EC
:102390008170002184F8991192F89811B3FBF1F043
:1023A00001FB103382F8A13192F8C2312BB90549F3
:1023B00002F5DD7030BC00F082BE30BC704700BF5B
:1023C000F80600206522070070B5064688B00C4666
:1023D000C81C2AB3FFF7C6FF65790D2200216846A5
:1023E00005F03F0545F04005657109F04FFEE378C3
:1023F00004AA69468DF80F30304623798DF80D50C8
:102400008DF80E30042309F0E6FC9DF81F30237090
:102410009DF81E3063709DF81D30A37008B070BD2C
:10242000032104F0D1FED7E7044B5A78824286BFDD
:102430001B1893F84A010020704700BFF8060020DF
:10244000044B5A78824286BF1B1893F84201002041
:10245000704700BFF8060020074B00224FF461715F
:102460001A8083F8C32183F8C421A3F8C61183F826
:10247000C221FFF745BF00BFF8060020014B83F8DB
:10248000C4017047F80600202DE9F04782468946CE
:1024900016461F46FFF744FE08288046054603D02F
:1024A000FFF760FE08284CD1284C6378072B4AD8E8
:1024B000B8F1080F13D125786B1C072D237001D9B3
:1024C000FFDFFEE705F12B02D9F8000004EBC203A1
:1024D00044F83200B9F8042083F806A09A8094F8F2
:1024E000018006F1100208F101034FEA0811637040
:1024F0004B1C234412F8010DB24203F8010FF9D12D
:10250000813107F11003214413F8012D9F4201F896
:10251000012FF9D144441021384600F05DF9102113
:1025200084F84201304600F057F984F80251002542
:1025300084F84A0184F83A51FFF7E2FE2846BDE8E4
:10254000F0871220FBE70720F9E700BFF80600201C
:10255000064B10B55878013840B2002800DA10BD9B
:10256000C4B22046FFF720FE601EF5E7F806002003
:10257000014B5878704700BFF8060020014B83F8E4
:10258000C3017047F8060020014B93F8C301704760
:10259000F8060020431E4AF2B7129BB293429DBF39
:1025A000024BA3F8C601012000207047F806002066
:1025B000014BB3F8C6017047F806002008B5FFF7D5
:1025C000AFFD082803D0BDE80840FFF7CBBD08BD2C
:1025D0000A4B30B55C7884420ED9184490F8020159
:1025E0002B3003EBC004A5790D7053F83000106058
:1025F0000120A388938030BD0020FCE7F80600206E
:1026000008B5FBF747FC18B1BDE80840FBF756BC1E
:10261000082008BD0246074810B590F8C34124B110
:10262000417821B10230FBF795FB204610BD0C46E6
:10263000FBE700BFF80600202DE9F84F274C9A462B
:102640008046894663789346834244D9231893F899
:10265000425185F00105F9B193F84A31E3B945F0EB
:1026600002070135BAF1000F18D1FA070AD5062181
:1026700004EB0810524601FB0841823001F58571D8
:10268000FFF7A2FEBB0723D504EB081052464946CC
:102690000230FFF799FE1BE02F46E3E794F8A161B3
:1026A000002DE2D0A31993F899312BB9BBF1000F9B
:1026B0000CD03046FFF73AFE013694F89831013DD0
:1026C000B6FBF3F203FB1266F6B2E9E747F0040744
:1026D0003846BDE8F88F0027FAE700BFF80600206B
:1026E000074B5A78824209D91A1892F842212AB91E
:1026F000062202FB003000F585707047002070470D
:10270000F8060020064B5A78824281BF1B1893F8C6
:102710003A01B0FA80F0400998BF0020704700BF2E
:10272000F8060020F8B50E46074606211546304645
:1027300000F052F8044670B10C4B0022587803F2B6
:102740003913D1B2884202D801242046F8BD0132A3
:1027500003F8015FF5E731463846FFF72FFF0828F9
:10276000F3D0024B034483F83A51EDE7F80600201A
:1027700070B5054652B3174C94F8A10194F89831FE
:10278000461CB6FBF3F203FB1266231893F899314B
:1027900031B91BB1344494F899315BB9184670BD16
:1027A0000BB9FFF7C3FD344494F8993113B9F0B273
:1027B000FFF7BCFD2846FFF7D5FDE81CFFF7D2FD6B
:1027C0006B7903F03F036B710123E7E7062104F007
:1027D000FBFCF5E7F806002001440023884203D102
:1027E000B3FA83F04009704710F8012B1343F5E763
:1027F000F8B505460C46D0E9047608F037FC08B970
:10280000FFDFFEE7E4B1D5E90423D21B63EB060347
:10281000012A73F100014FF0000113DB6FF001009A
:102820009042994101DAFFDFFEE7631E1344B3FBD8
:10283000F4F35C43E41946F10006C5E904461C467E
:102840002046F8BD0C46FBE7022905D13C2808D9F3
:1028500080100F3880B27047702802D9C0100E382F
:10286000F8E70020704738B50D460446FFF77EF9BB
:102870002B78002B08BF034684F864306B78002B5C
:1028800008BF034684F865306B88A4F8663038BD0D
:102890000129034603D0022909D0FFDFFEE740F2F9
:1028A000E24240F6C410002B08BF1046704740F6C5
:1028B000C410704780F86F10704700000B2801D9D2
:1028C000FFDFFEE7014B33F810007047FA5C0600AB
:1028D00030B5002442F21075A0F84040B0F84440F2
:1028E0004C43B4FBF2F4A0F84440541E05FB0343F0
:1028F000B3FBF2F3A0F84230084BB3FBF2F3013321
:10290000A0F84830838F05FB0344436B5943B4FB65
:10291000F2F4B1FBF2F18463416330BD005A62020C
:1029200010B50C46002105F02FF8606018B10123A6
:102930000020237010BD0220FCE770B504460D4650
:1029400041BB4FF4267209F0A1FB012384F8DE504D
:1029500084F890306FF0360384F8D930042384F87B
:10296000DA306FF03B0384F8DB306F2384F8DC301F
:102970006FF03C0384F8DD306FF07F0384F8DF30C4
:102980002B2384F8D830FE2384F80E317F2384F87B
:10299000833070BD012911D10023A0F8C43180F823
:1029A000BB3140F6B8338269A0F8B4301146438C8D
:1029B00004F17800BDE87040FFF78ABF0229E8D132
:1029C000B0F87A32D0F874228169F1E7C2B292FA93
:1029D000A2F2030A93FAA3F31B0E100E40EA03209F
:1029E0007047013105300022C9B270B510F8013FBF
:1029F0008B4214D310F8054C0023012505FA03F689
:102A000026421CBF01F1FF31C9B259B10133082B75
:102A1000F4D10132D2B2052AE8D1FFDFFEE7C91AAC
:102A2000C9B2F6E703EBC200C0B270BD0B6870B567
:102A3000C0F8013004460B790546461D03F01F031C
:102A400043710023C37215F8010F00F0FDFC68719B
:102A5000B542E37A1844E072F5D170BD81EA1141C4
:102A600070B58CB20546C17A032682EA0400FFF7EE
:102A7000ADFF013E00EB001016F0FF0604EB000274
:102A800090B2F4D144402522B4FBF2F302FB13438D
:102A9000C3F3C402D8B203F007032A4456780122D4
:102AA00002FA03F31E4207D161432846C1F30741EE
:102AB000BDE87040FFF795BF70BDF8B590F82350A2
:102AC00004466B1E242B01D9FFDFFEE7DAB1007E3E
:102AD000002843D194F8253094F8241002FB0132E9
:102AE0002523B2FBF3F103FB1123DBB204EBD3028A
:102AF00003F0070684F82530517E0122B2401142CE
:102B000002D084F82630F8BDB3FBF5F205FB123392
:102B100004F11D01013303F0FF0311F8012F9A4264
:102B200019D311F8055C0022012606FA02F72F429C
:102B300008D0013B13F0FF0304D102EBC00284F87C
:102B40002620E0E70132082AEFD10130C0B2052883
:102B5000E3D1FFDFFEE79B1ADBB2F6E7E28804F180
:102B60001800C969FFF77AFF84F82600CBE70378DD
:102B7000890123F0400301F040010B4303707047CB
:102B8000037803F07F0343EAC113037070471F2AE1
:102B900038B50546144601D9FFDFFEE70634093093
:102BA00009F0C0FA6C7038BDFFF7F1BF0378024638
:102BB00003F00F03032B3ED0052B42D1C37F90F8C7
:102BC0002000034392F82100034392F822000343BC
:102BD00092F8230000F01F00184333D05378222BC3
:102BE0002FD1B2F81930B1B1B3F5506F13D940F607
:102BF00007518B4225D8B2F81B30B3F5FA7F20D2AB
:102C0000B2F81D0040F676430A3880B298428CBF75
:102C1000002001207047991F40F67A4089B2814216
:102C20000FD8917D481E07280BD8994209D2B2F8D7
:102C300017109942DEE74078A0F10C035842584142
:102C400070470020704700000346084671B13F2BD3
:102C50000BD8074AD35C03F07F02914205D08CBFAA
:102C60000120002000EAD31070470120704700BF08
:102C7000125D06008388A1B1B3F5506F11D940F6FB
:102C8000075293421CD8C388B3F5FA7F18D2008943
:102C900040F676430A3880B298428CBF002001206B
:102CA00070479A1F40F67A4192B28A4208D8427819
:102CB000511E072904D89A4202D242889A42E1E77B
:102CC0000020704737B50C466946FFF729FE10B162
:102CD000002003B030BD019B21461D69284604F049
:102CE000C2FA01460028F3D0284604F0F8FB03306E
:102CF000EFE700002DE9F7430D4669469146FFF7DF
:102D00000FFE044620B9019F2DB9012387F88F30AB
:102D100003B0BDE8F083D7F810802946404604F0A0
:102D2000A2FA064600B3114B5B88AB421CD30146A6
:102D3000404604F0D4FB0223A0F801400370304663
:102D400004F0D5FB294680F80990404604F0C3FA08
:102D500008B9FFDFFEE76846FEF7A7F9019BA3F875
:102D6000B24187F88F40D3E7FFDFFEE7C4080020B9
:102D700073B50E466946FFF7D3FDB8B9019B5C6990
:102D8000204604F005FB0546F11E204604F0ABFB8F
:102D900085420DD1204604F006FB204604F0F8FAE7
:102DA00020B104F0A4FB0379002BF3D102B070BD75
:102DB00004F09DFB01230371F8E70000FF230B7073
:102DC00002234B7083238B70014B1B78CB707047B1
:102DD000DC0800202DE9F843D0F8048007460D46B2
:102DE000D8F81490484604F06CFB064608B9FFDF9B
:102DF000FEE70146484604F072FB3688B2B20AB9D3
:102E0000FFDFFEE70C4BC41CB8F800001B684BB991
:102E1000B8F800304846EE80AB8004F06AFB38B961
:102E2000FFDFFEE7214698470028F1D1BDE8F8838F
:102E300000232C603B71F9E7240D002038B5104CBD
:102E400010220021201D09F021F90125257404F12B
:102E500008031022002104F11400C4E9013309F031
:102E600015F984F8205004F11803064AC4E9053323
:102E700000236362A36284F82C301360236338BD9F
:102E8000DC080020240D002010B5064C2378FF2B11
:102E900001D0FFDFFEE708F0FFFF2070BDE8104023
:102EA000FFF7CCBF9500002010B5034C207809F047
:102EB0000BF8FF23237010BD95000020FFF7BEBF65
:102EC000014B187809F00CB89500002010B409B92E
:102ED000FFDFFEE74A600B72EFF3108472B6031D4A
:102EE0000B6042681AB1127A012A08BF03600368B6
:102EF0001960016004B962B610BCFFF7E1BF0000C1
:102F0000014B024A1A607047280D0020D52D07009A
:102F1000F7B50546504FBB68BC69227A012A1DD11E
:102F20003A6B3AB1137A0BB9FFDFFEE73C6BBCB9E1
:102F300000207DE01A7A012AFAD01C46474AEFF3B6
:102F4000108172B650680068506001B962B6A34241
:102F500008BF3C63237A1BB9FFDFFEE7404AEEE778
:102F6000267AF6B205232372731E0B2B66D8DFE890
:102F700003F063061F3161653965656565566368F1
:102F80000BB9FFDFFEE72046294698470420EFF300
:102F9000108272B6237A052BD9B253D10023237243
:102FA000396BA14200D13B63002A34D162B632E0D2
:102FB00063680BB9FFDFFEE72946204698470346C2
:102FC000ADF80400C0B2C3F30723012B2ED0022BAF
:102FD000DDD11BE063680BB9FFDFFEE720469847B1
:102FE0000020D4E763680BB9FFDFFEE70B222A70ED
:102FF00001221988AA706A710022A5F80310AA712B
:10300000627A1869EA7104F0CEF904203B6BA3429E
:1030100001D100233B6300283FF47DAF08E0114B52
:10302000294620461B689847034648B9267270B166
:1030300003B0F0BDFFDFFEE7FFDFFEE7FFDFFEE7E7
:103040000220E3E709B9FFDFFEE70020ACE7002B31
:103050007FF461AF6CE700BFDC080020E0080020CF
:10306000F0080020280D0020014B1860704700BFB9
:10307000240D00201346027A0AB1FFDFFEE70A465C
:1030800001460148FFF722BFE00800200222FFF7B7
:10309000F1BF00000346064890F834203AB190F89A
:1030A0002C2022B9034900F8243BFFF7EFBF7047FB
:1030B000DC080020BD2D07000322FFF7DBBF042240
:1030C000FFF7D8BF0A46037A0BB1FFDFFEE70146E0
:1030D00007230148FFF7FABEF00800201346027AE2
:1030E0000AB1037270470A4601460148FFF7EEBE77
:1030F000E00800200222FFF7F1BF012903D10E30C2
:10310000C00080B27047022902D10F308000F8E77A
:10311000FFDFFEE7A0F5A17011230B700388A1F873
:103120000330838FA1F80530B0F84030A1F80730A4
:10313000C38FA1F80930B0F84230A1F80B307047C6
:1031400030B587B004460D46FDF7C2FF78B36FF483
:10315000A57369461C4424882046FEF7BAF908B1D5
:10316000FFDFFEE7BDF8063003A8ADF80C40ADF870
:103170000E30BDF80830ADF81030BDF80230ADF8B3
:103180001230BDF80430ADF81430FEF7A0F908B1E4
:10319000FFDFFEE7ADF80C009DF80C30002063F374
:1031A00007009DF80D3063F30F2007B030BD2B46AC
:1031B000162203F8032BD4F80920C5F80320D4F80D
:1031C0000D205A60B4F811201A810423ADF80C3098
:1031D000E2E740687047C08A70478A880B8910B55B
:1031E000CC884988A0F85440A0F85010A0F852208C
:1031F000A0F8563010BD8383BDF8003001834283B0
:10320000C38370471B234FF01B12838403848261A6
:103210008382C260038539B94FF4A473034AC3841F
:103220004384C261C3820261704700BF4801480104
:1032300003460846F0B4B3F85420B3F84840B3F856
:1032400056109442B3F84460DF8F28BF1446B3F899
:103250004C20B3F842508A42DC8728BF0A46B3F8B4
:1032600046109142A3F8422038BF1146A64238BF0B
:103270002646A742A3F84610A3F844601FD1AA1A15
:1032800018BF0122B3F84A50B3F85040B3F8527057
:10329000A5429E8FB3F8401028BF2546B3F84E4094
:1032A000BC429D8728BF3C46AE42A3F8404002D1B5
:1032B000A14200D12AB10449F0BCFFF71BBF012293
:1032C000E0E7F0BC704700BF153107000B8BA2F898
:1032D00009001046A2F80B304B8BA2F80D308B8BF7
:1032E000A2F80F30CB8B0249A2F81130FFF7E4BEF1
:1032F00041310700C28B08B50346408C824228BF8B
:103300000246187AFFF7F9FE5B89934228BF1346FD
:10331000984238BF184680B208BDF8B507460E4639
:1033200080891946FFF7E9FE054638461446FFF73F
:10333000E1FF85429DF8181028BF0546B88AFFF7BF
:10334000DCFEFB8AADB2834228BF0346A01D9BB2C0
:1033500030442B441844F8BD07B590F8693000227A
:1033600096213030009390F83830FFF7D6FF03B045
:103370005DF804FB38B514460D4619469634FFF740
:10338000EBFF2044A84294BF281A002038BD38B56E
:103390000D4611460446FFF7DFFF2844606338BD41
:1033A00001F19C0383423DBF9C38401A4008002035
:1033B00070470000094AD2E90003434083EAB01194
:1033C00081EA43214FEAF34311605360044B5843B1
:1033D0004FEAF06000EB8000704700BF1409002046
:1033E000BB79379E094AD2E90003434083EAB01112
:1033F00081EA43214FEAF34311605360044B584381
:103400004FEAF06000EB8000704700BF980000209A
:10341000BB79379E10B50A4C0821094803F0D4FE49
:10342000D4E900321343F7D0064CFFF7DBFF2060EE
:10343000FFF7D8FF236860601843F6D010BD00BFC7
:10344000980000201409002000F05503400800F007
:103450005500034403F033009B0803F03303034497
:1034600003F00F0000EB131070474368002283F84D
:10347000882083F8C220A3F8BE207047436800224A
:10348000A3F8C42093F8C620013283F8C620704701
:10349000426892F8C630013B5BB2002B82F8C6301E
:1034A00001DAFFDFFEE77047436883F80B1183F80A
:1034B0000A217047A0F10A03042B0CD9A0F147039D
:1034C000012B08D9A0F12403322818BF062B94BF82
:1034D000012000207047012070474268936F10B5AB
:1034E00013F0080408D143F0080382F80811936729
:1034F000FFF7C4FF204610BD0120FCE7174B184A18
:103500009A60184A5A60184A1A60184A9A62184A09
:10351000DA62184ADA60184A9A61184A1A63184A35
:103520001A62184ADA64184A9A64184A5A62184B9E
:10353000184A9A60184A5A62184ADA62184A1A6196
:10354000184A5A61184A9A61184A1A63184A9A64C2
:10355000184ADA64184A9A63704700BF2C0D00209D
:10356000E1370700113807007D380700A93A070046
:10357000813B0700D93A0700973B0700B13E07009F
:103580006D3C0700DB3D0700F73D0700B93C070035
:103590002C0E0020FD370700B53D0700B93B0700A2
:1035A000653B0700D53B0700ED3B0700413F0700A7
:1035B000253E0700173E0700A13D0700044B054AC2
:1035C0005A65054B054A1A65054A5A65704700BF9A
:1035D0002C0D0020213907002C0E00200D3907008A
:1035E00087390700054B064A9A65064A1A66064B54
:1035F000064A9A65064ADA65704700BF2C0D00201E
:10360000B11D0700531E07002C0E0020DD1C070013
:10361000D31F0700023A08B5152A78D8DFE802F070
:103620000B7717797927772977792F3B3F7777437E
:103630007979575770700378012B436802D193F85A
:10364000103101E093F8193102204B700EE042680E
:10365000D2F8CE31C1F80130D2F8D231C1F80530FC
:1036600043680D20D3F80431C1F8093008BD436820
:10367000E5E700F077FB0028F8D1FFDFFEE7102335
:1036800006204B7059238B700023CB700D230B71D8
:1036900031234B71EAE7436893F80A31D4E70846CF
:1036A00000F04EFBE7E70278436852B993F8102127
:1036B0003AB193F80D214A7093F80C3103208B70C6
:1036C000D4E793F80B214A7093F80A31F6E7426881
:1036D0000920B2F854304B701B0A8B70B2F81231CB
:1036E000CB701B0A0B71B2F850304B711B0A8B71F7
:1036F000B2F8103192F810211B0ACA710B72B5E7AB
:10370000436893F826214A7093F82731D6E7FFDF04
:10371000FEE70120AAE700003F289ABF024B53F8BA
:1037200020000020704700BF2C0D00203F289ABFCA
:10373000024B53F820000020704700BF2C0E0020E1
:1037400030F8023C73B504460D4630F8A26C63B104
:1037500001226846ADF801608DF80020ADF8033015
:10376000FDF7A2FD08B1FFDFFEE70823A5F803601F
:103770002B70002354F88E0CAB70637A6B7103F0DE
:103780001CFE08B9FFDFFEE7042002B070BD000098
:10379000F7B5456804464FF6FF772E690DF1020133
:1037A0000DF101023046ADF8027003F0ADFD01A944
:1037B000304603F0CBFD40B1019803F098FE6168FC
:1037C00000220272FFF77EFCE8E7044905F1A2003F
:1037D00003B0BDE8F040FFF76FBC00BF4137070002
:1037E0004368002093F88A20063A012A81BF4A786C
:1037F00083F88B20062283F88A207047426892F86B
:103800008A30063B012B84BF072382F88A30704739
:10381000426870B592F88950F5B9CB88B2F87E60ED
:10382000A2F86C32013B9B1B47F6FD769BB2B3427C
:1038300006D9282382F8AB30FFF7AAFF284670BDCF
:10384000D1F80130C2F86E324B7982F872320A2216
:10385000436883F88920F1E70125EFE70B4606224C
:1038600003F8032BD0F80920C1F80320D0F80D206D
:103870005A60427C1A720023CB707047436870B55F
:1038800093F8895006460C46002D3DD12946204626
:10389000FFF7F0F928B921783046BDE87040FFF70E
:1038A0001CBE72686389B2F87E10A2F86C32013BCC
:1038B0005B1A47F6FD719BB28B4207D9282330462D
:1038C00082F8AB30FFF764FF284670BDA38840F252
:1038D000E2414B43C2F874326378C3EB431003EB0D
:1038E000800303EB83035B00A2F86E3263884B43D3
:1038F000C2F87032E388A2F878322389A2F87A32CB
:103900000D2382F88930DFE70125DDE7436893F86E
:1039100088200AB1FFDFFEE7212283F88820704764
:1039200073B5456806460C4695F88830213B022B56
:1039300027D8B1F805101A291CD9B4F80730B3F507
:10394000A47F17D3B4F801201A2A13D9B4F80300BE
:10395000B0F5A47F0ED3009005F13000FFF74BFCCB
:103960007168284601F5A171FFF762FC06217068B5
:1039700001F060F9002085F8C20085F8880002B0E7
:1039800070BD0120FBE74268936FD90610B504466D
:1039900001D4FFDFFEE7990601D5FFDFFEE723F044
:1039A00010039367FFF774FD60680621BDE81040BF
:1039B00001F040B909230B70D0F80930C1F802308A
:1039C00070470B460A2203F8022BB0F809204A8000
:1039D000C27A9A7070470000F0B5044685B00D4673
:1039E000FF2600F8A56C10F8A63CE3B1164F3B7813
:1039F0000BB1FFDFFEE70C21381D03F0E5FB3E7045
:103A0000002304F8A53C07232A4602F8033BD4F818
:103A10000930C5F80330D4F80D305360D4F81130B4
:103A2000936005B0F0BD01A80C2103F0CDFBA4F517
:103A3000BC73039A1A6001AB03CB44F8AE0C44F894
:103A4000AA1C04F8A66CDBE71C09002010B5054C85
:103A500023782BB90C21201D03F0B6FBFF23237024
:103A600010BD00BF1C090020024690F8D631BBB93A
:103A700090F8D73103F0FF010BB100207047094BDC
:103A800018780028F9D01970D9680433C2F80411E5
:103A900003CBC2F8CE01C2F8D211FF2382F8D6318F
:103AA000012070471C09002038B54368054693F88B
:103AB000894034B1113C0F2C8CBF012408242046CE
:103AC00038BD93F88E30002BF9D0FFF7D7FC6B6828
:103AD000112283F88920F2E7426838B592F88930DC
:103AE00004460D463BB1132B05D0113B0F2B8CBF69
:103AF0000120082038BD92F8C83013B92046FFF7DE
:103B0000BDFC6268D5F80B30C2F8C631D5F80F306D
:103B1000C2F8CA316368D5F81320C3F800211A88A7
:103B2000A3F88522D5F80120C3F88722D5F805200F
:103B3000C3F88B226368B5F80920A3F88F22636865
:103B4000002583F8D6516068054900F51F70FFF71E
:103B50009DFA63681622284683F88920CAE700BFC9
:103B6000D9390700436893F88920162A01D0FFDF6E
:103B7000FEE7012283F8C720182283F889207047C6
:103B8000436893F88920122A05BF132200200220DF
:103B900083F889207047436810B593F8893004464C
:103BA0001C2B07D1FFF774FC63682022002083F8E8
:103BB000892010BD0220FCE7436893F88920112A70
:103BC00001D0FFDFFEE7012283F8C720122283F82D
:103BD00089207047436893F88920182A01D0FFDFB5
:103BE000FEE71C2283F889207047000038B543683F
:103BF000044693F88920202A01D0FFDFFEE7002247
:103C000093F8C8101D8803F29F1083F8C72069B18C
:103C10000B4983F8C820A3F8A95183F8A821FFF71E
:103C200035FA6368002283F8892038BD012283F8C1
:103C3000A811A3F8A951034983F8AB21EFE700BF0E
:103C4000C3390700B53907000B46052203F8032BDB
:103C5000D0F80920C1F80320D0F80D205A60B0F840
:103C600011201A81C27C9A727047000038B54568ED
:103C7000AB6F13F0010419D1D1F801200C4BD1F82E
:103C8000051013400B4AC5F8D830C3F307630A4048
:103C900043F00803C5F8DC2085F8DB30FFF7EEFBC6
:103CA000AB6F204643F00103AB6738BD0120FCE752
:103CB0002FC904F76FDB0080406810B590F888309A
:103CC000042B28D1D1F801304A1CD1F80540C0F8A6
:103CD000D830C3F30763C0F8DC4043F0080380F832
:103CE000DB30002380F8C23080F8883090F88131D2
:103CF00003F0FF040BB1002010BD038800F279101F
:103D000044724381D1F801300449C36053680361B0
:103D1000FFF7BCF9EFE70120EEE700BF493C0700E1
:103D2000406890F8813143B9038800F27910034963
:103D300043811A234372FFF7A9B97047493C070032
:103D400010B50446FDF70CFF044A054B024009205C
:103D50000B40C4F80120C4F8053010BD2FC904F78A
:103D60006FDB008037B50C464568FDF7F9FE0A4B5E
:103D70000A4A03400A4095F8D81000930B4001927C
:103D80008DF800306B4603CBC4F801000920C4F85D
:103D9000051003B030BD00BF2FC904F76FDB0080F2
:103DA000436893F888200AB1FFDFFEE7042283F816
:103DB000882070474268936FD90701D4FFDFFEE780
:103DC00023F001039367FFF763BB0C230B706FF4C1
:103DD0009C73184403884B8070474368002093F815
:103DE00088200F2A01BF002283F8B62083F8C22062
:103DF00083F88820704738B54568AB6F13F004042A
:103E000007D1FFF73BFBAB6F204643F00403AB67E2
:103E100038BD0120FCE74268936F23F004039367E9
:103E2000FFF736BB436893F888200AB1FFDFFEE74F
:103E30000F2283F88820704710B5D0E90D42A242C6
:103E400006D30B8C121BC98D05334B43934202D30F
:103E5000012380F83E3010BD38B5DB04154604D58B
:103E6000837D13B10023436338BD446B0134446345
:103E7000FFF7E2FF836B9C42F6D3002303494363C1
:103E800005F10D00BDE83840FFF734B9CB3D070020
:103E900001230B7000238B7030F8CA3CA1F803306B
:103EA000437A4B714389CB8083890B817047000033
:103EB00038B54468054694F88830012B02D0A36FCA
:103EC000980738D494F8C9309A0713D44A78D80799
:103ED00084F8D3204A88A4F8D4208A88A4F8D6206D
:103EE00043F0020284F8C9200DD5144904F1CA0038
:103EF000FFF700F994F8C930D9070FD4A36F9A07D8
:103F000006D5FFDFFEE794F82A31002BEDD1F1E76B
:103F100043F002032846A367FFF7B0FA94F888300D
:103F2000012B4FF0000301D0002038BD84F8883009
:103F300084F8C230F8E70120F7E700BF913E0700A0
:103F400010B5446894F8C9309A070CD494F88830B6
:103F50000BB1FFDFFEE70122A4F8BE3084F8882011
:103F600084F8C22010BDA36F9B0705D5FFF790FA18
:103F7000A36F23F00203A367002384F82A31F1E73B
:103F800015230B70D0F80930C1F8033070477F2338
:103F900007B50DF107008DF80730FAF7B7FB9DF96B
:103FA000070003B05DF804FB38B544680546FFF729
:103FB000EEFF7F28014684F883003DD094F89E20D0
:103FC00094F985006B6884F884200A1A93F86D5080
:103FD00012B2002AB8BF524292B2AA422CD3FF2D8D
:103FE0002AD094F886200132D2B284F8862093F841
:103FF0006E50954201D37F281ED1002284F885108F
:1040000084F8862093F86C20012A15D193F8342186
:1040100092B91A8803F596700849A3F8352194F8E7
:10402000832083F8372194F8842083F838210222F2
:10403000BDE83840FFF71EB838BD00BF813F07001C
:1040400010B50B7901284C790A6843EA042110461F
:1040500008BF41F4803110BDF0B51F4D00242B780E
:1040600014709BB1013B6D68DBB21E1B012E0FDC8F
:1040700005EBC40655F8347076688E4208BF874257
:1040800027D0B84271EB060612D214700020F0BDA2
:104090001E197710C6F3470655F837C005EBC70E53
:1040A0008445DEF804708F412CBF33463446DCE78C
:1040B00005EBC30455F8335064688C4208BF854251
:1040C00006D0A84271EB040428BF01331370DDE76A
:1040D0001C4601201470DAE72C09002010F00702BA
:1040E00001D0FFDFFEE718B1024B197258601A7059
:1040F000C80070472C090020014B00221A7070473D
:104100002C0900202DE9D343FFF79AFF0DF1070298
:1041100007460E46FFF7A0FF90B90F4C2378227A8E
:104120009A420ED0626819469DF807E002EBC30080
:104130008E4509D302EBCE020133C2E9007623702B
:10414000012002B0BDE8D08350E90289013960E85E
:104150000289C9B2ECE700BF2C09002007B5FFF7C0
:104160006FFF0DF10702FFF777FF03B05DF804FB67
:1041700008B5FAF7D1FB00F544404FF47A734930A3
:10418000B0FBF3F0BC3008BD10B5044690F86900F0
:10419000FFF7EEFF012201462046BDE81040FFF781
:1041A000F6B8000038B5084B4FF47A720C4653F855
:1041B00020303C3403F52243B133B3FBF2F52C44F9
:1041C000FAF7A2FB204438BD545B06002DE9F04FFE
:1041D00004468BB00E461746984690F86990FDF756
:1041E000E7FC834694F87200FEF768FB834494F87A
:1041F00089A01FFA8BFB87BB94F88730032B2CD147
:10420000BAF10D0F29D1B4F86C32B34225D1D4F8EC
:10421000F0312046B4F8C421C4F8E031A369C4F8F1
:10422000E431B4F862321344C4F8E83102F01CFE01
:10423000D4E99C23A262B4F86E22A361A285D4F8CB
:104240007822226241F64B5293428CBF0023012315
:1042500084F87130022384F88730B4F86052B4F8DF
:104260007EE0751BA6EB0E0E2DB20FFA8EFE002D12
:1042700010DA7546D4E99223C4E99623012294F812
:104280008730032B00F26A81DFE813F00600FC00A0
:1042900052001B014246F2E701210020FEF7F8FA26
:1042A0008146A06A5946484405F0EEFC5946C4F8D8
:1042B000EC01A06905F0E8FC07A9C4F8F00108A822
:1042C000FAF74AFA079B0093DDE90823D4E996013F
:1042D00005F0DBFD83462046FFF756FFD4F8643235
:1042E00094F86900A56A0393FAF716FB039B00F59F
:1042F0002240D4F8EC111D44B1304FF47A735C3D88
:104300006D1A3031B0FBF3F04D44A38DA5EB0B05D6
:1043100003EB41012D1A94F86900FFF743FFD4F82D
:104320006432C4F8F401EB1ACC2B54D8FFDFFEE75B
:10433000A36A5946D4F8E401184405F0A5FC59468F
:10434000C4F8EC01A06905F09FFCC4F8F001204618
:10435000FFF71AFFA36AD4F8E4511D44B4F8C4313E
:10436000002B40F08B80B8F1000F00F0878094F8AC
:104370006900FAF7D1FAD4F8EC11D4F8503200F50C
:1043800022406D1A94F86920B1305C3D1D448C4B7D
:1043900053F822304FF47A7203F2E733D4E992BC37
:1043A000B3FBF2F3B0FBF2F0A5EB0B051D442D1AA5
:1043B000D4F8E031D4F8E82194F8690002FB031145
:1043C000A38D303103EB4101FFF7ECFE0123C4F86C
:1043D000F40184F88730A36904F50C79A3F1E50BA7
:1043E000D4F8F031ABEB030B0023834584F8303273
:1043F000D4E9963228BF834604F130005B19C4F833
:10440000C0B142F10002C4E99032FEF7E2FE04239B
:104410005844A4F8606284F83932C4F83402D4E90C
:104420009023C4E99623B4F8B0319B1B1BB2002B38
:10443000D4BF00220122BAF10D0F4FEA420284F8E4
:10444000382200F08D80B8F1000F40F08C8094F895
:104450008730002B00F0A380A1694846D4F8F031E2
:10446000C91AFEF7C5F980B2002800F09880149BA5
:1044700003B1188001200BB0BDE8F08FD4F8EC1127
:104480006D1A95E7D4F8F001A369B4F8C4111B1AAA
:10449000D4F8E8217144D4F8E0C15D43D4F8EC319C
:1044A000891A303301390CFB023300FB0133A18D33
:1044B00094F8690001EB4301FFF774FEC4F8F401BE
:1044C00089E7D4F8F0B1A369A3EB0B035D4394F83B
:1044D0008830292B03D094F88930292B09D1B4F8DE
:1044E0006C32F31A1B0404D494F86F32002B18BFFB
:1044F0009946B4F8C4C14AB3BCF1000F26D1D4E93F
:104500009410D4E992238A4273EB000001D3FFDFB9
:10451000FEE794F869205C39294B4FF47A7053F820
:1045200022300393D4E99223CDE90423039B03F2C1
:10453000E732049BC91A039B03F52243B2FBF0F256
:10454000B1331144B3FBF0F3C91A0D440CEB0E0167
:1045500048460BFB01F130314900ADE7FFDFFEE7D4
:10456000B8F1000F1BD0B4F8D80100B3B4F8DA11D9
:1045700094F8DC214D1CA4F8DA1101FB02229042D0
:104580000DDD002B0BDD0023A4F8DA5184F838325E
:10459000FEF710FF00F00700013084F8DC01494607
:1045A00004F5027006F0EAFC18B9FFDFFEE70146E9
:1045B000DEE787F0010784F8007200205BE700BFA8
:1045C000545B06007FB5044608B9FFDFFEE7052906
:1045D00000F2BD80DFE801F003B52C27BBB090F8F6
:1045E0000032B0F87E20ABB1B0F8FE31934208BF84
:1045F000B0F8B4319A1AA0F8B621A4F87E3020465B
:10460000D4E99023C4E9922302F044FB94F8BB312F
:1046100004B070BDB0F8FC319B1AA0F8B631B0F808
:10462000FC319BB2E9E704B0BDE87040FAF7A0B8EE
:1046300005F023FCD4E99223801A61EB03010128E1
:1046400071F1000301DAFFDFFEE76FF0010383423F
:104650004FF000038B4101DAFFDFFEE7A3690BB1E6
:10466000B0FBF3F394F88910B4F8FE210D2932D190
:104670000132A4F8FE21B4F8623202AEB4F87E50E2
:104680000133A4F86232B4F8BA301D44B4F8B8303B
:10469000013DED1AADB2B4F8FE116B1A180435D411
:1046A0000023204600961A46FFF790FD0128AFD15F
:1046B000B4F8FE21B4F8B011BDF808301344521A12
:1046C00012049BB204D5EA1A12F4004F18BF0B462D
:1046D000A4F8FE31DFE7B4F87E100B449BB2D11A88
:1046E0000D044BBF013301329BB293B2A4F8FE31EB
:1046F00094F80132002BBED1B4F8B431B4F8FE21E5
:10470000934204BF0133A4F8FE31B4E794F88C302F
:1047100030460394002B14BF08233E2384F8AB30AB
:1047200001238DF80830FFF733F8204601F050FFE1
:10473000002384F887306BE704B0BDE87040FCF7D5
:104740005BBA90F88730042BF2D0FFDFFEE7FFDF83
:10475000FEE7002313B51A4680F88730A0F86032D0
:10476000194600930446FFF731FD08B1FFDFFEE76D
:104770000123C4F8E801C4F8E00184F88730A4F804
:10478000FE01A4F8FC0184F80102B4F87E30A4F81C
:104790006202013BA4F87E3002B010BD2DE9F8435F
:1047A0000E46044608B9FFDFFEE7052900F2A680A1
:1047B000DFE801F00376413DA42E05F09BFCC4E93F
:1047C0004401204601F07CFAD4F80401A43805F035
:1047D00056FB204601F09FF9054600BB01462046E6
:1047E00001F04FF800F1AE06D4F80401B04209D24E
:1047F000301A0321192838BF192005F050FC60B188
:1048000005F03FFBC4F80461204601F06DFA45B1A4
:104810002046BDE8F84301F068BA0125F2E700251B
:10482000F2E7D4E94423C4E93E23BDE8F883BDE8B8
:10483000F843F9F79DBF01F02FF80423814688461D
:1048400084F8093105F019FB07220F46A9FB023154
:1048500002FB0811D4E93E525B1941EB0205D4F882
:10486000E0203AB159EA080204D0984277EB0502F9
:1048700028BF012684F80861D4E94626121A66EB9F
:10488000070694F8281139B9012A76F100010BDAEC
:10489000204601F02DFA03E0012A76F10006F7DB4D
:1048A000002384F82031C0E7984277EB05010FD24E
:1048B00059EA08080CD01B1A65EB07019A4276EBFF
:1048C000010005DB012B71F10000A4BF1A460E4662
:1048D0000B49012304F1B800914284F821314FF0D3
:1048E000000384F80031B341B8BF0A4604F5807173
:1048F00006F0F2FB002898D1FFDFFEE7FFDFFEE7BE
:104900000040420FD0F8E000704700002DE9F84366
:1049100004460E46154690F8203103F0FF07002BA1
:1049200040F08E8000F1B80839467822404607F002
:10493000ADFB22464349404606F01AFBC4F8E0604E
:10494000FF2384F8203166B1FEF74CFD00F007002C
:1049500032463D49013086F8DC0106F5027006F06A
:1049600007FB40F20243A4F80831002384F8003129
:1049700005F0DEF900F14906204601F0CCF80146C9
:10498000B6B298B3FDF714F900F5CD61284689B2A7
:1049900005F07AF92844AE3DC4F8040105F06DFA3B
:1049A000301841F10001C4E94401012084F8E40019
:1049B00001F08AFA2D1AC4F8E8504FF0FF356FF075
:1049C00000414046D4E94423C4E94651002504F59A
:1049D0008071C4E93C23C4E93E2384F8215142F2AA
:1049E000107206F079FB20BBFFDFFEE72046DFF800
:1049F0005C9000F046FFAE30C4F80401B9F8000046
:104A000048B1E08B38B1FEF7EDFCB9F80030B0FBEF
:104A1000F3F202FB1300064405F02FFA361841F1B9
:104A20000001C4E94461002DC7D0AD1941F1000176
:104A3000C7E72946204601F083F93846BDE8F883E8
:104A40000C27FAE79D470700C545070044090020E9
:104A500038B5044690F820319BB1FF2380F8283107
:104A6000012101F06DF994F8203153B104F1B8053A
:104A7000284606F0E3FA284606F015FB002384F8E2
:104A80002031002038BD0000F0B5002385B0CDE90D
:104A9000003301238DF80630684602F0AFFF70B195
:104AA0000123114EB3700023CDE9023302A802F0B6
:104AB000A5FF044638B10023B37005B0F0BD0098DF
:104AC000FFF7C6FFE8E7029D95F88730002BEDD091
:104AD00005F50277384606F0B1FA384606F0E3FAF3
:104AE00085F88740E2E700BF44090020044B00221C
:104AF000DA709A7042F210721A80FFF7C5BF00BFD9
:104B000044090020014BD870704700BF44090020C1
:104B100008B590F8282142B990F8E42042B1D0E9D4
:104B20003A31994202D901F0E3F80022104608BD5B
:104B30000122FBE708B5F9F76FFB044B5A68824284
:104B40002ABF9878002080F0010008BD44090020A9
:104B500082694FF4C271006B904208B528BF1046BD
:104B6000FEF71EFC40F64803984228BF184680B264
:104B700008BD7FB5044690F8BB3103F0FF05002B5C
:104B800056D190F88730032B52D105F076F9D4E94D
:104B90009223801A61EB0301012871F1000347DBC6
:104BA0006FF00103834275EB010101DAFFDFFEE7DD
:104BB000A269B4F87E300AB1B0FBF2F201331344BB
:104BC0009BB2A4F8FC31B4F8B431B4F8FC219B1AC0
:104BD0001BB2002B2CDD04F5027006F02FFA38B35F
:104BE000FF2384F80132B4F8BA300DF10E06B4F8A0
:104BF0007E501D44B4F8B830013DED1AADB2B4F8A2
:104C0000FC31EB1A1B0413D4B4F8FC11002301226D
:104C1000204689B20096FFF7D9FA012808D1B4F8E6
:104C2000FC31BDF80E2013449BB2A4F8FC31E6E73A
:104C300004B070BDF7B5044606296FD8DFE801F06F
:104C400004241222282D6900354B9B7803F0FF02C3
:104C500043B900920123B0F8B411FFF7B7FA20B1BD
:104C6000FFDFFEE7042384F88730F9F761FC06F0E4
:104C70006FF90023B4F87E20A4F86232A4F8FE2174
:104C800084F8013203B0F0BD032380F88730F9E7E0
:104C9000F9F7E6FAC4E99401F4E790F86900FFF740
:104CA00067FAA569D4F8F0311D4F9D4288BFED1A0F
:104CB000FB7898BF00251BB9236B9D4228BF1D467A
:104CC000D4F8C06104F13000FEF783FA06440220F4
:104CD00005F0BEF90221AD1B25EAE575854228BF26
:104CE0000546284605F0DBF910B12E4405F0C9F859
:104CF00001234FF4807231462046FEF73BFBD4F887
:104D0000C0317860A069184403B0BDE8F04005F0F8
:104D1000B6B803B0BDE8F040FFF736BAFFDFFEE7F4
:104D2000440900202DE970430C461546EAB9F9F70D
:104D300073FA84F8E4500646D4E9448984F8205193
:104D40000121D4F8E000FDF7F8FDD4F8E000C0E957
:104D50009289C0F86462C0E99689FFF7FAFCF9F716
:104D6000E7FBBDE8704306F0F3B8FFDFFEE770B580
:104D7000044619B101297BD0FFDFFEE700F08CFD6E
:104D800094F8213105460E46DBB150EA010318D0F4
:104D9000D4E93C32D4E94401C01A334661EB020144
:104DA0002A4607F01CF905FB01F300FB0633A5FBBF
:104DB00000021344D4E93C21121843EB0103C4E977
:104DC0003C23E38BEBBB0020D4E93C32ED184FF0E1
:104DD000000346EB02062D1840F2024284F800312F
:104DE00046F1000684F82131A4F80821C4E93C56B4
:104DF000C4E9445694F8283103F0FF01DBB96FF0A1
:104E00000043D4E946029A4208BFB0F1FF3F25D0E3
:104E10002046D4E9445600F034FDAE30D4E94632A1
:104E20005B1B62EB06021B1A62F10002002A15DA14
:104E3000204600F05DFFF9F77BFBBDE8704006F00F
:104E400087B8204600F067FE0028BCD1FEF7B2FA12
:104E5000E38BB0FBF3F202FB1300B5E704F58071BE
:104E600004F1B80006F08AF80028E4D1FFDFFEE77D
:104E7000002380F8E430DEE790F82001003818BF06
:104E8000012070470B46042203F8032BB0F80920D9
:104E9000A1F80320C27A9A7070470B46142203F8D7
:104EA000032BD0F80920C1F80320D0F80D205A6058
:104EB000427C1A72704700000378A0F8971080F8BF
:104EC0009630437C80F895200BB190F8263080F81E
:104ED00099308C300149FEF7D9B800BFC1530700A3
:104EE0000346074A1068D3F84920C0F80320B3F8F6
:104EF0004D20A0F8072093F84810FDF738BE00BFFA
:104F00004C09002038B510220B460C4603F8032B41
:104F100000F10902293052F8041B824243F8041BB5
:104F2000F9D1127800211A700123A588A3712846AF
:104F300002F02AFD40B1E37833B10021284602F0A7
:104F400039FD08B1FFDFFEE738BD000038B5C38C7E
:104F50000446194D0133C3F30E03C3842B7C2BB1DC
:104F6000F9F7C6FBF8F74EFF00232B7400232B71D3
:104F700094F861302BB101212046BDE83840FFF79D
:104F8000F6BE637CABB1E28C9A4212D3012120467B
:104F9000FFF7EDFE63882046DB0747BFA369432286
:104FA00043224FF6FF7148BF1988BDE83840FFF72C
:104FB00083BF0021E0E700BF4C09002010B5074C7B
:104FC0002379012B05D1237C1BB1F9F791FBF8F76D
:104FD00019FFA069BDE81040FFF7B8BF4C090020D9
:104FE0000346074A906903B909B9FFF7AFBF1379C0
:104FF000D26903F180431269023B52F8233018470B
:105000004C09002070B5234C2379012B01D0FFDF20
:10501000FEE798B90125237C1BB1F9F769FBF8F786
:10502000F1FE002D35D0A069FFF772FD60B3F9F7EE
:105030002FFAE369BDE870409B6818472168A269B0
:1050400011F8095B02F1490392F84820E809FDF7DD
:1050500049F80028DED000212068FDF7A7FD0028D0
:10506000D8D02379012B01D0FFDFFEE7237905F0AB
:105070000F01E26903F18043A0695269013B52F8D4
:10508000233098470546C6E7A069BDE87040FFF7A2
:105090005DBF70BD4C09002003292DE9F043054692
:1050A00085B0174607D14388980720D400242046AE
:1050B00005B0BDE8F083428890F86030D107DBB2DC
:1050C000F4D5002BF2D14FF00108DFF8D09099F819
:1050D0001060AEB1FDF794FA0828387013D002AA18
:1050E0000DF10701FDF774FA20B9FFDFFEE74FF07D
:1050F0000208EAE702A99DF80700FFF72FF8064625
:105100003B78082B08D1D9F8001011F8030BC0F335
:105110008010FFF723F80646D9F8001005F1500378
:1051200095F84F2011F8030BC0F38010FCF7DAFF5D
:10513000D9F80010044611F8030BC0F38010FDF7F6
:105140003DFA8146FDF7DEFA40B1B9F1080F1BD0F8
:105150004846FDF769F980F00103D8B23A78082A89
:1051600014D01CB9AC7DA21A544254416A8853072A
:105170009DD400289AD176B9EC7C444518BF002C08
:105180000CBF0124002492E70020E7E780F0010231
:105190002240D4B2EAE7344689E700BF4C09002038
:1051A0002DE9F04F85B00823052104460DF10702D3
:1051B0008DF80730FFF770FF064620B9002630460D
:1051C00005B0BDE8F08F7A4F396807F112037A7C99
:1051D00011F8030BC0F38010FCF784FF8046002811
:1051E000ECD13B6840F2E249A169184691F8902061
:1051F00010F8035B02EA55121D4602F0010281F825
:105200009020D3F80320C1F803208288A1F807205A
:1052100015F81F1BA269C1F38011917002A9D3F880
:105220001F00029028790871D3F80F00D061587DD3
:105230001D7D000440EA0520DD7C28435062B3F860
:10524000190082F8718009FB00F090619D7DC5EB2B
:10525000451005EB800505EB85056D009585B3F8D8
:10526000170009FB00F09062B3F81B001084B3F83C
:105270001D00508493F8243003F01F005B0982F86E
:105280009C0082F87230A56994F912A005F1900093
:10529000FDF7CCFB40F20113A5F868304FF0FF0B8F
:1052A00085F86AB0414605F13000FDF7ABFF514685
:1052B0002846FDF7FFFAA36984F86B8004F17601B4
:1052C0001A8884F889B0A4F86C204FF6FF729DF814
:1052D0000700A4F88A209A69B2FBF9F2A4F88220A8
:1052E0001A8CA4F884205A8CA4F8862093F8722093
:1052F00084F88820627D3AB394F84820012A23D1AB
:1053000094F84E2002F0C002402A1DD1D4F8492062
:10531000C4F87620B4F84D208A8008289A7803F1E2
:10532000030504F17C0184F86F2004F17002D3F8C6
:10533000033036D0E367AB888B8004F16F01FDF753
:1053400047F928B9FFDFFEE70022C4F87620E3E73B
:1053500094F86F3043F0020384F86F30154904F17C
:105360006200FDF793FEA369134904F19A001A88BD
:10537000A4F8A32093F8903084F8A530FDF786FEBA
:10538000A369002220461988FFF796FD0B4B0022E7
:105390001B683A71002B3FF412AF2146A069984771
:1053A0000DE72367AB8893800023E3678B80D5E705
:1053B0004C090020054F0700854E0700300F0020E4
:1053C0000A4638B50B46132102F8031BD0F8091022
:1053D000C3F80310417B1171DA7892B130F88A4C2E
:1053E00014F008040DD1B3F805502146284602F008
:1053F000CBFA30B12146284602F0DCFA08B1FFDFD3
:10540000FEE738BD032937B5044604D005295AD034
:10541000012003B030BD08230DF107028DF80730DD
:10542000FFF73AFE0028F3D0237C13B39DF8075012
:1054300094F8AE30EBB9237884F8AF30FEF7A7FDCF
:10544000082D04F1B10284F8B7002CD004F1B001AA
:105450002846FDF7BDF808B9FFDFFEE794F8B03045
:1054600043F0020384F8B0301B4904F1A600FDF7B5
:105470000DFE1A4D042220462B681A7006225A701F
:10548000FFF72EFD616B94F838202868FDF78CFB40
:10549000032328682B71F9F7AFF800212868F9F782
:1054A0005FFA0020B5E70D4B1868034613F8031B9D
:1054B000C1F3801184F8B010D0F80310C4F8B11013
:1054C0009B889380D0E7064B1B68002BE9D0984758
:1054D00080F00100C0B29CE79B4E07004C09002001
:1054E0002C0F0020F8B504460F4619B300F1200533
:1054F000284600F0A5FCA0B963881A072ED52846D7
:1055000000F0B3FC0646284600F09AFC301AC0B200
:1055100000F0DAFC474A936803442846936000F0A1
:1055200064FC284600F066FCF8F72CFF2179252062
:10553000F8F7A0FE3F4E002394F856203068037021
:1055400043706388103B0D2B68D8DFE803F0636776
:105550005F0C674467676767676767442046BDE815
:10556000F840FFF7F3BC0623437020230370204666
:10557000FFF7B6FC638823F008039BB2152B05D018
:1055800094F83020E16A3068FDF701FB3068F9F7E4
:1055900033F800213068F9F7E3F90223217900207C
:1055A0003371F8F7FBFE054607B9F06063881B0707
:1055B00004D500F065FC0544C4F8EC506388103B4A
:1055C0000D2B33D8DFE803F034322C2C322C32325E
:1055D00032323232322C0C2321214370034603F83D
:1055E000091B52B1D4F857200121C0F80920B4F8A2
:1055F0005B209A80FDF7C4FAB9E7226DC0F8092054
:10560000B4F854209A8094F84F10F3E706230370FF
:105610004370ACE7022303700623F9E7FFDFFEE7E0
:1056200021790120BDE8F840F9F77CB8FFDFFEE7FB
:10563000F8BD00BF4C09002038B543880446102B44
:1056400004D10121BDE83840FFF74CBF0B4D2B7C46
:1056500023B1F8F7B1FB4020F9F73EF82868F8F7D6
:10566000CBFF608810F0040002D12179F9F75AF8D5
:105670000020F9F70FF801232B7138BD4C090020E9
:105680000121FFF72FBFFFF7FBBF0000024B0121F5
:105690009869FFF727BF00BF4C09002070B504468A
:1056A000407D0E46134668B994F84800012809D198
:1056B00094F84E003F2805D804F14900BDE8704039
:1056C000FDF756B865883246A07D15F0040118BF75
:1056D00004F15701FCF7B0FF4107054621D4C2078A
:1056E0000BD50123A07D84F84830FCF7F9FF03684F
:1056F000C4F849308388A4F84D30AB0701D40120A9
:1057000070BD094B01211868D4F8573084F8561041
:10571000C0F80930B4F85B30A0F80D30FDF730FA6E
:10572000EDE70020ECE700BF4C09002010B5104C5D
:10573000237C1BB1F8F7DCFFF8F764FBA069FFF7E7
:10574000E7F970B12379012B10D12379E26903F1D4
:105750008043A069D268013BBDE8104052F8233075
:105760001847A069BDE81040FFF7F0BBFFDFFEE778
:105770004C09002090F86A300BB10120704790F876
:10578000A230002BF9D190F89400003818BF012006
:1057900070470000074810B5037903F0FF0433B9E0
:1057A00014222146043006F071FC204610BD0C2462
:1057B000FBE700BF4C09002010B50023074C237104
:1057C000FCF7BAF92060FFF7E5FF08B1FFDFFEE75D
:1057D000E3690BB9FFDFFEE710BD00BF4C090020F5
:1057E00037B50D464FF498720021044606F04EFC82
:1057F000FF2323701323638042F21073E38302F0CC
:105800000BFA00220146A062684602F034FAA06A50
:105810000022012102F07AFAA16A6846042202F00D
:105820002AFA0022A06A114602F070FA04F1200060
:10583000A57403B0BDE8304000F0BFBAFF23886A0A
:105840000B7002F015BA0000014B024ADA61704792
:105850004C0900205C5D0700034B044A1A60044BAE
:10586000044A1A60704700BF2C0F0020A1510700A6
:10587000300F0020254D07000078FF3818BF0120A9
:10588000704710B50446203000F0EFFA28226188F6
:1058900000F0FAFA6D3010BDD0E902017047C07C0B
:1058A000003818BF0120704701757047F8B5057DB5
:1058B0000446AF1EFFB2BDB3012F2AD800F150013C
:1058C00090F84F00FCF77AFE0828064621D0FCF736
:1058D000B7FDF8B9023D18BF0125012F84F84850E3
:1058E000A6758CBF002701276775FCF761FE05468A
:1058F00004F0C3FA0022134B84F85620E5FB0301A1
:10590000C4E9100111462046FFF7C8FE58B9FFDF71
:10591000FEE70826022D09D104F149010020FCF719
:10592000C7FB60B90020F8BD0826F5E704F149017E
:105930000120FCF7BDFB0028F4D00125CDE70025B0
:10594000CBE700BF40420F0070B50446807D0E4695
:105950001546082809D194F848303370D4F84930F6
:105960002B60B4F84D30AB8070BDFCF769FD0028AA
:10597000F1D10323F1E72DE9F04F07468FB00D4633
:10598000064606AC0FCF0FC497E80F0084E80F005F
:1059900004A800F012FAAB7A2F7D6C780093012FE7
:1059A0002B78C4F34008C4F38009C4F3C00AC4F3DD
:1059B000001BC4F34012019304F00103C4F38014EC
:1059C00003D0022F01D0FFDFFEE7697A04A8A4010B
:1059D000CDE9023200F0F8F9297DDDE90232022931
:1059E00044EA42142A7F0CBF697D012144EA030482
:1059F00002F1010208BF013144EA0B1408BFC9B229
:105A000044EACA04D2B244EA890444EA48090DF1DE
:105A1000100840464C4600F0D9F919F0080964D145
:105A2000404600F022FA2822214600F02DFA40F2EA
:105A30007122297900F2992395F803A0B3FBF2F3C0
:105A40004AEA012A697953434AEA014A02FB0AFAFF
:105A500053450CD9E97995F806A04AEA012A297A32
:105A60004AEA014A02FB0AFA9A4528BF9A46AB7CE9
:105A700095F818B002930BF1FF33B06AD3F1000B25
:105A80004BEB030B02F0BFF9B06A02F0CCF9019BBB
:105A90008DF81C7006AF8DF81830029BADF81A40D7
:105AA00034468DF82B30009B8DF828B08DF82C30C3
:105AB000CDE908A90FCF0FC497E80F0084E80F00C5
:105AC00098E8030030620020B184EB7A03F0FD0314
:105AD000003B18BF012386F84F30EB6833652B8AF3
:105AE000A6F854300FB0BDE8F08F4FF0000AD14651
:105AF000BDE74FF40043C38443881D2B08BF00213A
:105B0000417470478174704790F912007047408863
:105B100000F0010070478078C0F3C00070470000BB
:105B2000F0B5464E85B00446327902F0FF0312B953
:105B30000278FF2A01D1FFDFFEE7B36080F8613011
:105B40003F4B684604F1200500933E4B01933E4BCA
:105B50000293F3695B680393F8F746FDF8F7B0FB2F
:105B6000F8F7C6FDF8F74EF93848F8F701FC384861
:105B7000F8F734FD284600F038F9284600F03AF9E5
:105B8000F8F700FC21792520F8F774FB94F912004E
:105B9000F8F7E8FB04F12C01A06A02F0D2F80746FE
:105BA00004F13401A06A02F0F3F805461FB3237F25
:105BB0000BB3B4F92650ED43ED0F637D53B9638801
:105BC0005B0707D494F84830012B0DD194F84E3080
:105BD0003F2B09D86FF00043D4E910129A4208BF56
:105BE000B1F1FF3F0DD19DB930680330FCF712FDD4
:105BF000307405B0F0BD002DDFD0657F002DD8D109
:105C0000DBE704F03AF9D4E9102390429941EAD352
:105C1000012229462046FFF741FD50B1FCF7C8FCA0
:105C2000054604F02AF90B4BE5FB0301C4E910011A
:105C3000DAE7002DD8D0FFDFFEE700BF4C090020D7
:105C40002D57070005500700E14F0700D6BE898E8B
:105C50005555550040420F0073B50446FFF760FFED
:105C600000212046FFF73EFC6388DB0721D5002397
:105C7000114EA569CDE90033FF237374684601F026
:105C8000BDFEB0B9009CA542F8D005F10A036A7ABE
:105C900004F10A01607AFCF725FA0028EED0A37817
:105CA0007374D4F80330C6F81230044BB4F80720EC
:105CB0009A8002B070BD00BF4C0900205E09002030
:105CC000024B9861DB691B68184700BF4C09002034
:105CD00090F8483081614B72D0F84930C1F80A30F1
:105CE000B0F84D30CB8170477047FFF72FB90000F7
:105CF00043881A0710B504460ED583693C220F4924
:105D0000623042721B884381FF2380F827304FF6B0
:105D1000FF730385FDF7BAF963882046DB0747BFA9
:105D2000A3693C223C224FF6FF7148BF1988FFF758
:105D3000C3F8FF2384F8613010BD00BF054F070092
:105D400080F86010704701774277704781560700EE
:105D5000395607008756070005540700595C0700AD
:105D6000BD4F07008D5607004C5D0700505D0700D2
:105D7000585D07008278034612F0010002D0D978FE
:105D8000C90710D5900702D5D97889070AD512F02E
:105D9000040008D0D878C0F3800080F001008000B3
:105DA000C0B2704702207047C0F34002C0F38003C6
:105DB00000F001001344184470470023C0F802307B
:105DC00001234370037070478170704710B54270B3
:105DD000144601708078FFF7E7FF484304FB00F2A8
:105DE000FE2A01DDFFDFFEE710BD0023C370437113
:105DF0000371704710B50446FFF7BCFF6379627802
:105E00000133DBB29A4263710CD1E3780022A178AE
:105E100003436271DBB29942E37001BF2379E27000
:105E200001332371022805D0042805D0012805D0AC
:105E3000FFDFFEE7262010BD2720FCE72520FAE73C
:105E400038B504468078FFF7AFFF0146E078FFF7EA
:105E5000ABFF2378227965789B1A6B4359436379AA
:105E6000C91A00FB1510C0B238BD014608B58078CC
:105E7000FFF79AFF4A780B7853435843C0B208BDE6
:105E800040F2EE20704700000138022801D9FFDF00
:105E9000FEE7132905D811290ED8102908D0FFDFF5
:105EA000FEE71529FBD1074B03EB4003D888704769
:105EB000044B33F810007047024B03EB4003988902
:105EC000704700BF965D060040F25A335843704752
:105ED000436893F88920182A01D0FFDFFEE71E22CD
:105EE00083F88920704700000C4A0346117889B96D
:105EF000906833B9B0F85810828F91420AD8FEF7F3
:105F000019BE93891B0707D590F88A00073818BF78
:105F10000120704700207047012070476C09002065
:105F20002C4A034630B49489402B906844EA030419
:105F3000948103D1042130BCFEF77CBE802B01D1BB
:105F40000521F8E703F00304032C01D1FFDFFEE78E
:105F5000DD0706D50C6811612478062C10D00B2CB7
:105F60001AD09C0706D509680978052911751ED035
:105F70000B2928D09B0644BF0823137030BC704700
:105F800090F889401C2CECD100240025C0E938454C
:105F9000012480F88D40E4E790F88940122C01BF7D
:105FA000002480F88D40012480F8C840D9E790F89B
:105FB00089101829DED1002400250121C0E93A45C5
:105FC00080F88E10D6E790F889101129D2D10021DF
:105FD000F6E700BF6C090020436893F88920352A52
:105FE00004D1002283F88920FDF752BA182A03D180
:105FF0001E2283F889207047FFDFFEE7436893F88D
:106000008820092A0BD193F8091193F810219142A5
:1060100005D1002283F8882083F8C22070479A6F48
:10602000110704D522F008029A67FDF731BAFFDFA5
:10603000FEE738B50E38536814460D4693F88820AD
:10604000092840D8DFE800F0053F3F3F0F3F183FE9
:106050003F27042A05D12046FDF707FA2046FDF721
:106060005FFE002038BD0F2AFBD1002220461146DA
:10607000BDE83840FDF7B1BE212AF2D12046FDF738
:10608000F4F9002DEDD0626892F8D83023F02003A7
:1060900082F8D830E5E793F88920272AE1D1002556
:1060A000204683F88950FDF7F3F9636893F82431AB
:1060B000012B03D129462046FBF7B8FD6368002277
:1060C00083F82421CDE7FFDFFEE7000073B5044627
:1060D00040680D46836F13F0300F4AD1B1F80510B8
:1060E0001A2904D9B5F80730B3F5A47F06D2297868
:1060F000204602B0BDE87040FDF7EFB9B5F80120C9
:106100001A2AF4D9B5F80360B6F5A47FEFD330307E
:106110000096FDF770F8184B9A8992070DD51B7DF4
:10612000142B0AD16268936F43F0100393672046E3
:10613000FDF7A4F9002002B070BD636893F88820D1
:10614000212AEFD093F81B31002BEBD1636893F831
:106150001A31002BE6D16268936F114602F24B129E
:1061600043F0200331F8300B42F8D33CFDF7AEF892
:10617000DDE70120DFE700BF6C09002090F80E3159
:10618000FE2B01D0FFDFFEE7002380F80E1180F820
:106190000F3112B9A0F8C4207047A0F8BE30012317
:1061A00080F8C2307047000013B5044601A8FBF721
:1061B00027FF08B9FFDFFEE722220021019805F042
:1061C00065FF01992246064801F8034FFDF722FAC0
:1061D000FBF722FF08B9FFDFFEE702B010BD00BFEA
:1061E00070090020224B70B59C6894F86E3294F8C8
:1061F0006F22C3BB94F86800BABB94F8691084F8A6
:10620000680084F86910FF2184F86A1094F824115A
:10621000012901D0134303D000211648FBF706FDE6
:1062200004F130063046FCF7D4FF04F5A1710546B1
:106230002046FCF7FDFF20460621FEF7FBFC30461A
:10624000FCF7C7FF854204460BD203F057FF014617
:10625000601B192838BF192003F021FF10B103F08B
:1062600010FE012070BD1846C6E71146C7E700BF03
:106270006C090020700900202DE9F843684D06469E
:10628000AC68002840F08880AB891A072AD594F8BA
:106290000E31FE2B01D1FFDFFEE7FE2384F80E3125
:1062A00094F889301E2B06D184F8C700281DFDF70D
:1062B000EFF884F8896094F88830242B0AD194F898
:1062C0008930A3F12402062A29D9322B27D025238D
:1062D00084F8883094F88A30072B02BF02236B754C
:1062E00084F80E31AB89DB071BD4AB895F077BD405
:1062F000990740F18380287D0122AB680D2883F83F
:106300000F2178D0112800F08480072800F08380C6
:10631000FDF70CFA034600286ED1FFDFFEE73223BB
:10632000D6E7D5F80880296998F88930D1F8009027
:10633000113B99F800700F2B09D8BB1EDBB2092B5B
:106340006BD840F2333222FA03F3D80765D50979C6
:106350003846FCF779FC20B939463248FDF7BDF8DC
:106360003AE0012F01D9162F22D198F88800FDF7C5
:10637000A1F840B198F88830242B04D0252B07D100
:10638000322388F888303846FDF7C6F903461CE00A
:10639000162F14BF022620262B781B0705D594F84C
:1063A0008930113B0F2B98BF08263046BDE8F88393
:1063B000112F15D005D8072F14D00D2FE3D11A4B6C
:1063C00005E0142FDFD1194B1B68002BC4D02A69BC
:1063D0004946144812799847002886D00646DBE7DC
:1063E000134BF4E7134BF2E794F88A20062A04BF14
:1063F00001226A757CE7104B0A489847AB89DA0698
:10640000CAD594F889300A2BC6D10B2384F8893079
:10641000C2E70A4BF0E70A4BEEE70826BCE700BFED
:106420006C090020700900203F650700340F002030
:106430007D65070067640700D15E0700D95F07002C
:10644000FD5F0700837D63B9437CA3F11002032A3B
:1064500007D990F8500028B1202B8CBF00200120D4
:1064600070470120704738B504464878A0F10E0304
:10647000DBB2092B08D8012140F2512201FA03F5C1
:10648000154203D1082B06D0002038BD2246BDE8B6
:106490003840FFF7CEBD636893F88830252B01D0D4
:1064A000322BF1D12046FCF7E0FF636893F8892096
:1064B000262AE9D093F8D9201A21204622F0010299
:1064C00083F8D920626892F8D93023F0080382F863
:1064D000D930FBF7ABFBD7E7A0F10E030029DBB205
:1064E00008BF1F21092B70B5144607D8012540F2BB
:1064F00051269D40354203D1082B06D0002070BDA7
:106500000021BDE87040FFF794BD556895F88830CC
:10651000252B08D12046FBF789FB002385F888301E
:1065200085F8C230EAE7322BE8D195F88930A3F13B
:106530002402062AF1D9322BEFD02A21EAE70246BB
:106540004068497890F88830252B0FD0322B0DD039
:10655000042B0DD00F2B0DD0212B0DD090F88930AE
:10656000272B0CBF1720FE20FFF7B6BF1620FBE736
:106570000E20F9E71220F7E71420F5E702464068FD
:106580000B4690F8D81041F0040180F8D8109978A3
:106590005878FFF7A1BF10B50C46D1E9040101F00E
:1065A000F1FA94F887304BB104F50274204604F0F8
:1065B00045FD2046BDE8104004F075BD10BD00202B
:1065C000704708B5FCF79AFFBDE80840FDF73EBAF2
:1065D0000022A0F8882080F88C2090F8BB3113B1FD
:1065E0000221FEF727BB0321FBE700002DE9F84F4E
:1065F000B24F0E468046B989BC688D0504F1780A11
:1066000054BFB4F8B8200023504653BF0132A4F859
:10661000B83084F8BF31A4F8B820FFF713FF30B1C9
:106620000B4604F5967221465046FDF715FCBB89D2
:1066300003F4C0632BB194F88C30002B46D0032BAD
:106640004BD094F88C20BB89012A04D1180544BF93
:10665000022284F88C20B8F1000F40F09480590693
:1066600057BFB4F8D8214246013292B2A4F8D821DB
:1066700003F00A020A2A0CD13A7D022A09D123F03A
:1066800008033046BB81FFF7F7FD30430823C6B24D
:10669000BB813046FFF7F0FDBD68304395F80E3101
:1066A000C6B2FE2B3CD1DEBB95F88A30063B012BEF
:1066B00036D995F81831ABB195F81931012202217C
:1066C000A5F8BC6085F81031284628E1012184F83E
:1066D0008C102046FEF7AEFAB3E70223012184F8BE
:1066E0008C30F6E795F889B0ABF1100B5FFA8BFBB5
:1066F000BBF1100F40F2E680AB6FDA0702D53246ED
:106700000921E1E7980740F1928032460C212846A2
:10671000FFF734FD95F8C93043F0010385F8C9301F
:10672000B4F8B83194F8BC510133A4F8B831002D55
:1067300000F0E381FAF768FA10B10023A4F8B83149
:1067400094F88C10012940F20D8294F88A30072BBE
:1067500040F0EB81B4F8B830022B40F20382B4F879
:10676000BA500135ADB2B4F87E302B44A4F8B03144
:1067700094F8BD31002B00F0F9810123B4F87E209C
:106780001344A4F8B431BB89BD685B0657BFB5F8A4
:10679000C4310023B5F8B6219B1858BF9BB2A5F8A9
:1067A000C43195F8183123B995F88A30063B012B8E
:1067B00006D8B5F8BC30B5F8B6211344A5F8BC30FE
:1067C00095F8C21031B1B5F8BE30B5F8B621134412
:1067D000A5F8BE3095F9C620002AC1BFB5F8C4306F
:1067E000B5F8B6011B18A5F8C43095F8AB3063B9FD
:1067F000B8F1000F40F048827B7D022B40F0FD8114
:1068000095F81031062B18BF162395F8AA2022B947
:106810002B4885F8AB30FCF7BBFF2846FFF7D8FEC6
:10682000002384F8BB31BDE8F84FFBF711BC5907D2
:1068300002D53246132147E71A0706D595F80831E5
:10684000324685F8103107213EE713F0300F59D05A
:1068500095F81B31002B55D195F81A31CBB195F82D
:10686000893005F58D7105F26E22292B24D095F81B
:106870008830A3F12900434243412846FCF7ADFC90
:10688000AB6F23F0200343F01003AB67002385F8C0
:106890001A31AB6FDB0635D505F5A1712846FCF73B
:1068A000C7FCB5F8523000221521A5F81031B5F813
:1068B0005630A5F8123107E70123DEE76C09002006
:1068C00070090020D7F8089099F88930182B32D039
:1068D00013D8112B20D0162B24D095F88830002BFC
:1068E00067D195F88930103B102B6AD995F8B630EE
:1068F000002B66D001221221E6E6202BEDD1324694
:1069000006210BE0B86890F88930262B41D0352B52
:10691000E3D10022112102E032460B214846FFF765
:106920002DFCFDE64846FDF79FF800283FF4F8AE41
:1069300000220421F2E799F86832012B07D1324690
:1069400005214846FFF71AFC89F86862E8E699F8DD
:106950006832022BD9B27FF4E3AE99F8C83053B154
:106960000623324689F810314846FFF707FC00231A
:1069700089F86832EAE703210622B048FCF794FD63
:1069800099F8D830324613F0040F0CBF0D211121B5
:10699000EAE790F82431022B02D100221721BEE74A
:1069A00090F82431012B98D190F82531002BF4D0A8
:1069B00093E7092B05D195F80931012285F81031AB
:1069C00041E7BBF1100F7FF6ABAEBD6895F888903C
:1069D000B9F1000F7FF4A4AE95F82B313BB1012241
:1069E0000E212846FFF7CAFB85F82B91AEE795F8F4
:1069F0002A318BB195F8C93013F003090CD101226B
:106A00000C212846FFF7BAFB95F8C930134385F8E7
:106A1000C93085F82A9199E795F81A3133B395F87A
:106A20001B311BBB95F8893005F58D7105F26E227F
:106A3000292B19D095F88830A3F12900434243410E
:106A40002846FCF7CAFB002385F81A3101221421DD
:106A50002846FFF793FBB5F85230A5F81031B5F88A
:106A60005630A5F812315BE60123E9E795F82431A9
:106A7000012B7FF455AE95F82531002B7FF450AEF5
:106A800095F88930A3F12402062A7FF649AE322B0D
:106A90003FF446AE95F86800012803D0022801D0E3
:106AA000FFDFFEE795F86910012903D0022901D024
:106AB000FFDFFEE7022895F826210BD0012A14BF3C
:106AC0000022012242B90A3B042B7FF629AE0122A3
:106AD0001621F9E5022AF2E7022995F827210AD0C2
:106AE000012A14BF00220122002AECD000215348C1
:106AF000FBF79CF814E6022AF3E7FAF77FF808B1EF
:106B0000A4F8B851FAF788F800283FF419AE94F8C1
:106B1000BF310133DBB2022B84F8BF3182BF0023C7
:106B2000A4F8B83184F8BF310AE694F8B6301BB146
:106B300094F888300F2B15D1B4F8BA505046B4F8F9
:106B4000B830ED1A033DFFF77DFC68B1D4F8B030E2
:106B5000D4F8AC20033B9B1A9D42A8BF1D46012DD3
:106B60003FF700AE0125FEE52B46F5E7012D7FF648
:106B700004AE94F8893013B10B2B7FF4FEAD94F87A
:106B80008830002B7FF4F9AD94F88A30002B7FF425
:106B9000F4AD02297FF4F1AD94F8BF31002B7FF4FE
:106BA000ECAD2069B4F82E9000F007FC00283FF40B
:106BB000E4AD94F80E31FE2B7FF4DFADB4F8B231C2
:106BC000012B7FF6DAADB4F8B821238C9A42BFF4DA
:106BD000D4AD013D9B1AADB29BB2B5FBF9F59D4218
:106BE00028BF1D4605FB09F3003D03F1010318BF53
:106BF00001259BB284F8BA51C0E5012B09D195F863
:106C00008B30002B7FF401AE00212846FEF712F8EE
:106C100006E64EB1F00635D4310735D4B20635D488
:106C2000B30735D1FFDFFEE751B1B5F8BE10B5F8B7
:106C3000C030994204D32223E7E500BF7009002049
:106C4000002A05DDB5F8C420B5F8C0309A42F2D26A
:106C5000B5F8BC20B5F8BA309A420AD295F88C2023
:106C6000B5F8B83052B1B5F8BA209A42CCD808235A
:106C7000CBE595F81831002BDDD1EFE7052BC3D913
:106C80003E23C2E51E23C0E53D23BEE52323BCE52C
:106C90002A23BAE573B55B4B0025012204469860B0
:106CA0001A719D811D705D75FF2380F8BB31B0F8AE
:106CB000B231D3B190F80E31FE2B16D190F81831C5
:106CC0009BB190F88A30063B93420ED990F8193167
:106CD0000221A0F8BC5080F81031FFF74FFA80F87D
:106CE000BA510846FFF760FA03E094F80E01FE2857
:106CF000F8D1B4F8B61104F17806E38D0139B4F88F
:106D0000B821304689B2B1FBF3F31344A4F8B8318B
:106D1000B4F8B8300B44A4F8B830FFF793FB20B1B7
:106D2000D4F8AC300B44C4F8AC30B4F8B231002520
:106D3000012B9CBF0133A4F8B23109B184F8BF51D3
:106D400094F8893084F8BA51A3F10A02012A29D8AB
:106D5000B4F87E30B4F86C229B1A19043BD404F2C8
:106D60006E2104F19000FBF761FE84F88950FF2347
:106D700084F8C330B4F8B62121463046FBF79DFEB7
:106D800094F889302049113B204A0F2B8CBF0023F7
:106D9000012301931E4B00931E4B03C9F9F76EFEAE
:106DA00002B070BD292B16D1B4F86C22B4F87E3035
:106DB0009B1A1A040FD484F88950FFF713FA01467E
:106DC00030B984F8240102B0BDE87040FFF70EBC72
:106DD00084F82451CEE794F8883003F0FD03292B82
:106DE000C8D1B4F87E30B4F86C229B1A1B04C1D40D
:106DF000002384F88830FFF7F5F901460028B9D15F
:106E0000E1E700BF6C09002070090020215F070046
:106E1000ED650700E95E070038B50446084694F8BA
:106E2000683213B10C25284638BD94F88930162BEA
:106E300001D0182BF6D194F8843203F0FF05002B13
:106E4000F0D178B194F8D6310BB9FFDFFEE7052316
:106E500004F1F00204F5E37104F0BDFF012384F8AE
:106E60006832E0E70223FAE7D0F87432826993428D
:106E700010B5044604D1D0F87812026A914215D0B8
:106E8000228804F28D100F49A4F8972140F2E242C3
:106E9000B3FBF2F3A4F89931B4F87832A4F89B313B
:106EA000B4F87A32A4F89D31FCF724F90221204687
:106EB000FBF743FD002384F88930032384F88C30EA
:106EC00010BD00BF5D38070008B5FCF777FB024B2B
:106ED000024A1A6008BD00BF340F0020CD600700D1
:106EE000FCF780BB064A074B02604FF426725B78C2
:106EF00082800822C371002382710372704700BF31
:106F00009765070084090020064A074B02604FF48A
:106F100098725B7A82800822C371FF2382710372A8
:106F2000704700BF3D58070084090020094B07B592
:106F3000DA886846ADF800209A885B88ADF80420AE
:106F4000ADF80230FAF7F4FC08B1FFDFFEE703B05A
:106F50005DF804FB84090020F8B5C41D002805462F
:106F600024F007040CBF0020204600F0DBFB071EC6
:106F700002DA6FF00B00F8BD254EB188708803313E
:106F8000F3790330B27989B280B200F095FD002820
:106F9000EFDB3C4473783178002D04F1030419448D
:106FA00024F0030400FB01F10CBF0020204600F098
:106FB00097FD23180DB9002BDBDB717A184679B1E8
:106FC0000333002D728923F003040CBF00202046F8
:106FD00000F0F4FD0028CCDB20440DB90028C8DB0C
:106FE000317A91B1737A83B1C41D002D24F0070466
:106FF0000CBF00202046FDF771F80028B9DB0DB169
:107000000020B8E72018B6D5B3E7002DF8D1B2E7D5
:107010008409002010B5044604F0C2FD10B94FF0F9
:10702000FF3010BD02F07AFEB0F5FA7FF7D80D4BB5
:1070300000221A744FF48072DC601A801B225A807E
:107040009A8040F20322DA804FF484721A811F2260
:107050005A81EFF3108472B601F026F804B962B6D3
:107060000020DEE78409002010B500283CD1214C27
:10707000237C032B35D059B1002A38D00239052999
:1070800032D8DFE801F00312233126291378637028
:107090000020FFF761FF0028B7BF012302236FF034
:1070A0000B002374A8BF237410BD1379FBB153796F
:1070B000EBB113881A2B1AD953881A2B17D91368D6
:1070C0009288C4F802300C4B9A80E1E7137863721F
:1070D000DEE713886381DBE71388FF2B07D8237271
:1070E000D6E74FF0FF30DFE76FF02C00DCE76FF002
:1070F0001500D9E78409002086090020F8B50D465F
:10710000064620B319B311F0070420D1114F3B7C80
:10711000012B02D16FF00B00F8BD032B02D14FF011
:10712000FF30F9E700F056F80028F8D02846FFF7BE
:1071300013FF0028EEDBF6F7E8FD30462146FAF7AC
:10714000D5FCFFF7F3FE032320463B74E4E76FF022
:107150001500E1E78409002010B5064C237C032BC1
:1071600003D1FAF7D9FCFBF79FFE00F0C1FF002026
:10717000207410BD8409002008B5FAF783FC034988
:107180000120BDE8084000F0C5BA00BF096F070044
:1071900008B5FAF78BFC03490020BDE8084000F071
:1071A000B9BA00BFE56E0700FAF7FCBBFAF70BBCF3
:1071B000FAF70CBCFAF704BC02680020014B1A6015
:1071C000704700BF98090020014B1B68184700BF9B
:1071D00098090020024B1868003818BF012070473A
:1071E000980900200A8870B595B2C67CC2F30E02D9
:1071F0000488023602F118033444C35AA4B233445B
:107200002344013BB3FBF4F303FB0422438892B213
:107210009342044B8BBF2B40AB4313439BB20B8079
:1072200070BD00BF0080FFFFF8B5941C0E460546F8
:1072300017460C446343B3F5004FA8BF4FF0FF332C
:1072400010F0030101D0FFDFFEE79CB2B4F5004F60
:1072500001D9FFDFFEE71422043004F017FFEF74BA
:107260006C802E80F8BD03888B4210B501D2FFDF01
:10727000FEE7C388048983EA0402C2F30E020AB956
:10728000A34207D1C3F30E0301221833C152827403
:10729000184410BD1046FCE7023101444A43B2F5E0
:1072A000004FA8BF4FF0FF3290B21B3020F0030018
:1072B000B0F5004F34BF00B24FF0FF307047408848
:1072C0001B3020F00300B0F5004F34BF00B24FF088
:1072D000FF3080B2704738B503888B4201D2FFDFA0
:1072E000FEE7857C65B1C388C3F30E031833C25A29
:1072F0008A4207D3C152811DFFF774FF00238374B4
:10730000284638BD0025FBE703461830F0B59E88B7
:10731000DD88B4B2C6F30E06A54214D05F89DD7CC9
:10732000845B3D44E41B0235A4B2354428440D88F7
:10733000A54284BF0C8025465989B1FA81F14909DB
:107340001170DD81F0BD00252846FAE7F8B5828886
:107350000026C38904460D4692B20E60B3B141893E
:10736000C2F30E020B4418329BB28718825A438133
:10737000934201D9FFDFFEE704D1011DFFF732FF81
:1073800046812F6000230120E381F8BD1846FCE709
:1073900001898388C1F30E029BB2183210449942CE
:1073A00008BF002070478388014602899BB29A4239
:1073B00002D00831FFF716BF70478388C0889BB2A0
:1073C000C31A584258417047828873B595B2C48831
:1073D000C2F30E02AC4202F1180212D04189C689F2
:1073E000835A314499420EDB0DF10601ADF8065087
:1073F000FFF7F8FEBDF80600001B18BF012002B021
:1074000070BD0020FBE70120F9E770B5C488034692
:1074100006891830C4F30E0584EA0602C2F30E0290
:107420000AB9B4420FD19C891A880CB1465B921BF1
:10743000914207DCDA7C2C440232224410440A4692
:107440001A8270BD00221046FAE7F8B5038A002BB5
:1074500035D08B4233D3C48800F118038589C4F337
:107460000E041E1995B91D55757085891E5B0D4456
:107470003144ADB285811953BAB1811DFFF7B2FE17
:1074800000238381002303820120F8BD1E5BAE42EE
:1074900001D0FFDFFEE7C57C2644878A02353544EC
:1074A0005E195F53857DB570DFE7C27C25440232EB
:1074B0002A4499189B5A83828B788375E2E70020CF
:1074C000E3E78388C2889BB29A4206D0428922B9F8
:1074D000C3F30E0318331844704700207047C37C71
:1074E0000233C8187047C37C0233C81A7047023091
:1074F000704738B58388C2889BB29A4207D04589C5
:107500002DB9011DFFF76EFEC581012038BD002099
:10751000FCE7002383810382704703881380C388BC
:10752000C3F30E031833034480890B6070470000D7
:107530004A1E03460846062A01D8FFDFFEE7094A2D
:10754000914201D9FFDFFEE711B94BB119607047D5
:107550002BB11B680022C3E901211A1D1A600430F7
:10756000704700BFFAFFFF7F0368002223B9C0E91C
:107570000132031D0360704759681B680A44F5E730
:107580000729034670B501D8FFDFFEE70068C0B1E8
:10759000446806461A688C4210D0106860B901F140
:1075A0000805AC420DD3546850501868651A541839
:1075B00000686560505002E01346E9E71468304601
:1075C0001C6070BD0023C1E9003203680B600160DC
:1075D000704730B5458804882C441D44A24298BFAA
:1075E000A41AAA4201D2FFDFFEE723449A4201D245
:1075F000FFDFFEE7081930BD70B5468804883444C3
:107600001E44A24298BFA41AB24201D2FFDFFEE795
:1076100023449A4201D2FFDFFEE74680081970BD7D
:1076200030B504884588E41A1D44A4B2944224BFAE
:10763000A418A4B29542048001D9FFDFFEE72344D9
:10764000934201DDFFDFFEE74580081930BD70B5CC
:1076500004460088C618B5B2954224BFAD1AADB233
:10766000258065889D4201D2FFDFFEE7964201D961
:10767000FFDFFEE7ED1A0844658070BD30B590B1BC
:107680008478B1FBF4F304FB131300EB430252893B
:107690008A4201D1D8B230BDC27822B900F10803C4
:1076A000D0B2844201D8FF20F5E733F8025F0132FF
:1076B0008D42F5D1EFE78278038805324B4303EB27
:1076C000420318447047000010B5114B00EB410411
:1076D0001A786389B3FBF2F303FB0223013A1A44DD
:1076E000B2F5706F0279807828BF00231A440B1816
:1076F000B2FBF0F100FB11215B1AB3FBF0F100FBD0
:10770000113313446FEA43436FEA5343638110BD5F
:107710009C090020024B03EB80035960704700BFB7
:107720009C0900202DE9F04F10F0070985B00446B0
:1077300001D0FFDFFEE7564E824606F12005A8463F
:107740002F4633688DF80B903BB101A898479DF800
:107750000A30082B01D9FFDFFEE79DF80B0038BB8C
:1077600004B12860043604354645EAD1002C76D0B1
:107770000022DFF820810726964688F8002057F877
:107780002690013EB9F1000F5CD099F8045099F8A9
:1077900002C0FF2D68D031460023481C3FD19C44D5
:1077A000BCF1FF0F46D90AB188F800E0FFDFFEE721
:1077B0009DF80AC0BDF80810CCF1000361440139FE
:1077C0001940B1F5803F01D3FFDFFEE7BCF1020FA6
:1077D00000F1050338BF4FF0020C5A000AEB4303D7
:1077E0000CF1FF3ECCF1000C734403EA0C039CB196
:1077F0009A1A4FF0010C2A609070118082F803C031
:107800009DF80CC082F804C0DDF804C04FEA1C4E9D
:10781000A2F808C0A2F806E001FB003AA2E757F878
:10782000210028B190F804B0AB4504BF80781B1844
:107830000139B2E7DBB2E64589F804303CBF5FFAB4
:107840008CFE0122731C9AD10AB188F800E007254A
:1078500040F6FF6957F82560BEB9013DFAD2AAEBA0
:10786000040005B0BDE8F08F0023E4E706EB410318
:1078700008F101083046A3F80A90FFF725FF5FFAE8
:1078800088F1B3788B42F1D8E7E74FF00008F6E7CC
:10789000A00900209C090020034B03EB8003586AD9
:1078A00000B18078704700BF9C0900204FF6FF733D
:1078B000024630B40380164B03EB8103586AA8B12B
:1078C00084780379B3FBF4F104FB1133DBB219467E
:1078D00000EB4105B5F90A50002D0CDB0131B1FB7D
:1078E000F4F504FB1511C9B28B42F1D1002030BC74
:1078F0007047FFDFFEE700EB41046389C3F30E032B
:107900001380C278002AF4D0638130BCFFF7D3BE65
:107910009C0900201B4B03EB810370B55C6A054694
:107920002CB3030401D5FFDFFEE701462046FFF735
:10793000A5FEFF28014604D02046BDE87040FFF7B1
:10794000BABEA078B5FBF0F300FB1353DBB21946C7
:107950000A1D04EB4206B6F90260002E09DB013174
:10796000B1FBF0F200FB1211C9B28B42F0D1002042
:1079700070BD8B4201D00023E37004EB42025580BE
:10798000DAE700BF9C090020094B03EB81030146A5
:1079900010B55C6A2046FFF771FEFF28014604D04F
:1079A0002046BDE81040FFF786BE002010BD00BF96
:1079B0009C090020F8B5104B074603EB81030146F4
:1079C0005C6A2046FFF75AFEFF28054611D0E28880
:1079D000238953EA024606D001462046FFF76BFE94
:1079E00001463846B04720462946FFF76DFE002085
:1079F000F8BD0520FCE700BF9C09002038B50E4B00
:107A00000446827903EB8203586A08B9052038BD21
:107A10008278E1799142F9D24B1CE37100EB41038A
:107A20005D89B3F90A30002BF3DBA580FFF743FE35
:107A300020600020EBE700BF9C09002037B5002440
:107A40000546CDE900448DF806006846FFF7D6FFED
:107A5000224601340028F8D02846FFF71DFF801A7F
:107A6000C0B203B030BD37B500240546CDE90044AF
:107A70008DF806006846ADF80440FFF7BFFFBDF87B
:107A8000044008B103B030BD29462046FFF792FFFD
:107A90000028EFD0FFDFFEE708B5064B03EB8103BC
:107AA0000146586AFFF7EAFDFF2801D1FFDFFEE734
:107AB00008BD00BF9C09002070B51E460D460A2176
:107AC000FFF7EAFB0446324609212846FFF7E4FBAC
:107AD00040EA04031B0454BF00194FF0FF3070BD8F
:107AE00070B5044610F003000E4601D0FFDFFEE73C
:107AF000FFF71EFD054624B1034831460460FFF739
:107B000017FD284670BD00BFE00900202DE9F14FA8
:107B1000DFF86CB01E4607460D46DBF80030904695
:107B20009DF828A09DF82C900BB9FFDFFEE7524688
:107B30000A214046FFF7B0FB4A4684B2092130468D
:107B4000FFF7AAFB81B2DBF800002144FFF718FD24
:107B5000386018B9286001B0BDE8F08F044453467E
:107B600041460A222C603868FFF75EFB4B4609222B
:107B70003146286801B0BDE8F04FFFF755BB00BFA4
:107B8000E009002070B50E460446FFF798FB054655
:107B90003046FFF794FB044B2A1821461868BDE8CD
:107BA0007040FFF70FBD00BFE0090020024B1868CE
:107BB00008B1FFF7D9BC7047E00900201F2AF0B5D3
:107BC000044623D89200033248B1830701D0FFDF77
:107BD000FEE7104B586022F003001970188128232B
:107BE00022F003020025012703FB01F01204094BD8
:107BF000120C5B68EEB2B14200D8F0BD14B1261889
:107C00001F705E60104401352833F3E74FF0FF30FA
:107C1000F3E700BFE4090020144A002170B553685F
:107C20001578C8B2854201D8FFDFFEE71C4618462A
:107C3000013114F8286B0EB92346F2E70021997040
:107C400001241289996103F126055C709208D961BB
:107C500003F11E04596824F8022FAC4243F8041FB4
:107C60001144F8D100234361037070BDE409002082
:107C700001230370704710B5FF238B70C2F380039C
:107C800001245B00DBB2CA18127D032A08BF01334E
:107C9000CA18147503F10C04002201EB830321F8C8
:107CA00014205B688A700360828010BDF8B50C46B2
:107CB000054611461E4684F001046400E4B2FF2329
:107CC000837003191B7D012B05D00134E4B2031925
:107CD0001B7D012B0AD105EB44073B8B3A8C98198D
:107CE000904205DD00232C443B8323750020F8BD22
:107CF00005EB840432466068184404F013FA3B8BA9
:107D00001E443E830023AB700120F0E781F00101A7
:107D1000490010B5C9B2FF23837043181C7D012CA4
:107D200007D10C3120F8112002221A75002383702C
:107D300010BD0131C9B243181C7D012CF1D0FFDF09
:107D4000FEE7024630B5837803F0FF00F3B9137DF8
:107D5000022B19D0537D022B15D10346012089B186
:107D60000024D5180C332C7522F813401318032463
:107D70001C7502EB80035B680B6000F10C0332F8AA
:107D800013308B80012030BD0123E8E70020FAE7A3
:107D9000034630B5827802F0FF00E2B99A7D022AEC
:107DA00017D0DC7D022C13D1032281B11D190020D4
:107DB0000C34287523F8140098180324047503EB79
:107DC00082000C32406833F8123008608B8001204A
:107DD00030BD0324E9E70020FAE7037D012B01D140
:107DE000008B7047437D012B0CBF408B00207047F8
:107DF000837D012B01D1808B7047C37D012B0CBF8C
:107E0000C08B00207047027D022A01D1008B704791
:107E1000437D022B01D1408B7047032AF6D0032B00
:107E2000F9D000207047827D022A01D1808B7047F3
:107E3000C37D022B01D1C08B7047032AF6D0032BE0
:107E4000F9D00020704730B503B930BD013BDBB23B
:107E5000CC5CD55C6C40C454F6E701390244002385
:107E600010B5904200D110BD11F8014F43EA440310
:107E700000F8013B0B78DB09F3E704287FB509D153
:107E80000123059101A800218DF80430ADF80830D8
:107E9000ECF7A8F807B05DF804FB0000104B2DE9E3
:107EA000F041064693F800805D680027FCB2A045CB
:107EB00001D800200FE0AA7BB37B9A420DD1EA7B68
:107EC000F37B9A4209D10C223146284604F0CEF8C1
:107ED00018B9601CC0B2BDE8F08101371035E5E784
:107EE000F009002038B50B460446B8B1B1B1020123
:107EF0000021184604F0CAF8094A0346014602F177
:107F0000100052F8045B824241F8045BF9D1054A43
:107F10000121002011701472536038BD0120FCE76C
:107F2000F55D0600F009002038B50446FFF7B6FFFE
:107F300090B90A4A1378117A99420DD951682046AE
:107F4000103401EB031150F8045BA04241F8045BCC
:107F5000F9D10133D8B2107038BD00BFF00900204C
:107F6000014B1878704700BFF0090020044B1878C7
:107F700001281EBF00F1FF3018700020704700BFBD
:107F8000F009002038B5022814464FF000020D46D3
:107F9000A270228008D10B880BB9012038BD0122C4
:107FA000A27000202380F9E71028F6D1084633B1EB
:107FB000FFF7BAFFA0700028EFD0AB89F1E7FFF719
:107FC0006DFFF7E70023FFF7DDBF000070B509B9CB
:107FD000012070BD00230B708378012B09D122B1E1
:107FE0000388137003881B0A5370022300200B7050
:107FF000EFE7EDD90D4C25789D42E9D39AB103F115
:1080000080536468013B04EB0313144603F110052D
:1080100053F8046BAB4244F8046BF9D10388137333
:1080200003881B0A53731023E0E700BFF009002008
:108030000B4B01224FF0FF3000215A60C3F80803B8
:10804000C3F80015C3F804255A6040F6FE72C3F861
:108050000803C3F8001503F57033C3F8082570470B
:10806000006004500E4B802200210E4883F88A13D2
:1080700083F8E51383F8851383F8472383F84623B1
:10808000C27783F8D71383F8052483F84B2383F84A
:108090001C23C02283F81E2383F81D23704700BFD2
:1080A00000E100E000ED00E008B5FFF7C1FF0E4B76
:1080B0004022C3F88820BFF34F8FBFF36F8FC3F800
:1080C000882140F6FE72094BC3F8082500F002FA39
:1080D00000F0ACFC1D2000F093F800F059FDBDE865
:1080E000084000F01BBE00BF00E100E00020085087
:1080F00008B5FFF79DFF0A4B4022C3F88820BFF365
:108100004F8FBFF36F8FC3F8882140F6FE72054B87
:10811000C3F8082500F040FDBDE8084000F014BE9B
:1081200000E100E0002008500920704702F068BE1E
:1081300003F022BA03F010BF02F06ABE06207047B7
:10814000203838B5C3B20C462F2B09D8054B53F84D
:108150002050D1E90223D1E90001A847206038BDB1
:108160000120FBE7085E0600114B1A6870B5E2B10A
:108170005A680921012501321E68092A28BF0022F8
:1081800005FA02F426420DD05A60EFF3108172B660
:108190001A6822EA04021A6001B962B65B680360D9
:1081A000002070BD0139E6D15A600520F9E700BF13
:1081B000FC090020074BB3F90830002B09DB5A09F2
:1081C000012103F01F03994002F14003024A42F8E3
:1081D00023107047FC09002000E100E010B4EFF329
:1081E000108172B6054A0123146803FA00F0204397
:1081F000106001B962B610BCFFF7DCBFFC090020BB
:10820000024B002218811A605A607047FC09002056
:10821000044B1A68012303FA00F01040003818BF1D
:1082200001207047FC090020F0B5164B40F2011404
:10823000C3F80045D3F80444E407FBD50023114CF0
:1082400093424FEA830513D1D4F81834D80706D4E3
:1082500001230C4AA360D2F80434D907FBD5094B9B
:108260000022C3F80025D3F80424D207FBD5F0BDC3
:1082700051F82360D4F80474FF07FBD5013346514D
:10828000DEE700BF00B00450012910B53BD0022941
:1082900012D0002949D1264C2378022B01D0FFDFD0
:1082A000FEE7D4E90121E068FFF7BEFF0523237054
:1082B000BDE8104002F04CBE1D4C01F0DEFDD4E9DB
:1082C0000432C01A1B4B61EB020183424FF00003E2
:1082D0008B4120D3A369F3B92378022B01D0FFDFB0
:1082E000FEE7C0F5452084F82830012304F1200181
:1082F00000F54160A361206304F1380002F03EFE06
:1083000080B9FFDFFEE70A4C2378052B05D003F088
:10831000FB03022B07D1032000E00220FFF75EFFE2
:108320000023237010BDFFDFFEE7FFDFFEE700BF85
:10833000080A00200F5C0C00F8B5044608B9FFDFFE
:10834000FEE790F85850052900F2BC80DFE801F004
:10835000037A42626B7490F82A30033B012B01D9F7
:10836000FFDFFEE7052380F82A30002380F859302C
:108370000378EBB12378012B24D102F097FE6368D8
:1083800094F828606362C4E90601F6B901F083FD40
:108390003146204603F056F9236A3146284698476D
:1083A0000146204603F088F9022840F08D80F8BD90
:1083B00001F063FD07460E4602F078FE87428E41CB
:1083C000F6D3D7E7D4E90401D9E72046BDE8F84061
:1083D00003F040B990F82A30DA1E012A01D9FFDFF4
:1083E000FEE790F828202AB121462846BDE8F8404B
:1083F00003F0EEB8042B036A18BF012180F82A109D
:108400000521284698470028D1D00378002BCED0EC
:10841000FFDFFEE790F82A30052B01D0FFDFFEE7F3
:10842000036A0221BAE790F82A30052B01D0FFDF5A
:10843000FEE7036A0121B1E790F82A30052BC4D08A
:10844000FFDFFEE790F82A30052B06D090F82920B0
:108450000AB1032B01D0FFDFFEE794F82820002AA1
:10846000C2D194F859307BB102230821284684F800
:10847000592084F82A30236A9847002897D0037837
:10848000002B94D0FFDFFEE794F8292052B121465B
:1084900004F1300084F8293002F070FD002886D104
:1084A000FFDFFEE702230721284684F82A30236AEB
:1084B000984700283FF47BAF0378002B3FF477AF59
:1084C000FFDFFEE7FFDFFEE70128236A0CBF042180
:1084D000032163E7014B00221A707047080A00204D
:1084E0002DE9F04704460F469146002A00F08C80A3
:1084F000EDF720FE18B10F252846BDE8F08709F1F9
:10850000FF35AD0015EB040840462CBF01260026C0
:10851000EDF710FE0028EED1002EECD13C4BD3F845
:108520002C33B4EB832F4FEA83226FD290456DD268
:1085300044EA07039B0769D13846EDF7FBFD0028A5
:10854000D9D1E8192CBF4FF0010A4FF0000A554667
:10855000EDF7F0FD0028CED1BAF1000FCBD12D4BB5
:108560001A682D4B9A4205D04A4639462046FFF7F5
:108570005BFEC1E7294E33780BB11125BCE7022021
:10858000FFF746FE0028F8D10320FFF741FE024620
:108590000028F2D1224906F1380002F0E9FC01235B
:1085A000C6F818A03370C6F80490C6E9027401F04A
:1085B00064FC3378012BC6E9040101D0FFDFFEE73C
:1085C000240986F82030174B3146C4EB181406F105
:1085D00038005C434FF47A7304F5AD3404F2A71409
:1085E000B4FBF3F440F203431834338547F23053BD
:1085F00074623363022301F8203B02F0BFFC0028C1
:108600007FF47AAFFFDFFEE7092575E7102573E7F2
:1086100000C0FF00D40A0020BEBAFECA080A00202B
:1086200089820700C0570100024B4FF08042C3F817
:108630000021704700E100E0233023289ABF024B5D
:10864000185C0320704700BFC85E060010F1230FBE
:1086500002D018B1FFDFFEE74FF400507047002052
:10866000FFF7BCBD10B50A295BD8DFE801F00606AC
:108670000606064D5A525456580001392A4C032911
:1086800003D8DFE801F01215181B002003F0A6F84C
:10869000A36800209847002839D003782370032B63
:1086A00030D8DFE803F0100E1012A3680120F1E7C4
:1086B000A3680220EEE7A3680320EBE7A368042089
:1086C000E8E743686360184810BD4368002BF9D0A1
:1086D0001A7822734AB91A7922749A6862615A79AF
:1086E000DB686274A361114BECE7012A08D11A79A7
:1086F0002274DA68A2615A799B6862746361F2E756
:10870000FFDFFEE7FFDFFEE70420FFF767FD002045
:10871000DAE70620F9E70520F7E70720F5E7FFDFAE
:10872000FEE7FFDFFEE700BF680A0020740A0020B2
:1087300008B503F095FBBDE80840FFF787BF08B513
:1087400003F092FBBDE80840FFF780BF08B503F0D7
:108750009AFBBDE80840FFF779BF000008B504495F
:10876000002001F04BFABDE80840FFF765BF00BFED
:108770005F86070008B5002001F05AFABDE80840FE
:10878000FFF75ABF0146002008B501F069FABDE8BD
:108790000840FFF751BF000008B5034A02F062FB32
:1087A000BDE80840FFF748BF2986070010B504461A
:1087B00003F01AFB2060002010BD000013B5044632
:1087C0000720FFF725FD80B90DF10701084803F0E8
:1087D0002FF8FFF731FF30B99DF807300BB1FFDFFD
:1087E000FEE7044B9C6002B010BD1120FBE700BF08
:1087F00065860700680A002008B5002003F04EF8DF
:10880000BDE80840FFF718BF1FB5F8B103788DF831
:1088100000307BB9836802938388ADF80430C36865
:1088200003936946002003F057F805B05DF804EBA8
:10883000FFF702BF012B07D1C36803938388ADF80C
:10884000043083680293ECE7FFDFFEE7072005B002
:108850005DF804FB70B506460C460025AE4204F1F7
:108860000C0401DC002070BD002354F80C0C013511
:1088700054E9021203F0AFFAF0E7014600F12002DA
:1088800008B51031002303F0A6FA002008BD00004F
:10889000094A1378FF2B01D1FFDFFEE7EFF31081C8
:1088A00072B613780133DBB2012B137004BF034A95
:1088B000136301B962B67047840A002000E01050CB
:1088C000094A13780BB9FFDFFEE7EFF3108172B6A8
:1088D0001378013BDBB2137013B9044B01225A63C6
:1088E00001B962B6704700BF840A002000E0105052
:1088F00008B5FFF7CDFF044B044AD3F818155160B3
:108900000122C3F8182508BD00B00450840A0020D5
:1089100008B5FFF7D5FF034B5A68034BC3F818257A
:1089200008BD00BF840A002000B0045008B520B183
:1089300001280BD042F2040008BD094B1A7A1AB97B
:1089400001221A72FFF7A4FF0020F5E7044B1A7A00
:10895000002AF9D000221A72FFF7B2FFF4E700BF35
:10896000840A002082B0104B104A60B14FF480514D
:10897000C3F80413D2F8303543F00103C2F83035A0
:10898000002002B07047D2F8301521F00101C2F882
:1089900030154FF48052C3F80823C3F83001D3F8E0
:1089A00030310193019BEBE700E0105000001250C2
:1089B0000B289FBF064AD2F8303523F01E0343EA46
:1089C00040009ABFC2F83005002042F2050070470F
:1089D0000000125001289DBF044B53F820200020B6
:1089E00007209EBF1368194311607047EC5E0600B4
:1089F00001289DBF054B53F82020002007209EBF73
:108A0000136823EA01011160704700BFEC5E0600A5
:108A100001289DBF044B53F82030002007209CBF45
:108A20001B680B60704700BFEC5E0600084B4FF4FC
:108A3000E0420849C3F808230022C3F830210A7233
:108A40000A7001225A632022034B1A62704700BF4A
:108A500000E01050840A002000E100E008B5074B58
:108A6000D3F830212AB100220120C3F83021FFF7CA
:108A7000B5FBBDE8084000F0F3BE00BF00E01050B9
:108A80002DE9F0473E4C05460E46D4E9003201334D
:108A900042F10002C4E90032120402D50820FFF7B7
:108AA0009DFB6368DB0301D500F082F9B0464FF00F
:108AB0000009B8F10F0F34D816F00F0725D094F83D
:108AC0003830F61B03EB070835442E4EB8F1100F73
:108AD00012D994F8273006F1200206F11001304631
:108AE0000133B8464FF0010984F82730042303F01E
:108AF00072F9002384F8383020333A462846D9B238
:108B0000314403F00FFB84F83880B9F1000F34D002
:108B10001C4B002003F110021946BDE8F047F8F79E
:108B200089B8A6EB0803EF1894F8383073B194F8BD
:108B300027304FF00109144A0133A2F1100184F8E3
:108B400027300423A1F1100003F045F9DFF838C005
:108B50003B460CF110076246083303CABA4243F899
:108B6000080C43F8041C9446F5D11023A8F1100812
:108B700084F838305FFA88F89BE7BDE8F08700BFDB
:108B8000900A0020980A0020B80A0020FFF778BF5A
:108B90000820FFF723BB000010B5074C342200214A
:108BA00004F1080003F072FA00230022C4E9002354
:108BB000002384F83C3010BD900A0020034B93F84A
:108BC0003C00431E58425841704700BF900A0020A5
:108BD00038B505460C46EDF7E3FA60B9084B93F853
:108BE0003C30012B09D10CB9002038BD2146284664
:108BF000FFF746FFF8E71020F7E70820F5E700BF8A
:108C0000900A002070B50646EDF7CAFA044690B9FE
:108C10000A4DFFF7C1FF304605F1080305F11802C0
:108C20001946F8F707F8FF23204685F83830012366
:108C300085F83C3070BD1020FCE700BF900A002092
:108C4000014B187803F04CB9A0000020F8B51D4C7A
:108C500001F013F906460D46D4E90223904271EB68
:108C6000030314D301F050F8174BD4E902121B6828
:108C70005B18D4E9040142F10002834272EB010760
:108C80003CBF18461146C4E9023201F002F9D4E9AA
:108C90000423964275EB030313D34FF0FF324FF0DA
:108CA000FF33D4E90201C4E90423B1F1FF3F08BF57
:108CB000B0F1FF3F01D001F0ECF8BDE8F84000F062
:108CC00091BAF8BDA0000020D00A002001F0D5B86C
:108CD00030B4074C0B46C4E90401D4E90254A8425D
:108CE000A34102D230BC01F0D4B830BC704700BF01
:108CF000A000002010B5044601F0BFF8054B201875
:108D000041F10001C3E90201034B1C60BDE81040C2
:108D100001F0BFB8A0000020D00A002010B5074C19
:108D20002378FF2B01D0FFDFFEE7054803F0B4F8FE
:108D300020700448BDE8104001F0A9B8A000002050
:108D40004D8C0700418C070010B5064C002001F047
:108D50009EF82078FF2803D003F0B6F8FF23237095
:108D600010BD00BFA0000020034B044A19689142C7
:108D700004BF00221A607047D40A0020BEBAFECA9F
:108D800008B5084B1B6803B19847BFF34F8F0649DE
:108D9000064BCA6802F4E0621343CB60BFF34F8F07
:108DA00000BFFDE7D80A002000ED00E00400FA054E
:108DB00070B50C4D0C4B2A689A4211D1FEF7CCF9D4
:108DC000044608B1FFDFFEE7EFF3108672B6EDF759
:108DD00011FAFFF78DF902F081FE2C6006B962B638
:108DE000002070BDD40A0020BEBAFECA2DE9F047AB
:108DF000054688B08846EFF3108672B6DFF8D8A132
:108E0000DFF8D891DAF800304B4506D106B962B6E2
:108E10000824204608B0BDE8F08771480021714A57
:108E2000121A03F033F97049704A7148714B521AA3
:108E30001B1A9A4201D0FFDFFEE703F073F96E4A76
:108E4000136A990648D493685B0645D4946814F075
:108E5000800441D12346EC20590903F01F0752F842
:108E60002110F940CF0710D5644F002157F804CBEB
:108E7000634531D001310629F8D1D11891F800733A
:108E80007F0940FA07F7F90726D50133B3F5007FCC
:108E9000E2D14046CAF80090EDF75CF9002840F0B6
:108EA0008E80574BC3F80080002D52D02846EDF736
:108EB0009BF9002840F083802A78022A00F28580FE
:108EC0006B7872B9013B1F2B04D8AB78212B01D8EA
:108ED000012B0BD1072473E006B962B641F20104FD
:108EE00097E7002BF6D1AB78002BF3D1EB780B2B67
:108EF000F0D8AB79002BEDD0424BD3F8103503F00E
:108F00000303032B64D1404B02AF03F1180C186824
:108F1000083353F8041C3A46634503C21746F6D19A
:108F2000AB7801212A888DF80230ADF8002008AA1C
:108F3000EB78364802EB430333F8183CADF80430C5
:108F400000238DF8063002F04FFC024618B1FFDF17
:108F5000FEE72F4DD0E71C21684602F071FD08B1F5
:108F6000FFDFFEE7A88800F05BFF08B1FFDFFEE748
:108F7000FEF750F808B1FFDFFEE7FFF773F8FEF7E2
:108F8000FBF8FEF705F9FEF70FF9FEF711F9FEF70A
:108F90000DF9FEF70FF9EDF72BF9A8791D4A6B785B
:108FA000504323B11C4A5343984228BF184608B186
:108FB000FFF7A0FE002E7FF42CAF62B629E7102445
:108FC00006B962B6FFF7F4FE23E74FF48054F7E7E3
:108FD00041F20304F4E700BFD40A0020BEBAFECA7F
:108FE000E4000020380F002030C2070094C20700C0
:108FF00080000020E400002000E100E0FC5E0600AC
:10900000D80A002000200E50145F0600DC0A002061
:10901000F45E060040420F0090D00300044B054A66
:109020001B689A1A5342534103700020704700BFD7
:10903000D40A0020BEBAFECA112810B50C4609D0C9
:1090400012280BD010280DD1D1E90001FFF7CEFE78
:10905000206010BDFFF7ACFE0020F9E70868FFF7BD
:10906000DDFFF9E70120F3E72DE9F0410D4D04465E
:109070006B78834214D96F6807EBC00898F80460D6
:1090800000F082F910B9FF2388F80430AB6853F878
:1090900026302BB157F834103046BDE8F041184760
:1090A000BDE8F0813C0B0020FF2B70B505460C4657
:1090B0001046194601D1FFDFFEE712F0030201D08E
:1090C000FFDFFEE7DE0030B1054BC3E901053044A8
:1090D0009970DC701A8000F0BBF8304470BD00BF9E
:1090E0003C0B0020064B0246D9781878814201D803
:1090F000FFDFFEE7996841F82020421C1A70704794
:109100003C0B00202DE9F0411B4C0F461146034655
:10911000227882421CD96668002594F801C0FF209D
:1091200006F10408EAB2944514D8FF2806D1A278C3
:1091300062451AD00CF101026046627006EBC00273
:10914000137146F8307000F09BF878B9FFDFFEE746
:10915000FFDFFEE718F835E0BEF1FF0F08D09E45AF
:1091600007D156F83520BA4203D10020BDE8F0817E
:1091700010460135D6E700BF3C0B0020F8B5114D75
:10918000034600246A686E7802F1040CE0B286425D
:1091900000D8F8BD1CF834709F4203D152F83470E7
:1091A000B94201D00134F1E700F0BCF86B68FF224E
:1091B00003EBC4031A716B78013B9C42E9D16C70DC
:1091C000E7E700BF3C0B00200028054914BF034619
:1091D0000123D1E90001181841F10001FFF778BD22
:1091E000480B0020F8B5194C237AFF2B1DD0FFF750
:1091F0006DFD277AE668D4E9002156F8373006EB92
:10920000C705A0EB020C634589BF9B180020181A04
:1092100063469B1846F8370041F10001C4E900316C
:10922000267AFF2E01D02B6803B1F8BD2B79FF2BD6
:10923000237206D0E26852F8330002EBC305FFF751
:10924000C3FF3046FFF710FFEAE700BF480B0020DE
:1092500038B50C4660B10023084D1946E860DAB213
:10926000944207D8FF232B72FFF730FDC5E90001B8
:10927000E00038BD40F833100133F0E7480B002020
:10928000F8B5274CE36853F8306003EBC00C002EB0
:1092900044D1FF22257A43F8301095428CF80420FF
:1092A0000CD12072FFF712FDC4E90001227AE368B5
:1092B00053F83200FFF788FF0120F8BD53F835203E
:1092C0008A4206D9521A207243F835208CF804508D
:1092D000ECE72A4653F8327003EBC20E3E44B1422B
:1092E00005D39EF804701546FF2F3A46F2D1FF2AA7
:1092F000A1EB060117BF53F8326043F8301089190B
:1093000043F830101EBF53F83260761A43F83260CB
:1093100003EBC5038CF804201871C7E70020CCE7E5
:10932000480B002070B4174D2A7AEB68144611469A
:10933000FF2C01D170BC7047844204D003EBC406FB
:1093400021463479F4E7814203D103EBC20212795A
:109350002A7203EBC005002653F8304003EBC1012D
:1093600043F830602879FF2808711EBF53F8301089
:10937000091943F83010FF2ADCD053F8320070BCD2
:10938000FFF722BF480B002038B50F4D00232A7A83
:10939000E968FF2A16D082420AD151F832401C44B3
:1093A000FFF794FC2B68C21A944208D2012008E00F
:1093B00001EBC20451F8322013442279E9E7234437
:1093C000181A38BD0020FCE7480B00200728034688
:1093D00011DC10F12D0F10DB094A101890F82E0047
:1093E00002EBC00292F93C209A4207D0002918BF34
:1093F0000130C0B270471B2070470020704700BF8B
:109400002C5F0600072808B507DCFFF7DFFF044BD9
:1094100003EBC00393F93C0008BD0820FCE700BF44
:109420002C5F060070470000C0B220B9034B012238
:109430009A601A607047FFDFFEE700BF00E010503F
:1094400010F0FF0013D10B4B01225A60DA600A4A78
:10945000C3F800011070D3F8082412F0010205D1FE
:10946000C3F81021C3F81821C3F814217047FFDF97
:10947000FEE700BF00E010506D0B0020014B012201
:109480001A7070476D0B002040B9054BD3F81031AE
:1094900013B9044B1878704701207047FFDFFEE7CF
:1094A00000E010506D0B0020044BD3F8103113B9BD
:1094B000034B187870470120704700BF00E0105040
:1094C0006D0B0020024BD3F8080400F00100704738
:1094D00000E01050024BD3F8480400F00100704740
:1094E00000E01050024BD3F84004C0B2704700BFF8
:1094F00000E0105007490246D1F84C04D1F84C1452
:1095000010F4803005D0D0B201F003031B1A58428A
:109510005841704700E01050184BD3F80C34DA0370
:1095200030B501D4FFDFFEE7154A0124154B106A60
:10953000536620F03F0094645464136CDB03FCD446
:10954000136A116C03F03F03C1F30A01C1F5806196
:1095500081EAE1750B29A5EBE17509DD3F2B04D00C
:10956000013303431362172DE6DC0023936430BDFF
:109570000B31F8DA002BF8D0013BF2E700E0105095
:10958000000812500100008038B50B4C23781BB145
:1095900000232370FFF7C0FFEFF3108572B66378E6
:1095A00003F0FF000BB9FFF74BFF05B962B6034BA1
:1095B00000225A6638BD00BF700B00200008125010
:1095C000F8B50E4E012704460D463318DF70FFF73D
:1095D0006BFF48B934B90A4B11227771B560C3F8F3
:1095E0000423F8BDFFDFFEE7002DFAD01CB90220EE
:1095F000A847B460F5E7FFDFFEE700BF700B00206F
:1096000000E01050044B0022191803EB80034A714C
:109610009A60CA70704700BF700B002010B50446F6
:10962000FFF732FF10B102482044C07810BD00BFE0
:10963000700B0020014B1882704700BF700B002098
:10964000014B588A704700BF700B0020014B188AED
:10965000704700BF700B002010B5EFF3108472B696
:10966000064B03445A780132D2B25A705B78012B10
:1096700001D1FFF7D9FE04B962B610BD700B00200E
:109680000020FFF7E9BF0000034610B5EFF3108498
:1096900072B610490B445A780AB9FFDFFEE75A78D0
:1096A000013AD2B25A705B7883B90B7D43B10A4B51
:1096B000D3F80C34DB0306D44B7803F0FF002BB94E
:1096C000FFF7BEFE02E0487D02F00AFC04B962B674
:1096D00010BD00BF700B002000E010500020FFF70D
:1096E000D3BF000010B5FFF7CBFF0C4CFFF7DCFE3B
:1096F00060B1A37D3BB90A4B01229A610423E37553
:109700000023237610BDFFF7E9FFF9E703230122C9
:10971000E375034BC3F80423F2E700BF700B00208E
:1097200000E010500020FFF7AFBE0000014B012207
:109730001A62704700E01050044B587E28B1044B69
:10974000D3F81001B0FA80F040097047700B002088
:1097500000E0105038B50A4B5D7E5DB901245C769F
:10976000FFF78EFF074B1022C3F81051C3F80423F4
:10977000DC6138BDFFF7E0FF0028FAD0FFDFFEE72D
:10978000700B002000E01050024BD87D003818BF4D
:1097900001207047700B002038B5154C237D0BB9A4
:1097A000FFDFFEE701232370A37DC3B9A37EB3B11E
:1097B000227E013B9A4212DAFFF776FE054602F05E
:1097C00013FBA37E012B82BF237E0133237655B189
:1097D000E369C31A0133022B09D935B1E061BDE851
:1097E0003840FFF77FBF236AF3E72062F7E738BD11
:1097F000700B002037B5184CA37D63B9606A00F088
:109800000300FFF777FE30B1EFF3108372B6E27D0D
:109810001AB103B962B603B030BD0122E27503B9D3
:1098200062B608230D4DC5F808334FF42073ADF828
:109830000630BDF806309BB25A1E92B2ADF8062033
:10984000002BF6D1C5F80C3184F82830FFF74AFF19
:109850000823C5F80433DEE7700B002000E0105049
:109860002DE9F74F4D4C237D002B00F0938003230F
:10987000ADF804304A4BD3F80051D3F80891D3F82F
:10988000142112B9D3F818216AB10026C3F8146163
:10989000C3F81861C3F81061637E0BB1FFF71EFFB8
:1098A000667601F03DFD3E4BD3F81031002B56D0CB
:1098B000637E1BB1FFF712FF00236376637913B158
:1098C00002238DF80430003D18BF012545F0100536
:1098D000344E0DF1040A324B4FF00008F71EC3F866
:1098E00008531AF8010B03280AD03B7843B14FF014
:1098F000000B336887F800B013B19847C6F800B082
:1099000008F10103043601374FF00108022BE8D1BA
:10991000B9F1000F08D0224B0022C3F8082104221D
:10992000C3F80823FFF766FF94F82860EA071C4B8A
:10993000F6B2D3F80C7108D5E27D032A05D1A27DD9
:109940008AB90422E27501229A61AFB1144B002258
:10995000C3F80C21E37D042B0AD0FFDFFEE7002DC6
:10996000D6D00125B4E7FFF7B9FE0223E375ECE793
:109970000223E375FFF7B2FE66B1002384F82830B6
:10998000E37D022B01D1FFF7ADFE03B0BDE8F04F40
:10999000FFF7A4BE03B0BDE8F08F00BF700B00203E
:1099A00000E01050780B002010B5054C606A00F004
:1099B0000300FFF79FFD0028F8D0002010BD00BF76
:1099C000700B0020F8B5054650B10278022A07D87E
:1099D000437842B9013B1F2B02D88378212B07D94A
:1099E0006FF0150085E0002BFAD18378002BF7D1BA
:1099F000614B2022C3F8A020BFF34F8FBFF36F8FBE
:109A00005E4EC3F8A0217D235D4CC6F808330023C9
:109A1000C6F80031C6F80831C6F80C316370A3707F
:109A2000AB886382FFF74EFD10B10123E3706370D2
:109A3000D6F80C0440F2563310F48030238218D04C
:109A4000FFF71CFD4F4802F027FA4C4E602360756B
:109A50000022C6F804332B78A978012B6276626263
:109A6000A375A17622761DD0022B14D0DBB1FFDFC7
:109A7000FEE7C6F81001FFF7D7FC404AD2F81031D4
:109A8000002BFBD0FFF748FD0020FFF7D9FC3E4B31
:109A900000225A66D6E7FFF7F3FDD6F80C34D90357
:109AA000FBD502236362FFF715FD40B3FFF71AFDF4
:109AB000636A03F00303984221D1AB79D3B9FFF76E
:109AC00073FFA37E63B12B7853B9FFF7EDFC054616
:109AD00002F08AF96FF00043002D4AD0C4E9070371
:109AE0000123202200202375234BE075C3F8A02119
:109AF0001A62F8BD214B0422C3F80423E1E71F4B8F
:109B0000012200215A61C3F8081194F82410C3F807
:109B100040141A610422C3F80423AA79002AD0D180
:109B2000D3F80423520701D4FFDFFEE7174A176971
:109B3000116907F0100741F010011161D3F80831E5
:109B40000BB902F00DFA0D4ED6F8083173B1FFF7DC
:109B50002BFF27B90D4A136923F010031361042367
:109B6000C6F808330023C6F80831AAE702F0F6F970
:109B7000EAE7C4E90730B3E700E100E000E0105095
:109B8000700B0020899507000008125000ED00E0DE
:109B90007047000038B5164C0023E078237508B9EB
:109BA000FFF74EFCE37D042B0BD1124D0020FFF795
:109BB000A1FC18B1D5F80C31002BF7D00023C5F863
:109BC0000C31002320226370E375A3700A4BC3F8A5
:109BD000A020BFF34F8FBFF36F8FC3F8A0217D226A
:109BE000044BC3F80823607DBDE8384002F06CB92F
:109BF000700B002000E0105000E100E038B50B4B86
:109C00000C46197909B1FFDFFEE760B95D790DB146
:109C1000002038BD01225A71FFF71EFD214628465B
:109C2000FFF7CEFCF4E76FF01500F2E79C0B002085
:109C300038B50A4D04462B790BB1FFDFFEE748B972
:109C40006B792BB1FFF7DEFC20466C71FFF71CFD32
:109C5000002038BD6FF01500FBE700BF9C0B002013
:109C600038B5084B04460D461B790BB1FFDFFEE704
:109C700020B9FFF7D3FC2860204638BD6FF01500EF
:109C8000FBE700BF9C0B002010B5F1B1E0B14FF035
:109C9000FF330F4A1C46E0FB0134944201D9FFDF39
:109CA000FEE71A0DC3F30F100A4B42EA04324FF2DB
:109CB0002444B2FBF4F100EB024003FB1100B0FBC3
:109CC000F4F040EA0140013010BD0846FCE700BF57
:109CD0003F420F00000024F4014B9B68184700BF6F
:109CE0009C0B0020014BDB68184700BF9C0B002039
:109CF000014B1B69184700BF9C0B0020FFF716BDE6
:109D0000FFF728BDFFF718BD034B1B790BB1FFDF31
:109D1000FEE7FFF741BD00BF9C0B0020034B1A7903
:109D20000AB9FFF78DBC988D704700BF9C0B0020CF
:109D3000034B1A790AB9FFF789BC988A704700BFAC
:109D40009C0B0020024B1B790BB9FFF753BD7047EA
:109D50009C0B0020014B9B69184700BF9C0B002007
:109D600038B51C4C23791BB3FFF7C2FF50B91A4D0D
:109D7000C5F81001FFF7B0FFD5F81031002BFBD06C
:109D8000FFF7B0FF144B6022C3F80423636A9847BF
:109D9000002806DB94F82E3023B10123002084F83C
:109DA000303038BDFFF7D6FF0028F6DAFFDFFEE7D8
:109DB0000A4BA3610A4BE3610A4B23620A4BA3607F
:109DC0000A4BE3600A4B2361FFF7FCFD0028E4D057
:109DD000E7E700BF9C0B002000E01050A9990700A6
:109DE000919B07008997070081960700DD96070081
:109DF0002597070010B5094C237943B194F830300A
:109E00003BB1A36A9847002803DAFFDFFEE7FFF7BC
:109E1000C1FE002384F8303010BD00BF9C0B002031
:109E200038B5064B04461D790DB1FFDFFEE700F0A3
:109E300099FF2046FFF7FEFB284638BD9C0B00200B
:109E400008B5074800F07CFF054800F029F801F04C
:109E5000D3FA01F0DDF900F053FB012008BD00BF8B
:109E6000D00B002008B500F04DFF01F09BFA01F087
:109E7000EDF9BDE8084000F05BBB01F0F9BA00F075
:109E80008FBF00F09FBF01F051BB01F011BB01F08B
:109E90001FBB01F023BB01F03FBB01F0FBBA000088
:109EA000024B186000221A719A607047D80B00208C
:109EB000F7B51E4C2379012BDAB204D0022A2ED03A
:109EC000012003B0F0BD0DF10701A06800F03CFBDC
:109ED000A5686B7DDB071CD5AB7F042B19D000F088
:109EE0009FFF0646A8B100F0A1FF2B69D5E9002726
:109EF0009A18B36847F100070A332CBF01250025E3
:109F00001B1845EB01059342BD4102D3A06800F048
:109F1000E7FB0023A36023719DF80700D1E70DF153
:109F20000701A06800F01AFBF3E700BFD80B002080
:109F300010B5837FABB9034601F1180251F8044B09
:109F4000914243F8044BF9D101248477064B1A79E6
:109F50000AB1FFDFFEE798601C7100F013FF204696
:109F600010BD0020FCE700BFD80B002073B50546EC
:109F70000C4600F055FF0646AB7F012B1AD0214658
:109F80002B4604F1180251F8040B914243F8040BDC
:109F9000F9D101230DF107012846AB7700F0D4FA7F
:109FA00016B1012002B070BD034B0421186801F006
:109FB000FDFDF6E70020F5E7D80B0020024B062157
:109FC000186801F0F3BD00BFD80B002010B504469F
:109FD000074B1A790AB1FFDFFEE7986002221A7177
:109FE00000F0D0FEA07FB0FA80F0400910BD00BFA5
:109FF000D80B002038B50446A37F03B938BDA37F32
:10A00000032B02D0A37F042B0CD1EFF3108572B683
:10A01000204600F0BFFA05B962B6A37F002BEDD051
:10A02000FFDFFEE7A37F012B01D1FFDFFEE701F099
:10A0300095FFE1E713B50DF1070100F08FFA044633
:10A0400000F0EEFE08B9FFDFFEE7204602B010BDCB
:10A05000F8B5074600F0E4FE044608B9FFDFFEE766
:10A0600000F0E4FEA46800252418384641F10006FB
:10A070002246334600F0DCFAA04271EB060309D316
:10A08000001B6FF0010361EB0601834275EB0101D8
:10A0900002D3F8BD2846FCE74FF0FF30F9E72DE981
:10A0A000F04104460F4600F0BBFE064608B9FFDF4C
:10A0B000FEE78568002362195B4113B10020BDE80B
:10A0C000F08100F0B3FE2A18384641F1000314EB8A
:10A0D000020843F1000500F0ABFA4045A941EDD379
:10A0E00001F0C6F900F054FAB36801203775234433
:10A0F000B360E4E700F09ABE8068704708B500F0EE
:10A100008FFE08B9FFDFFEE7007D08BDF8B50369E3
:10A1100004460BB1FFDFFEE701F0AAF905460E4643
:10A12000FFF7E6FD70B36435D4E9003246F1000173
:10A13000AB4272EB010001D22B460A46C4E9003261
:10A14000EFF3108572B600F06BFE064698B100F092
:10A150006DFEB3680B332CBF012200221B18D4E91B
:10A16000006042EB0101B34271EB00023CBF334699
:10A170000146C4E9003105B962B62046BDE8F840A1
:10A1800000F0C6BAFFF7D4FD074600F061FEB84202
:10A1900038BF3846963546F100024319D4E900012C
:10A1A00042F10002834272EB0105C7D20346C4E7C5
:10A1B000042300F118028377002303764376837625
:10A1C000C376044B196811B91A605A607047596810
:10A1D0000A60FAE7E40B00202DE9F843174E00244B
:10A1E00007468846B368204633B928B3144B18781D
:10A1F000BDE8F84301F074BE53E9061553F8082C86
:10A20000D3F80090521845F10005BA4275EB0805E5
:10A2100010D24CB1226812682260A3F11800FFF737
:10A22000C7FF01204B46DFE7B268002AF5D012686D
:10A23000B260F2E71C46F5E7BDE8F883E40B0020C6
:10A24000B800002000232DE9F04713600646324B8A
:10A25000986800285DD0A0F1180550E9063CB3428B
:10A260007CEB01040AD250F8084CE3184CF1000CC6
:10A270009E4271EB0C043CBF33468C4650F8104CA8
:10A2800000270A3447F10000E3184CEB000C284685
:10A29000D5F81890B9F1000F3BD059E906E89E4572
:10A2A00078EB0C0435D290F814A019F8044CA245B0
:10A2B00026D08CBF01240024F4B105F11803B64563
:10A2C000136078EB01030CD259F8083C13EB0E0332
:10A2D00048F100089E429E4671EB08033CBFB6461B
:10A2E000884659F8103CA9F118000A3347F1000CD0
:10A2F00013EB0E0348EB0C0CAD6955B1183DC7E7E5
:10A30000B9F80440B0F81CA0A4EB0A04C4F3C034AC
:10A31000D2E7BDE8F08700BFE40B00202DE9F04F45
:10A3200085B082834F4A04460091D2F808C094F861
:10A330001580D0E90030BCF1000F40D0ACF118011D
:10A34000002708F00109D1E90026934270EB0605C9
:10A350006ED3B9F1000F2CD0277D0D7DAF4228D3ED
:10A360008D68AD1846F1000615F10A0A46F1000E97
:10A37000534570EB0E0219D22269D21840F1000742
:10A3800092457EEB070B01D252467746AA42B7416F
:10A390000FD220460024FFF70BFF334B187801F053
:10A3A0009FFD009B1C7005B0BDE8F08F1A46074664
:10A3B000ECE78A690F4622B1A2F11801C3E76246B1
:10A3C000674618F0010F38D0A168C91840F1000B9A
:10A3D000019192B3019DD2E9001615F10A0E4BF1DD
:10A3E0000005714576EB050527D294F814E0157D3C
:10A3F000AE4519D395686D1846F1000615F10A09A6
:10A4000046F100084B4570EB080113D22169C918C9
:10A4100040F1000E894578EB0E0A01D24946C64646
:10A42000A9427EEB060EB4D3926932B1183AD1E755
:10A430000A46C6E719468646F2E704F118035FB1FB
:10A44000BA69A261BB6103AA00200021FFF7FAFEEE
:10A45000231A5C425C41A4E7024AC4F818C0936026
:10A46000F1E700BFE40B0020B8000020F8B5234C52
:10A470000023E360EFF3108272B621686360E1604D
:10A48000236002B962B60026E36803B9F8BD9A7981
:10A49000A3F11800032A07D11A6801219E7153F80D
:10A4A0000C3CE2609847EFE7196851B1A1F118033D
:10A4B000074600229D7F042D07D09B7F032B02D1EE
:10A4C000A2B9E16015E0FFDFFEE7B0F81CC09D8B8C
:10A4D000A5EB0C052D049D6944BF07F11802184631
:10A4E000002DEDD01F46A5F11803E3E713681B68A4
:10A4F0001360C36802218677D4E700BFE40B002015
:10A5000010B5084C2378FF2B01D0FFDFFEE706488B
:10A5100001F0C2FC054B002220709A601A605A605C
:10A520001A8210BDB80000206DA40700E40B0020C3
:10A5300010B5044C2078FF2803D001F0C5FCFF23A0
:10A54000237010BDB8000020034B1A8A10B4541CAD
:10A550001C8210BCFFF7E2BEE40B002037B50446B6
:10A560000D4601AA00210020FFF76CFE231A04F11A
:10A570001801584258412870044801F03BFB10B1C3
:10A5800000230120A37703B030BD00BFEC0B0020F7
:10A59000FFF722BE38B5114B044600F118011A68C6
:10A5A000B2B11A6800209AB191420ED108B1A569E2
:10A5B00005601D68A94204BF12681A605A6891427A
:10A5C00000D158600023A37707E010461268EAE73D
:10A5D000034801F00FFB0028F4D138BDE40B002044
:10A5E000F00B002037B505460C46FFF7F5FD01AA34
:10A5F00028462146FFF726FE28B100F11803034A3A
:10A60000536103B030BD0346F9E700BFE40B0020FF
:10A6100010B5064C616904F1080001F0EBFA18B1BD
:10A62000606900231838636110BD00BFE40B00208F
:10A630009C46144BF0B59D68FDB115F8043C183DDF
:10A64000834218D812F10A04D5E900364CF1000112
:10A65000A34276EB01070BD22F69FF1846F10006E3
:10A66000A7428E4107D3B4F10A0041F1FF31F0BD9A
:10A670001C463146F7E7AD69DEE74FF0FF30014693
:10A68000F5E700BFE40B0020837F022B1AD1437D46
:10A6900013F0020302D0002383777047032203766E
:10A6A00043768376C3760C4B827700F118021968E3
:10A6B00029B91A605A60094B187801F011BC596821
:10A6C0000A60F7E7837F012B04D0837F042B01D03E
:10A6D000FFDFFEE7704700BFE40B0020B80000205A
:10A6E00010B500F118010446074801F083FA08B9D3
:10A6F000FFDFFEE72046FFF75BFD044BBDE810409F
:10A70000187801F0EDBB00BFEC0B0020B800002072
:10A710002DE9F74FD0F810E0BEF1000F01D0FFDFB8
:10A72000FEE7836890F814800193D0E90014EFF3FA
:10A73000108972B6264BB3F810C09B686BB1019DAF
:10A74000183B0A35D3E900264EF1000A6D1844EB98
:10A750000A0A95427AEB060707D2B9F1000F35D005
:10A76000C0E9001403B0BDE8F08F8A4276EB04071D
:10A770000CD31F69BF1846F1000BAF427BEB0A0BED
:10A7800034BF0125002575B99B69D7E712F10A0A84
:10A790009D6846F1000715EB0A0547F10007A9423D
:10A7A00074EB0707ECE71D7DA84509D0ECD912F141
:10A7B0000A019D6846F10004691844F10004E3E7CA
:10A7C0009D8BA5EB0C052D04DED5F0E762B6C7E73F
:10A7D000E40B0020034B187800F0FD00431E5842A4
:10A7E00058417047000C0020034B586808B9FFDF40
:10A7F000FEE7C36805211847000C0020024B052125
:10A80000986801F0D3B900BF000C002038B5FFF7FD
:10A81000FFFE002580B1094C6060C4E9035500F0DB
:10A8200029FD6068022329468377C3689847D4E9E5
:10A830000601FFF7ADFE012038BD00BF000C00206F
:10A840002DE9F74F2F4C814694F82430266A002BCF
:10A850003AD1FFF7BFFF804618B1E38C9E4238BF64
:10A860001E4600F005FE83190F46054641F1000122
:10A870001846CDE90013FFF7B5FE40B3019B0099E0
:10A88000D0E900AB534571EB0B0205D2BAEB0605DC
:10A89000534659466BF1000728461B4AC4E9063166
:10A8A00000233946C4E90A57236300F0B7FD504638
:10A8B000594600F00FFDB8F1000F02D0E38C9E4224
:10A8C0001DD00223114A13E04FF00008C9E794F8A5
:10A8D000243033B12378023B012B02D8636B012073
:10A8E0009847002584F8245000F0F5FC2B46084AD0
:10A8F00084F83830C9F8002003B0BDE8F08F012398
:10A90000E0E700BF000C0020FDA7070069AA0700D0
:10A9100015A90700032910B5044603D8012906D854
:10A92000FFDFFEE70429FBD1FFF7C2FA08B90020D8
:10A9300010BD2046FFF784FF0220F9E72DE9F0471C
:10A9400080460F469146444C002B6FD04FF0000AD2
:10A95000D3E90065C4F830A0864275EB01033CBF23
:10A960000D46064629463046C4E9066500F0B2FCAD
:10A97000E38CB6EB080803F1640365EB0707434576
:10A980005346BB410FDA94F824304BB12378023B95
:10A99000012B02D8636B01209847002384F82430F0
:10A9A000FFF718FF8246236A03F5E173984577F1B4
:10A9B00000071CDABAF1000F10D0E08C274A301AD9
:10A9C00065F10001C4E90A0100F028FD0623244ACC
:10A9D00084F83830C9F80020BDE8F0871F4A3046B7
:10A9E0002946C4E90A6500F019FD0523EFE700F0E8
:10A9F00074FCFFF777F9E08C236ABAF1000F0BD0F3
:10AA0000984209D9301A154A65F10001C4E90A01D2
:10AA100000F004FD0123DAE7F01A104A65F10001A5
:10AA2000C4E90A0100F0FAFC0223D0E794F82430CC
:10AA300033B12378023B012B02D8636B0120984786
:10AA4000002584F8245000F048FCFFF74BF900F093
:10AA500042FC2B46034ABBE7000C0020FDA7070081
:10AA600069AA070015A90700023970B50546032930
:10AA700000F20681DFE801F00602083C814B00226B
:10AA800083F83920002070BD7E4C94F83830042BB8
:10AA900006D8022B24D8013B012B17D9FFDFFEE794
:10AAA000053B012BFAD8FFF703FA0028EAD000F0A3
:10AAB000CFFC00F0DDFC06460C46FFF793FD2A466E
:10AAC000034621463046FFF739FFA2E0FFF7F0F9D1
:10AAD0000028D7D000F0BCFC2846FFF7B1FE98E074
:10AAE000FFF7E6F90028CDD0012384F83930C9E713
:10AAF000644C94F83830013B052B00F2BF80DFE84E
:10AB000003F0032855767E96FFF764FE10B194F8A3
:10AB1000240008B1FFDFFEE7636B9847012384F848
:10AB2000243000F0A5FCA36A574AC01A236B984250
:10AB3000ACBF2063236304F118000BC8C01A61F195
:10AB40000001C4E90A0100F069FC022384F83830EE
:10AB500098E700F0C1FBFFF7BFF800F089FCA36A9B
:10AB6000C21A236B9A42B8BF1A462263FFF732FE1D
:10AB7000D4E9063168B194F8240050B9E28C981AEF
:10AB8000414A61F10001C4E90A0100F047FC0323D6
:10AB9000DCE7323B41F1FF31981841EBE2713A4A70
:10ABA000C4E90A0100F03AFC0423CFE7FFF712FEE4
:10ABB00010B194F824500DB1FFDFFEE700F058FC0F
:10ABC000A36AC01A236B9842ACBF20632363284654
:10ABD000636B98470123D4E9060184F824303238A6
:10ABE000236B41F1FF31C01841EBE371D7E700F06F
:10ABF00075FB80B194F83930002B7FF45AAFFFF722
:10AC000005FE00283FF455AF002384F838301F4B71
:10AC10002B60022037E700200021FFF7E3FC08B19A
:10AC2000FFF75EFD00F059FBFFF75CF854E7FFF714
:10AC3000D1FD10B194F824500DB1FFDFFEE700F014
:10AC400017FCA36AC01A236B9842ACBF206323632E
:10AC50002846636B984701230B4A84F82430236B02
:10AC6000D4E90601323841F1FF31C01841EBE371FC
:10AC7000C4E90A0100F0D2FB052367E7FFDFFEE726
:10AC8000FFDFFEE7000C0020FDA7070091AC0700E6
:10AC900002392DE9F041064604292FD8DFE801F0FA
:10ACA000030A0C2E0F00164A1378003B18BF01232D
:10ACB00082F8243000201FE0FFF7FAF8FAE7DFF807
:10ACC000408000F0E7FA00F0D3FB0C460546FFF7A2
:10ACD00089FC0746D8F80400FFF7D6FC00230022C1
:10ACE0002846C8F8043000232146C8E906233B461D
:10ACF0003246FFF723FE0220BDE8F081FFDFFEE7CA
:10AD0000000C002010B5EFF3108472B60A4B9A685D
:10AD100011680A4A91420CD193F83830033B012B59
:10AD200007D800F0DAFAFEF7DDFF00F0D4FA00F001
:10AD30008FFB04B962B610BD000C002069AA0700A1
:10AD4000064A002310B5064C0260A06084F8383033
:10AD50002370FEF7EDFF3230206210BD15A9070009
:10AD6000000C0020054B9A681168054A914201D0F9
:10AD7000FFDFFEE732301862704700BF000C002092
:10AD800015A9070010B5EFF3108472B6034B042128
:10AD9000986800F00BFF04B962B610BD000C0020EB
:10ADA000064B5A680AB9FFDFFEE7D3E9062180188F
:10ADB000034A41F1000100F031BB00BF000C00204C
:10ADC000E9A70700034B5B680BB9FFDFFEE700F064
:10ADD0003FBB00BF000C0020034B5A680AB9FFDFDD
:10ADE000FEE7D860704700BF000C0020034B5A6894
:10ADF0000AB9FFDFFEE71861704700BF000C0020B2
:10AE0000024B1B690BB9FFDFFEE71847000C00205F
:10AE1000024BDB680BB9FFDFFEE71847000C002090
:10AE2000014B5868704700BF000C0020034B5A6864
:10AE30000AB9FFDFFEE7D3E906017047000C0020E6
:10AE4000024B323118705A63D9847047000C0020CD
:10AE500008B5FFF7BFFC08B1014BD88C08BD00BF97
:10AE6000000C002010B503280AD8DFE800F00C021F
:10AE70000C02A1F1320341F24A549BB2A34203D91E
:10AE80006FF0150003E00021FFF7DAFF002010BD8E
:10AE90000028ADBF00F1604000F00F00044B00F54A
:10AEA0006140B4BF185C90F800034009704700BFD0
:10AEB00014ED00E0044B1B680BB9FFDFFEE71A6AD4
:10AEC0000321586A104700BF400C0020044B1B6848
:10AED0000BB9FFDFFEE71A6A0421586A104700BF6A
:10AEE000400C00202DE9F04105460E46D1B9104F27
:10AEF0003B680BB1FFDFFEE738600E48FFF76CFFE1
:10AF00000D48FFF773FFFFF7F5F86B7D04465B070D
:10AF100008D5FEF7B8FF0A34241A7C6000F0BAFAAC
:10AF20000028FBD02B6A3146686ABDE8F04118471B
:10AF3000400C0020B5AE0700CDAE0700024B00224A
:10AF40001A601A81704700BF400C00207047000053
:10AF5000054B1A680AB9FFDFFEE70449D1600022F9
:10AF60001A60FFF72BB800BF400C0020E5AE0700C9
:10AF7000C0E908122022002101F088B830B587B05E
:10AF80000C46182200210546684601F07FF8637AD6
:10AF90004FF000026168C3F38003029183F0010364
:10AFA00063F38202237A8DF81430224B8DF815203A
:10AFB000039323785BBB9DF81500D4E90432400766
:10AFC000CDE9003207D50A3B01F10A0142F1FF3217
:10AFD0000291CDE90032637A69469DF81520C3F3EA
:10AFE000400322F003025B0043F0010313438DF89A
:10AFF0001530114B5868C0F30800B8B11038FFF78E
:10B0000047FF98B92846FEF7B1FF07B030BD236966
:10B010000493FEF732FF9DF815305B0744BF029B97
:10B020000A33CDE9000148BF0293D4E72846FEF772
:10B030007FFFEAE7E5AE070000ED00E008B50A4B48
:10B0400002465868C0F3080040B11038FFF720FFEF
:10B0500020B91046BDE80840FEF7ECBF1046BDE839
:10B060000840FEF7B3BF00BF00ED00E010B5037865
:10B0700086B004460BB1FFDFFEE70593CDE903334D
:10B08000D0E90423CDE9002343680293037A68469C
:10B090008DF81430FFF73AF80120DDE90023C4E908
:10B0A000042306B010BDFEF7A5BF000008B5094B8C
:10B0B0001B680BB9FFDFFEE75B7D5B0703D4BDE8D0
:10B0C0000840FFF717B8FFF715F80A3041F1000103
:10B0D00008BD00BF400C002070B50B7886B00BB1E6
:10B0E000FFDFFEE74C7A4FF000060593C4F38003C0
:10B0F0004D6883F00103029563F382060B7A8DF8A5
:10B100001430104B8DF8156076070393D1E90431A4
:10B11000CDE9003107D50A3B05F10A0541F1FF31C0
:10B120000295CDE900319DF81530C4F3400469461D
:10B13000049264F341038DF81530FEF7F9FE06B072
:10B1400070BD00BFE5AE07007FB5FEF796FE002399
:10B1500005930A4B039340F21E2302934FF0FF33F3
:10B16000CDE90001694606480493FEF7FFFE08B9E1
:10B17000FFDFFEE707B05DF804FB00BFA9B10700E1
:10B18000780C002010B5074C94F820304BB9FEF72E
:10B19000AFFD30B9012384F82030BDE81040FFF73F
:10B1A000D3BF10BD780C002008B505292BD8DFE8E7
:10B1B00001F0032C262A2A0DFEF7A2FD1348FEF704
:10B1C0009BFF1E38BDE80840FEF759BEFEF790FD14
:10B1D00038B10E4B002283F82020BDE80840FEF76E
:10B1E000EDBEFEF78FFD08B9FEF78AFD00214FF492
:10B1F0000070FEF754FF0028E0D1FFDFFEE7BDE856
:10B200000840FFF7A1BFFFDFFEE708BD780C002074
:10B210004FF000430B4A0021C2F88030A2F5802293
:10B22000C2F88031012302F57832C2F80435A2F564
:10B230008022C2F804352022034B184683F82010E0
:10B2400000F024BF00400C50780C00200023084A76
:10B25000C2F88030A2F58022C2F88031012302F5C5
:10B260007832C2F80835A2F58022C2F80835704756
:10B2700000400C5008B5FDF73BFB054AD2F85837A3
:10B2800043F00103C2F85837BDE80840FFF77ABF22
:10B2900000200E5008B5FDF73BFB0B4AD2F858379B
:10B2A00023F00103C2F858370122084B5A604FF0CF
:10B2B000FF32C3F808232022054BC3F89021BDE8D4
:10B2C000084000F0C5B800BF00200E5000500850E4
:10B2D00000E100E0704770477047704708B5FEF71F
:10B2E00007FDA0B90C4BD3F800313BB90B4A536AA8
:10B2F0000133312B536209D9FFDFFEE7FEF702FD70
:10B3000008B1FFDFFEE7FEF7F9FC012008BD034BA3
:10B3100000225A62F9E700BF00E01050780C0020CC
:10B32000FFF730BF40F20251014808B500F01AFCA7
:10B330006D6006001848202208B5C0F89020BFF3C1
:10B340004F8FBFF36F8F154BC0F89021D3F80415C2
:10B3500021F00301C3F80415D3F8081541F00301E7
:10B36000C3F8081592FAA2F1B1FA81F1092904DDB6
:10B3700040F29F310A4800F0F5FBC3F81015012197
:10B380005960D9604FF00041C3F880104FF0FF3191
:10B39000C3F80813026108BD00E100E00050085046
:10B3A0006D600600124B4FF4E062C3F838230022B0
:10B3B000C3F8AC25C3F8BC25C3F8CC25C3F82021BD
:10B3C000C3F82421C3F8282120220A4BC3F89C216A
:10B3D000C3F89C20BFF34F8FBFF36F8FC3F890204B
:10B3E000BFF34F8FBFF36F8FC3F89021704700BF3B
:10B3F00000200E5000E100E008B5FFF7D3FF054B39
:10B400004FF4A062C3F834232022034BC3F89C21DD
:10B41000DA6108BD00200E5000E100E00A4B10B5D3
:10B420001C680CB1FFDFFEE7B1F5801F1A6001D385
:10B43000FFF778FF054B0122C3F8A005C3F8A41558
:10B44000C3F8AC2510BD00BFA00C002000200E509A
:10B45000054A136833B100230449C1F8AC35C1F87B
:10B4600020311360704700BFA00C002000200E5058
:10B4700030B54FF0FF30064C6FF04041D4E9002367
:10B48000904271EB0305F9D31046C3F3130130BDAD
:10B4900040270E5008B5FFF7EBFF044BD3E902231A
:10B4A000904299412CBF0120002008BDA00C002033
:10B4B00010B5029C241841F10001A01A61EB0301B0
:10B4C000B0F1004F71F1000101DBFFDFFEE710BDBD
:10B4D000014B1861704700BFA00C002008B50C4B51
:10B4E0001B690BB9FFDFFEE7EFF3108272B6B1F50F
:10B4F000801F01D3FFF716FF064BC3F8C005C3F842
:10B50000C4150121C3F8CC1502B962B608BD00BF4D
:10B51000A00C002000200E5008B5FFF70BFF024BD7
:10B5200001221A6008BD00BF0050085010B5FFF797
:10B5300001FF0F4C0023C4F8BC35C4F82431FFF7D9
:10B5400097FF0A3041F10001B1F5801F01D1FFF7EB
:10B55000E9FE4FF00043C4F8B005C4F8B415C4F8D0
:10B56000A4310123C4F8BC35024BC3E9020110BD6C
:10B5700000200E50A00C0020134BD3F8342312F4FB
:10B58000A06F10B501D1FFDFFEE7D3F820215AB13B
:10B5900000220E49C3F8AC25C3F820210B680BB973
:10B5A000FFDFFEE70A609847074BD3F828214AB12E
:10B5B0000022C3F8CC25C3F82821044BBDE8104075
:10B5C0001B69184710BD00BF00200E50A00C0020C2
:10B5D00008B500230B8581F82A300B6A09219847AA
:10B5E00018B103780BB1FFDFFEE708BD034610B3C7
:10B5F000007888B91A79012A1ED85A79012A1BD8ED
:10B600009A680E49643A8A4216D8D8680C4B984218
:10B610002CBF00200120704701280CD11A79012A83
:10B6200009D85A79012A06D8DA680449643A8A4264
:10B6300001D89868EAE70020704700BF3C86010007
:10B640000040420F436A19444162A1F19600FEF79F
:10B6500016BC000070B50446FEF70FFC40F2F96618
:10B66000656AD4E90632963342F100025B1905F5AA
:10B67000DF6542F10002B5FBF6F55B1942F100020D
:10B6800083428A410CD294F82A30052B01D0FFDF87
:10B69000FEE7236A0A2194F858009847FFDFFEE787
:10B6A000044C236813B1984700232360BDE8704021
:10B6B000FFF74EBCB40C002070B504460D4639B9F6
:10B6C000012380F85930FFF7C5FF0226304670BDD0
:10B6D0000E78032E6CD801A353F826F0CBB60700E2
:10B6E000EDB6070057B707000FB707004868C7282F
:10B6F00001D80026EAE70421FEF7D1FC0028F8D0A3
:10B70000FEF7BFFB69682046FFF79CFFDEE790F875
:10B71000286006BB4D682846FFF768FF002847D021
:10B720002B78D3B9012121702B796A79003B18BF9E
:10B730000123002A14BF0422022243F004032272D0
:10B74000AA68A5326260EA6863720323226184F802
:10B750002A3084F829102046B5E794F82A30052BC2
:10B7600001D0FFDFFEE7267004F130002B796A7903
:10B77000003B18BF0123002A14BF0422022243F019
:10B7800004032272EA686372A532A9686260D4E990
:10B7900006325B1842EBE1722146C4E9043204230D
:10B7A00084F82A30FFF7EAFB0028D4D1FFDFFEE758
:10B7B000012384F85930CEE770B5002400F0F0F88A
:10B7C00005462646E0B2854200D870BD00F0EEF88E
:10B7D0000134068580F82A60F4E70000014B186008
:10B7E000704700BFB40C0020F8B504460D46002792
:10B7F00000F0D6F80646F8B2864204D8082D0CD9D7
:10B800006FF0150008E000F0D1F890F82A30013709
:10B81000002BF0D04FF0FF30F8BD2CB12946204668
:10B82000BDE8F84000F0CEB821462046F8E7000019
:10B830002DE9F8438846074658B300F0B1F84FF0B9
:10B84000000904465FFA89F6B44203D86FF00B0092
:10B85000BDE8F883304609F1010900F0A7F890F837
:10B860002A50002DEED1304600F0A0F80A490446D7
:10B87000058580F82A50024680F858603030FFF77E
:10B8800077FB01232762284684F82A3088F8006075
:10B89000DEE76FF01500DBE73983070010B50446DB
:10B8A00000F084F8014688B190F828308BB990F800
:10B8B0002A3073B1013B012B04D82046FFF788FEE4
:10B8C000002010BD012380F82830F9E76FF0010057
:10B8D000F7E76FF02200F4E770B50D4600F066F868
:10B8E0000446002849D090F82A60731E012B4AD8DC
:10B8F000002D45D02846FFF779FE002840D02B7850
:10B90000F3B9012323702B796A79003B18BF012317
:10B91000002A14BF0422022243F004032272AA6800
:10B92000A5326260EA68637203232261214604F152
:10B93000300084F82A30FFF721FB38BBFFDFFEE739
:10B94000022E20D1002323702B796A79003B18BF87
:10B950000123002A18BF042643F004032672EA6874
:10B960006372A532A9686260D4E906325B1842EBC3
:10B97000E172C4E904320423D8E76FF0010070BD1E
:10B980006FF01500FBE76FF02200F8E70020F6E704
:10B99000024B00221A601A71704700BFB80C0020D9
:10B9A000014B1879704700BFB80C0020044B1A797E
:10B9B000824283BF1B68602202FB00300020704778
:10B9C000B80C00200A4610F0030110B50AD1074C4C
:10B9D0002271206008B9002010BD60235A4300F096
:10B9E00055FBF8E76FF00D00F6E700BFB80C00203C
:10B9F000BFF34F8F0549064BCA6802F4E062134358
:10BA0000CB60BFF34F8F00BFFDE700BF00ED00E04C
:10BA10000400FA05084B01225A604FF0FF32C3F8C8
:10BA200008238022054BC3F88820BFF34F8FBFF354
:10BA30006F8FC3F8882170470070045000E100E068
:10BA4000F8B5224F05460C4616463B78002B3AD1F6
:10BA5000FDF7E8FC7E601E4B01263C814FF48062BE
:10BA6000C3F8A4601B4BC3F89020BFF34F8FBFF304
:10BA70006F8FC3F89021FFF7CDFF174B002D14BF38
:10BA800028461846FEF76CF90546D0B9FFF756FA76
:10BA9000FEF758F9FFF790FEFEF7D2F908B9FFDF7D
:10BAA000FEE7002C0BDB04F01F036409A4009E409A
:10BAB00004F1604404F56144C4F880612660012308
:10BAC0003B702846F8BD4FF0FF35FAE7C00C002068
:10BAD00000A0085000E100E04460060038B51D4CAD
:10BAE0002378ABB3FEF7BEF9EFF3108572B60023EF
:10BAF0006360FFF72BFAFEF77DF90121164B17481B
:10BB0000C3F8A4104FF48063C0F89030BFF34F8F98
:10BB1000BFF36F8FC0F89031FFF77CFFB4F90830A6
:10BB2000002B0BDB5A0903F01F03994002F120039D
:10BB300040F82310BFF34F8FBFF36F8FFFF728FF3D
:10BB4000074B0122C3F8082505B962B6002323700C
:10BB500038BD00BFC00C002000A0085000E100E08C
:10BB60000020085008B572B6024B5B6803B19847D5
:10BB7000FFF73EFFC00C0020074BB3F90830002B45
:10BB800009DB5A09012103F01F03994002F1400328
:10BB9000024A42F823107047C00C002000E100E088
:10BBA000014B1878704700BFC00C0020F8B503792E
:10BBB00004460BB1FFDFFEE74679017126B9012388
:10BBC0004371217909B96171F8BD27682046267152
:10BBD000B84702280546F4D103212046B84708B1EA
:10BBE000FFDFFEE723682946204698470028E8D073
:10BBF000FFDFFEE703460068884204D109B10A6806
:10BC00001A600846704728B97047884202D10A680E
:10BC10001A60F6E7034600680028F6D1704701F184
:10BC20001003013813F8012D8B4200F8012FF9D1D0
:10BC3000704700002DE9F84F07468946934698461D
:10BC4000374CDFF8E0A0384D2E780136F6B2D5E853
:10BC50004F3F0133DBB2C5E8403F0028F7D1012157
:10BC60006160C4F80001C4F80401EFF3108072B6FB
:10BC70002E4BC5F80490AB60C5E905B33B68C4F82A
:10BC800010357B68C4F81435BB68C4F81835FB68F8
:10BC9000C4F81C35264BC4F830351033C4F8383599
:10BCA000216000B962B6D4F800312BB9D4F8043160
:10BCB00013B92B789E421CD0B8F1000F09D00A9B13
:10BCC0003BB1D4F840350A9AC8F80030D4F83C3576
:10BCD0001360D4F80431002BB5D12978B142B2D128
:10BCE000C4F80031C4F804310323C4F80833BDE8B4
:10BCF000F88FDAF81030DB06D5D503238021C4F89D
:10BD000004330C4BC3F88811D4F80031002BCAD18E
:10BD1000D4F80431002BC6D100F020F9C3E700BFEE
:10BD20000070045000ED00E0CC0C00201000000B6F
:10BD3000D00C002000E100E02DE9F04713F0010FE6
:10BD40008EB004460D4617469A46DDE9168924D082
:10BD500006A8FFF764FFA30735D002AA04F1100577
:10BD60002068083454F8041C1346AC4203C31A4636
:10BD7000F6D106AD02AC1AF0020F4346CDF80090A2
:10BD800023D0294620460AAAFFF754FF0AA93846BD
:10BD9000FFF745FF0EB0BDE8F08713F0040F0DD19B
:10BDA00006AB0E4601F1100C1D463068083656F8F9
:10BDB000041C1A46664503C21346F6D1214602A862
:10BDC000FFF72DFFD6E706ADD5E73A4629462046D0
:10BDD000FFF730FFDEE713B50024CDE90044FFF79D
:10BDE000ABFF02B010BD00001A4B4FF4000270B55B
:10BDF000C3F89820BFF34F8FBFF36F8F164C00210D
:10BE0000164DC4F80011C3F898212E692B6906F06D
:10BE1000100643F010032B610123C4F804332360A0
:10BE2000D4F800319BB11EB92B6923F010032B61AC
:10BE30000123D4F808054FF400026360C4F8083306
:10BE40000023C4F80031034BC3F8982170BD00F003
:10BE500085F8E5E700E100E000700D5000ED00E03E
:10BE60000346002018707047EFF3108272B601216C
:10BE700003780170DBB202B962B6012B0CBF6FF020
:10BE8000220000207047EFF3108372B60022027088
:10BE900003B962B60020704704230A4930B501EBAC
:10BEA000C302157905F0FF041DB1013BF7D2FFDF96
:10BEB000FEE741F8330001215471D8B29471117139
:10BEC00030BD00BFF00C0020042801D9FFDFFEE7E1
:10BED000024B002203EBC0031A717047F00C0020E4
:10BEE000042801D9FFDFFEE7084B03EBC00003790C
:10BEF000012B01D0FFDFFEE7437982790133DBB20A
:10BF00009A4218BF4371FFF737BE00BFF00C002004
:10BF100038B505240F4D95F8281005EBC1031A79A3
:10BF2000012A09D158799A79904205D05A79D2B22A
:10BF30009A7155F83130984795F82830013C013313
:10BF4000DBB2052B28BF002314F0FF0485F828304E
:10BF5000E1D138BDF00C0020FFF7DABF20BF7047F9
:10BF600020BF70479142F0B501D3FFDFFEE7B2FA80
:10BF700082F33BB1C3F1200499409A4020FA04F4C3
:10BF8000984021434FEA124C93B2040C87B2B1FBA4
:10BF9000FCF50CFB151E05FB03F64FEA0E4E0EEBEF
:10BFA0001040864205D9361A964294BF01260226D1
:10BFB000AD1B04EB0141280405FB1211B1FBFCF49D
:10BFC0000CFB1411634307EB0147BB4205D9DB1B94
:10BFD000934294BF01230223E41A2043F0BD2DE9CC
:10BFE000F0411D4607460C46164652EA050301D1AC
:10BFF000FFDFFEE785B9914204D2FFF7B3FF294680
:10C00000BDE8F08108462946FFF7ACFF05463246F9
:10C01000384605FB1641F0E7B5FA85F801234008DC
:10C0200003FA08F3C8F11F0840EAC470A3FB021228
:10C03000610803FB0522FFF795FF30FA08F04FF087
:10C04000000102D0013861EB010106FB01F3A6FB00
:10C05000002C00FB0533BF1A634464EB0304B742B2
:10C06000AC41CDD3013041F10001C9E762B10139E2
:10C0700010B5841810F8012B11F8013FA04201D02F
:10C080009A42F7D0D01A10BD10467047F0B5C9B229
:10C090000446A30726460ED14FF0013522F00303D4
:10C0A0004D43E718BC420CD1334402F003021A445A
:10C0B000934209D1F0BD002AFCD0013A04F8011BDB
:10C0C000E7E744F8045BEDE703F8011BF0E7000045
:10C0D000094B0A4AC3F800230132C3F80C2301328A
:10C0E000C3F818230132C3F820230132C3F81C23FC
:10C0F0000132C3F81021704700A0085004000080EE
:10C10000074B0022C3F80023C3F80C23C3F81823FD
:10C11000C3F82023C3F81C23C3F81021704700BFC5
:10C1200000A00850844641EA000313F0030359D1EC
:10C13000403A33D3F0B4F0C9F0C0F0C9F0C0F0C950
:10C14000F0C0F0C9F0C0403AF5D2F0BC26E0403A69
:10C1500024D300BF0B6803604B6843608B68836027
:10C16000CB68C3600B6903614B6943618B69836171
:10C17000CB69C3610B6A03624B6A43628B6A836259
:10C18000CB6AC3620B6B03634B6B43638B6B836341
:10C19000CB6BC36340304031403ADBD230320BD3FB
:10C1A0000B6803604B6843608B688360CB68C36037
:10C1B00010301031103AF3D20C3205D351F8043B51
:10C1C00040F8043B043AF9D2043208D0D2071CBF2D
:10C1D00011F8013B00F8013B01D30B880380604656
:10C1E000704700BF082A13D38B07B0D010F00303A9
:10C1F000ADD0C3F10403D21ADB071CBF11F8013B19
:10C2000000F8013BA3D331F8023B20F8023B9EE744
:10C21000043AD9D3013A11F8013B00F8013BF9D2B5
:10C220000B7803704B7843708B788370604670474F
:10C2300001000000001100201D400000000000006F
:10C24000FFFFFFFF1FFF0000BAABBABA10101010BB
:10C25000FF00000000000000FFFFFFFFFFFFFFFFE7
:10C26000FFFFFFFFFFFFFFFFFF000000FD190700BA
:10C27000000000002B1A070000000000591A0700F8
:10C2800000000000451A0700000000000F1A070018
:04C2900000000000AA
:040000036000382938
:00000001FF
