:020000025000AC
:10C8000029C8050095C8050039C8050059A30700C7
:10C81000897D060025F2050051A307005DA30700EE
:08C8200055A3070089AC0700D5
:10C8280000B5024880475DF804EB704795AF0700F4
:10C8380071460420084202D0EFF3098101E0EFF3CA
:10C848000881886902380078102813DB20280FDB5C
:10C858002D280BDB084A1268084B9A4203D160283E
:10C8680004DB074A1047022008607047054A104752
:10C87800054A1047FFDF0000BC0B0020BEBAFECA05
:10C8880021F2050065A3070071B207001249097873
:10C89800D9B904207146084217D106990F4A914226
:10C8A80013DA0F4A914200DA0FDB069902290CDBF2
:10C8B80002394878DF2808D10878FF2805D14FF0D9
:10C8C80001004FF00002074B18474FF0FF30714648
:10C8D8004FF00002034B184728ED00E000EC07007A
:10C8E80000C80500ADAF070007282DD01AB1012AEE
:10C8F8000BD0812070474B7803F00703042BF8D83E
:10C90800DFE803F007220C131B004B78C3F3C203C4
:10C91800F4E7002A14BF032002207047032813D825
:10C9280000280CBF05200F20704704280CD80238B7
:10C93800012894BF0F2005207047062804D003283B
:10C948000CBF0F20052070470020704773B51446B0
:10C95800ADF80410BDF8042003462280227842F086
:10C96800040222709DF90420002A13DA104A9DF867
:10C978000410927AA068C1F3001193420CD3FE2BE5
:10C9880004D107324942D20821F0AAFC237823F0C7
:10C998001003237002B070BDDE08012503F0070301
:10C9A800825D9D40994022EA05020A438255EDE7DF
:10C9B80008010020064BDA88824206D330B10C22E7
:10C9C8001B6850430C38184470470020704700BF5C
:10C9D80008010020820682B0C3B20BD41B0606D51C
:10C9E800054B9B7ADA1D4B4303EBD20399B20846F9
:10C9F80002B070470021FAE7080100201388F0B55B
:10CA08000B8091F90030002B26DA144B0C789B7AB6
:10CA1800984204D344F0100400200C70F0BD9568CF
:10CA2800C60800F007070733AE5DDB103E4166F32A
:10CA380004140C701178D27801F0030142EA012243
:10CA480040F20121B2FBF1F101EB4121521A92B2FD
:10CA580000FB02302844E1E79068DFE70801002086
:10CA680010B5044649B106211CF0D2FF38B1204662
:10CA78000621BDE810401DF053B8084610BDFF2040
:10CA8800FCE700002DE9F7438146084616461D4697
:10CA9800FFF790FF0446DDE90A7800285CD00178AA
:10CAA800480759D5B9F1000F4FDA5FFA89F92E4BCB
:10CAB8009B7A4B4552D9224601A94846FFF79EFF6B
:10CAC8002278E37840F2012102F0030243EA0223CC
:10CAD8006A04B3FBF1F101EB4121A3EB010189B237
:10CAE8000AD58B4208D194F802C022790CF0030CC5
:10CAF80042EA0C22B24233D3B14231D3C5F30D021C
:10CB08009519ADB2A9422DD38B4205D1A378290A34
:10CB1800257161F30103A370B8F1000F01D0A8F8E3
:10CB2800002077B13946304421F028FC9DF80430C4
:10CB38002246484623F010038DF804300199FFF788
:10CB480005FF002003B0BDE8F0831FFA89F0C9098A
:10CB5800FFF786FF8146AAE70120F3E78720F1E780
:10CB68000720EFE70D20EDE708010020CB1C23F09C
:10CB7800030399422DE9F04107460D462ED1184C82
:10CB880000230E4640F201282160A0802381A27272
:10CB9800E380337813F0040001D1BDE8F081E28826
:10CBA8000132E28013F0200216D103F00302F1787B
:10CBB800707841EA022143EA0020B1FBF8F202EB67
:10CBC8004222891A89B2FFF705FF238903449BB2E1
:10CBD8002381FB1A2B44B3600C36DAE78620DCE7A6
:10CBE80008010020044AD388108903EB430301306D
:10CBF80000EB830080B27047080100202DE9F04F58
:10CC080040F2012487B081461546ADF8141002930E
:10CC1800BDF8403005980393B2FBF4F404EB4424C8
:10CC2800141BA4B22146FFF7D5FE0146FFF7DAFF31
:10CC3800DFF8F4C00C30BCF8042008449042DDE969
:10CC480011766CDC9DF8148008F0A003A02B68D046
:10CC5800BCF80600DCF800A0431C9BB2ACF8063018
:10CC680006B1338018F0200B09BFBCF808603946BC
:10CC7800891989B204BFACF80810511A4FF00C0298
:10CC880008BF514402FB00F6FE200AEB0602916041
:10CC980005990492FFF75AFE049A18F0800FDFF8FE
:10CCA8008880D570C5F3012514714FEA14241AF849
:10CCB800061045F0040521F0070145EA01050AF8C8
:10CCC800065008BF0125917864F301014FF0000474
:10CCD8009170264699F802105171B9F80010D18068
:10CCE8004FF0000111731CBF0F4A957ABBF1000F7A
:10CCF80018BF0027E3B29D4201D800200CE044F0A1
:10CD080000400134CDE90076DDE90223B8F80610C9
:10CD1800FFF7B8FE0028EDD007B0BDE8F08F8420FB
:10CD2800FAE70620F8E700BF080100202DE9F347DD
:10CD38000446084692461D46FFF73CFE8146DDE95B
:10CD48000A6700283ED001784B073BD5C909204621
:10CD5800FFF786FE1F4B9B7A834235D901A94A46C5
:10CD6800FFF74CFE99F8023099F80440BAF5806F45
:10CD780003F00303CAF3090844EA03210C460DD360
:10CD880099F8002099F8033002F0030243EA0223DD
:10CD9800B3F5007F02DD6B1E8B4217DCA04517D868
:10CDA800A4EB080292B2AA4228BF2A4607B13A80E9
:10CDB80026B100EB0801304621F0E0FA002002B06D
:10CDC800BDE8F0870120FAE78720F8E70B20F6E7AF
:10CDD8000720F4E7080100202DE9F0470446FFF793
:10CDE800E9FD064668B3184F25464FF0000940F2A2
:10CDF8000128B7F806A0AA4509D23B89013C0020C2
:10CE0800A3EB0903FC8030703B81BDE8F08728461E
:10CE18000135FFF7CFFD0278C178ADB202F0030308
:10CE2800407841EA032142EA0020B1FBF8F303EB22
:10CE38004323C91A89B2FFF7CDFD48441FFA80F988
:10CE4800D9E70120E1E700BF0801002010B514462A
:10CE580039B1013911800121FFF702FEA0700020CD
:10CE680010BD0120FCE70000F8B5154B04460C275F
:10CE7800DE8818682388B3421FD207FB03F14218E3
:10CE88001BD0415C5D1C11F0040F14D05379A372C0
:10CE9800D3889078238100F00300117941EA0021BA
:10CEA800A078A181E11CFFF7A9FD2061ABB20020A9
:10CEB8002380E38002E02580DCE70A20F8BD00BF7C
:10CEC80008010020012303827047000073B506465D
:10CED80008461D46ADF80420FFF76CFD044658B31C
:10CEE80001784B0728D5C9093046FFF7B9FD144B1F
:10CEF8009B7A834222D922460199FFF727FDFF2D0D
:10CF080017D0237840F20122E17803F0030341EAC5
:10CF18000321B1FBF2F202EB4222891A89B215B958
:10CF280001F2012189B22378E170090A61F3010352
:10CF38002370002002B070BD0120FBE78720F9E7CD
:10CF480008010020F8B50646084617461D46FFF7B3
:10CF580031FD0446F8B101784B071CD5C9093046A4
:10CF6800FFF77EFD224639460646FFF747FD5DB1CD
:10CF78002378E27803F0030342EA0322B2F5007F44
:10CF8800CCBF002201222A70044B987AB04294BF89
:10CF980087200020F8BD0120FCE700BF0801002021
:10CFA80090F82F30C279C3F30103134063F30102F1
:10CFB80013F00103C2711BBF837A90F83220837289
:10CFC80013401FBF90F831208372437A1340827850
:10CFD8004372037A9A4288BF8370704770B50378AA
:10CFE80004460D46052B08D003F0F703012B11D199
:10CFF800016904201EF0DAF90CE083680169042055
:10D008001E781EF0D3F9052E04D0054A04202169A4
:10D018001EF090F929462046BDE8704000F05CB843
:10D0280080C3C9012DE9F041054686B00F460124A9
:10D03800DFF850802B79013B55F823607378013B6A
:10D04800DAB2012A05D858F82330394630469847CD
:10D058000446012C11D82B79013BD9B2297171B939
:10D068000A2301A802968DF80430336A059306F066
:10D07800FBF8204606B0BDE8F081032CF9D1032463
:10D08800D8E700BF04EE050010B5044601460420A9
:10D098001EF08CF92146034A0420BDE810401EF01A
:10D0A80049B900BF80C3C90138B50D4680220021A7
:10D0B800044621F015F9012D01D0022D07D1204693
:10D0C800657001F08BFB02230020A37538BD052095
:10D0D800FCE704201EF06AB938B50C4669B1002394
:10D0E80005780B7006F0C0F8064B20782B441B7AA5
:10D0F800834214BF0220032038BD06F0B5F820464D
:10D10800FAE700BF04EE050010B50379012B0CD037
:10D118004C780022012C0A7004BF0A744A615A1C18
:10D12800027140F82310032010BD0420FCE70023FF
:10D1380037B58DF804300D464378012B03D0022B08
:10D1480011D06C4606E0C468002CFAD0237C002B72
:10D15800F7D10C3401462046FFF7D6FF032804D048
:10D16800042003B030BD0469EEE729462046FFF7E6
:10D1780059FF9DF80430002BF3D0F1E720B1037C70
:10D1880013B10C30FFF74EBF0120704738B5054684
:10D19800C2F110001446284421F0F0F8102C0AD0EF
:10D1A800C4F10F02802328460021D2B2AB54BDE857
:10D1B800384021F095B838BD2DE9F04788B00C46C5
:10D1C80011460546DDF848A004AEDDE91029D04631
:10D1D8004F4617F8010BC0F340008DF8100018F8FF
:10D1E800010BC0F340008DF811001868CDF812004B
:10D1F80098889B79ADF8160068468DF81830136842
:10D20800CDF819309388ADF81D30937932468DF8F2
:10D218001F3010231CF023FF2A46694620460323AB
:10D2280020F0F7FEB8F80430DAF801003246ADF81D
:10D2380014302946D9F8013004906846CDF81630E4
:10D24800BB88ADF81A300023079310231CF007FFA2
:10D2580003232A466946204620F0DBFE08B0BDE8D5
:10D26800F08700002DE9F04389B0054690461C463A
:10D278000E46DDE9107919B3032302462B493046DF
:10D2880020F0C7FE1022294638461CF0F2FE95F918
:10D298000F30002B05DA1023254A394638461CF092
:10D2A800DEFE1022394648461CF0E3FE97F90F309F
:10D2B800002B05DA10231E4A494648461CF0CFFECB
:10D2C80010220021284621F00BF8102C14D822D166
:10D2D80023463A46414604A81CF0C1FE2A460146A8
:10D2E800102368461CF0BBFE03236946304620F035
:10D2F80090FE09B0BDE8F083103C684610232A462A
:10D30800A4B208EB04011CF0AAFE032369463046C8
:10D3180020F07FFED9E7E2B241466846FFF736FFC4
:10D3280010234A4669460DEB0300D5E7D0ED05000A
:10D33800E0ED05001FB51B88044612880846ADF8C5
:10D3480002300023ADF80020694603932246CDE958
:10D358000133032320F05DFE04B010BD30B589B061
:10D3680004460D46106851686B4604AA03C300239F
:10D3780069462846CDE90233032320F04AFEBDF86A
:10D388001030238009B030BDF0B5027887B0002393
:10D398000446012A06698DF8083047D0022A00F0B1
:10D3A800BE8012B1012007B0F0BD0379013B032B09
:10D3B800F8D8DFE803F0020B08237378012B40F05C
:10D3C800C18002230AE01D233370FAE77378022B29
:10D3D80040F0B88033780C2BE4D1072301228DF874
:10D3E8000830227022899A4216D2082301A88DF8A3
:10D3F8000430236A0593FFF76FFED4E7B37D022B51
:10D40800D0D132781D2ACDD84F4BD340DB07C9D5B0
:10D418000389012BD5D8C5E70B46052203F8042B51
:10D42800D4E9020183E803000320BCE70A78052A4F
:10D43800B8D18DF80420026A8D6805929DF81020F5
:10D44800039563F300020379013B8DF81020032B49
:10D45800A8D8DFE803F00224125802270B23002182
:10D46800ADF808702B70037D01A803F01F036B70E3
:10D47800FFF7B4FD3770002095E79DF810300222C1
:10D4880043F00103ADF808208DF8103005232B7008
:10D49800037D6B70027001A8FFF7A0FD83E70723E7
:10D4A8000021ADF8083001232B70037E6B70437E9A
:10D4B80003F00103AB70837E03F01F03EB70C37EA0
:10D4C8002B71EB7813F0010315BF037FAB7103F0E9
:10D4D80007036B711CBF6B71437F01A81CBF03F06E
:10D4E8000703AB71FFF77AFD2B68F362AB883386CD
:10D4F800AB7986F8323063695B7873752B79B370D2
:10D508000D233370B7E702230021ADF808300E234E
:10D518002B70037D01A86B70FFF760FDABE701225C
:10D5280019468DF80420026A059203228DF8082016
:10D53800027D01A88DF80920FFF750FD304601F063
:10D548004DF998E705202EE7F0C0012070B59CB092
:10D558000C46194602F120059DF880308DF82C30D4
:10D568000DF12D0352F8046BAA4243F8046BF9D16C
:10D5780022460DF14D03203452F8045BA24243F8D1
:10D58800045BF9D107AB0BAA019303AB00934123CA
:10D59800FFF768FE1CB070BD2DE9F04FA1B01C4626
:10D5A80020230DF1280B0DF1180A2C9ECDF804B09C
:10D5B800CDF800A0CDE904014D490EA8DDE92A7592
:10D5C800FFF750FE4FF4807305F101080DF1580C78
:10D5D800ADF84830731C07F1100E0393D6F80130EC
:10D5E800CDF84A30B6F80530ADF84E303378C3F38D
:10D5F80040038DF85030D5F80130CDF85130B5F8EA
:10D608000530ADF855302B78C3F340038DF857300B
:10D618003B461868083353F8041C6246734503C236
:10D628009446F6D123460DF1680C04F1100E1868E3
:10D63800083353F8041C6246734503C29446F6D176
:10D648000023DFF8B09012AA0EA98DF87C3035239C
:10D658000498CDF87890CDE900ABFFF703FE4FF4BE
:10D668008073ADF84830D6F80130CDF84A30039BC6
:10D678009B88ADF84E30337807F11006C3F34003AA
:10D688008DF85030D5F80130CDF85130B8F8043065
:10D69800ADF855302B7816ADC3F340038DF85730ED
:10D6A8003B461868083353F8041C2A46B34203C2A1
:10D6B8001546F6D11AAA04F110052068083454F862
:10D6C800041C1346AC4203C31A46F6D1012312AA1E
:10D6D8000EA905988DF87C300AABCDF878900193A7
:10D6E80006AB00933523FFF7BDFD21B0BDE8F08FF1
:10D6F800F0ED0500656C7462F0B59DB00546259E99
:10D70800D6F801000B90B6F80500ADF83000307877
:10D71800DDE92374C0F340008DF83200D4F801002D
:10D72800CDF83300B4F80500ADF837002078229C16
:10D73800C0F3400004F110068DF839003888ADF8C0
:10D748003A00B8788DF83C000DF13D0054F8047BA0
:10D75800B44240F8047BF9D10DF14D0003F11004F7
:10D7680053F8046BA34240F8046BF9D10DF15D0343
:10D7780002F1100052F8044B824243F8044BF9D1ED
:10D7880007AB0BAA2846019303AB00934123FFF78D
:10D7980069FD1DB0F0BDF0B5A3B09C4606460C4629
:10D7A800289D0EAB05F1100E2868083555F8041CA5
:10D7B8001F46754503C73B46F6D112AB02F1200759
:10D7C8001068083252F8041C1D46BA4203C52B469D
:10D7D800F6D122461AAB04F120051068083252F837
:10D7E800041C1C46AA4203C42346F6D106AB0EAA63
:10D7F80061460AA8019302AB00935023FFF732FD5C
:10D808000A9B336023B0F0BD2DE9F04300238FB0AD
:10D8180090F800C005460F46C4688DF82430BCF166
:10D828001B0F00F28780DFE81CF01C00EC023203BB
:10D838004E0389039403A903DB03F8035604810408
:10D84800C904F104FD043F0587059405B705B9052A
:10D858003B067D067F06B206CF064B076E072E07EE
:10D86800350714B123781D2B36D0AE68002E61D051
:10D878000123296A8DF8243040F602230D91ADF872
:10D8880028306B690B93AB88002B53D03278501E2D
:10D898000D2821D8023A0C2A23D8DFE812F07000AC
:10D8A800EB0040011C0230025002790299024B0041
:10D8B8000D00AF00AD010102022B3BD114B123785A
:10D8C8000C2B09D102238DF8243073788DF8283079
:10D8D800002109A8FFF782FB002630460FB0BDE8FB
:10D8E800F08304201DF062FDAB88072B22D10CB316
:10D8F8002378022B02D01A1F022A19D80123237079
:10D908003379DA1F092A1AD90A232B741D233946B9
:10D9180009A8237018232B7008238DF824302B6A4C
:10D928000D9302238DF82830FFF7D6FB0646D4E77F
:10D93800012BE5D02B7C002B00F0F286E6E7A370E4
:10D9480003223368E362B3882386B37984F83230DC
:10D9580001232B70234603F82D2B0A93631D8DF8A2
:10D9680024200B9304F114032A6A0C930D92394670
:10D9780009A8FFF7B1FB0646012EAED1DAE7072B5F
:10D98800D8D1002CD6D023780D2BD3D1F17894F8A8
:10D998002F20C1F3C0038807C2F3C00203EA0203C1
:10D9A8007279C3F10703DBB204D11342ACD1B17968
:10D9B8000B42A9D194F8311022EA01021A42A3D1EC
:10D9C80094F83210B27922EA01021A429CD13379D2
:10D9D800DA1F092A98D8627D9A4201D9062394E76A
:10D9E80033680E226360B3882381B379A37201235D
:10D9F8002B70234603F82D2B0322AEE7412B99D138
:10DA0800002C97D02378042B24D1E378D90791D51B
:10DA1800731CE269413653F8041BB34242F8041BF5
:10DA2800F9D10B23002109A88DF824302B6A0D9316
:10DA3800E3690A93FFF7D2FA2378042B0ED1052362
:10DA4800237003232B7008238DF824302B6A0D9341
:10DA5800412314E20F2B7FF46DAFD9E7A37D012B8F
:10DA680002D81123237037E7032B14BF1023122386
:10DA7800237048E0112B7FF45DAF002C3FF45AAFC0
:10DA88002378042B17D1E378DA073FF553AFA04684
:10DA980006F1010958F8403B23F07E4303F0FF23C9
:10DAA800B3F5007F13D110224146484620F008FC08
:10DAB80068B9042329E7062B07D1E378DB07E6D406
:10DAC800A37D022B7FF436AFE1E7112BFAE7484636
:10DAD800113650F8043BB04248F8043BF9D161785C
:10DAE800012914BF122307232370E378D80711D51F
:10DAF8000129A27D40F02F86022A40F0278603F0F4
:10DB08003E03022B09D104232B700C238DF82430FB
:10DB18002B6A67E0012940F02186052358E0112B84
:10DB28007FF408AF002C3FF405AF2378082B02D010
:10DB3800132B7FF4FFAE04F17002711C11361046EE
:10DB480051F804EBB14240F804EBF9D1082B14BFAB
:10DB5800142309232370E378D9071FD5A67D022E45
:10DB680004D06178022935D1012E30D8022ED4E9AB
:10DB780006010BD1666BC3F34403D6F800C0013B22
:10DB88002CFA03FC0CF0010C4CF0800C1346CDF879
:10DB980000C0024605A8FFF7D9FC0BE0A36A05A858
:10DBA8000293636A0193231D009304F12C03616BB4
:10DBB800FFF702FB102205A904F1400020F080FBCA
:10DBC80000287FF476AF2378092B00F0C8850A2354
:10DBD8002B70CDE1032E2B6A06D104222A700C2269
:10DBE8008DF824200D93C2E609222A7008228DF8A8
:10DBF80024200D93112342E1112B7FF49BAE002CBE
:10DC08003FF498AE23780A2B13D1E278D2077FF538
:10DC180091AE04F14008721C1136414652F8040BCB
:10DC2800B24241F8040BF9D10A2B06D10B23237019
:10DC3800CEE7152B7FF47EAEEBE72346162204F1E0
:10DC4800500105A803F8602B626A0392A26A029247
:10DC5800621D0192626B009204F17002FFF74CFDA5
:10DC6800102205A9404620F02BFB0646002840F06C
:10DC7800168320463146FFF793F9A378206AC3F14B
:10DC88001002184420F02CFB0F232B7006230A9651
:10DC98008DF824302B6A0D93A3788DF82C3066E626
:10DCA800022B7FF447AE002C3FF444AE23781A1FB2
:10DCB800032A03D90E3B032B3FF63CAEA37D022B70
:10DCC8007FF438AE0846FFF7DFF90E238DF82430CD
:10DCD8002B6A0D93F9E5022B7FF42CAE002C3FF450
:10DCE80029AE2378012B7FF625AE0C2B3FF422AE0C
:10DCF80004238DF8283073788DF829301AE6112B13
:10DD08007FF418AE002C3FF415AE2378172B7FF460
:10DD180011AE62781421636A971E7A427A4101FB38
:10DD28000232731C1136926953F8041BB34242F84D
:10DD3800041BF9D1286AFFF7A7F9182392E60B2BE1
:10DD48007FF4F8AD002C3FF4F5AD2378182B7FF461
:10DD5800F1AD62781421636A901E4242424101FB90
:10DD68000233B6F801201B691A806278636A941E30
:10DD78006242624101FB02335A69D6F803301360EC
:10DD8800D6F807305360286AFFF77EF917231FE794
:10DD9800112B7FF4CFAD002C3FF4CCAD2378192B99
:10DDA8007FF4C8AD6278636A911E4A424A411421E1
:10DDB80001FB0232731C1136D26953F8041BB342BB
:10DDC80042F8041BF9D1286AFFF75EF91A2349E6DD
:10DDD800082B7FF4AFAD002C3FF4ACAD23781A2BA1
:10DDE8007FF4A8AD636A71781A7861F347021A70F4
:10DDF800D6F80220636AC3F80120F288A3F8052048
:10DE0800C1E70B78012B7FF495AD4B6804F1140240
:10DE180003F1180153F8040B8B4242F8040BF9D1B3
:10DE2800E27994F82F10C2F3C003C1F3C0010B408C
:10DE3800E17863F30001237DE170002B7FF465AD89
:10DE4800217803291ED1607DA17888423FF6C6ADAE
:10DE580063F3471202212046E271627A217163F36B
:10DE680007126272A27A63F30712A272FFF798F898
:10DE7800082329708DF824302B6A0D9307238DF819
:10DE8800283074E5E378DB077FF547AED9E50B78F2
:10DE9800052B7FF44FAD07228DF82430036AADF8C7
:10DEA80028209DF830200D9322F001028B688DF810
:10DEB80030200B9362681A6022899A80A27A9A713C
:10DEC8000423237004E50B78052B7FF433AD8DF81C
:10DED80024300C22036AD1E901010D930AAB83E8CF
:10DEE80003004123ADF828309DF8303023F00103BA
:10DEF8008DF830300A70BA68A369013203F1400125
:10DF080053F8040B8B4242F8040BF9D1002109A8FD
:10DF1800FFF764F8E378012262F34503E37023789E
:10DF2800052B09D1A37D934201D80723A0E5032B34
:10DF380040F03481082395E50F2393E50B78072BF0
:10DF48007FF4F8AC0B79002B7FF4DFAC8B68E363CC
:10DF5800E3E5102104F160001BF070F9636BF3B97D
:10DF6800A37D012B06D807232B70AD4BC4E90D33D5
:10DF78000326B2E406232B700423C7E50B78022B93
:10DF88007FF4D8AC0B79002B7FF4BFACA37D022BB8
:10DF980007D18B68002B3FF4CDAC6363A3630723E1
:10DFA80016E6032BFBD16178A379012994F82E207A
:10DFB8001EBF194613460A46012A0DD1BA68002A1F
:10DFC8003FF4B8AC6263E278D60707D5012B05D1D8
:10DFD800FB68002BE2D1ADE4914AF3E7904BDDE713
:10DFE800026A08230D92E2788DF82430D00709D50B
:10DFF8006278A37D022A01D1012B0CD9032B0CBF17
:10E00800092308232B7011238DF82830394609A8D5
:10E01800FEF7E4FFAFE40923F4E70B78052B7FF460
:10E0280089AC2278072A04F1600218BF4FF0110C5E
:10E0380084F800C08DF82430036A8E680D9311238C
:10E0480035460B96ADF828309DF8303023F00103A3
:10E058008DF83030032305F8013BE07810F0010F0C
:10E068001ED1A36A28460293636A0193231D009375
:10E0780004F12C03616BFFF79FF8236823F07E43BC
:10E0880003F0FF23B3F5007F7FF422AC2846403429
:10E09800113650F8043BB04244F8043BF9D117E478
:10E0A800A37D022B05BF636BC0F3440000231B68EC
:10E0B80004BF00F1FF30C340284608BF03F0010346
:10E0C800D4E9061708BF43F08003009313463A4685
:10E0D800FFF73CFAD1E70B78052B7FF42BAC112224
:10E0E8008DF82430036AADF828209DF830200D9370
:10E0F80022F001028B6804F170018DF830200422AF
:10E108000B9303F8012B04F1600252F8040B8A42C6
:10E1180043F8040BF9D1002109A8FEF75FFF237823
:10E12800092B01D10A2382E513239BE4E378D9075D
:10E1380039D5A27D012A24D16378012B04F170031B
:10E14800D4E9061004F1600411D100260A460094AF
:10E1580001460AA8FFF71FFB0D23002109A88DF827
:10E1680024302B6A0D93FEF739FFFFF7B6BB024642
:10E1780000930AA82346FFF70EFB0B2303262B70F8
:10E18800EAE7022A0FD1C3F34402132A0BD801325B
:10E1980062F34503E3706378012B01D1062361E440
:10E1A80010232370B9E4236823F07E4303F0FF2390
:10E1B800B3F1012F3FF490AB0B2309E5E378DA07BD
:10E1C80004D5A37D012B29D10C23D4E60F2304F118
:10E1D800700205AE037004F160006378616B012B77
:10E1E8000CD113460246304600F0C0FAA078002150
:10E1F800C0F11002304420F073F847E5034630467A
:10E2080000F0B4FA2046FEF7CBFEEFE70B78022BBE
:10E218007FF490AB0B79002B7FF477AB0D23D7E419
:10E22800D0ED0500637804F17006D4F828C004F135
:10E238006008012B216AE26B04F150090CBF4046CB
:10E248003046CDF808C008BF3346D4F824C018BFFC
:10E258004346CDE9000C4846FFF79EF96378012B49
:10E2680020D1A3780021206AC3F11002184420F0BD
:10E2780037F8A36A32464946039305A8636A0293AE
:10E2880004F12D030193636B00934346FFF734FABF
:10E29800102205A904F1400020F012F810B10B2358
:10E2A800FFF733BB0E235AE20B78052B7FF442AB02
:10E2B8008DF8243004F1700E036A04F16002886856
:10E2C80004F150010D9311230B90ADF828309DF8FF
:10E2D800303023F001038DF830300D2300F8013B76
:10E2E80094F801C0D4F83880BCF1010FD4E909369C
:10E2F8000FBF04F1050C04F12D0C9946334618BFE5
:10E308004E46CDE9008CCDE902637346FFF7F4F978
:10E31800002109A8FEF762FE6378012B09D10F23BB
:10E328002B7006238DF824302B6A0D9300230A9353
:10E33800B2E41523FFF796BB0B78032B7FF4FAAAF8
:10E34800E379DB0740F1A381102303700723FFF76C
:10E35800DDBB0B78042B7FF4EDAA0B1D04F114022E
:10E36800183753F8041BBB4242F8041BF9D1636AFF
:10E37800228CA3F80920636AA278DA71636AE179CA
:10E388001A7A61F301021A72636A627A1A73636A0B
:10E39800A27A83F82020F9E41223E0E191F80080C2
:10E3A800B8F1050F7FF4C6AA8B68142608214361CB
:10E3B8006278636A023A18BF012206FB0233586981
:10E3C8001AF03CFF6278636A04A8023AE16918BF50
:10E3D800012206FB02335A6900F0DCF96078626AB0
:10E3E8000223023804A918BF012006FB00200932C5
:10E3F80000691BF034FE626AB04B0DEB060009326F
:10E40800A169FEF797FF6278636A0DEB0601023A8D
:10E4180018BF012206FB0233A27898691FF0AEFFED
:10E428006278636A0021023AA07818BF012206FBCD
:10E438000233C0F110029B6918441FF051FF1122EA
:10E448002B6AADF828209DF830200D9322F00102A8
:10E458006B698DF824808DF8302006220B9303F821
:10E46800012B6178626A023918BF012106FB01227B
:10E47800926902F1100152F8040B8A4243F8040B26
:10E48800F9D1002109A8FEF7A9FD00236B61132328
:10E498002B7008238DF824302B6A0D930B23EEE4A0
:10E4A8000B78052B7FF446AA8DF82430036A1420D4
:10E4B80089680D930B230B91ADF8283007230B7057
:10E4C8006278636A023A18BF012200FB02331B69B3
:10E4D8001B88A1F801306278636A023A18BF0122EA
:10E4E80000FB02335A691368C1F803305368C1F856
:10E4F800073023781C2B08D11A232B709DF8303055
:10E5080043F001038DF8303080E51723002109A876
:10E518002B709DF8303023F001038DF83030FEF772
:10E528005DFD25E515231AE10B78052B7FF402AA7A
:10E5380011228DF82430036A1420ADF828209DF8A4
:10E5480030200D9322F001028B688DF830200822CC
:10E558000B9303F8012B6178626A023918BF012115
:10E5680000FB0122D26902F1100152F8040B8A4221
:10E5780043F8040BF9D1002109A8FEF72FFD162353
:10E588002A6A2B7008230D928DF8243077E40B78D3
:10E59800052B7FF4CFA98DF824300822036AADF843
:10E5A800282009220D938B680B931A7062691278E0
:10E5B800C2F346025A706269D2F80110C3F8021019
:10E5C800B2F80520DA8094E7667804F1040CE37861
:10E5D800022E03F001030CBF01210021C3F1070340
:10E5E80018BF012201F1050808BF00221CF8080025
:10E5F80002F1050E18400CF808001CF80E8003EA1A
:10E6080008030CF80E30002840F09C801B2626706A
:10E61800002B3CD013F0010808D02244567A26F08B
:10E6280001065672112203262A7002E09E071BD4A7
:10E6380001266278022A00D053B921444A7A12F09E
:10E64800010818D022F001024A721722002622700F
:10E658001CF80E2002437FF48FA9002B3FF48CA9ED
:10E668001C232370FFF788B92244567A68F34106C1
:10E6780056721422D7E712F0020FE9D068F341026C
:10E688004A721922E2E70B78062B7FF453A91B2361
:10E69800FFF79EBA2378012B3FF44CA90C2B3FF4CB
:10E6A80049A90923002102268DF82430036A09A804
:10E6B8000D93FEF793FCFFF710B900BF00EE0500BD
:10E6C8000A78052A1AD1036A8DF824200D938B68DD
:10E6D8000221ADF828109DF830100B9341F001018C
:10E6E8008DF8301039461A70027C09A85A70FEF766
:10E6F80075FC192306462B70FFF73EB906230B70ED
:10E708001923FFF765BA01238DF82430036A0D93A6
:10E7180003238DF82830037C8DF8293000230374F7
:10E728009DF8243063B10026002109A8FEF756FCA5
:10E73800002C3FF4D2A8204600F050F8FFF7CDB8DF
:10E748000126F5E7012E3FF465AF71E7012A3FF690
:10E75800E4A9FFF7D8B9012A7FF6D5A909232B70B8
:10E7680008238DF824302B6AFFF743BA7FB5064695
:10E778000D4618686C46596803C4106823465168EA
:10E78800324603C30323694628461FF042FC04B0FF
:10E7980070BD000030B5154685B0074A0446684686
:10E7A80002F130033232FEF7C5FD2A46694620469B
:10E7B800FEF7D4FD05B030BDD0ED05007047000070
:10E7C80010B40446034B0846034A214610BCFEF722
:10E7D800B1BD00BF00EE05001BEE05004378012B1C
:08E7E80018BF0C2303707047F9
:10E800002CFFFFFFDBE5B151002402000D31FFFFBB
:10E81000910000008196980075A7B53A3CDD4A80CA
:0CE820000BC04E1D23D7EEC1ACAF9569B4
:10E82C0095950600ED980600519A06007D9A060013
:10E83C00BF9A0600FD9A0600379B0600679B0600F0
:10E84C009D9B0600FD9B06009196060009F10500B4
:10E85C00991A0600F91A0600211B0600711B060006
:10E86C00051C06007D1D0600851E0600C11E060047
:10E87C00B5220600592306009923060075240600CC
:10E88C00952406006D2E0600A12E0600A52D06006F
:10E89C00092E0600DD2E06006D2F0600FD3F06003A
:10E8AC0039420600654606009D470600554806009D
:10E8BC00CD4806003B490600814A06000D4B060078
:10E8CC00774B0600C12406001D26060049260600CB
:10E8DC000128060021290600992906000DF10500E2
:10E8EC00AD2A0600CF2A0600A1280600DD28060066
:10E8FC00012906000DF105000DF105008D2806001B
:10E90C000DF105000DF105000DF105000DF10500EF
:10E91C000DF105000DF1050009F1050009F10500E7
:10E92C0009F1050031580600BD580600DD580600F7
:10E93C00FF580600815A0600295906003559060071
:10E94C00795906009D590600655A0600AB5A060017
:10E95C0009F10500CF700600E7700600ED700600A7
:10E96C0029710600597106002D720600AD72060061
:10E97C00C9720600297306007974060045760600F4
:10E98C00717706008D770600457A060009F10500BF
:10E99C0009F105000DF105000DF105000DF1050063
:10E9AC000DF105000DF10500FF0102001001100131
:10E9BC003A0200001A020C010200000011000300D0
:10E9CC000300070008000330030003000D000000E3
:10E9DC0005000F000F0003000F00060007000F00DA
:10E9EC0004000500070007000C0003000F000700DF
:10E9FC000F000300030003000300030003000300E7
:10EA0C0003000300030003000300030003000300E2
:10EA1C0003000300030003000300030003000300D2
:10EA2C0003000300030003000300030003000300C2
:10EA3C0003000300030003000300030003000300B2
:10EA4C0003000300030003000300030003000300A2
:10EA5C000300030003000300030003000300030092
:10EA6C000300030003000300030003000300030082
:10EA7C000300030003000300030003000300030072
:10EA8C000300030003000300030003000300030062
:10EA9C000300030003000300030003000300030052
:10EAAC000300030003000300030003000300030042
:10EABC000300030003000300030003000300030032
:10EACC000300030003000300030003000300030022
:10EADC0003000300030004000300030002300011D4
:10EAEC000003030708080D0004050600F8010020C8
:10EAFC000200000B0406080A0C0E10121416181C47
:10EB0C001E20222426282A2C2E30323436383A3C29
:10EB1C003E40424446484A4C4E021A500000000007
:10EB2C00280000001800000000000000F023000086
:10EB3C002413000000000000400600004006000006
:10EB4C00000098086B03000000000000F023000098
:10EB5C00241300000000000048A3000014A00000D3
:10EB6C00000040060C030000800000200200000B97
:10EB7C005E0200200200000CC20200200200000B0A
:10EB8C00C20200200100000CC00200200100000C99
:10EB9C005B9D06002D140600F94E0600D977060081
:10EBAC000D8F060000000000FFFFFFFF0000FFFFBD
:10EBBC00000003000230030003000F000F000400EC
:10EBCC000D00130003000300080003000300030002
:10EBDC00030006000700030003000300030003000A
:10EBEC0003000300073003000300030007000300C9
:10EBFC0003000300030003000300030003000300F1
:10EC0C0003000300030003000300030003000300E0
:10EC1C0007000300030003000300030003000300CC
:10EC2C0003000300110003000D00030003000300A8
:10EC3C00030003000430030003000900B18E06003A
:10EC4C001D930600B18E0600B18E0600B18E060033
:10EC5C00B18E0600B18E06002F7006000F700600F4
:10EC6C007F700600A1570600635706008357060005
:10EC7C002B9F06005B9E0600213906009F70060044
:10EC8C0000000000C3700600EF57060000000000F3
:10EC9C00000000000000000000000000AD3906007C
:10ECAC000102020303252627000000280000002093
:10ECBC000101000207000000010000001027000005
:10ECCC0010270000010001000001010000010001FB
:10ECDC00000001000100000001000B0002000A000E
:10ECEC00050009000A000800140007001E000600B9
:10ECFC00320005004B000400640003009600020083
:10ED0C00FA000100F4010000F401FA00960064001E
:10ED1C004B0032001E0014000A0005000200010026
:10ED2C000C0802170D01010209090101060209185C
:10ED3C0018030101090903038503020123020224BC
:10ED4C000910040405050B0B040B2B1B1B159A9ABD
:10ED5C001C021D16130501490D150508061B1B0F7A
:10ED6C0001010000FEFEFEFEFEFEFEFEFEFEFEFEAD
:10ED7C00FEFEFEFEFEFEFEFEFE16FEFEFEFEFEFE8F
:10ED8C00FEFEFEFEFE1F1FFEFE26FEFEFEFEFEFE2D
:10ED9C00FEFEFEFEFEFEFEFEFEFEFEFE3E3EFEFE07
:10EDAC00FEFE3B3BA201B003BE05EE024806A209E3
:10EDBC00C405F40B241201011B001B000302080103
:10EDCC001F00030000000000000000000000000015
:10EDDC0000000000870000000000000000000000A0
:10EDEC0000000000BE83605ADB0B376038A5F5AA23
:10EDFC009183886C0000030011D8050091D30500A5
:10EE0C0000000001020603040500000007000001D9
:10EE1C0000FB349B5F8000008000100000000000AD
:10EE2C000000000061A3070061A3070061A30700B5
:10EE3C0061A3070061A3070061A3070061A307009A
:10EE4C0061A3070061A307000DA7070061A30700DA
:10EE5C0061A3070061A307005DA907006BA9070068
:10EE6C0079A90700FDAD070059AB070061A30700A6
:10EE7C0061A3070061A3070091AB0700DDAB07009E
:10EE8C0061A3070061A3070061A3070061A307004A
:10EE9C0001AC07001DAC07003DAC070061A30700E7
:10EEAC0061A3070089A90700A1A90700B1A9070060
:10EEBC00C5A90700A7AA070081AA0700E9A90700AE
:10EECC0025AA070035AA07008DA30700D9A90700BA
:10EEDC0061A3070061A3070061A3070061A30700FA
:10EEEC0031AE0700110303030303030303030303FE
:10EEFC00030703030303030303030F0703030303C2
:10EF0C000303030303050F0000E5104004E5104064
:10EF1C0000100200DC0504008A000000E50000007F
:10EF2C0085000000D70000004E0000001C0000000F
:10EF3C00FA00F401960064004B0032001E0014002D
:10EF4C000A000500020001000000000000000101A1
:10EF5C00010101010101010101010202020202028F
:10EF6C00030304040505060607070808090A0B0C29
:10EF7C000D0E0F101112131415161718191A1B0059
:10EF8C0010010000D200000030010000D800000089
:10EF9C0001000000E400000002000000EA00000094
:10EFAC0002000000EC00000003000000EE00000076
:10EFBC0004000000F000000005000000F20000005A
:10EFCC0006000000F400000007000000F60000003E
:10EFDC0008000000F700000009000000F800000025
:10EFEC000A000000F90000000B000000FA0000000D
:10EFFC000D000000FB0000000F000000FC000000F2
:10F00C0011000000FD00000013000000FE000000D5
:10F01C0015000000FF0000001800000000000000B8
:10F02C001B000000010000001F0000000200000097
:10F03C002300000003000000280000000400000072
:10F04C002D00000005000000330000000600000049
:10F05C0039000000070000003F000000080000001D
:10F06C0000100200FA0000006E5246357800FFFFD7
:10F07C00FFFF1F0075A7B53A3CDD4A800BC04E1D43
:10F08C0023D7EEC1ACAF9569002F6A656E6B696EC4
:10F09C00735F776F726B73706163652F776F726BD1
:10F0AC0073706163652F646F776E73747265616DD5
:10F0BC005F746573745F626C655F7364635F5052F9
:10F0CC002D31373932332F647261676F6F6E2F6D4C
:10F0DC0070736C2F6C6962732F73636865642F7324
:10F0EC0072632F73636865645F68616C5F74696DCC
:0CF0FC0065725F677274632E6300000091
:10F1080001207047062070470AF012B90AF038B992
:10F1180038B50E4B0C461B7873B9602801D06A28A5
:10F1280010D160380A4B53F82050D4E90223D4E9AF
:10F138000001A847206038BDA0F16003612BF0D919
:10F148000120F7E743F20100F4E700BF7004002054
:10F158002CE80500054B984205D3054B98422CBF77
:10F168000020012070470020704700BF00C805003C
:10F1780000EC070008B50246FFF7ECFF0B4B1968D7
:10F188000B4B99420AD178B90A4B9A4205D30A4BDC
:10F19800186882422CBF0020012008BD20B9054B09
:10F1A8009A42FAD30548F4E70120F6E7BC0B0020A1
:10F1B800BEBAFECA80000020840000208000002023
:10F1C8000A4B1A680A4B9A420BD10A4B1B688342B6
:10F1D8000AD8094B98422CBF0020012080F001007A
:10F1E8007047064B9842F4D20020F7E7BC0B00208A
:10F1F800BEBAFECA840000200080012080000020E2
:10F2080008B1FFF7DDBF704708B1FFF7B3BF70471C
:10F21800FFF77ABFFFF77ABFFFF77ABF704738B5B5
:10F2280004460D4600F02AFB29462046BDE8384032
:10F2380001F086BB38B510220D46002104461FF0A8
:10F248004FF81723258163810A23A37338BD4FF62E
:10F25800FF730B80014602201CF0A8B87047008994
:10F268007047837B03F00303022B1BBF83890020B5
:10F2780005200B807047837B9B0748BF81817047BF
:10F28800837B5B0700D509B1408970471720704719
:10F29800837B61F3C30383737047008820F4007095
:10F2A80020F00100C004C00C003818BF01207047CE
:10F2B800827B034610B512F001040CD14181FFF79F
:10F2C800ECFF10B142F004029A739A7B42F00102FB
:10F2D8009A73204610BD0524FBE700002DE9F34191
:10F2E800044607781546012062680E4600FA07F7BB
:10F2F8004FF6FF71138827F408578B42BFB200F00E
:10F308001F811FB141F6FE510B4247D13B43138089
:10F31800002D00F0178100232B702278511E0C2934
:10F3280000F2FE80DFE811F00D003D0048006500A6
:10F3380081008C0096006500A800AC00C700E100C1
:10F34800EA0063689A7B900740F1F4802289162AC4
:10F3580040F2EE8019899142C0F0EA809989162915
:10F3680002D9914240F0E48029780220A5F80120D2
:10F3780060F305012970032131809A819A7B22F07C
:10F3880002029A73002F00F0D9806F4A0220618828
:10F398001BF0D0FF6368227800209A7002B0BDE8A5
:10F3A800F08104232B702389A5F801306389A5F81F
:10F3B800033005233380E5E7B4F81080338808F17B
:10F3C80007081FFA88F84345C0F0B2800623E81DF5
:10F3D8002B702389228AA5F8013063896169A5F811
:10F3E8000330A389A5F805301EF0C8FFA6F80080F1
:10F3F800C8E7082A0DF1070104F10C0014BF08231F
:10F4080010232B702389A5F801306389A5F80330F0
:10F418000523EA1833801AF0E5FE002840F08880BA
:10F428009DF8073032881344C4E70A232B702389D8
:10F43800A5F8013003233380636822899A80A1E705
:10F448000C232B702389A5F801306389A5F80330B4
:10F458000523F0E722893388520002F101081FFAD8
:10F4680088F8434564D3B8F1040F61D928460E23C0
:10F4780000F8013BE168B7E72B7843F040032B70B5
:10F488006289338802F103081FFA88F843454FD38D
:10F498002B781221E81C61F30503E1682B7023899E
:10F4A800A5F801301EF06AFFA6F800802B785906EF
:10F4B8003FF568AFC0E7A289338802F105081FFA53
:10F4C80088F8434534D32B781621681D61F305036A
:10F4D80021692B702389A5F801306389A5F80330C9
:10F4E8001EF04CFFA6F80080A6E72B78182262F3DE
:10F4F80005032B70237A6B7002235BE763681A8815
:10F50800920417D5DA8823899A4215D11E232B70C5
:10F51800012362683380138823F40053138031E792
:10F52800032033806268138823EA0703138035E7D2
:10F538000420F7E70520F5E70620F3E73846F1E76A
:10F5480009202BE7042029E780C3C9012DE9F043EE
:10F5580092F8009085B007461E4609F03F080C4611
:10F56800002900F0878118F0010F40D0B8F1190F79
:10F5780094BF002101213046FFF782FEA042C0F06F
:10F58800798135884FF6FF739D4200F0738119F039
:10F59800400340F071815FEAD91940F06D81ADF800
:10F5A8000030B8F11F0F00F26381DFE818F05F0147
:10F5B8002200610198006101A7006101C800610192
:10F5C800DB006101EB006101F7006101FB006101F3
:10F5D800040161010E01610161016101170161010D
:10F5E8002F0161013E016101370161015F010121C4
:10F5F800C1E7052C40F03A8102238DF80030B3783A
:10F608008DF804309378D17843EA0123ADF80630B9
:10F6180013798DF80130537803F03F03023B162B22
:10F6280000F22481DFE813F0170022013D002201D7
:10F638004000220143002201460022014900220124
:10F648004C0022014F002201520022012201220116
:10F6580055002201580015F0020F00F00781694695
:10F66800384605F0D5FF044668B9B8F11B0F0AD033
:10F67800B8F11D0F07D0394602201BF097FE3388DA
:10F6880003F400533380B37B5A0706D53046FFF79F
:10F6980004FE10B960F38203B373204605B0BDE8D9
:10F6A800F08315F0040FD8E715F0080FD5E715F02B
:10F6B800100FD2E715F0200FCFE715F0400FCCE779
:10F6C80015F0800FC9E715F4807FC6E715F4806F41
:10F6D800C3E715F4006FC0E715F4805FBDE7AB071B
:10F6E80040F1C480032C40F0C18053788DF800406D
:10F6F800927843EA0223ADF80430B0E76D0740F191
:10F70800B580052C40F2B2805178012915D0022924
:10F7180040F0AC801023023C042002338DF8041022
:10F72800A4B28DF80000B4FBF3F14B43ADF806101A
:10F738009C4240F09B80023212E00223EBE728074C
:10F7480040F19480013C0521A3B2C4F38D048DF8E7
:10F758000010B3EB840FADF8044040F0878001320D
:10F7680002927CE7E90640F18180012C7ED00623D5
:10F778008DF800305378012B78D9023C8DF804308D
:10F78800A4B2D0E7AB0671D50723013C8DF8003051
:10F79800B388ADF80640ADF80430E0E76D0665D5EE
:10F7A8000823F2E7280661D50923013C8DF80030CB
:10F7B800ADF80440D3E7E90558D5012C56D00A2303
:10F7C8008DF800305378032BD6E76A054ED5012C07
:10F7D8004CD10B238DF80030B3888CE72B0545D529
:10F7E800042C43D90C23053C05328DF80030B3882E
:10F7F800ADF8043012F8023C12F8011CADF80840CC
:10F8080043EA01230392ADF8063028E7ED042DD52D
:10F81800012C2BD10D238DF8003020E7A80425D426
:10F828005378917843EA0123F380B37B19071DD5F8
:10F83800022C1BD9B8F11B0FA4F1030402F1030237
:10F848000DBF0E230F2345F400558DF800301CBF63
:10F858008DF80030358012F8023C12F8011CADF822
:10F86800064043EA0123ADF8043079E707240AE7A4
:10F87800082408E7072410E708240EE702281FB524
:10F888000B4606D10122694698B28DF8002005F092
:10F89800BFFE05B05DF804FB0B8810B5048F9C42D1
:10F8A8000CD9406BC418C05A40B1A0880633C0F3C5
:10F8B8000E00034400200B80146010BD0A20FCE7F2
:10F8C8001FB54B6B0C464BB10B2201938DF80020F2
:10F8D8000A8F6946ADF8082006F080FB00236363B1
:10F8E800A3F58033A36304B010BD00002DE9F04FE9
:10F8F80091464A6B87B006460D460AB9002487E050
:10F90800012BFBD10023474FADF80E3005AA0DF1AE
:10F918000E012846FFF7C0FF024608B10A244AE054
:10F92800059BB3F904100029F0DB1B8830461099B9
:10F938001FFA83FA0B8004AB5146CDE900234FF43C
:10F948000073FDF7F3F90446A8BBBDF80E308346F3
:10F95800ADF81230DDF81480B8F800309A4515D1AA
:10F96800B8F8042093B2120410D4B8F8022043F473
:10F97800804351463046CDE900BB01F0CEF804463D
:10F9880068B9B8F804303B43A8F8043005AA0DF16B
:10F9980012012846FFF780FF0028DBD00A24059BC8
:10F9A800002230461988BDF81030CDE9002201F058
:10F9B800B4F80A2CAAD00023ADF80E3005AA0DF130
:10F9C8000E012846FFF768FF30B30A2C20D1B9F1A1
:10F9D800000F93D00023ADF8123005AA0DF11201E3
:10F9E8002846FFF759FF002888D1059C109A2388DC
:10F9F8001380A388628834F8061BCDE9004030469E
:10FA080001F08BF804460028E7D00A283FF476AFC7
:10FA1800204607B0BDE8F08F059A9388C3F30E031C
:10FA28009380CBE70080FFFF2DE9FF470D46064690
:10FA380017469DF83810002228469846DDE90C9AAA
:10FA480001F055F8832804461DD104230DF1060260
:10FA5800294630468DF800300023ADF80450FDF7F4
:10FA680071FAC7F3090369463046ADF80A80ADF864
:10FA7800083006F0B3FA022801D030B181242046BC
:10FA880004B0BDE8F0870028F9D143463A46294634
:10FA98003046CDE90C9A04B0BDE8F047FDF746B909
:10FAA8002DE9FF470D46064690469DF83410012281
:10FAB80028461F46DDF830909DF838A001F017F869
:10FAC800832804461ED100230DF10602294630463C
:10FAD8008DF800A0ADF80450FDF734FAC7F30D0314
:10FAE80069463046ADF80880ADF80A30CDF80C907C
:10FAF80006F074FA022801D030B18124204604B0FF
:10FB0800BDE8F0870028F9D117F4004F4FF0000442
:10FB1800F4D13B46424629463046CDE90C9404B020
:10FB2800BDE8F04700F0F9BFF8B5566B15464EB37F
:10FB380005386B8F82B24FF6FF7083421BBFF018F7
:10FB480006330024848818BFE4182B8F18BFA4B28A
:10FB5800A71807F10800984216D8B1F801303019F3
:10FB680005313353063031F8023C20F8022C20F8D6
:10FB7800043C1EF003FC6B6B00206C873B449871BF
:10FB8800D871F8BD8320FCE70920FAE72DE9F04F8A
:10FB9800082B91B08A469946BDF868B01E9E04901D
:10FBA8000792DDE91B1859D10B880922022743F077
:10FBB80010030B803D463270022498F800300693FB
:10FBC8000A2388F800300AF1180318460893FDF74D
:10FBD80079F9022F0CBFFD23FB230593C7F1FF031F
:10FBE8009BB209930BAB0498DDE9072100F0EEFE08
:10FBF80000285AD11D9B1B881B1BAB4255DBB9F152
:10FC0800100F06D1022C1FBFA31CBDF82C205B1BB4
:10FC1800F252BDF82E101D9B31531B88059ADB1B31
:10FC28001B1B9BB29A42099AB8BF1346594534D94F
:10FC3800079A049802920DF12A0201923A19324465
:10FC480000920022FFF7F0FE88F8000000283ED05E
:10FC5800832839D1022011B0BDE8F08FDAF81C30C2
:10FC68009878012815D11A88A2F5205292B2012A53
:10FC78000FD84FF420529871987204279A8042F650
:10FC880001021A8100229A7311220B8843F0200383
:10FC98008FE7102388F8003009E00AD1069A42B1AC
:10FCA800134688F80020AAF818B0022C24D10020A6
:10FCB800D1E70DF12A02049801923A1932440092D0
:10FCC8000022FDF733F8BFE7BDF82EB0EBE7BDF82B
:10FCD8002A20022C07EB0205EDB203D175702C44E3
:10FCE800A4B27FE77378AB4205D1BDF838109142D2
:10FCF800F5D0FF2DF3D01D46B9F1100F01BFA31C9D
:10FD0800BDF82C205B1BF2521D9B1C800023C1E711
:10FD18000B46002110B51846144644221EF0E0FA9E
:10FD280000F108028487C2614FF6FF7242871722EA
:10FD3800C2870A2280F8422010BD4FF6FF730B805D
:10FD4800014603201BF032BB10B50C46FFF7B8FD87
:10FD58000023E362236310BD808F704790F8423020
:10FD6800024613F002000ABF538806200B80704732
:10FD780090F842309B0748BFA0F84010704790F8B1
:10FD880042305B0700D509B1C08F70471720704714
:10FD980090F8423061F3C30380F84230704703881B
:10FDA800C3F3C00013F0F00F18BF40F00200DA05EB
:10FDB80048BF40F00400990548BF40F008005A05C4
:10FDC80048BF40F010001B0548BF40F020007047B6
:10FDD80070B590F84250044615F0010611D1C1875C
:10FDE800FFF7DDFF10F03E0F1CBF45F0040584F857
:10FDF800425094F8423043F0010384F842303046D0
:10FE080070BD0626FBE72DE9F04F924695B01A78AB
:10FE180081461D46209C02F03F0B0E46DDE91E87F9
:10FE2800C9B11BF0010F19D0BBF1190F94BF002104
:10FE380001212046FFF7A3FFB0420CD312F0400384
:10FE48000ED1BBF11E0F0ED0218801F47F6111B9CC
:10FE5800B8F8001039B94FF0040ACCE00121E8E7FE
:10FE6800BBF1120FF7D1D209F5D10022ABF1020193
:10FE78008DF82620ADF82820ADF82A201C2900F29C
:10FE8800F582DFE811F01D00F3023A00F302C0002A
:10FE9800F3023401F3026E01F302AB01F302D8025C
:10FEA800F3023401F302D601F302F302F302200253
:10FEB800F3028A02F302F302F302F302F302DA0214
:10FEC80094F84230980701D5032E01D0042397E017
:10FED800B5F801304FF400620FA948466380ADF8C9
:10FEE8002A208DF83C60ADF8403006F077F882465D
:10FEF800BAF1000F40F0578167E0052EE6D1B5F85A
:10FF080001309AB22383ADF82830B5F8033099B29E
:10FF18006383002A73D08A4271D80023A372238195
:10FF28004FF6FF73238404F1180318460693FCF771
:10FF3800C9FF0FAB524604F1180148463E7000F065
:10FF480045FD08B10A235BE09DF842300226012BEB
:10FF58001ABF02234FF0100B4FF0020B7B700022E8
:10FF68000DF1270110A81AF03DF950BB9DF8273074
:10FF78005B4526D1BBF1020FB8F800300CBF032255
:10FF880011229B1B9A421CDABDF83E300BAA0DF1D8
:10FF9800270110A8BB5302361AF024F99DF8272030
:10FFA800B6B20BA90792B8191EF0E8F9079A0FAB79
:10FFB80006993244484696B2524600F007FD00289A
:10FFC800CDD0022EBED0A8F800609DF8263053B1DF
:10FFD80001223A702A783B7105237A70BDF82820EF
:10FFE8007A80A8F8003023884FF0000ABDF82A204C
:08FFF80023EA020323805046B6
:0200000260009C
:1000000015B0BDE8F08F01238DF82630E1E7062E0C
:100010000B927FF65FAFB5F8013099B22383ADF84C
:100020002830B5F8033098B2638301230029EBD060
:100030008142E9D8A3726B79A979A27343EA0123BB
:100040002381E369987801280ED11988A1F5205100
:1000500089B2012908D84FF420519871987299807B
:1000600042F601019A731981EB1D073E636204F1A8
:1000700018032684012618460693FCF727FF07235A
:10008000B3463B700023ADF83E300FAB52460699A5
:10009000484600F09FFC28B9B8F800200BF1040393
:1000A0009A4210D2BBF1010F3FF450AFE3699B7944
:1000B000012B04BFBDF83C30ADF82E300B9BBB517B
:1000C000A8F800B085E7BBF1010F0BD0E269927987
:1000D000012A04BFBDF83C20ADF82E200B9ABA517E
:1000E0000436B6B2BDF83E201FFA83FBADF82C20D3
:1000F000ADF82E20C9E7072E02D0152E7FF4EAAE08
:10010000B5F801309AB22383ADF82830B5F8033042
:1001100099B263830123002A3FF476AF8A423FF607
:1001200073AF701FA3720023E269691DC0B22381FF
:10013000A3731AF057F800287FF408AF4FF6FF7347
:100140005246214623840DF1260302930DF12A0322
:10015000CDE90387CDE900035B464846FFF71AFD6A
:10016000238B8246ADF82830C6E6032E7FF4B2AE6C
:10017000B5F8011040230FAA48462183ADF82A3074
:10018000B8F8003001927A1C013BADF828100092BB
:1001900089B29BB20022CDF808A0FFF749FC8DF888
:1001A0002600B8B183287FF414AF4FF0020ABDF8DF
:1001B0002A2023881343238093057FF520AF228FC5
:1001C0004FF6FE739A427FF41AAF4FF0030AE562CE
:1001D000268614E70B233B70BDF83C300133A8F8AA
:1001E0000030F6E6052E7FF475AE8023ADF82A3098
:1001F000B5F80130238399B2B5F80300ADF8283083
:1002000082B22084B2F5007F01D90723FCE642F4D4
:100210007C420FA82284B8F800300190781C013B82
:10022000CDF808A0009048469BB2FFF701FC8DF87E
:1002300026000028B6D10D23CDE7022E04D8002BCE
:100240003FF448AE0023CAE7002BB5F801B0A6F191
:10025000030305F103000CBF062205229BB20090A8
:100260001FFA8BF148460793ADF828B00691CDE907
:1002700001A20022FFF718FC2A78079B12F0400F1A
:100280008DF826000DD0238813F4807F4FF00003F3
:1002900004D0228B06998A4208BF63628DF826300B
:1002A0009DE7A0F183012384EB1C4FF48072484248
:1002B000A4F818B063624FF013034841ADF82A2048
:1002C0003B7001234FEA400AA8F8003014E6042EE0
:1002D0007FF600AEB5F801B04FF6FE73228F1FFA1D
:1002E0008BF1ADF828B00AB19A4226D10A222387B1
:1002F000731F48466FEA4343CDE901A26FEA5343B7
:100300006A1D9BB20092B5F80320FFF7CDFB4FF4B6
:10031000007383288DF82600ADF82A300FD12246CD
:1003200029463046FFF704FC8DF8260010B18328DB
:100330007FF44FAEA4F818B037E70722D8E738BBF0
:10034000224629463046FFF7F3FB8DF826000028A9
:100350007FF43FAE608FD4F834C0B8F800E00CEB07
:1003600000018A88531D9BB29E45C0F089803CF8ED
:100370000060063131F8040CA8F800301723A7F804
:100380000300781D3B70A7F801601DF0FBFF20E61D
:10039000228F4FF6FE739A427FF41BAE0023238711
:1003A00017E6022E69D195F801B0BBF1010F64D8B0
:1003B0000AAB00222146484600935B46FFF79AFAB3
:1003C0008DF8420038B9BBF1010F20D0218F4FF6D4
:1003D000FF7291421BD0228FCAB14FF48062ADF8F8
:1003E0002A200AAB21460122484600935B46FFF7CC
:1003F00081FA06468DF8260021464846FFF764FA42
:10040000002E7FF4E6AD19233B700123E7E60822B6
:100410000FA948468DF840B08DF83C2000228DF899
:10042000432005F0DFFD4FF4806202288246ADF8DC
:100430002A203FF47FAF00287FF4B9AED1E706232E
:10044000E2E523881A0718D5012E16D109230FA932
:1004500048468DF83C30E388ADF8403005F0C2FDE9
:100460004946824603201AF0A5FF0823ADF82A303A
:10047000002329E7002B3FF42DAD4FF0040A96E648
:100480004FF0070A93E600002DE9F04F8FB00D46BC
:100490008046CDE906320B7801224FF6FF7102FA51
:1004A00003F323F47F63DDE9187423F006039EB29F
:1004B00023888B42ADF8226000F0DE8116B11B0765
:1004C00000F1DC810022069B3A70B3F800902B7893
:1004D000ADF82490022B8DF8212009D0032B3DD0BC
:1004E000012B40D0238823EA06030726238053E00C
:1004F0001B233B7094F842301807F3D50AAAA9F1E0
:10050000030340460192FA1C9BB200920022A98884
:10051000FCF710FC0028E5D1AB88A7F80130BDF846
:1005200028300333ADF824304FF00009BDF82260C5
:1005300026F47F63002B00F08E81AB4A41460320F6
:100540001AF0FCFE2B78237123881E439DF821307E
:100550002680002B40F0838100261DE01D233B7088
:10056000AB88E380C6E72B7995F805B0022BB4F889
:1005700000A08DF821B061D0032B00F05381012B36
:10058000B0D10AF400622B89ADF82220002A00F0D5
:100590004E81162B37D80526258815F47F651CD18A
:1005A000218ED1B1069B4046079A1B88ADF82430B6
:1005B00009ABCDE901740093E36AFFF728FC01233E
:1005C00006460AA98DF828304046E36A0B9305F0E9
:1005D00009FD002818BF0646258694F842506B078F
:1005E00009D52046FFF7DFFB10F03E0004BF60F3A3
:1005F000820584F84250BDF82430069A13803046B4
:100600000FB0BDE8F08FA28F9A42C4D3B4F8402057
:10061000162A01D99A42BED139780322A7F80130AF
:1006200062F30501ADF824203970A4F8403094F845
:10063000423023F0020384F8423075E70AF4FE6684
:100640001AF0F00FADF8226042D01AF0C00F03D0BC
:100650002A89238B9A429ED1BBF1000F40F03C8146
:10066000AB7AD9070BD5CDF804B040462B6900937F
:10067000EB89AA89298900F054FA00288BD1802EB1
:1006800000F04B8100F2FC80202E04D0402E32D0AE
:10069000102E7FF427AF09AB1AF0100F04972146F4
:1006A00003930DF121030CBF4FF010094FF008091F
:1006B00002930DF12203079A404601932B89009380
:1006C0004B46FFF767FA0646002E3FF42FAF63E76D
:1006D000B6F5807F00F0DF807FF604AFB6F5007FCF
:1006E00021D0B6F5806F7FF4FDAE238BBBF1000FF8
:1006F00040F00E817BE00AAA09F1FF3340460192E7
:100700007A1C9BB200920022218BFCF713FB0B2377
:100710008DF821003B70BDF828300133ADF824304E
:100720004FF00A0902E72B89208B98427FF433AF00
:10073000D4F834A0BBF1000F38D1AB7A03F0010339
:10074000BAF1000F1ED0002B7FF425AF608F0AEBAB
:1007500000018A88531D9BB29945FFF4C3AE3AF855
:100760000060063131F8040CADF824301723A7F8E7
:1007700001603B70A7F80300781D1DF003FE4FF0E9
:100780001609D3E6002B3FF406AFEA89531D9BB24E
:100790009945FFF4A7AEAE89ADF824301723296937
:1007A0003B70A7F80100A7F80360E5E7BAF1000F76
:1007B000E5D000204FF6FF72ADF82600638FBDF83C
:1007C0002660B34200D038B100210AF803109A44E1
:1007D0008AF801106287D2E70AAA0DF126012046A5
:1007E000FFF75EF83246E9E780C3C901238B04F1C5
:1007F0001802DBB22146404600920122FFF77AF848
:100800008DF8210020B919233B700123ADF8243065
:100810000026214640464FF01809FFF755F853E7E8
:100820000526F6E70AF40073ADF822300BB900266E
:1008300058E6218F4FF6FE7399421BD1AB684FF6F5
:10084000FF7133B1A8896363208761871A705A707A
:1008500095E7218793E7238823EA060676E60122B7
:1008600087F801903A70228B3B7105237A80ADF8AE
:10087000243071E606268FE60826C0E61646BEE658
:10088000B6F5007F3FF44FAFB6F5806FAED0B6F54A
:10089000807F7FF427AE238B298999427FF47BAE3A
:1008A000BBF1000F15D1636A73B1AB7ADA077FF53C
:1008B00072AECDF804B040462B690093EB89AA894B
:1008C00000F02FF98DF8210013233B700123ADF8C0
:1008D00024304FF0120929E6B6F5807FDBD00ED820
:1008E000402E3FF41DAF04D8102E3FF4D4AE202E7E
:1008F000CFE6802E7FF4F6AD4FF00C0916E6B6F584
:10090000007F3FF410AFB6F5806F7FF4EBAD238B23
:10091000002B85D02B8923837AE70AAA09F1FF33BC
:10092000404601927A1C9BB20092228C218BFCF7EC
:1009300001FA0D238DF821003B70BDF828300133FA
:10094000ADF82430D8E700BF03281FB50B4606D109
:100950000222694698B28DF8002005F043FB05B0ED
:100960005DF804FB406B003818BF01207047034658
:10097000887810B580B11A78904201D1088858B1B2
:100980008878043148B18242FAD1B3F8014031F895
:10099000040C8442F4D1002010BD8120FCE700004B
:1009A00038B5FCF723F90A4A0B30938898420DDAE0
:1009B000D1880C2310684B430131C45CC518D18029
:1009C00024F00404C4540020287338BD8420FCE7BC
:1009D000080100202DE9F04FD1F804A04FF6FF7B6D
:1009E00087B01F46A3F800B04FF000089AF8023015
:1009F0000E460C8A8DF81230BAF800300190ADF82E
:100A000010300B8802929C428DF8168038BF1C462D
:100A10000C822046FBF7D2FF054610B3338A2A78B2
:100A2000013352079BB207D4013408F10108338225
:100A3000A4B25FFA88F8ECE705F105095146338264
:100A40004846FFF794FF002850D13B885B4504BF20
:100A500004F1FF339BB2A3EB08033B807388A342EE
:100A600007D2013C4FF00A083482404607B0BDE887
:100A7000F08F04A94846FFF77AFF8046002835D159
:100A8000AB7895F8049003F0030349EA0322338915
:100A90005B459146009203930ED002462946029888
:100AA000FBF726FF10BB039B4B451FD14A46A968A5
:100AB000F0681DF009FCC8B97C806B790198BB71A6
:100AC000EB882A78BB8002F00302EB78297843EAAE
:100AD0000223A7F80C90C9097B81FBF7C5FF2A46C2
:100AE00007F10801FBF78EFF3861BEE701344FF0D4
:100AF0000008A4B28DE770B50D461646FBF75EFF01
:100B0000014660B10478630709D532462846FBF7F1
:100B1000EFFE18B914F0400018BF832070BD01200B
:100B2000FCE7FBF7B3BF08B5FBF748FF40B103781C
:100B30005B0705D5C3880B80437900208B7008BD07
:100B40000120FCE782B0064B0093A3F1043302AA14
:100B50000193037902EB531313F8080C02B07047AA
:100B6000070605040278072A4FEA520306D8013B1C
:100B7000022B08D8DFE803F00B1217007F2B16D0EA
:100B800043F202207047002300200B7070478379E6
:100B900003F0C003C02BF3D10123F5E7837903F001
:100BA000C003402BF7E783793F2BF5D9E8E7FF2314
:100BB000EAE70378032B01D8FFF7D4BF43F2022002
:100BC0007047000007B5002311488DF8073090F8F2
:100BD00022303BB90DF107011930FFF7EAFF78B178
:100BE000FFDFFEE790F82330022B03D0032B0CD05D
:100BF000FFDFFEE7427E012A88BF03238DF807301E
:100C00009DF8070003B05DF804FB0123F6E700BF81
:100C10001401002008B508F097FC08B9FFDFFEE7D3
:100C200043780133437008BD08B508F08DFC08B95E
:100C3000FFDFFEE743780BB9FFDFFEE7013B4370C0
:100C400008BD07B502384FF0000318BF01208DF82A
:100C50000030CDF801308DF807006846ADF805305A
:100C60000EF045FC03B05DF804FB000038B519F048
:100C70006DFBC0F120040020124D18F055FE241A1F
:100C8000002018F023FF2B7A04440220122B08BF07
:100C9000013C132B08BF013C18F046FE241A022029
:100CA00018F014FFAB782044042B08BF013800284B
:100CB00001DAFFDFFEE7FF2801DDFFDFFEE7C0B25C
:100CC00038BD00BF1401002010B5044608F03CFCFC
:100CD00030B1437833B12046BDE8104008F048BC3D
:100CE000052010BD1220FCE730B5044685B0006831
:100CF000A38800906846ADF804300EF083FB0546EB
:100D000088B9032018F010FE68B1236802A88DF896
:100D10000850CDF80930A388ADF80D300FF099FADE
:100D200008B1FFDFFEE7284605B030BD074808B52B
:100D3000437E1A30012B05D80EF052FBBDE8084067
:100D400008F0E2BAFFF7D0FFF8E700BF1401002077
:100D5000F8B5044600680D4617461E46FEF758FAD9
:100D600008B11020F8BDA08828B92368A08853B91D
:100D7000B8B10920F6E7013823681844FEF748FAAD
:100D80000028F2D0EDE78642F3D30023834208DA4D
:100D90002668F15C39B9F25C002A3FD10133834205
:100DA000F9DB0020DEE71E447278013A142A1DD8D0
:100DB000DFE802F00B1818303024242A2A1C1C1CEF
:100DC0001C1C1C1C1C1C1C1824000229D1D1B2782C
:100DD000062A3A7020D852071ED52A7842F001021E
:100DE0002A7003E0CE070CD501290AD02268A0881A
:100DF000D25C013213448342C8DDBAE74A1E1007B1
:100E0000F2D04FF44850ADE72A78910706D442F06B
:100E10000202E5E70620A5E70A20A3E70B20A1E7E9
:100E200038B504460D46FEF7A9F960B96B1E072BCD
:100E30000BD804EB850554F8040BFEF79FF910B9A5
:100E4000AC42F8D138BD1020FCE70C20FAE70000D6
:100E5000A1F12003092B46D8DFE803F005070C19A0
:100E6000202531363B40FFDFFEE70378202B3CD1C5
:100E7000FFDFFEE70378233B022B36D91C4B9A7821
:100E8000052A32D01B7A122B2FD0FFDFFEE7037822
:100E9000222B2AD0232B28D8FFDFFEE70378222B32
:100EA00023D0FFDFFEE70378223BDBB2072B04D819
:100EB000B52222FA03F3DB0717D4FFDFFEE703783E
:100EC000252B12D0FFDFFEE70378252B0DD0FFDFA7
:100ED000FEE70378252B08D0FFDFFEE70378282BF9
:100EE00003D0FFDFFEE7FFDFFEE70170704700BFC2
:100EF000140100207FB50D884FF6FF734C88CA8817
:100F00008E880021ADF80030ADF80250ADF80440F5
:100F1000ADF80820ADF80660ADF80A10ADF80C1079
:100F200098B19D4208BF06259C4208BF06249A42FC
:100F300008BF4FF448629E42ADF80250ADF804403D
:100F4000ADF8082008BFADF8061068460EF018FF8F
:100F500008F0DAF904B070BD37B50C460DF10701A1
:100F60000546FFF726FE70B922789DF8073063F337
:100F70004702234603F8012BD5F80120C4F80120CD
:100F8000B5F805209A8003B030BD000013B510F00D
:100F9000FD04137802D164F3470303E0FF2814D162
:100FA00043F0FE03023813701478134601288CBFF7
:100FB0000020012060F3000403F8014B0868C2F828
:100FC00001008A889A8002B010BD054C0DF1080C12
:100FD00001944C790CEB941414F8044CDBE700BF3B
:100FE0000302FF01042118F017BD38B505460C4671
:100FF00061B1FFF7F7FF08B9FFDFFEE7A5800389BE
:10100000238163814389A3818389E38138BD37B517
:101010000B780D46212B11D9ADF8040001A88DF8ED
:1010200006200EF0FDF908F06FF9044618B92121E9
:101030002846FFF70DFF204603B030BD0824FAE72D
:101040002DE9F043054685B008B9FFDFFEE77223BE
:10105000846803702378043B182B44D8DFE813F02E
:1010600088014300430043005300710119007101DE
:1010700071014900D4014300430043004300700064
:10108000D401D401C701D401DD01D401760180016E
:10109000D401B4F80370BEB23046FFF7A3FF044694
:1010A000304608F021FEAB685B79F8B92A78022156
:1010B0006F8061F307126B732A7003222A7308F0A2
:1010C0007BF921212046FFF7C3FE304603F004FFE1
:1010D000304605F05FF9314601201AF06BF9637F65
:1010E00023F00403637705B0BDE8F08384F8313062
:1010F000E7E7E21DB4F80510B4F8030005B0BDE859
:10110000F04309F05DB8A6883046FFF76BFF044650
:1011100008B9FFDFFEE708F04FF9AB683146012060
:10112000DA8822811A8962815B89A3811AF042F9E7
:10113000637F03F00303022BD5D00023A373D2E710
:10114000E3783BB13C2B00F0E580022B00F0F2800D
:10115000FFDFFEE708F030F9AD68AB79AF88012B0F
:1011600009D1B14B93F80390484608F0EDF9804659
:1011700048B9FFDFFEE71BB9AB4B93F80990F3E7E3
:101180004FF0FF09F0E70421384618F00BFC044645
:1011900008B9FFDFFEE73122002101301DF0A4F87D
:1011A0002023222120462370FFF752FEAE79637F71
:1011B0000721012E38461EBFB6FA86F6760976005C
:1011C00066F3010363776B8B2381AB8B6381EB8BBE
:1011D00084F81F90A3818DF8006018F0E3FB0146AE
:1011E00008B9FFDFFEE76A46384608F065FDB8F843
:1011F000043005213846ADF8043098F802308DF8F7
:10120000063018F0CFFB014608B9FFDFFEE701AA60
:10121000384603F0EFFD0023CDE9023306238DF8B5
:101220000E3002A818F032FC88B90621BDF80C0077
:1012300018F07AFC81460421384618F075FC814587
:10124000EFD10621BDF80C0018F0FCFB78B9B8F816
:10125000043006213846ADF8083098F803308DF890
:101260000A3018F09FFB014618B9FFDFFEE7FFDFE9
:10127000FEE7384605F1140702AA04F09FFF062195
:10128000384610F0EBFA70B3EA79930701D5FFDF27
:10129000FEE7E37B62F34703E373AB682361AB894B
:1012A00005F10E08A38204F1160205F10801E879A0
:1012B000A71CFFF76BFE0621404610F0CFFA6378BB
:1012C000D0B1594A517E490861F347036370D2F89F
:1012D0001A30C4F80230D38B012EBB8017D0022EF7
:1012E0001FD0FFDFFEE7E37B012262F34703E373D6
:1012F0006B692361BB88D3E7012262F34703637004
:10130000D5F80E30C4F80230B8F80430E4E7464BA4
:1013100003229A700021052005B0BDE8F0431AF0C1
:1013200049B8414B1A7A122A01D0FFDFFEE7112299
:101330001A72EFE73C4B9B7A022BEBD108F03CF89A
:10134000E8E705B0BDE8F04302F0DCB908F034F896
:10135000354A92F8243043F0020382F82430C2E682
:1013600008F02AF8304A92F8243043F00403F4E7F6
:101370002D4DE67EAB8A297A27799A191329C7F36E
:101380004117AA8213D1324604F11C01E8681CF00F
:10139000F9FFEA8AE37E1344EB8214232B7208F0F0
:1013A0000BF8012F3FF49FAE0023AB829BE615297B
:1013B000F7D1E88A8342F4D12B8A92B2934205D2C4
:1013C00022791B1A42F060029EB22271EB6832460B
:1013D00004F11C0118441CF0D5FFEB8A1E4423794C
:1013E00003F06003EE82202BDBD01623D6E7E378F0
:1013F000002B3FF478AE0C4CA378052B09D1E07894
:10140000FFF708FC0323A37005B0BDE8F04307F025
:10141000D3BF042BF8D10223F5E7034B01229A72C4
:1014200011221A72F0E700BF1401002003781B0993
:10143000013B2DE9F04107460C461646092B00F208
:101440002482DFE813F0C901ED0122022202220208
:1014500022020A0022022202C20185682B78043B84
:10146000182B00F2B281DFE813F07600B001B00172
:10147000B0011900B001B001B001B001B0013300FA
:10148000B001B001B001B0013E003D010A012401EC
:10149000DF009D0121005B01F3008001A888FFF7B8
:1014A000A4FD1023122233807CB9F2E1002900F060
:1014B000F3812A79EB7843EA02231C228B806B7933
:1014C0000B72AB794B720A23338022806380E0E198
:1014D000002900F0E38103230B726B88A38014239F
:1014E0001B223380F1E7EF785FBB002900F0D88141
:1014F0006A792B7943EA02238B806B8B4B820B82B8
:101500006A7F2B7F43EA02238B82EA7FAB7F43EA29
:10151000022301F10802CB8205F10801E879FFF707
:1015200035FDAB79012B05D1E37327761A23102201
:101530003380CAE7002BF9D10223E373FF2323761C
:10154000F4E7022F40F0B681002900F0A7814FF6A2
:10155000FF730F72C2E7002900F0A4814FF6FF73FA
:101560000A7A00278B802B7963F30002C3F34003D0
:1015700063F341022B79C3F3800363F382022B7977
:101580006772C3F30011C3F3C00302F0670281F076
:101590000101DB0043EA0113E91D134304F10A02D0
:1015A0002372A879FFF7F2FC04F1110205F115018D
:1015B000287DFFF7EBFC6B7B022B07D8964AD35CA8
:1015C0002376AB7B022B03D9FFDFFEE7FFDFFEE7CD
:1015D000D35C924A63762B7CA3766B7CE376EB7BC1
:1015E0002377D36823622B7903F06003202B01D18A
:1015F000FFDFFEE7602B13D0402B13D1138AE97E67
:101600008B420CBF02230323217A63F34611D38A52
:10161000A38400232172D3822C231D22338054E71C
:101620000223F1E73B46EFE7002900F03D814FF64A
:10163000FF7301F10A0228798B80EB780B72EB7A49
:101640004B72691DFFF7A2FC1123202233803CE777
:10165000002900F021812A79EB7843EA02236F4ABE
:101660008B806B790B72AB794B7292F8243023F03C
:10167000040382F824300A232122338025E700293D
:1016800000F01481AB888B80EB780B72AB79022B66
:1016900007D8614AD35C4B72EB79022B03D9FFDF89
:1016A000FEE7FFDFFEE7D35C22228B720B23338041
:1016B0000BE7002900F0FA804FF6FF738B802B793F
:1016C0004B72EB798B72EB783C2B07D0432B07D115
:1016D000022323720B2326223380F6E60123F8E748
:1016E000FFDFFEE7002900F0D2802A79EB7843EA99
:1016F00002238B80B5F80530DBB20B81B5F80930D9
:10170000DBB24B812A7AEB7943EA02238B812A7B75
:10171000EB7A43EA02232422CB8110233380D4E6E0
:10172000002900F0B4802A79EB7843EA02238B8009
:101730006B68C3F30F230B812A7AEB7943EA022308
:101740004B81AB68C3F30F238B812A7BEB7A43EA8F
:101750000223324ACB8192F8243023F0020382F82C
:101760002430102323223380AFE6002900F0968036
:101770006B68AA7BC3F30F230B81EB798B722B89E8
:101780008B816B89CB81AB890B828B7C62F30003ED
:101790008B742A79EB7843EA022327228B80142367
:1017A000338092E6002979D01C4A937A012B01D02C
:1017B000FFDFFEE74FF6FF71237204F10C03A180F7
:1017C000D2E9030183E8030089E632462146384620
:1017D000BDE8F04102F00DB9037B012B03D0022BD1
:1017E00018D0FFDFFEE7002951D043880B4A8B80D9
:1017F000C3890B81038A4B81438A8B81838ACB8186
:1018000092F8243023F0010382F8243010231F22A1
:1018100033805AE6408842E6B4E90500140100200E
:10182000037B022BD1D9032B2DD1002940D0458831
:101830002846FFF7D7FB7B7B90F81F80052123729A
:101840002846A58018F0FEF80821284618F0FAF876
:101850000921284618F0F6F80721284618F0F2F872
:101860000421284618F0EEF80021284618F0EAF87E
:101870000221284618F0E6F84046FFF7CBF9092385
:101880001122338021E6FFDFFEE7FFDFFEE71023B2
:1018900033800020BDE8F0810A23F9E71423F7E73D
:1018A0001A23F5E72C23F3E71123F1E70B23EFE7E6
:1018B0000923EDE700231A46F5E500BF2DE9F041C5
:1018C000804615460C4609B9FFDFFEE71223137068
:1018D0000F78012F03D0022F19D0FFDFFEE7FFF7AB
:1018E00081FB08B9FFDFFEE70323837307F064FD84
:1018F0002368194AEB6063682B612389AB8292F8F5
:10190000243043F0010382F82430BDE8F081FFF772
:1019100069FB064608B9FFDFFEE762884FF6FF73F2
:101920009A4202D1A38893420AD107F045FD236869
:10193000EB6063682B612389AB820023B373E4E718
:10194000002BF2D1807B0128DFD1044A414619F0F7
:10195000F5FCB773D9E700BF1401002080C3C901AB
:101960001FB520380B4605282FD8DFE800F0032EDE
:101970001B212712D1F8020002AA8B79029010468F
:101980008DF80C300EF045FA07F0BEFC05B05DF89E
:1019900004FB897818880EF003FD05B05DF804EBB0
:1019A00007F0B2BC086805B05DF804EB02F0C8BAF5
:1019B000087800F001000DF0FEFCEEE70B6802A8CD
:1019C00001A902930EF089FCDEE70720DEE730B5BF
:1019D000054685B008460C46FDF7F6FBC8B9222D32
:1019E00019D0252D17D0202D17D1254602A901A8E1
:1019F00035F8023BADF804300DF044FD07F084FCEF
:101A0000DDF80A30C4F802309DF80E302B7105B0B5
:101A100030BD1020FBE70620F9E70720F7E70000BC
:101A2000004870472D01002010B5282200211848D9
:101A30001CF05AFC032017F077FF08B10DF05AFA9A
:101A4000134C0123A370112304F11A00237206F032
:101A5000A5F988B106F09AF9012804D1E37F0120A5
:101A600063F03F03E37740000A4B60762362FFF7A1
:101A70005DF938B1FFDFFEE7062104F11A0017F027
:101A8000E1FBEBE701F032F8BDE8104001F010BED9
:101A90001401002084030002F7B50746FDF76EFB32
:101AA00010BB144CD4F8190004F11905B4F81D202A
:101AB000E37F294600903846ADF804208DF80630C3
:101AC000FFF74AFA90B9FFF731F9034648B1009899
:101AD000BDF804109DF80620C4F81900A4F81D10E4
:101AE000E277184603B0F0BD1023FAE743F2022371
:101AF000F7E700BF1401002038B50546FDF764FB89
:101B0000044640B905492A46487E1A314008FFF785
:101B10003DFA204638BD1020FCE700BF140100202C
:101B200030B5044685B008460D46FDF74DFBA8B913
:101B3000B4B90E4B9B78043B012B14D80DF0DAF9A5
:101B400002AA0DF1070114F003FD9DF807002A46D3
:101B500002A9FFF71BFA204605B030BD1020FBE7B5
:101B600043F20400F8E70820F6E700BF1401002064
:101B70002DE9FF410D46044628B90DF067FBB0B1D1
:101B800043F2032010E0FFF74BF968B9264604EB57
:101B90008507BE42F1D002A956F8040BFEF7E2FF1A
:101BA0000028F6D043F2022004B0BDE8F081144FC3
:101BB00038760CB90020F7E704EB8508444501D1DD
:101BC0003D76F7E754F8046B0DF107013046FEF758
:101BD000C9FF08B1FFDFFEE79DF8073002A88DF8C6
:101BE0000830D6F80130CDF80930B6F80530ADF838
:101BF0000D300DF05CFB0028E0D0FFDFFEE700BFFA
:101C0000140100202DE9F04F0F468DB09046064696
:101C1000D0B9331E01A818BF01238DF804300DF090
:101C200069FB002869D10DF075FB0446002864D1DA
:101C3000002E40F08E80504B93F82200FFF701F801
:101C4000044670B3FFDFFEE71146FFF7E9F80446EC
:101C500038BB0546DFF8209145450DD108F1FF3B23
:101C6000A345D6DD04F101095FFA89F506EB850A83
:101C7000A8452FD84C46F3E756F8250002A91030A6
:101C8000FEF797FF18BB87B999F82230022B14D1C1
:101C9000AFB9102156F825000FF0E0FD68B143F20E
:101CA000062420460DB0BDE8F08F57F82500FDF75B
:101CB00065FA0028E8D01024F3E70135CCE71021BD
:101CC00057F825000FF0CAFD0028E2D0E7E743F2FD
:101CD0000224E6E756F824005AF8041B037C0A7C29
:101CE0005340012B06D80622113111301CF0ECFABA
:101CF00000283DD00135EDB2BAE743F20424D0E725
:101D0000D5F81130CDF80930B5F81530ADF80D30F3
:101D10000DF10F0355F8042B4D4543F8042BF9D171
:101D200057B90DF11F0002F0E9F802A801340DF0D7
:101D30009BFA70B1FFDFFEE757F824300DF11F0268
:101D400003F1100153F8040B8B4242F8040BF9D154
:101D5000EBE744453FF46FAF56F8245002A905F174
:101D600010094846FEF725FF0028C9D0FFDFFEE72F
:101D700043F2052495E700BF14010020F7B505469E
:101D800001F01CF938B12846FDF7F8F948B11024E4
:101D9000204603B0F0BD17F0C7FD0028F3D006249D
:101DA000F6E76868FDF734FA04460028EFD16A8840
:101DB0004AF2B8139A4201D90724E9E72B78022B9B
:101DC00028D02B78002B39D1FEF7B0FF044600282D
:101DD000DED102262878FEF734FF07F095FA044694
:101DE0000028D5D12B78264F87F8223087F823603A
:101DF000686802F06BF86B886846002B08BF4FF4E8
:101E000061733B84ADF800300DF06BFA0028BFD051
:101E1000FFDFFEE70FF03AFB0646E7B2B742D0D24B
:101E200038460FF077FA10B143F20624B0E738468F
:101E300001340FF063FA0028EFD0F5E7013B012BE6
:101E4000BAD86E78022E0DD0032E16D10023684624
:101E50000093ADF80430FEF747FF07F055FA04464B
:101E6000002895D14FF440736846ADF800300EF06D
:101E7000EBFA0028AED0FFDFFEE743F2022487E74B
:101E80001401002010B50446FDF79EF908B110209A
:101E900010BD606830B1FDF7B7F90028F7D1606870
:101EA00002F02CF8054B00201A8C628093F8232056
:101EB000627093F822302370EAE700BF140100201B
:101EC0002DE9F04F8FB080460C469246FDF77CF925
:101ED00018B110200FB0BDE8F08F2046FDF798F93B
:101EE0000028F6D15046FDF793F90028F1D1774D3F
:101EF000AA78012A02D1BAF1000FEAD098F800308E
:101F0000FF2B04D1012A00F0CF810420E2E7013B3E
:101F1000DBB2FD2B40F2C581BAF1000F00F03C812D
:101F2000043A012A40F2848100239AF80120ADF896
:101F3000083062F345138DF808309AF80030013B01
:101F40000A2B00F28980DFE803F006161D242B30EF
:101F5000353C410E48009DF8083023F0130343F050
:101F600013038DF808309AF81470032F74D8DFE843
:101F700007F0393939399DF8083023F01D0343F053
:101F80001D03EEE79DF8083023F0150343F0150319
:101F9000E7E79DF8083023F0120343F01203E0E76F
:101FA0009DF8083043F01003DBE79DF8083043F05C
:101FB0000103D6E79DF8083023F0050343F005033D
:101FC000CFE79DF8083043F00203CAE79DF80830D8
:101FD00023F0060343F00603C3E79DF8083043F0FF
:101FE0000403BEE7BDF808309DF80860ADF8103076
:101FF000002316F0040B8DF8063006D0DAF8040042
:10200000FDF7BCF800287FF464AF95F8223053B197
:1020100095F82330022B06D1DAF80400FDF7F8F822
:1020200000287FF456AF16F0080903D0BAF80C3038
:10203000802B11D81FB12B7E5BEA03030CD09AF8DA
:102040001730C3F300138DF830309AF81530022B97
:1020500005D003D9042B20D007203BE701238DF8BE
:102060002C30F3061BD49AF81630022B03D016D965
:10207000042BF1D103238DF82E30DAF804B08DF85B
:102080002A70BBF1000F1CD00DF106015846FEF777
:1020900069FD30B143F202201CE70323DFE701238F
:1020A000E9E79DF80630FF2BF4D0DBF8010009903A
:1020B000BBF80530ADF828309AF80F3043B1062050
:1020C00008E7CDF824B0ADF828B0F5E714010020FA
:1020D000BAF81030002BF2D19AF81230002BEED162
:1020E0009AF813B01BF01F0BE9D1BDF810300AF1BC
:1020F0000F008DF818B0ADF81930DAF80830C3F3D6
:102100000722D9B2C3F307438DF81B108DF81C20AA
:102110008DF81D308DF81E108DF81F208DF82030A1
:10212000FEF710FD8DF82100FEF74CFD9DF80630FE
:102130000DF107018DF8220006A88DF823309AF8DA
:1021400017308DF82BB0C3F303038DF82DB08DF845
:1021500034B08DF82F3001238DF833300DF0DCFED4
:1021600007F0D2F800287FF4B5AE9AF80E20BAF83E
:102170000C30EA71BDF808202B80AA80AF71B9F14C
:10218000000F02D00BB980232B8006F0010600233C
:102190000236AE7088F8003000238DF804308DF8D8
:1021A00005308DF806308DF80730002C42D12646D8
:1021B0002746A046CDF81E40ADF826402B790DF1FC
:1021C00007020DF1050108A813F0100F0694ADF8F1
:1021D0001C800CBF4FF0FF094FF01F0908964B46BB
:1021E000ADF82470FEF7B4FD00287FF473AE2A79B1
:1021F00001A906A802F01102012A0DF1060214BF7E
:102200004B46EE23FEF7A4FD00287FF463AE9DF855
:102210000530D80743D42B799DF8062013F004032A
:1022200013D1A97989B191071AD043F2012051E65F
:1022300008204FE694E80F0006AEB4F80480A789A2
:10224000044686E80F001646B8E7D20708D53BB922
:102250002B8844F24F62013B9BB293423FF6FCAEA7
:1022600000234FF4407502A88DF80B808DF80A30DA
:10227000ADF8085003940DF01FFF07F045F8002853
:102280007FF428AE8DF8120004A8ADF810508DF838
:10229000137005960DF084FF07F036F81AE60A2051
:1022A00018E643F2040015E6BAF1000F7FF43CAEE5
:1022B00072E700BFF8B5274D0E46AB78023B012B05
:1022C0003ED800283ED1022017F000FC10B9AB78B0
:1022D000032B3AD0FEF7CAFC002838D0AB78EF7851
:1022E000032B05D13046FEF7EFFC044690B9EE70A3
:1022F0000CF000FE0446FEF765FC0146204614F093
:10230000CDF8E97928880DF0C3FF06F0FDFF0446FB
:1023100010B1EF702046F8BDAB78032B0CD1E878F4
:10232000FEF782FCAB78032B01D0FFDFFEE705232D
:10233000AB70EFE70423FBE7022BFBD0FFDFFEE7E8
:102340000824E7E743F20404E4E71224E2E7132455
:10235000E0E700BF1401002038B5B0B90D4DAB78EF
:10236000043B012B14D80DF0A4FF06F0CDFF04466A
:1023700038B9AB78052B06D1E878FEF74BFC032380
:10238000AB70204638BD0223FAE743F20404F8E7B5
:102390000824F6E714010020F0B5064685B008468B
:1023A0000C46FCF735FF074600285AD13046FEF7A9
:1023B00019FE0546002856D00378212B56D9437FB5
:1023C00003F00303012B03D0022B1AD0FFDFFEE73B
:1023D000837B022B13D024B9684600F015FD60B949
:1023E0006C4621460020FEF785FD30B92146304677
:1023F00007F0A8FE08B90123AB7305B0F0BD1120AA
:10240000FBE754B323886846ADF80060ADF80230AE
:102410006388ADF80A70ADF80430E388ADF80C704D
:10242000ADF80830A388ADF806300DF0BDFC06F01D
:102430006BFF0028E1D1AB7B032B10D10C4B93F841
:102440002430DB070BD4B4FA84F13046490907F095
:1024500099FE0028D1D1A873CFE70320EBE7002C29
:10246000CBD11020C9E743F20200C6E70820C4E739
:102470001401002038B50D460446FEF7B3FD0146B1
:1024800028B12A462046BDE83840FEF7C0BD43F2D9
:10249000020038BD012808B504D1084B9B78012BF8
:1024A00009D041B901380023C0B20CF053FFBDE898
:1024B000084006F029BF43F2040008BD14010020C3
:1024C00070B504468AB008460D46FCF757FE002852
:1024D00040F085802868FCF777FE00287FD14D4EBC
:1024E000337A112B7DD1002C7ED02046FCF790FE54
:1024F000002874D12378AA88D80707D5FE2A40F28D
:102500008680990704D506200AB070BD1E2AF6E71A
:10251000FEF7ACFB002860D023781A0701D5327E85
:102520007AB103F001038DF82530FEF74BFB2278DA
:102530008DF80C00C2F3C1038DF80D306378072BC2
:1025400001D90720E0E7002B3CD101238DF80E30A4
:1025500040F27120A3686168C2F3800243434143A3
:1025600007930893E3898DF80F2005918DF81020CB
:102570000691002BC7D1238A002BC4D1A37CDA0695
:10258000C1D104F10E00FEF7DDFA8DF8240003A896
:102590000DF02AF806F0B8FE0028B5D10123ADF8F9
:1025A000080001A8ADF80430A389ADF806300DF09D
:1025B00093F806F0A9FE0028A6D12378DB071BD5E7
:1025C00015231AE003F00101980748BF41F002010A
:1025D0008DF80E105907BBD595E7132094E710200E
:1025E00092E7122B00D90CB108208DE7133BAA8883
:1025F000012B0AD81E2A0AD913233372064B95E8F9
:10260000030083E8030000207EE7FE2AD8D80920D3
:102610007AE700BF140100202001002013B5094C07
:10262000237A122B0CD9002368468DF800300DF068
:1026300053F806F069FE08B91123237202B010BDE9
:102640000820FBE7140100202DE9F0436B4D99466B
:1026500095B080462B7A0E461746122B05D8304689
:10266000FCF78CFD50B1102404E0FFF7D7FF0446BF
:102670000028F4D0204615B0BDE8F0833846FCF7BA
:102680007DFD0028EFD1337803F001028DF84C2056
:10269000C3F3C1028DF804207278072A01D90724F8
:1026A000E8E7002A64D101228DF80D20002240F2D3
:1026B0007120716813F008048DF84E20B26800FB99
:1026C00001F100FB02F20491079205910892069134
:1026D000099259D0FEF776FA79888DF80500388886
:1026E000FB88BA88ADF82E10ADF83010ADF8321076
:1026F0000021ADF82800ADF82A00ADF82C0006F155
:102700000E00ADF83A30ADF83C30ADF83E30ADF8E3
:102710003420ADF83620ADF838201291CDE91011F3
:10272000FEF710FA2B7A8DF84D00112B5FD1084679
:1027300017F0CCF900285CD033781B0702D52B7E2C
:10274000002BACD0FEF792FA012854D948466F7A94
:10275000FEF7BAFA044600288CD101A885F8099042
:102760000DF098F806F0D0FD044640B36F7281E793
:1027700002F00101900748BF41F0020152078DF8B5
:102780000D1093D5062475E74046FCF7F7FC0028AA
:102790007FF469AF98F80010490805D07F3101F047
:1027A0007F01022920D80124D8F801308DF8064095
:1027B000CDF80730B8F80530ADF80B308AE7B389AB
:1027C000A87233B142F21072014605205A4318F044
:1027D000B5FD687AFEF728FA2B7A112B01D0FFDFBE
:1027E000FEE712232B7245E743F2022442E7082456
:1027F00040E712243EE713243CE700BF1401002009
:1028000038B5094D2B7A122B0CD10DF073FA06F066
:102810007BFD044620B9687AFEF7FCF911232B7280
:10282000204638BD0824FBE714010020012838B5F4
:1028300003D0052821D0FFDFFEE78CB22046FEF74B
:10284000D1FB054608B9FFDFFEE70378212B1AD03C
:1028500006F0AAFD50B112234480037002230373D3
:102860000023AB73BDE8384006F0A6BD29462046DC
:102870001322BDE83840FEF7CABBFFF7C1FF10B90D
:10288000014B02229A7238BD14010020003808B5AD
:1028900018BF01200CF0E8FFBDE8084006F034BD89
:1028A00070B5064608460C461546FCF78DFC08B187
:1028B000102070BD2846FCF787FC0028F8D12A4676
:1028C000214630460DF056FD06F01EFD0028F0D1E1
:1028D00094F900307F2B08BF0520EAE7012307B5F4
:1028E000ADF8000068468DF802308DF803108DF8C1
:1028F00004200DF01FFD06F007FD03B05DF804FB9A
:10290000002307B5ADF800006846ADF802308DF839
:1029100004300DF00FFD06F0F7FC03B05DF804FB8A
:1029200037B5054608460C46FCF728FC48BB284648
:10293000FEF758FB38B30378212B27D9154B93F8B2
:1029400024305B0724D42278072A16D86378072B13
:1029500013D842EA0301032911D88DF8033002236A
:1029600068468DF80220ADF80430ADF800500CF048
:10297000D9FD06F0C9FC03B030BD0720FBE70620F7
:10298000F9E71020F7E743F20200F4E70820F2E746
:102990001120F0E714010020F0B587B006460D467F
:1029A0001446FEF71FFB002872D00378212B72D942
:1029B0002846FCF72DFC10B1102007B0F0BD34B153
:1029C0002046FCF721FC0028F6D12060A080364B81
:1029D00093F824309B0760D4694630460CF073FDB1
:1029E00010B106F091FCE8E7BDF80810BDF8020050
:1029F000BDF80470ADF80C60BDF80660ADF81010BD
:102A0000ADF80E60ADF81200ADF81470002D46D090
:102A10006A882B88002A08BF3246002B08BF03466D
:102A2000ADF80E20AA88ADF81230002A08BF3A4649
:102A3000ADF81420EA880AB1ADF81020A4B198428C
:102A400001D21A1A2280BDF80E20BDF8105096420D
:102A50003CBF921B6280BDF814202A447D18AA4214
:102A6000C2BF521AD21BA280984203D3BDF80E30C7
:102A7000B34201D91320A0E7BDF814303944BDF8A2
:102A8000102013448B42F5DC03A80CF01AFDA8E7D4
:102A900043F2020091E708208FE711208DE7002C18
:102AA000E4D00346CFE700BF1401002038B5054647
:102AB00008460C46FCF788FB38B9214628460CF03E
:102AC000D8FEBDE8384006F01FBC102038BD07B561
:102AD0008DF800006846ADF80110CDF803200CF029
:102AE00039FD06F011FC03B05DF804FB024B002237
:102AF0001A605A601A8170473C0100202DE9F04F9E
:102B0000A5B006469A4615469DF8B870ADF8061071
:102B1000002A40F0CA804FF001080DF110094FF46F
:102B2000C0530022494640468DF81280ADF810305F
:102B300003F08CFD0446002840F0C4808DF812801C
:102B40004FF4285301461C228DF80A0016A8ADF850
:102B500010301BF0C9FB112372780DF108080CA985
:102B60008DF80830C2F30102337816A85200ADF890
:102B70003A408DF809309DF80A3042F00102CDF854
:102B8000348023F00703CDF830901A439DF8583075
:102B900043F002038DF80A2006AA8DF858303389D5
:102BA000ADF838307389ADF83C307368109303F09A
:102BB000B9FE0446002840F085807068FCF724FBCD
:102BC000002840F083800123754E4FF0010B0CA9C3
:102BD00016A8327A8DF812B063F30002BDF81830EF
:102BE000338042F60123327206AAADF810309DF808
:102BF0000A3023F0070343F002038DF80A30022362
:102C0000ADF83830ADF83C300DF10603109303F009
:102C100089FE0446002855D1BDF818307380002D78
:102C200000F09E8001461C22ADF80C000DF10C0A4C
:102C30008DF80E00CDF84E00ADF852001DA81BF027
:102C400053FB112308AA11A98DF80C301DA89DF87B
:102C50007430CDF848A043F002038DF816B08DF81B
:102C6000743042F60423ADF8143005AB11932B8871
:102C7000ADF828306B88ADF82A30AB88ADF82C3031
:102C8000EB88ADF82E309DF80E306BF342038DF8D3
:102C90000E300823ADF84C30ADF850300AAB159328
:102CA00003F040FEF8B104460CE01046FCF766FA6B
:102CB000002872D129460120FEF71CF9044600289D
:102CC0003FF429AF204625B0BDE8F08F7068FCF7CF
:102CD0009FFA00287FF477AF737803F00303023B79
:102CE00018BF012370E7BDF82030B380002F46D114
:102CF000012442F6A6231C22394616A88DF812405C
:102D0000ADF81030ADF8087088F802701BF0ECFADE
:102D1000112306AA0CA916A88DF808309DF80A30D0
:102D20008DF8744023F00703ADF83840ADF83C400F
:102D300043F003038DF80A309DF8583043F0020346
:102D40008DF858301DABCDE90C98109303F0EAFDD7
:102D500004460028B6D1124BBDF81820DA80B1E73E
:102D6000BAF1000F01D10023BFE7FDF719FE08B14A
:102D70000324A7E7FDF714FE0028F4D0F8E7012F9D
:102D800002D0074B0022E9E7FDF70AFE0028EFD149
:102D9000FDF706FE0028F4D0EAE7102492E700BF12
:102DA0003C01002030B5082385B0164D0446ADF82F
:102DB0000630AB880BB3FCF7E1F900BB21460120DC
:102DC000FEF798F8B8B9238801460DF10602A888E5
:102DD000ADF808306388ADF80A30A388ADF80C3040
:102DE000E388ADF80E3002AB04F0D2F8BDF806303F
:102DF000082B18BF032005B030BD0620FBE71020CC
:102E0000F9E700BF3C01002030B5174D85B00446FE
:102E1000AB881BB30023CDF80CD0ADF80A300823E3
:102E2000ADF80830FCF7AAF9D0B902AAA9884FF684
:102E3000FF7004F0FBF978B9BDF80830082B11D108
:102E4000BDF800302380BDF802306380BDF8043047
:102E5000A380BDF80630E38005B030BD0620FBE757
:102E60001020F9E70320F7E73C0100201FB50223FB
:102E7000ADF8060009480DF10E02ADF80E30002144
:102E80000DF10603408804F083F8BDF80E30022BE4
:102E900018BF032005B05DF804FB00BF3C01002013
:102EA000002307B5ADF8023002230190ADF80030E1
:102EB000FCF78AF970B9084B6A464FF6FF705988DB
:102EC00004F0B4F9BDF80030022B18BF032003B0A2
:102ED0005DF804FB1020FAE73C010020F7B5224D15
:102EE000144607460E462B7ADA0739D50846FCF712
:102EF00045F9002836D1F82C02D90C2003B0F0BDDA
:102F00003846FCF73BF9F0B901A9288803F0EFFF38
:102F10000028F3D13B7801A928888DF8053003F00B
:102F2000C3FF0028EAD10223694628888DF80030C3
:102F30009DF805301B071CBF0A238DF8003003F0F5
:102F4000A5FC0028DAD1334601AA00212888ADF873
:102F5000044004F01DF8BDF80430A342CED0CCE705
:102F60000F20CBE71020C9E73C010020002337B534
:102F7000ADF8023005460B880C460190ADF80030E4
:102F8000FCF742F910B1102003B030BD2046FCF729
:102F90001BF90028F7D115B1BDF8003053B1064B2D
:102FA0006A464FF6FF70198804F040F9BDF800300A
:102FB0002380E9E70C20E7E73C010020024BD8889A
:102FC000003818BF012070473C01002011230B700E
:102FD00000234B7090F82030062B18D8DFE803F060
:102FE00009171717041114000B78022262F3071354
:102FF0000B700B781F2B82BF837FC3F305034B70CD
:1030000070470B780322F1E70B780422EEE7FFDF2D
:10301000FEE738B505460C4606F0C6F908B9FFDFED
:10302000FEE72223458003702368C360BDE8384073
:1030300006F0C2B9F0B5022791B00C46154608213A
:103040003A460646ADF8247006F08AFE0A9090B122
:103050000423D43407A88DF81D700DEB03010F96DF
:103060000B948DF820308DF83050FAF764F808B1E1
:10307000FFDFFEE7012011B0F0BD38B50C46FDF7CB
:10308000B1FF054608B9FFDFFEE700214FF4B47237
:1030900020461BF029F905F1210304F1D400236136
:1030A0006B7F03F00303022B0CBF02210121F9F710
:1030B000FFFF08B1FFDFFEE738BD10B50446FCF79F
:1030C0005DF878B92378C3F30213042B0CD8607829
:1030D000062809D9A378102B06D898428CBF072060
:1030E000002010BD1020FCE70720FAE770B5054668
:1030F0000E46144606F058F978B1A223224600F88D
:103100000C3B04F1140352F8041B9A4240F8041BD0
:10311000F9D1BDE8704006F04FB931462846132278
:10312000BDE87040FDF773BF2DE9F047DDE90865A4
:1031300004460F4691460021102228469846DDF8A5
:1031400028A01BF0D1F80023CAF80030B9F1000F15
:103150000FD097B998F800309B0756D57068FCF7E8
:1031600053F870B9F7B973685BB1EB60C4F85C31C0
:103170004BE098F80030DA07ECD53068FCF724F81B
:1031800010B11020BDE8F0873368B9F1000F06D107
:1031900003F112022A6003F11402C5E90123CAF8FF
:1031A0000030D7E7FEF73CFC0368194FC4F86031E4
:1031B000838807F12008A4F86431837984F86631A4
:1031C00097F830303BB9414607F11000FBF7FCFAA5
:1031D000012387F830307268C5F80C80AAB194F8E2
:1031E000600104F261110B4C10324008FDF7CEFE75
:1031F00004F1100572682346083203CBAB4242F853
:10320000080C42F8041C1C46F5D10020BAE700BFA8
:10321000480100206801002070B588B00C46ADF868
:1032200004000DF10600EBB9CDF8063043600C9BAD
:1032300004ADADF80E2003F110061868083353F8FA
:10324000041C2A46B34203C21546F6D101A80CF06D
:1032500043FE06F059F818B9637F43F0040363771F
:1032600008B070BD1968CDF8061059684160DEE7F6
:103270002DE9F043078A054685B00E463846FDF72E
:10328000B1FE95F80080044608F1FF330D2B00F2E3
:103290000C82DFE813F0FB00F3000E00450086000F
:1032A0009700C50015013A010602E6006900E60034
:1032B000E600437F384603F00303022B14BF0921C5
:1032C000082116F0A9FB064608B9FFDFFEE7964B7A
:1032D00093F85820D00714D5DA6DC6F81E2093F85D
:1032E000582022F0010283F858200022DA656B682A
:1032F0007367AB68B3672378252B00F0BF80FFDFCF
:10330000FEE7032106F11E0015F09CFFD6F81E30E3
:10331000864AB3FBF2F102FB1133C6F81E30E6E732
:10332000437F384603F00303022B14BF0921082111
:1033300016F072FB08B9FFDFFEE7037899070ED598
:103340002378252B0BD102233370437F337100F197
:103350001E032E30B360F06005B0BDE8F083037843
:1033600043F001030370F7E7437F384603F003039C
:10337000022B14BF0921082116F04EFB08B9FFDF0C
:10338000FEE70378DA0609D507233370037F33712C
:1033900013B93E30B060DFE70020FBE743F00803DD
:1033A000E0E790F91D30002B01DAFFDFFEE72B7B11
:1033B0000821AA88384603F0010305B0BDE8F043B0
:1033C00006F0CBBD08B9FFDFFEE76B684BB100F13B
:1033D000210203F1100153F8040B8B4242F8040B55
:1033E000F9D128212046FDF733FD637F03F0030365
:1033F000022B0FD104F1210321463846009300230C
:103400001A46FFF709FF08B1FFDFFEE72921204632
:10341000FDF71EFDA37F2A7A62F30503A3779BE7DE
:10342000437F384603F00303022B14BF0921082110
:1034300016F0F2FA044608B9FFDFFEE702218530F4
:1034400015F000FF0423337004F5B0737C3473600F
:10345000B4F8093074613382334BB3601033F360D6
:103460007AE7437F384603F00303022B14BF092198
:10347000082116F0D1FA08B9FFDFFEE72A462146F7
:10348000384605B0BDE8F043FFF730BE08B9FFDFAE
:10349000FEE70378212B7FF65FAF2B7901462A46A2
:1034A000012B02BF437F43F0800343773846FFF789
:1034B0001DFE2321204605B0BDE8F043FDF7C8BC42
:1034C0002A7908213846B28006F04AFC8146B0606D
:1034D00010B1052333703FE7637F384603F00303E1
:1034E000022B0CBF4146092116F096FA08B9FFDFFE
:1034F000FEE7022300F1620110225E3016F0BAF8F6
:1035000080F800902B79437026E7437F384603F01C
:103510000303022B14BF4146082116F07DFA05462D
:1035200030B9FFDFFEE700BF4801002040420F0036
:1035300090F8843003F00303012B22D1637F03F062
:103540000302C3F380115B0639D490F89C30DE0788
:1035500063D495F88830D80733D4931E5A425A4121
:10356000142303FB025292F888309A0709D5D5F844
:103570005C2105F17D0195F87C0010324008FDF7D3
:1035800005FD022395F8842003A938468DF80C30F8
:103590009DF80D3062F301038DF80D3095F88830F9
:1035A0008DF80E3095F89C308DF80F30FFF731FD17
:1035B0002378252B62D0212B64D0FFDFFEE7022A7F
:1035C0002BD1D5F85431002BC7D095F88360187CE7
:1035D00066F387001874C0B2667FC6F3401666F3C0
:1035E000410061F3000018740029B6D004F12101F4
:1035F00004F1310051F8046B814243F8046BF9D1B6
:1036000095F8883043F0010385F8883095F89C30B0
:1036100023F0010385F89C309FE7D5F8583153B368
:1036200095F88360187C66F387001874C0B2667FD3
:10363000C6F3401666F3410061F3000018740029D8
:1036400087D004F1210004F1310650F804CBB042D8
:1036500043F804CBF9D195F89C3043F0010385F889
:103660009C3095F8883023F0010385F88830022AD1
:103670007FF473AFA5E70029F9D16AE7222120463C
:10368000FDF7E6FB637F384603F00303022B14BF0C
:103690004146082116F0D6F900283FF45DAEFFDF61
:1036A000FEE76B6800225A7056E6FFDFFEE700BFB8
:1036B00010B50F4C94F8583023F0010384F85830BB
:1036C0000023E365FBF77EF8204604F095FB18B96C
:1036D0001021204615F0B6FD064804F073FB18B91A
:1036E0001021044815F0AEFD002384F8303010BDE1
:1036F00048010020580100200B46014603F1D40088
:10370000F9F7EBBC83681A780B2A70B5054686B0CA
:1037100035D00C2A31D0092A40F09C80B3F80360E0
:103720003046FDF75FFC044608B9FFDFFEE703788B
:10373000212B00F09180282B1AD1AB68B3F80D2013
:10374000B2B9D3F80520D3F809301A4310D100F1EB
:10375000210130460CF0B4FD05F0D6FD08B1FFDFC5
:10376000FEE72921204606B0BDE87040FDF770BB9A
:1037700006B0BDE8704005F01FBE01225A71B3F8D3
:1037800003603046FDF72EFC044608B9FFDFFEE774
:10379000437F03F00302022A04BF23F004034377AC
:1037A0000378212B58D0AB68597900294ED09B78EB
:1037B000002B4BD105F000FE637F99061CD55A06FD
:1037C00018D5A27F02F03F02102A0CBF0622052264
:1037D00084F820202278292A21D103F003033046DF
:1037E000022B14BF0921082116F016F9054628B945
:1037F000FFDFFEE70522EBE70422E9E7252120466B
:10380000FDF726FB0323694605F1D4008DF800304F
:10381000F9F7B8FC10F0FD0F1ED0FFDFFEE7242AF9
:103820001AD13146042017F0C5FD22212046FDF7AC
:103830000FFB637F304603F00303022B14BF092103
:10384000082116F0FFF838B1FFDFFEE7022A8FD01B
:10385000FFDFFEE7FFDFFEE706B070BD2DE9F043B6
:1038600087B0074688469146FDF7BCFB0646002810
:1038700050D00378212B4DD9232B4BD090F91D30FC
:10388000002B47DB437F384603F00303022B14BFB2
:103890000921082116F0C0F8054678B9737F03F0B6
:1038A0000303022B1BD00921384616F07BF804468F
:1038B000A8B1254601463846FFF7DFFB95F8B13041
:1038C0006BB905F1B004D435E5603378222B01D013
:1038D000242B0DD125213046FDF7BAFA08E00F4C14
:1038E00094F835300BB1FFDFFEE78DB92564343431
:1038F00001236946204627626370A4F80490C4F847
:103900000880F9F718FC10F0FD0F03D0FFDFFEE789
:103910003434D8E707B0BDE8F08300BF4801002089
:10392000F0B587B00546FDF75DFB0378222B1CD967
:10393000437F284603F00303022B14BF092108210B
:1039400016F06AF8044690B100F162060527B4F853
:10395000603053B1B4F85E30F218F35C527843B182
:1039600021462846FFF766FBC0B907B0F0BDFFDF70
:10397000FEE708212846ADF8042006F0F1F9029090
:103980000028F2D0694604F1D4008DF80070F9F7F0
:10399000F9FB10F0FD0F01D0FFDFFEE7022310223C
:1039A000314604F15E0015F090FED0E710B586B008
:1039B0000446FDF717FB0378222B18D9437F2046D6
:1039C00003F00303022B14BF0921082116F024F889
:1039D00008B9FFDFFEE706236946D4308DF80030D2
:1039E000F9F7D0FB10F0FD0F01D0FFDFFEE706B0C6
:1039F00010BDF8B5037806460C4615461B09072B83
:103A00000BD00A2B58D0022B00F098810023138092
:103A1000002900F050821A4638E082681378092B9A
:103A200006D00B3B012B45D8002932D10A2341E2B5
:103A3000002900F04882B2F80300888080B2FDF7C8
:103A4000D1FA034608B9FFDFFEE7D0F81600A06000
:103A5000598B1A7FA181B168A273CA68C2F30F2281
:103A60002282D1F80520C4F81220D1F80920C4F828
:103A70001620A27E22F0030242F00102A2765A7FB3
:103A800042F008025A771C2314222B802280638084
:103A900011E2B2F80300888080B2FDF7A3FA08B9FA
:103AA000FFDFFEE704F10801FFF790FA0A231A226C
:103AB0002B80EBE7FFDFFEE709B1C3698B80337B27
:103AC000013B0D2B00F23881DFE813F0FA000E0005
:103AD000360036013601360136013601360136012F
:103AE0009C003601CD00F100002C00F0E681A0889A
:103AF000FDF778FA08B9FFDFFEE7327CC2F38003F6
:103B000002F003015B00012908BF43F00103C2F387
:103B1000C001C2F3001243EA810343EAC203227ADE
:103B200022F00F0213431E222372437F43F010033F
:103B3000437709232B80A9E7002C00F0C081A088DF
:103B4000FDF750FA437F0646A08803F00303022BDB
:103B500014BF0921082115F05FFF08B9FFDFFEE758
:103B6000717FD0E91D3201F00301022918BF1A4606
:103B70009078C0F3800300F003075B00012F08BFBB
:103B800043F00103C0F3C007C0F30010022943EA69
:103B90008703177943EAC003107800F0070043EA6F
:103BA0000013507800F0010043EAC01350792381DC
:103BB000D37807F00102C7F34007A37200F00103B6
:103BC000C0F3400005D1194613460A46014638465F
:103BD0000F46E17A42EA470243EA400321F003013B
:103BE0000A43E272227B22F00302134323733378E9
:103BF000232B03D926213046FDF72AF90D23132262
:103C00002B8043E7002C00F05C81A088FDF7EAF9E7
:103C1000437F0746A08803F00303022B14BF09214A
:103C2000082115F0F9FE08B9FFDFFEE73369A3604C
:103C3000037843F004030370437813F00202237BFC
:103C40000DD043F0010323733B78232B03D92721A5
:103C50003846FDF7FDF8102318222B8016E762F393
:103C600000032373F7E7002C00F02381A08804F100
:103C70000807FDF7B7F9336904F10E020A26B3FB12
:103C8000F6F106FB1133303302F8013DBA420B4620
:103C9000F5D1A37B43F00103A3730378232B02D94F
:103CA0002721FDF7D5F80F2315222B80EEE6002CF7
:103CB00000F00381337C1622237209232B80E5E672
:103CC000002C00F0FC80337C0021022BA1602173CA
:103CD0001ED003D8012B0ED0FFDFFEE7DA1E012A2B
:103CE000FAD8191F727C4B422272627A4B4163F3FD
:103CF0000102627201E081232372A088FDF772F94C
:103D000003780646212B13D0232B03D0FFDFFEE7D9
:103D10008223F1E7437FA08803F00303022B14BF43
:103D20000921082115F08EFE22213046FDF790F87A
:103D30000D2319222B80A9E6FFDFFEE709B1438896
:103D40008B80337B012B04D0022B51D053B3FFDF88
:103D5000FEE7002C00F0AD80A088FDF743F9437F1B
:103D6000A08803F00303022B14BF0921082115F0DA
:103D700053FE08B9FFDFFEE7D0F81E3004F10E0253
:103D800004F108060A20B3FBF0F100FB11333033D5
:103D900002F8013D96420B46F5D1A37B23F00103C7
:103DA000A37380E7002C00F08880A088FDF71AF943
:103DB000437F0646A08803F00303022B14BF0921AA
:103DC000082115F029FE08B9FFDFFEE7437813F05C
:103DD000020F0CBF0123022323723378232B03D954
:103DE00027213046FDF734F8092317222B804DE6B2
:103DF000002C64D0A088FDF7F5F808B9FFDFFEE7D6
:103E00000022A260A37A227323F0030343F003038A
:103E1000A372437FA27AC3F3401363F38202A272B8
:103E2000427FC2F38012134006D0837F03F03F032A
:103E3000A3F1100253425341A27A63F3C302A27268
:103E4000437F627AC3F3801363F3C302737B03F08F
:103E500003036272012B7FF46BAFD3B2B17BE27AC2
:103E600043F0040301F00107C1F340016372F37BE7
:103E700003F0010CC3F34006437F03F00303022B5E
:103E8000237B0AD06CF3000267F3000366F3410260
:103E900061F34103E27223734AE76CF3000367F3B3
:103EA000000266F341032373134661F34103E37297
:103EB0003EE70F232B800020F8BD0923FAE70D23EE
:103EC000F8E71023F6E71C23F4E70000034630B5BB
:103ED00060B1084C00F110051868083353F8041C51
:103EE0002246AB4203C21446F6D10123024A82F8AD
:103EF000303030BD680100204801002038B50E4D3B
:103F0000044695F8303043B905F1200105F1100061
:103F1000FAF75AFC012385F83030084D234605F1A5
:103F200010042A46083303CAA24243F8080C43F897
:103F3000041C1546F5D138BD480100206801002059
:103F400038B50446A0B1FBF719F9D0B9621E0A21B1
:103F5000053412F8013F303BDDB2092D13D8A242DF
:103F600001FB0030F5D1431C0DD0084B0124D8656E
:103F7000064B002093F8582064F3000283F8582081
:103F800038BD1020FCE70720FAE700BF48010020F9
:103F9000037813F00F0203D0012A08D007207047DE
:103FA000C3F303121B09F9D10A70002070471B09E3
:103FB000013B032BF2D8DFE803F0020507090123D8
:103FC0000B70F2E70223FBE70323F9E70423F7E78B
:103FD000042810D8DFE800F00307090B0D000023C8
:103FE00000200B7070471123FAE72123F8E73123F3
:103FF000F6E74123F4E70720704700002DE9F04180
:10400000804686B008460D46FBF702F9002840F0CE
:1040100001814046FCF7E6FF0746002800F0FE80DD
:104020000378222B40F0FD80437F3DB9D80640F154
:10403000F18003F00302022A40F0EC80590702D518
:10404000002D40F0EE801A0600F1ED8003F003032E
:10405000022B78D00921404615F0DEFC064688B9CF
:104060007B7F404603F00303022B14BF0921082184
:1040700015F098FC0646002800F0D980014640461D
:10408000FEF7FBFF7B7F03F00302022A23D115B367
:104090002A78C2F3400262F345137B772B787A7F4C
:1040A000C3F3800363F386127A772B787278DB0987
:1040B00063F3410272702B783278C3F3021363F317
:1040C000471232702B787278C3F3C00363F3000297
:1040D00072706B78737196F8B130002B47D106F18E
:1040E000B0040223C4F82080637006F1D403236176
:1040F000002323817B7FC3F3010203F00303022B20
:104100003DD02A7801233846C2F340012371134081
:1041100043EA8103C2F38001C2F3C00243EAC10350
:10412000242143EA0213227D22F01F021343237548
:10413000FCF78EFE69462046F8F7FDFF10F0FD0003
:1041400069D0FFDFFEE785B12846FEF7B6FF0028FD
:1041500061D1FEF733FF10B9EB789B0765D47B7F05
:1041600003F00303022B7FF475AF082173E7314C92
:1041700094F835300BB1FFDFFEE73434B1E7002DA2
:1041800043D0331D2271A27E63613378C3F342139F
:1041900023767378C3F3400363762B7803F001032F
:1041A00063F30102A276D2B27B7FC3F3401363F3C1
:1041B0008202A276D2B27B7FC3F3801363F3C30281
:1041C000A2767278A37E62F30413227FA376AB7883
:1041D000E376EB7863F3000203F0020302F0F102EE
:1041E0001343627F23772B7963F3000203F002030A
:1041F00002F0F1021343637725213846FCF728FECD
:104200007B7F23F010037B7794E70323237105233F
:104210002375F1E7102006B0BDE8F08143F20200FB
:10422000F9E70820F7E70D20F5E70620F3E704207B
:10423000F1E700BF480100202DE9F04F904695B00E
:10424000254A0D460590994610680BAB51681289B6
:1042500003C305981A80FCF7C5FE0746002800F046
:10426000F9810378262B40F0F881437F03F00303A4
:10427000022B049306D1B8F1000F21D0072015B00E
:10428000BDE8F08F4DB94046FEF717FF0028F6D184
:104290007B7F03F00303022BEDD0B8F1000F07D1B1
:1042A0000921059815F0B8FB0446B8B9FFDFFEE711
:1042B000FEF784FE30B17B7F03F00303022BEFD1C6
:1042C0000821EEE715F030FB0028F4D098F8033011
:1042D0009907F0D50620D2E7B8E90500802DCDD8A2
:1042E00005F062F8002800F0BA812246012302F8A6
:1042F000045F0F9225798DF83830002D40F05481FD
:10430000049A022AD4E91DB600F05D8198F80020D5
:10431000797FC2F3400262F345117977C9B298F808
:104320000020C2F3800262F38611797798F80020AA
:104330006178D20962F34101617098F80020217818
:10434000C2F3021262F34711217098F800206178DD
:10435000C2F3C00262F30001617098F8012062713B
:1043600098F80020B1781A4062F30101B170C9B227
:104370007A7FC2F3401262F38201B170C9B27A7FD0
:10438000C2F3801262F3C301B1706178B27861F355
:104390000412B2702278C2F3421232706278C2F311
:1043A0004002727098F80220F2705A467571B34656
:1043B000357116460222CDE9062396F802A09BF835
:1043C0000230CAF3C00A1AEAD30A00F00081484654
:1043D000FAF7D4FE002840F03B81D9F80800FAF73C
:1043E000CDFE002840F03481D9F81400FAF7C6FE5B
:1043F000002840F02D81D9F808306278A360D9F800
:104400001430E360737843EA520303F001036278E7
:1044100063F341026270B37802EA131363F300029C
:1044200000236377069B627007F10F02023B18BFFF
:10443000012304EB83035A617A1C079B023B18BFDC
:10444000012304EB83035A619BF8023003F003035A
:10445000012B67D1B37803F00303012B62D1049BD6
:10446000022B19D098F803309BF8052063F3000263
:1044700003F0020302F0F10213439BF804208BF8CF
:10448000053098F8043063F3000203F0020302F0F1
:10449000F10213438BF8043032799BF804307179C0
:1044A00013409BF805200A408DF827308DF828200E
:1044B000BAF1000F01D1134334D04846FAF75EFE3B
:1044C000002840F0C580049B04F5AA722046022B08
:1044D000029204F18C020BBF4B4609F10C0301213F
:1044E0000021CDE900320DF127035246FEF71CFEF4
:1044F000002840F0AD80049B52462046022B04F574
:10450000AC7308BF09F10C09029304F1A00314BFB6
:1045100001210021CDE900930AABFEF705FE00283A
:1045200040F09680637813F0020365D19BF8022077
:10453000B1780A4352075FD504999BF8003032786E
:1045400002294FEA43014FEA420046D05031694404
:1045500031F8245C054105F00305022D28BF022532
:10456000BAF1000F4ED0012B01D0042B4DD1012AFE
:104570004AD0042A4FF0010308BF15467A7F63F33F
:10458000451213466AF386137B77617811F00201B6
:104590003DD00323A371BAF1000F05D18DF828A0F7
:1045A0000AA90598FEF735FD25213846FCF750FC91
:1045B0000EA904F1D400F8F7E5FD10F0FD003FF47A
:1045C0005EAEFFDFFEE7049ACDE90632F5E66278DB
:1045D0007378C2F34002134019E75030684430F852
:1045E000245C0D4105F00305012D03D0022DB4D14B
:1045F0000125B5E7049DB3E7BAF1000F05D1C3F378
:104600004003BBE75346B9E704250123B6E7022D73
:1046100003D1A5718DF82810C2E7012D0DD1022319
:104620000D2204F12100A37119F05EFE23788DF8AC
:10463000285043F002032370B2E7042D15BFA17187
:1046400001237B7FA3711CBF61F345137B77ABE72D
:10465000102014E643F2020011E608200FE61120B4
:104660000DE600BF2DE9F04186B0054688461446A8
:10467000FCF7B8FC0746002800F089800378272B58
:1046800040F08880437F284603F00303022B14BFC9
:104690000921082115F0C0F9064608B9FFDFFEE739
:1046A000B8F1010F857948D0B8F1020F31D0B8F1D7
:1046B000000F03D0072006B0BDE8F081002CF9D12F
:1046C000013DEDB2022D22D8334B2B449C7A337836
:1046D0002521384643F002033370FCF7B9FB3378E9
:1046E000DA0751D5324623F00103694606F1D400BA
:1046F00002F81E3B02238DF804408DF80030029230
:10470000F8F740FD10F0FD0F3FD0FFDFFEE7FFDFC1
:10471000FEE72046FAF732FD08B11020CBE7032D63
:10472000C8D106F11E0304F1100254F8041B944290
:1047300043F8041BF9D10024C9E7012D1ED0022D36
:10474000B8D12046FAF71AFD05460028E5D1014602
:10475000102206F11E0019F0C7FD621E294605341D
:104760000A2012F8013F303BDDB2092D09D8A242E0
:1047700000FB0131F5D1C6F81E10DCE7002CDAD0C1
:1047800098E74FF0FF31F6E77477002093E743F2A4
:10479000020090E708208EE7B8E90500F0B587B081
:1047A00004460E461546FCF71DFC074600284CD073
:1047B000437F204603F00303022B14BF0921082185
:1047C00015F02AF9044610B9082007B0F0BDEEB183
:1047D00023785907F8D53B78232BF5D9802E37D885
:1047E000267756B9284604F13E0305F1200250F819
:1047F000041B904243F8041BF9D1227842F01002C6
:10480000D3B22270120708D40020DEE72846FAF758
:10481000B5FC0028DCD01020D7E723F00803237074
:1048200007238DF804608DF8003066B904F13E036B
:10483000694604F1D4000293F8F7A4FC10F0FD0FD0
:10484000E2D0FFDFFEE70023F2E743F20200BCE71D
:104850000720BAE7F8B506460D46FCF7C3FB80B360
:104860000378272B01D00820F8BD437F304603F0A2
:104870000303022B14BF0921082115F0CDF80446CB
:1048800008B9FFDFFEE78779022FECD14378DB0719
:10489000E9D501462A463046FEF7CCFB08B1002098
:1048A000E2E7B4F860300D2B0ED83B46102204F13D
:1048B000620104F15E0014F0DDFE01234570037017
:1048C000EDE743F20200CFE71120CDE7F7B504464C
:1048D00008460E461546FAF751FC10B1102003B0F9
:1048E000F0BD2846FAF770FC0028F7D14FF6FF73A9
:1048F0009C4219D02046FCF775FBD8B14378811C47
:104900002A465808FCF742FBEF1D002410213846C8
:1049100014F098FC05F117003B46324631460094EE
:10492000F8F718FE2046DAE72846FDF7E5F80028F4
:10493000EAD0D4E743F20200D1E72DE9F041044682
:1049400088B008460E461546FAF762FC18B11020EA
:1049500008B0BDE8F0812846FAF75AFC0028F6D1E5
:104960002046FCF73FFB0746002800F082800378D2
:10497000272B01D00820EBE7437F204603F00303F9
:10498000022B14BF0921082115F046F8044608B986
:10499000FFDFFEE7038803F40173B3F5017FE9D17C
:1049A000797F01F00301D0E91D2302291EBF1946BA
:1049B00013460A46527802B135B193F80180B8F136
:1049C000000F03D0002E57D10720C1E7DDB1E26808
:1049D00005F1070800231735114602A80093434646
:1049E000F8F7B8FD102202A9284619F06DFCC0BBEB
:1049F000434604F12E0253F8041BAB4242F8041B59
:104A0000F9D14FF000084EB1F31D04F11E02173624
:104A100053F8041BB34242F8041BF9D12378252133
:104A2000384643F002032370FCF712FA2378DA07C2
:104A30001CD5224623F0010302A904F1D40002F898
:104A40001E3B02238DF80C808DF8083004F12E03F4
:104A500004920593F8F796FB10F0FD0F04D10020A7
:104A600076E74FF00408CEE7FFDFFEE784F81D800D
:104A7000F5E743F202006BE7002DA8D1A846C3E793
:104A8000F7B507460D461646FCF7ACFA0446002873
:104A900034D00378222B34D1437F03F00303022B5D
:104AA00031D12846FAF76AFB10B1102003B0F0BDEF
:104AB0003046FAF763FB0028F7D12B4621463846EB
:104AC00033F8022B0096FEF7A7FB0028EED1337CCB
:104AD000627FC3F3400363F345126277327C637FE6
:104AE00062F38613A27F6377337C9B0863F305022E
:104AF000637F60F30413A2776377D7E743F2020082
:104B0000D4E70820D2E743F20500CFE770B50646A8
:104B10000D46FCF767FA044640B30378212B28D9E9
:104B2000437F1B0725D529463046D5B10BF0C8FB7E
:104B300004F0EAFB2B7C627FC3F3400363F345126E
:104B400062772A7C637F62F38613A27F63772B7C74
:104B50009B0863F30502A277637F23F00803637762
:104B600070BD0BF0ADFB04F0CFFBF5E743F20200A4
:104B7000F6E70820F4E770B50E46FCF733FA054671
:104B800050B13046FAF720FB044640B9284631467A
:104B9000FEF71CFA204670BD43F20200FBE710202E
:104BA000F9E79323488001F80C3B02F1100352F817
:104BB000040B9A4241F8040BF9D104F0FDBB70B527
:104BC0001446128806460D460AB9002070BD05F04D
:104BD000C7F80028F9D0214631F8022B19F0D2FB92
:104BE000EA1E3046294653425341228805F0B5F962
:104BF000002301202380E9E7F8B515461A88064608
:104C00000F461C460AB90020F8BD294605F0A8F851
:104C10000028F8D0214631F8022B19F0B3FB238885
:104C200030462A46394601F053F8002301202380FC
:104C3000EAE738B505460C46FCF7D4F960B10378CD
:104C4000212B0CD90521284614F0E6FE002820600F
:104C50000CBF0320002038BD43F20200FBE7082010
:104C6000F9E700002DE9F04F85B081460F469046E8
:104C7000019303B3019E06F1120B5846FAF7F3FABB
:104C8000451D25F00305ADB2EFB998F80030092BAA
:104C900041D1746864B1727B63886A439A4243DD90
:104CA000211D204692B22B4614F0D1FC0446078009
:104CB0004FF0030A0CE001A9FFF7BBFF0028D9D091
:104CC00005B0BDE8F08F337BABBB34684FF0050A0D
:104CD00001215846FAF7D8FA51460246ADF80E00BF
:104CE000484605F03DF8034638BB0CB32288FAB9B4
:104CF000A21C0DF10E014046C8F804B0A8F80290BD
:104D00000093FAF7EFFA009BC8B1092836D81C4B7C
:104D100033F81000D4E70D2B04D106F108044FF04E
:104D2000040AD5E7FFDFFEE74FF0030A3C46CFE772
:104D3000BAF1030F20D01120C2E70246D9E7BDF82F
:104D40000E2053B1AAF1030148464B424B41514654
:104D500005F003F977B90020B2E7BAF1030F22801A
:104D6000F8D1727B2B4670686A43011D92B214F031
:104D700081FCEFE73773EEE71320A1E703209FE7FD
:104D8000C6E9050010B50C4686B01946A2B1042349
:104D90008DF800301388ADF8083053886A46ADF8B6
:104DA0000A30A3788DF80E302388ADF80C3000233C
:104DB000FFF758FF06B010BD1020FBE7053020F0CC
:104DC000030080B209B14143043108447047000038
:104DD00013B50446019048B914F0E8FB24B1044B24
:104DE000019A1A6000221A7102B010BD01A8F3E7FF
:104DF000A80100202DE9F8430D4616460021242283
:104E0000284619F071FA0EB9FFDFFEE7B778DFF830
:104E100054906F733488D9F80000053424F00304EB
:104E2000A4B2214614F0EAFB08B9FFDFFEE74FF019
:104E300000082860A0F8008047B17C43D9F8000042
:104E4000211D14F0DBFB48B9FFDFFEE76F603188FE
:104E500005F11200BDE8F843FAF7F0B96860C0F850
:104E60000080F4E7A80100202DE9F84301F11207C2
:104E700006460D46DFF85C803846FAF7F4F9441D23
:104E800095F80D9024F003042968D8F80000A4B226
:104E9000224614F0D5FBB9F1000F07D004FB09F24C
:104EA0006968D8F80000043214F0CAFB052014F039
:104EB0003BFD0446052014F009FE241A012C03D101
:104EC000D8F8000014F08EFB39463046BDE8F843B0
:104ED000FAF7C8B9A801002010B50521044614F05E
:104EE0009BFD08B9FFDFFEE700F112012046BDE897
:104EF0001040FAF7B0B900002DE9F04F448889B0AE
:104F000006460D4620460521904614F085FD814653
:104F100008B9FFDFFEE71DB10023AC80EB802B81D9
:104F20003278337B02F0F002902A40F027835A1E39
:104F30000E2A00F21E83DFE812F011036802580205
:104F400073000F0060010201080124013B001C02F4
:104F50002D024A023B013B0199F80C30022B01D093
:104F6000FFDFFEE7308AC4000C34A4B2002D00F04D
:104F7000118305F10C030022688191B20833884245
:104F800003D83023A8F8004029E199F8101003F85D
:104F9000061CB9F80E1023F8081C716951F822108C
:104FA000013223F8041CC1F30F4123F8021CE4E78B
:104FB00099F80C30022B01D0FFDFFEE7738ADC008A
:104FC0000C34A4B2002D00F0E582327C4FF0000AD0
:104FD0006B810092043AD346D2B201926A891FFAD9
:104FE0008AF39A42CDD9716902A8009A1FFA8AF70A
:104FF00059440AF1010A19F0C5F9009BFF0003A901
:105000009B44B34B07F10C0201981B792F442A44AF
:10501000003B18BF012315F0C5F8029B3B61DDE79B
:1050200096F810A099F80C30BAF1010F14BF1022B5
:105030000222052B009203D0062B34D0FFDFFEE7BF
:10504000738A03EB430464000C34A4B2002D00F017
:10505000A18200276B81009BBA4603F1020B6A898B
:10506000BBB29A4203D83323A8F80040B7E0716975
:105070005A4602A85144DA4419F084F90623BAB218
:10508000BDF80810009801375A43AB180E329981C9
:105090002A448F4B0DF10A011B79003B18BF0123F5
:1050A00015F080F8DBE7BAF1010F738A14BF122400
:1050B00006245C430E34A4B2002D00F06B82BAF1DA
:1050C000010F6B814FF0000714BF02230123BB4681
:1050D0002B73009B023301936989BAB2914203D8C2
:1050E0003423A8F800407AE0716902A8019A594473
:1050F00019F048F9019BBAF1010FBAB29B44BDF80F
:1051000008100CD106204243A8181032C1812A444D
:105110000DF10A01009815F065F80137DCE712205F
:1051200000FB02520DF11A00D1810DF10A0110327B
:1051300051F804CB814242F804CBF9D1EDE799F85C
:105140000C30082B07D0FFDFFEE799F80C30082B56
:1051500001D0FFDFFEE7728A02F11004A4B2002D35
:1051600000F01882338A05F1100071696B81B9F87B
:105170000E30EA81AB8119F005F93623A8F800401A
:105180002DE099F80C30092B01D0FFDFFEE7328AC1
:1051900002F10C04A4B2002D00F0FC81716905F14C
:1051A0000C006A8119F0EEF83723A8F8004016E0E9
:1051B000728A02F11004A4B2002D00F0EB810E2BD4
:1051C000318A05F11000EA8114BF022301236981AD
:1051D0002B73716919F0D6F83923A8F800402B8099
:1051E000303B6FF490526C809BB242FA03F3DB07C2
:1051F00044BF002389F80C30CEE199F80C30327CA2
:10520000042BB6F812A0009249D0072B00F0998029
:10521000032B40F0AC800AEB8A0464000C34A4B287
:10522000002D00F0B781931F05F10E074FF0000B22
:10523000A5F80AA0DBB20193BAF1000F03D1312324
:10524000A8F80040CBE71622002102A80AF1FF3A95
:1052500019F04AF87169009A02A859441FFA8AFAAB
:1052600019F090F8BDF808303A460DF10E0127F814
:10527000023C0A37BDF80A30019827F8063CBDF811
:105280000C3027F8043C124B1B79003B18BF01235C
:1052900014F088FF009B9B441FFA8BFBCCE70AEBC2
:1052A0008A0464000C34A4B2002D00F07381009BCA
:1052B00005F10C0B0027A5F80AA0053BDBB2019312
:1052C000BAF1000F06D13223A8F8004087E700BFEB
:1052D000A8010020716902A8009A0AF1FF3A394436
:1052E00019F050F89DF80A20BDF808300DF10D01B5
:1052F00001981FFA8AFAABF8063002F07F03D20950
:1053000043EA0223BBF8042022F4BF7222F0010218
:105310001343ABF804309DF80C209DF80B3043EAA2
:1053200002235A460BF10A0B2BF8023C924B1B79D5
:10533000003B18BF012314F035FF009B3B449FB294
:10534000BEE7009B0AFB03F202F10E04A4B2002D9B
:1053500000F02081023B716905F10E00A5F80AA05A
:10536000AB8119F00FF83523A8F8004037E7FFDFCD
:10537000FEE799F80C300A2B01D0FFDFFEE7002D85
:1053800000F01681338A6B8100232B82EB8101238D
:105390002B7325E099F80C300B2B01D0FFDFFEE7D3
:1053A000B28A02F11204A4B2002D00F0F3800423AB
:1053B000B16905F112002B73338A6B81738A2A82DB
:1053C000EB8118F0DFFFA8F80040382307E7002D35
:1053D00000F0EE8005232B7300236B81EB812B8281
:1053E00012231224A8F80030EFE799F80C30012BB3
:1053F00001D0FFDFFEE7002D00F0D280338A0C24BD
:105400006B813A23A8F80040E9E62DB1737B03F5E0
:105410008073EB80738A2B8199F80C20531E0B2B21
:1054200000F29A80DFE803F0061624303C47525E13
:105430006F7A7A7A99F80C30012B01D0FFDFFEE702
:10544000002D00F0AD80337C012B01D0FFDFFEE7A3
:105450001723D4E7337C082B03D0032B01D0FFDFC5
:10546000FEE7002D00F09C8000230C246B8188E572
:10547000337C042B01D0FFDFFEE7002D00F090808D
:1054800000230C246B81DAE6337C042B01D0FFDF90
:10549000FEE7002D00F0848000230C246B8112E7CE
:1054A000337C022B01D0FFDFFEE7002D78D00023F4
:1054B0000C246B81D7E5337C022B01D0FFDFFEE7A4
:1054C000002D71D000230E246B8109E6337C042B60
:1054D00001D0FFDFFEE7002D66D000230E246B8194
:1054E000AB8140E7337C053B012B01D9FFDFFEE7B1
:1054F000002D5BD0738A10246B810023EB81B9F8F7
:105500000E30AB8139E6337C072B01D0FFDFFEE79D
:10551000002D45D000230C246B8145E6002D47D09B
:10552000738A0B2A6B814FF00003EB812B82337C53
:1055300006D00C2A0CD00A2B3FF429AFFFDFFEE780
:105540000B2B01D0FFDFFEE7042321E705231FE734
:105550000C2BFBD0FFDFFEE7FFDFFEE755B3012397
:105560000B24EB8000232B81AB723B23A8F8004077
:1055700035E6FFDFFEE700BFA8010020012B07D1C1
:10558000C5B1737B0B24AB723C23A8F8004026E620
:10559000FFDFFEE7A8F80040002009B0BDE8F08F6B
:1055A0000C23A8F80030F7E70E23FAE71023F8E7FA
:1055B0001223F6E70B23F4E770B5568804460D4630
:1055C0000521304614F028FA08B9FFDFFEE700F1A4
:1055D00012032A4621463046BDE87040F9F7BABFAB
:1055E00010B50C46052114F017FA08B9FFDFFEE7E5
:1055F00021461230BDE81040F9F741BE10B50C4607
:10560000052114F009FA08B9FFDFFEE72146123040
:10561000BDE81040F9F750BEF7B50E46044603F05A
:10562000C3FE05463378013B0E2B00F28A80DFE88B
:1056300003F0503D6339391239393908393939396C
:1056400039003379043BDBB2022B01D0102B16D189
:10565000F5B9FFDFFEE708B9FFDFFEE705212046C9
:1056600014F0DAF9037B042B0BD0072B10D0032B9B
:1056700016D13379063BDBB2022B09D043B10720A8
:105680000CE03379053BDBB2022B01D0102BF6D1B5
:10569000324629462046FFF784FA002003B0F0BDC9
:1056A000FFDFFEE70028F3D1FFDFFEE708B9FFDFE9
:1056B000FEE73779012FEBD117212046FFF79EFF38
:1056C0001721204601F087FC3946204601F091FC65
:1056D000DEE70521204614F09FF908B9FFDFFEE759
:1056E00000F112012046F9F7B6FD002DD0D11321AB
:1056F0002046FCF7BFFED0E708B9FFDFFEE7052133
:10570000204614F089F908B9FFDFFEE70DF1060124
:105710001230F9F7AAFD08B1FFDFFEE7B78820468F
:10572000BDF80630172F38BF17279F4228BF1F46E6
:105730003946FFF763FF3946204601F04CFC012152
:10574000C3E7FFDFFEE710B50C46052114F064F94E
:1057500008B9FFDFFEE721461230BDE81040F9F737
:105760009BBD10B50521044614F056F908B9FFDFBA
:10577000FEE700F1080204212046BDE81040FFF7D3
:105780001EBA10B50521044614F046F908B9FFDF2A
:10579000FEE7026805212046BDE81040FFF70FBA7A
:1057A00070B50521064614F037F9054608B9FFDF44
:1057B000FEE71230F9F757FD441D24F00304A4B2AC
:1057C0006A680AB1538803B970BD32F8043B0321FB
:1057D00030461A44FFF7F3F90028F5D06A7B2346D8
:1057E00068686243011D92B213F06FFFE8E738B5B5
:1057F00004460D4603F0D8FD08B9FFDFFEE701239C
:1058000045734480037333230370BDE8384003F0CD
:10581000D3BD0000602803BF0B780020034A072097
:1058200004BFC3F300031371704700BFA801002039
:1058300070B58CB00D460646144601A9FFF7F9F97C
:10584000E8B9F4B90823ADF820508DF818304FF6B8
:10585000FF73ADF8223001238DF826304FF420532A
:10586000ADF82430019D06AA022130462B46FFF7F1
:10587000F9F920B91CB1A3782B742388EB810CB003
:1058800070BD032302AA0AA920468DF81830102300
:105890000B92ADF8283014F0A9FC68B90123ADF8DB
:1058A00020508DF826304FF42053ADF824304FF6B9
:1058B000FF73ADF82230D5E70720E0E7012307B5F5
:1058C0008DF8063042F602030A4601A9ADF804300D
:1058D0000323FFF757FA03B05DF804FB012307B574
:1058E0008DF8063042F603030A46ADF8043004236F
:1058F0000DEB0301FFF746FA03B05DF804FB7FB53B
:1059000081B102236A468DF800300B88ADF808306B
:105910004B880521ADF80A300023FFF7A3F907B043
:105920005DF804FB1020FAE711B10723FFF72ABA4C
:105930000720704770B588B00D460646144601A989
:10594000FFF777F970B97CB90523ADF810508DF8E1
:105950000830019D02AA082130462B46FFF782F944
:1059600000B9EC8108B070BD0623ADF81050ADF859
:1059700012408DF80830ECE77FB569B10723ADF828
:10598000082003916A468DF8003009210023FFF7B3
:1059900069F907B05DF804FB1020FAE7F0B5054699
:1059A00089B008460C46F9F7E9FB10B1102009B0A0
:1059B000F0BD01A92846FFF73CF90028F7D1019E68
:1059C000012106F11200F9F75FFC2278042A0ED0BB
:1059D00004D8531E012B0CD90720E8E7052AFBD178
:1059E0000C2163788DF808108DF810301CE0023817
:1059F00080B2E38833B1A1680029D7D0033880B2E0
:105A000083422DD8042AA0881DD00028E4D1022A80
:105A1000A76864880ED109220146ADF810408DF8C0
:105A20000820ADF812300597334602AA2846FFF742
:105A300019F9BCE70A21ADF81040ADF812308DF825
:105A400008100597F0E70B216288ADF81430A368C1
:105A50008DF80810ADF81020ADF812000693E3E7BA
:105A60000C20A4E77FB50D23ADF808106A468DF829
:105A7000003000231946FFF7F5F807B05DF804FB86
:105A80007FB581B102236A468DF800300B88ADF8EE
:105A900008304B880621ADF80A300023FFF7E2F802
:105AA00007B05DF804FB1020FAE770B586B00E462B
:105AB000012100236A4605468DF80010ADF8086004
:105AC000FFF7D0F8044638B93146284601F075FA98
:105AD0002146284601F08DFA204606B070BD68B315
:105AE0008378012B2CD1008842F60413984216D8F3
:105AF000B0F5245F26D241F60103984208D8013858
:105B000041F2FE7380B298428CBF0F200020704794
:105B1000A0F52050032894BF0F200020704742F6C4
:105B20000123984205D8B0F5285F34BF00200F202C
:105B30007047A0F5285003380228ECE71020704782
:105B4000002070470F20704787289ABF024B33F818
:105B500010000320704700BFDAE9050043785A07B8
:105B600010D003F007034A7863F302024A704378C7
:105B700013F0380F0DD0C3F3C2034A7863F3C502A4
:105B80004A70704713F0380F14BFC3F3C2030123E8
:105B9000E9E75A0714BF03F007030123EDE700000C
:105BA00010B50B4648800C46842103F80C1B02F10B
:105BB000100152F8040B8A4243F8040BF9D103F0A8
:105BC000FBFB014B1C6010BDB00100200B460E22F8
:105BD000002110B50446184618F086FB03461CB198
:105BE000012C04D0FFDFFEE705229A7110BD0622CA
:105BF000FBE770B588B004460D46102204AE0021C4
:105C0000304618F071FB002203AB29460092204673
:105C100001931023F7F78EF8024620B108B0BDE8D3
:105C20007040FFF791BF0DF10E0329462046CDE9E4
:105C30000063BDF80C30FAF774FF0028EED108B00D
:105C400070BD37B50C46054600283CD00DF1070164
:105C5000FEF79EF9002837D163780DF107019DF812
:105C60000720681C62F302036370FEF791F958BBCA
:105C700063789DF8072062F3C503AA786370C2F3C6
:105C80004103012B02D0022B20D10120237860F3A5
:105C900045132370637859071EBFC2F3C00161F337
:105CA00086136370637813F0380F1EBFC2F30012BF
:105CB00062F3C7136370637813F0780F1EBF237805
:105CC00043F040032370002003B030BD0720FBE702
:105CD00030B40D4611461A4641B102290AD12C7C36
:105CE00014F0010303D024F001042C74012330BC10
:105CF00004F033B90023FAE738B51546002204460C
:105D000040680A704A70FFF79CFF58B9A38922893E
:105D10009A420ED862689278D20704D5B3F5007F14
:105D200007D82B8038BDB3F5FF7F02D803F20123DB
:105D3000F7E70C20F6E710B50C46F7F751F808B175
:105D4000FFDFFEE72046BDE81040FFF7FDBE01443F
:105D500010B504464FF6FF708C4200D110BD43BA17
:105D600014F8012B9BB25A40C2F303135A40130399
:105D70009BB25A40530103F4FF5382EA0300EBE75E
:105D80002DE9F04F85B01C46894605469DF83C60DC
:105D900092460E9BB11EDDF8408003F1140B18BF34
:105DA00001215846F9F7EFFF3146024607462846DB
:105DB00003F0D6FF002814BF0121002188F800104D
:105DC00003D1C4B12388B3B9A01C164A00210DF138
:105DD0000E03ADF80E70116052464946CDE9000B36
:105DE0002846FAF751FB68B1082819D80E4B03442E
:105DF00093F8100103E0002E14BF1120132005B00A
:105E0000BDE8F08F98F80020BDF80E3032B1324670
:105E10000E992846FFF75CFF0020F0E72380FBE7A0
:105E20000320ECE7B0010020DAE905002DE9F0439A
:105E3000002391B0054608460C46ADF81630F9F738
:105E40009DF9002840F0BE80E3683BB1A368002BB9
:105E500000F0B8801A88ADF8162018802846FBF7A5
:105E6000C1F8814628B943F20205284611B0BDE8C1
:105E7000F0830378212B01D80825F6E70621284670
:105E800013F0CAFD074608B9FFDFFEE71430F9F743
:105E900067FFA3780646013B012B00F295800BAA11
:105EA00021882846F6F7D6FF20B111B0BDE8F043AF
:105EB000FFF74ABE0BA8F6F7DBFF0028F5D10BA8C9
:105EC000F6F7D6FF002840F081800D9B434A23F06F
:105ED0007F4393427AD1E36883B10DF116022846DD
:105EE000CDE90032BDF81630A2882188FAF719FEF4
:105EF0000028DAD1BDF81620A3681A809DF82F80FB
:105F000018F0100865D10F990029ACD09DF83030F9
:105F100013F0380F01D1FFDFFEE7314AC3F3C203AC
:105F2000134493F8182199F820309A4254D8053632
:105F3000A2780B7826F00306012AB6B236D1DA072A
:105F40009AD50223B8688DF8183058B17A7C438806
:105F500072439A4234DD92B23346011D13F077FB4F
:105F6000A0F800802388072206A90097ADF81C300E
:105F70000DF11503CDE9018303462846FFF700FF25
:105F8000054600287FF471AF9DF81530002B7FF493
:105F90006CAFA378012B7FF468AF7A7C3346B86886
:105FA0007243011D92B213F065FB5EE79B077FF51C
:105FB00063AF03234FF001088DF818303868D1E73C
:105FC0004046CFE7102550E707254EE74FF45055E0
:105FD0004BE743F2014548E70F2546E70229010058
:105FE000DAE90500F7B50C46054603F0DDF906468B
:105FF00021784B1E0A2B00F2C080DFE803F0061860
:10600000B6304F4F657DB1979D005D4B1B684BB11E
:106010005A7842F020025A7062685A600027384667
:1060200003B0F0BD6168284603F0F4F9F6E70621F5
:10603000284613F0F1FC08B9FFDFFEE700F1140178
:106040002846F9F77EFE2EB1224631462846FFF754
:10605000A7FDE3E713212846FCF70CFADEE706214B
:10606000284613F0D9FC08B9FFDFFEE7A379002129
:10607000E27903F018038181182B08D1A38883816A
:1060800056B1224631462846FFF78AFD52E05306B4
:10609000C4D5A388C381F3E7FFDFFEE794F9073097
:1060A000002B0FDA062904D00227002E38D1FFDF9B
:1060B000FEE7284613F0B0FC08B9FFDFFEE7A3882F
:1060C000C381F1E70027F0E70621284613F0A4FC7E
:1060D000074608B9FFDFFEE71430FAF743FC18B1B2
:1060E00094F90730002B99DA3B7C43F002033B74B0
:1060F000002EC6D1FFDFFEE70621284613F08CFCF8
:10610000077C6379C7F3400262F300036371037C89
:1061100023F0020303740EB9FFDFFEE707F0020766
:10612000224631462846FFF73BFD78E70121284605
:1061300003F0D6F9022772E70621284613F06CFC1B
:106140006368064601220093694623892846ADF814
:10615000043003F0E1F9337C23F0020333745DE78C
:1061600000287FF471AFFFDFFEE700212846FFF72C
:10617000EAFA002E85D1FFDFFEE7FFDFFEE700BF72
:10618000B0010020431D23F003039BB2580009B166
:10619000594304310844704737B50023064D04467F
:1061A00001902B7130B913F001FA0CB1019B2B61F6
:1061B00003B030BD01A8F6E7B00100202DE9F0479B
:1061C0000E46174686B0054658220021304618F084
:1061D0008BF80FB9FFDFFEE797F802A0DFF8C89051
:1061E00086F811A03C88D9F81000053424F0030487
:1061F000A4B2214613F002FA08B9FFDFFEE74FF020
:10620000000830602146A0F80080D9F8100013F093
:10621000F5F908B9FFDFFEE77060A0F80080BAF179
:10622000000F09D004FB0AF4D9F81000211D13F067
:10623000E5F9C0B9FFDFFEE7C6F808A0002306F1C4
:1062400014012846F3603A88F9F766FD01AA012196
:106250002846F6F7FFFD01A8F6F70AFE044630B11E
:1062600006B0BDE8F087B060C0F80080E6E79DF8B2
:1062700007301B07EFD5BDF80A102846FFF7B9FC19
:106280009DF807309DF80820284643F01003BDF81C
:106290000A108DF8073043EA0223224663F30F0207
:1062A000FF23F6F717FED6E7B0010020F8B501F19D
:1062B00014000D46F9F754FD441D134E24F0030459
:1062C0006F7C2968A4B23069224613F0B9F92246DE
:1062D0006968306913F0B4F937B104FB07F2A968B3
:1062E0003069043213F0ACF9062013F01DFB0446AC
:1062F000062013F0EBFB241A012C04D13069BDE811
:10630000F84013F06FB9F8BDB0010020F0B5204B94
:106310008FB005464FF6FF7009AAD989F6F79AFDA6
:1063200009A8F6F7A5FD0DF10E07044605AE0CB160
:10633000052025E09DF82E30AB421ED0012B21D147
:10634000BDF82C30A3F520539BB2012B1AD8102393
:106350002246BDF82A104FF6FF70CDE90067F6F728
:10636000E9FC60B904AA31469DF80E0013F03AFF2B
:1063700028B99DF81230AB4204D1204600E003203A
:106380000FB0F0BD09A8F6F773FD0446CFE700BFD4
:10639000B001002038B50621054613F03DFB08B9D1
:1063A000FFDFFEE700F1140428462146F9F7C9FC97
:1063B00021462846BDE83840F9F7CABC70B58AB016
:1063C00006460C46FAF70EFE0546002835D003783F
:1063D000212B02D808200AB070BD0CB1A3887BB372
:1063E00001238DF814300323ADF8183064B1A3886D
:1063F0002468ADF8203006213046079413F00CFBDA
:10640000044620B9FFDFFEE7ADF82040F3E7143083
:10641000F9F7C9FC0307DDD502F0C6FF90B10DF115
:10642000130395F8202005A9304602930223CDE9F5
:1064300000436368FFF7A4FCCDE743F20200CAE71C
:106440000920C8E71120C6E72DE9F04F578889B029
:1064500082468B4638469046FAF7C4FD06218146AF
:10646000384613F0D9FA00230546ADF81E30B9F1CD
:10647000000F01D1FFDFFEE708B9FFDFFEE70221D1
:10648000384603F02BFF05F114030146C0B1002488
:106490002646264A002138461160514699F82020A8
:1064A000CDE901630DF11E0300935B46F9F7AFFCE4
:1064B0000646042837D8DFE800F01F36282F2800CA
:1064C000184605936E68F9F75EFC022102460490B7
:1064D000384603F045FCDDE9042358B9002ED6D038
:1064E00031880029D3D10236041EADF81E2018BF12
:1064F0000124CEE70646F7E7BDF81E302BB144B1C4
:10650000022229463846FFF7E3FB304609B0BDE8D2
:10651000F08F6A681380F8E798F8013043F01003B1
:1065200088F80130F1E7FFDFFEE700BFB00100208F
:106530002DE9F043804693B00D46002900F083809A
:1065400000271222002128463E463C4617F0CCFE8A
:106550000DAA01214FF6FF70F6F77CFC0DA8F6F7A7
:1065600087FC20B113B0BDE8F043FFF7EDBA9DF80A
:106570003E20BDF83A30012A18D1BDF83C20A2F5E2
:106580002052032A12D8DFE802F0170B020E032470
:106590009845E3D12C74A6B9002013B0BDE8F08370
:1065A0001E460224F4E71F460424F1E7042C06D01B
:1065B000052C08BF0624EBE71E460124E8E7052466
:1065C000E6E70DF10E080DF1100910230022314607
:1065D0004FF6FF70CDF80480CDF80090F6F7AAFBD7
:1065E00008B10320D9E72A4649469DF80E0013F06A
:1065F000F9FD02460028F4D1AE81002FCCD008ABC3
:1066000039464FF6FF70CDF8048000931323F6F758
:1066100091FB0028E5D1BDF80E002A1D0DF12301E4
:106620000338C0B213F0DEFD0028DAD1089B062C37
:10663000C3F30F23EB81AFD19DF83E30AB72BDF8B1
:106640003C302B81A8E71020A7E70000034608464E
:10665000012B70B514468CB018D0022B13D142F622
:1066600001030122ADF81C308DF81E2058B308AE8E
:106670004FF480730DF117013246ADF8183013F066
:10668000B5FD034628B107200CB070BD4FF4205370
:10669000E7E70E4D07A89DF81710AA1D0091CDE958
:1066A000016201F201220699F6F7ACFA20B10CB0B2
:1066B000BDE87040FFF748BA0CB1EB882380012396
:1066C00000202B71E0E71020DEE700BFB0010020C2
:1066D0002DE9F04F6A4E9DB000240D4633790592A6
:1066E000013B0B94012B00F2C380F388834240F0FE
:1066F000C1808B4200F0C0800123A2462746A046FD
:106700008DF8263042F60203DFF878B112A8ADF812
:1067100024304FF480738DF82A40ADF820305A4B66
:10672000ADF8284012930AAB13934FF6FF73ADF800
:106730005030F6F7CBFB072217AB12A94FF6FF70CC
:10674000FAF748F9024630B10A2863D01DB0BDE817
:10675000F04FFFF7F9B9BDF85E9014B3189B23F022
:106760007F435B451DD10DF1220349464FF6FF7073
:1067700001930EAB00931023F6F7DCFA0028E5D165
:10678000BDF8223023F002039BB2042B03D0032078
:106790001DB0BDE8F08FBDF83830AB4235D10F20C9
:1067A000F6E79DF86230012B2FD1BDF86030A3F5DC
:1067B00020539BB2012B28D8F488A4EB09035C4238
:1067C0005C41B8F1000F00D017B34D451DD10DF15C
:1067D00022030DF138080022294601934FF6FF707D
:1067E0001023CDF80080F6F7A5FA0028AED1BDF849
:1067F0002200022801D01028C9D10BAA4146C0B2FC
:1068000013F0F0FC0028C2D1C846BDF85EA092E7A4
:106810005746FAE7B8F1000F30D07FB30023ADF848
:106820003080ADF832708DF81F309DF82E30012B7E
:1068300015D09DF81F2009A8059B043208990293E2
:106840000CABD2B2CDE9002300238DF81F20F6F760
:10685000D9F900287FF47AAF0223337176E70DAAC5
:106860000DF11F010BA813F0C1FC0028E1D08EE749
:1068700008208DE706208BE7072089E7052087E7BA
:10688000B0010020022801000100FFFF1FB50A78B7
:10689000C2F34001C2F3000343EA4103C2F38001A3
:1068A00043EA8103C2F3C00143EAC103C2F300110A
:1068B00043EA0113C2F34011C2F3801243EA4113C9
:1068C000411E4FF6FF7043EA8213002289B28DF811
:1068D0000C300DF10E03019303AB00930123FAF783
:1068E00020F9BDF80E30012B01D0FFDFFEE705B027
:1068F0005DF804EBFFF728B910B50C46FFF7A1F9D6
:1069000068B9637803F00702012A09D113F0380F40
:1069100006D023789A0603D463F03703237010BDA2
:106920000720FCE72DE9F04F002395B0DFF824B2F3
:106930000546ADF828300E46ADF82A301746ADF8BA
:106940002C30ADF81430ADF81C30ADF82030ADF877
:106950002430ABF808309BF80430013B032B00F2E5
:106960000082F8F70BFC20B11024204615B0BDE8DA
:10697000F08F3046F8F702FC0028F5D16868F8F788
:1069800047FC0028F0D16B684BB1B5F80A902B8911
:10699000994502D8B3F5007F02D90C24E5E7994662
:1069A0000DF12E0205A93046FFF7A6F9044600288E
:1069B000DBD173689B7803F00603042B12D007A980
:1069C0002869FFF73EF904460028CED12B69B3B100
:1069D0006A789DF81D30900703F038030DD573B920
:1069E0000724C2E79DF8153013F0380FE7D030695F
:1069F000F8F70AFC0028E2D0B6E7002BF0D19DF8AA
:106A00001C3099067DD408A905A8FFF7A7F89DF8C2
:106A100021300122686962F302038DF82130FFF70B
:106A20006BFF04460028A0D109A9A869FFF709F95E
:106A30000446002899D19DF824309A06D0D4AB6939
:106A400043B19DF8253003F00702012AC8D113F0A5
:106A5000380FC5D0EB681BB11B78013B1A2BBFD890
:106A60002A783068C2F34001C2F3000343EA4103CD
:106A7000C2F3800143EA8103C2F3C00143EAC103C8
:106A8000C2F3001143EA0113C2F34011C2F38012B2
:106A900043EA41130DF1130143EA82136A7812F0BD
:106AA000030218BF012243EAC2130DF13F028DF821
:106AB0003C304FF48073ADF818304FF001038DF87F
:106AC000323042F60303ADF8303013F08FFB03464B
:106AD000002885D19DF813A00DF1260200900AF13F
:106AE000030A06995FFA8AFACDE901020AF2012245
:106AF0000CA8F6F787F8B0B115B0BDE8F04FFFF776
:106B000023B89DF81D3013F0380F06D16868F8F7E8
:106B10007FFB00283FF477AF26E76868F8F774FB3F
:106B20000028F3D020E70C4BBDF82E2002933369E8
:106B3000059901933389BDF82680009373893068E5
:106B4000F6F760F8034648B101464046FFF7F3F810
:106B500004460AE7B0010020B80100202A7812F0AC
:106B6000300F19D04FF001020899ADF834000CA88D
:106B70008DF8322042F60212ADF830200DF12A02D3
:106B800002920DAA01920222009240F20322F6F72D
:106B900039F801460028D8D1BBF808300022BDF8EA
:106BA00026104FF6FF70ADF83D300FAB0192009309
:106BB0005346F9F7B6FF034600289DD19DF93C20C6
:106BC000002A26DA4FF48072ADF83400ADF81820B0
:106BD00001228DF832204FF42452ADF830206A782B
:106BE0000290C2F34001C2F3000242EA410200F007
:106BF000FC010CA80A4306998DF834200DAA0192D5
:106C00000222009240F20322F5F7FCFF0146002821
:106C10009BD16E68002E34D02B69A3B907A905A8B3
:106C2000FEF79CFF6B7813F002030BBF9DF81D204D
:106C30009DF81C3063F3C50243F040030CBF8DF890
:106C40001D208DF81C3001232A8907990CA88DF886
:106C5000323042F60113CDF80090ADF8303040F2FA
:106C60000123B2FBF3F303EB4323D21A0AAB92B234
:106C7000CDE901630023F5F7C5FF014600287FF445
:106C800064AF2B78DB072DD50023ADF83430AB692A
:106C900053B909A905A8FEF761FF9DF82530012227
:106CA00062F302038DF825309DF8243040F2032270
:106CB0000CA843F040038DF82430012309998DF886
:106CC000323042F60313ADF830300BAB02930DAB0C
:106CD0000193022300930023F5F794FF0146002857
:106CE0007FF433AFEB684BB34FF480720CA8ADF870
:106CF0001820012206998DF8322042F60412ADF8D0
:106D000030201A788DF834205A788DF835205A883A
:106D1000ADF836201A798DF838200DAADB8801925B
:106D20000722ADF83930002300924FF4027202932B
:106D3000F5F768FF014600287FF407AF03238BF8BF
:106D40000430002F3FF411AEBBF808303B80BDF893
:106D500028307B80BDF82A30BB80BDF82C30FB800A
:106D600003E6082401E600BF2DE9F04192B00125B9
:106D700041F6010307460DF108080E460DF1020227
:106D8000284641468DF80A50ADF80830FFF75EFC02
:106D9000044660BB002F3BD001461C220BA817F015
:106DA000A3FA234604AA06A965F342030BA8ADF88B
:106DB00004408DF806309DF82C30039443F02003F6
:106DC00010968DF80A508DF82C3042F60523CDF838
:106DD0001880ADF8083004230893ADF824306B44D4
:106DE000079303AB0A93FFF79DFD20B104462046AD
:106DF00012B0BDE8F0810A4ABDF810305381BDF8E9
:106E0000143093810133D381054B00221A71EEE7D0
:106E1000BDF80220024B013258819881DA81F3E7F4
:106E2000B0010020F0B51F4F87B004460E463B79F5
:106E3000033B012B34D80DF1160204A9FEF75CFFC9
:106E4000054650BB63689B7803F00603042B12D001
:106E500005ABBDF816200499029323690193238999
:106E6000009363892068F5F7CDFE80B107B0BDE8D7
:106E7000F040FEF769BE9DF8113013F0380FE7D0EF
:106E80002069F8F7C1F90028E2D0102505E016B115
:106E9000BDF81430338004233B71284607B0F0BDA1
:106EA0000825FAE7B001002037B505460C46D9B1F0
:106EB0000146002301AA4FF6FF70F6F747F820B10C
:106EC00003B0BDE83040FEF73FBE01A92046FEF703
:106ED000B8FE50B9A3782946019A4FF6FF7003F027
:106EE0000103F5F7F7FFEBE7102003B030BD13B552
:106EF0000C4600294AD001460DF1030301AA4FF6C2
:106F0000FF70F6F723F830B1872804D002B0BDE84F
:106F10001040FEF719BE00239DF80500694600F0F9
:106F200007002380A370FDF753F810B1032002B0CF
:106F300010BD9DF8003069469DF805002370C0F330
:106F4000C200FDF745F80028F0D19DF804209DF817
:106F5000003042F34012637002F003029DF80330E8
:106F600082F0010203F0010343EA42039DF8052089
:106F7000C2F38011C2F3C01243EAC10343EA021311
:106F8000A27822F01F021343A370D0E71020CEE7AF
:106F90001FB514460DF10E02CDE900320A462388D2
:106FA00001464FF6FF70F9F7BCFDBDF80E302380A7
:106FB00004B0BDE81040FEF7C7BD10B50C46062171
:106FC00012F02AFD08B9FFDFFEE721461430BDE8C4
:106FD0001040F8F7D1BE10B50C46062112F01CFD8A
:106FE00008B9FFDFFEE721461430BDE81040F8F78E
:106FF000F3BE10B50C46062112F00EFD08B9FFDFF6
:10700000FEE721461430BDE81040F8F7C5BE062162
:1070100010B5044612F000FD014608B9FFDFFEE797
:10702000036801222046BDE81040FDF7E5BD70B5BC
:107030000621064612F0F0FC044608B9FFDFFEE721
:107040001430F8F78DFE451D25F00305ADB2A36899
:107050000BB15A8802B970BD33F8042B2146304673
:1070600013440022FDF7C8FD0028F4D0627C2B46B3
:10707000A0686A43011D92B212F027FBE7E70621E0
:1070800010B5044612F0C8FC014608B9FFDFFEE760
:10709000436802222046BDE81040FDF7ADBD38B57B
:1070A00004460D4602F080F908B9FFDFFEE7012330
:1070B00045734480037344230370BDE8384002F0F5
:1070C0007BB9012901D0FFDFFEE7FEF73CBB10B51D
:1070D00004460846FEF703FD20B92046BDE81040EF
:1070E000FFF7B4BA10BDFFF7F3BA000038B5144685
:1070F0000D461A4689B184B1636873B118B1094B62
:10710000DB8883420BD12068FEF7E9FC30B92146C9
:107110002846BDE83840FFF705BC102038BD0720E1
:10712000FCE700BFB001002010B50C4611466CB161
:1071300018B1084B1B8983420AD12068FEF7CFFCA7
:1071400028B92046BDE81040FFF76CBE102010BDE6
:107150000720FCE7B001002070B5064686B0104657
:107160000D461446F8F730F810B1102006B070BD87
:107170006068F8F74DF80028F7D101A92846FFF715
:10718000D7F90028F2D19DF81430072B3AD8DFE860
:1071900003F03B1B1B1B1B04043B9DF80630012B1B
:1071A00005D1BDF80430A3F5C053012B0CD99DF8CF
:1071B0000A30012B0FD1BDF8083042F6012293426C
:1071C00004D8B3F5285F06D30F20CFE7A3F52853E3
:1071D000033B022BF8D99DF80E30012B09D1BDF8E5
:1071E0000C30B3F5245FEFD0A3F52453023B022B00
:1071F000EAD9636853B16368224661882846FFF77D
:10720000C7FEB3E7FFDFFEE70320AFE701AA294689
:107210003046F5F79BFE20B106B0BDE87040FEF7A2
:1072200093BC9DF804309B06E5D49EE7F0B5064676
:1072300085B010460F461446F7F7C6FF034678BBE5
:1072400003AA39463046F5F781FE20B105B0BDE806
:10725000F040FEF779BC9DF80C3013F0100322D1FA
:107260000DF10E0239463046CDE900324FF6FF737C
:107270006288F5F75FFD054680B96068F7F7A4FFFF
:1072800048B901953946636830460093238862887F
:10729000F5F750FD0546BDF80E3023802846D5E7AA
:1072A000102005B0F0BD43F20140FAE721B1054BD3
:1072B0000A889B899A4201D9FEF7B8BD43F20300C0
:1072C000704700BFB001002070B586B006460C467E
:1072D00015460021102202A817F006F80423114ACF
:1072E000ADF802305389BBB19289A24216D2AC42AA
:1072F00014D8ADF80830022302A930468DF80A30C0
:107300006B44ADF80440049301ABADF8065005930F
:10731000FEF78CFD06B070BD0620FBE743F20300CC
:10732000F8E700BFB00100202DE9F04307468BB01D
:1073300008460C46F7F722FF18B110200BB0BDE845
:10734000F0833846F9F74EFE8046002800F08E8024
:107350000378212B01D80820F0E70621384612F0E7
:107360005BFB064608B9FFDFFEE71430F8F71BFDAC
:1073700023780546012B4DD110F0020FEBD0A379F5
:10738000DA0761D4A388B3F5887F10D8B3F5827F7C
:1073900045D2B3F5817F22785FD040F203118B4252
:1073A0005FD0012B5BD0A3F58072012A57D9DDB2E3
:1073B00001F0FAFF00285CD014220021B6F80E90EC
:1073C0000DEB020098F8208016F08EFF01238DF857
:1073D00019508DF814300223ADF81C908DF8183038
:1073E000A379DB0709D59DF81E3043F001038DF822
:1073F0001E30D4E90223CDE908230DF113034246E0
:1074000005A9384602930223CDE900637368FEF7AD
:10741000B7FC93E7022B22D110F01C0FAEE7A3F5C7
:107420008271012289B28A4041F2C5010A4216D115
:1074300040F20712934216D040F209129342B6D19D
:1074400015F0080FB3D10AE06389002B9AD0E068E9
:10745000F7F794FE002895D06FE7022AA7D10720FE
:107460006CE7012AFAE715F0100FEBE743F2020090
:1074700064E7112062E700002DE9F04790B08046F4
:107480000C4616461D46F9F7ADFD002800F0CA80EF
:107490000378212B40F2C980032D00F2C88000F050
:1074A000CA804CB9AB0725D5654B9F890137BFB260
:1074B0004FF6FF7925E00025012E01D80B2004E0CE
:1074C0002046F7F7A5FE18B1102010B0BDE8F087F0
:1074D000701E2044F7F79CFE0028F5D1A319023E48
:1074E0002046B6B233F8027C3146FEF730FCB84293
:1074F000D8D0E3E7002D00F0A180514B0127B3F86D
:107500000C9006AA39464046F5F7A4FCFCB925467E
:1075100006A8F5F7ADFC024618B9BDF81E1049459E
:1075200018D90621404612F077FA054600285AD1AC
:10753000FFDFFEE75B88102BC0D804351D44ADB2D9
:10754000B542BBD263191A88BA42F3D3E0E72346A7
:107550000025F8E79DF81BC01CF0080FD8D0002CC0
:1075600038D004EB050A2F1DBAF80230BFB2102B39
:10757000A4D8F818B042A1DC605B88429ED11CF010
:10758000100F13D00BA90191E1190091014640465B
:10759000F9F7C7FA20B110B0BDE8F047FEF7D4BA4A
:1075A000BAF80230BDF82C209A4287D11F44BDB2F0
:1075B0009DF81B20FF239DF81C10404622F010026E
:1075C0008DF81B20D2B242EA0122BDF81E10F5F759
:1075D00081FC9DE71CF0100FEAD04046FEF709FB46
:1075E0000028E5D071E784891CB3142200210BA880
:1075F00016F07AFE01230DF1170200958DF82C305C
:1076000002230BA940468DF83030ADF83440CDE967
:10761000013207226B68FEF7B3FB00287FF455AFF9
:10762000A88152E743F202004FE708204DE7072008
:107630004BE7204649E7002C7FF43DAF012737E7B1
:10764000B00100202DE9F043064689B00D461C46E6
:1076500017461AB9102009B0BDE8F083032B79D87A
:107660007ED071BBA2077ED5404B0224D9893F4B07
:1076700044F300044FF0000803AADB8930461C40A5
:10768000F5F7E8FB013CA4B203A8F5F7F1FB0246CD
:1076900000285CD1BDF81210A1421FD9B8F1000F2B
:1076A0005AD008F1020445B13B88A34256D3414663
:1076B0002846FEF74CFB25F8080000203C80CAE76E
:1076C00000242846F7F7A0FD0028C3D138880138E8
:1076D0002844F7F799FD0028C4D0BBE79DF80F3088
:1076E0001B07D1D50DF10A094FF6FF733046CDE9DE
:1076F0000029F5F71FFB024620B109B0BDE8F043B1
:10770000FEF722BA35B9BDF80A30043343441FFAF4
:1077100083F8B9E7BDF80A3005EB0800B7F800C0F8
:1077200008EB030104318C4518D3BDF8121025F87D
:107730000810438008F10400CDF80490284400901C
:107740003046F5F7F7FA0028DDD0032083E70A2852
:10775000D3D1A3E707207EE705207CE70C207AE75A
:107760000029ADD10C46012181E700BFB001002006
:1077700010B50446F7F728FD18B9034BDB892380C1
:1077800010BD1020FCE700BFB001002070B5064618
:1077900014460D4651B9E2B12046F7F735FD48B918
:1077A00021463046BDE87040FFF7A1BB0846F7F719
:1077B0002BFD08B1102070BD29463046F9F7B3F90A
:1077C00018B1BDE87040FEF7BFB9002CE4D12046E7
:1077D000F1E70720EFE700002DE9F84317460278AC
:1077E00005460C4602F0F002037B802A40F013812C
:1077F0009A1E072A00F20D81DFE812F00201F20062
:107800000800330033008600B000DB00062140880A
:1078100012F002F908B9FFDFFEE7828962B1002C9D
:1078200000F006816B8807264FF05208A3803E8047
:10783000A4F80080668021E0002C00F0FE806B88B8
:1078400004F10A01288AA3800123A371FFF79EFF98
:10785000A8B92B8A10262381AB8AE3814FF0510807
:10786000E5E7062BB0F816800BD190F91330002B0A
:1078700007DA08F11406B6B25CBB3E800020BDE812
:10788000F88308F11206B6B2002CF6D0002204F1FB
:107890000801288AFFF77AFF0028F0D16B8842465A
:1078A000A96904F11200A3802B8AE3802B7B062BAD
:1078B00014BF022301232373AB8AE381EB7CA4F87A
:1078C00010804FF05008C3F3C013637316F05AFDD5
:1078D000ADE7002204F10A01008AFFF757FF0028F4
:1078E000CDD16B884246A96904F11400A38002231C
:1078F000A3712B8A23810123A373AB8AA4F812807E
:10790000238216F03FFDA9E7B0F8169009F114069E
:10791000B6B2002CB1D00621408812F07DF86B88F9
:107920008046002204F10A01288AA380FFF72EFF77
:107930000028A4D102234A46A96904F11400A371C6
:107940002B8A23810423A373AB8AA4F81290238289
:1079500016F018FD2B8AA8F80E307FE74088F9F75B
:1079600041FB06460621688812F056F80EB9FFDF83
:10797000FEE708B9FFDFFEE76B7CDB0747BF142695
:107980004FF0510812264FF05008002C3FF475AF0D
:107990006B88B8F1500F287CA38003D1A11DFEF79E
:1079A00015F944E7022304F10801A371FEF70EF96B
:1079B00054E7234A038A52899A4208D10626002CAA
:1079C0003FF45BAF43884FF05408A3802FE7002CAF
:1079D00031D0428808264FF05308E380A28026E782
:1079E0000621408812F018F808B9FFDFFEE714B34B
:1079F0006B8808264FF05508A3802B8AE38016E792
:107A0000B4B1438807264FF05608A3800023A37122
:107A10000DE7FFDFFEE7012B08D149B143880726B8
:107A20004FF057088B80437B8B7100E7FFDFFEE749
:107A300007233B8022E70823FBE71023F9E700BF79
:107A4000B00100202DE9F04114228AB005460F460E
:107A50000DEB0200002116F047FC01232846ADF88B
:107A60001C708DF814308DF81830F9F7BBFA002827
:107A70004AD00378212B04D8082630460AB0BDE846
:107A8000F0810621284611F0C7FF044608B9FFDF40
:107A9000FEE700F114084046F8F785F98306EBD5B8
:107AA000237C072205A9284643F0010323740DF126
:107AB000110302930223CDE900436368FEF760F9E6
:107AC000064620B1237C23F001032374D5E7394611
:107AD0002846FDF785FD0DF112014046F8F742F901
:107AE00008B1FFDFFEE7BDF812402846172C38BF6B
:107AF0001724BC4228BF3C462146FFF76CFA2146BA
:107B00002846FDF77BFDB8E743F20206B5E708B566
:107B100000F094FA00F00EF900F014F8BDE8084007
:107B200000F06CBF064BD3F8000138B1D3F8040164
:107B300020B1D3F80801B0FA80F04009704700BFC7
:107B400000A00440034B00221A705A7010229A7051
:107B5000704700BFC4010020F8B506460220144655
:107B60000D4600F0F5F8114B114A01275C60191D14
:107B70009A6002F1807203342D011F70DC601D8356
:107B8000C3E904260022243303F80A2C0D2203F84B
:107B9000092C084AC2F83015074903C983E80300D5
:107BA000C2F80875C2F83835F8BD00BFC40100201E
:107BB0000300000B00A00440F8EA050008B502200D
:107BC00000F0C6F80D4B01221A7000220C4BC3F8CE
:107BD0000021C3F80421C3F808210A4AC3F8802011
:107BE00003F56433C3F88C20A3F57C33C3F88C21F0
:107BF000A3F500530822C3F8042508BDC4010020E2
:107C000000A0044003000080144A08B51378EBB1CB
:107C100000231349C1F8803001F56431C1F88C307C
:107C2000A1F57C31C1F88C3108210E4BC3F8081541
:107C3000FFF778FF78B101235370938EFF2B01D9A2
:107C4000FFDFFEE7DBB29370002313700020BDE876
:107C5000084000F07DB810235070F4E7C401002004
:107C600000A004400020044008B5022000F070F895
:107C70000121064B00221970054BC3F80021C3F8FF
:107C80000421C3F80821196008BD00BFC401002009
:107C900000A00440094B1A7862B1094BD3F80021C7
:107CA00052B1D3F8040140B1D3F80801B0FA80F022
:107CB000400970475878704702207047C40100207F
:107CC00000A0044010B5C824FFF7E4FF022808D143
:107CD000013C14F0FF04F7D106200AF097FC20467F
:107CE00010BD431E58425841FAE70000064A08B545
:107CF00013782BB1FFF716FF20B192F8340008BDBE
:107D00009078FCE71020FAE7C401002038B5084C51
:107D10000025D4F80035032B04BF01236360C4F8A9
:107D20000055C4F8005500F0B1FFC4F8805038BDCC
:107D300000A00440054B4FF48062C3F88820BFF3D5
:107D40004F8FBFF36F8FFFF7E1BF00BF00E100E08F
:107D500010B50446FFF7DAFF012C04D0022C07D03F
:107D60002CB1FFDFFEE7074B0222C3F8002510BD50
:107D7000044B0322C3F8002502F10042C3F880201F
:107D8000F5E700BF00A00440FFDFFEE7024BD3F899
:107D9000A00300F00100704700C0FF00084BD3F8BB
:107DA000A423D3F8A833511C9BB203D14FF6FF7123
:107DB0008B4203D00260838001207047002070470F
:107DC00000C0FF000B4B30B5D3F89053D3F8944369
:107DD000D3F89813D3F89C2305EA04030B4013400F
:107DE000013317BF05600020446081601CBFC26082
:107DF000012030BD00C0FF000B4B30B5D3F88053DD
:107E0000D3F88443D3F88813D3F88C2305EA04030A
:107E10000B401340013317BF0560002044608160B0
:107E20001CBFC260012030BD00C0FF00064B002215
:107E3000C3F80022C3F81822C3F82022C3F80C228A
:107E4000C3F81422704700BF00A00840074B012868
:107E5000187303D0022806D0FFDFFEE7044B03228D
:107E6000C3F800257047024B0422F9E70002002006
:107E700000A0084070B5134D0346084695F82560EC
:107E80000EB9FFDFFEE76BB9012E2C6A95F82410BE
:107E900005D100F061FD2044AB69C01A70BD00F04F
:107EA0003FFDF8E7012B0AD1012E2C6A95F824102A
:107EB00002D100F041FDEEE700F05CFDEBE70020B1
:107EC000EAE700BF000200200B4B93F8310088B1B5
:107ED00093F830307BB1094BD3F8002442F0010213
:107EE000C3F80024D3F8200500F0F600023818BFCC
:107EF00001207047012070470002002000A00840C8
:107F00000A4B40F409000A4A1B8A40F04000B3F5CE
:107F1000166F36BFA3F63813A3F5166343F48073C8
:107F2000C2F80837C2F84005704700BF00020020C1
:107F300000A0084008B5FFF789FF0846FFF7E0FFFB
:107F4000084B002193F90D0013F078FB00F088FC3A
:107F5000054B40F20312C3F8442E40F25B62C3F8B3
:107F6000482E08BD0002002000A0084070B506465B
:107F70000C46154614F0B1F80028FBD076BB2A4B0E
:107F800001225A7093F830201AB9997B2846FFF7DE
:107F9000D1FF264B4FF47A7253F8253003F5FA736C
:107FA000B3FBF2F3224AE41A224BC3F800211E4B22
:107FB0000125214983F830509B691C441C4BC1F8B2
:107FC0004045C1F8C031FFF77FFF30B1CD64D1F833
:107FD0004C05A042ACBF0020012070BD012E21D174
:107FE000114B02225A7093F83020AAB9997B284687
:107FF000FFF72CFF0846FFF783FF0E4BD3F8002452
:1080000042F01002C3F8002440F20312C3F8442ED9
:1080100040F25B62C3F8482E064B293C044AC3F881
:108020000421C4E7FFDFFEE70002002060EB05004B
:108030000B00008000A008400050084048220021AA
:10804000014816F051B900BF00020020014B93F81F
:1080500024007047000200200B4B0C4A93F82410B8
:10806000D3E9073002EB8102C01A936A526B1844BD
:10807000074B53F8213003F2E7339B1A4FF47A721F
:10808000B3FBF2F3184470470002002000EB050038
:1080900054EB0500024B186A9B69C01A704700BF79
:1080A000000200200A4B93F82420D3E90630C01ABE
:1080B000084B03EB82039B6AC01A074B53F822302C
:1080C0004FF47A7203F2F313B3FBF2F3C01A704762
:1080D0000002002000EB050054EB050013B514F07E
:1080E00029F9084B9C691A6C001B009261EBE47142
:1080F000D3E90E2313F0E9FF0146FFF7D3FF401A3F
:1081000002B010BD0002002010B5FFF7CBFF0446FF
:1081100014F010F9201841F1000110BDFF2801D919
:10812000FFDFFEE7012903D0022917D0FFDFFEE7BA
:10813000002343F4801340F000700A4A43F4847330
:1081400040F44030C2F8203EC2F8280ED2F8203564
:1081500003F0F703032B04D1FFDFFEE74FF080733A
:10816000E7E7704700A00840F8B5204E4FF480675D
:10817000C6F89070BFF34F8FBFF36F8F13F0A3FF5C
:1081800004461B4D14F0D6F80121001B194CA861C0
:10819000C4F8A410FFF74AFE0323C4F8401E297355
:1081A000C4F800354FF40023C4F8003416F0C0F8CA
:1081B000114B124AC4F83833114BC3F8C820013AA6
:1081C000C3F8C42040F6FE720E4BC4F814330E4BB5
:1081D000C3F804250023AB842B862B624FF48073F5
:1081E000C6F89071C4F888343761F8BD00E100E04A
:1081F0000002002000A0084003000080060000806C
:10820000005008400100008000200840014B5873D6
:10821000704700BF00020020020E034B0002C3F8AB
:10822000342EC3F82C0E704700A00840034B044ABC
:108230001B5C907303F516631382704700EB050017
:10824000000200200021104613F0F8B970B52E4C42
:1082500005460E4694F831300BB9FFDFFEE70123E7
:108260002A4A84F83030D2F8003443F00103C2F8CF
:10827000003413F032FF0028FBD005BB0123A17BA3
:1082800030466370FFF756FE6378012B01D0FFDFA5
:10829000FEE71F4AD36402F5A04213601C4BD3F8DB
:1082A0004C05A369C01A6DBB1A4B4FF47A7253F890
:1082B000263003F5FA73B3FBF2F3184470BD012DB9
:1082C000ECD10223A17B30466370FFF7BFFD084667
:1082D000FFF716FE0D4BD3F8002442F01002C3F84E
:1082E000002440F20312C3F8442E40F25B62C3F84C
:1082F000482E6278022A01D0FFDFFEE7044AD564E7
:108300005D60CBE72930D9E70002002000A00840DB
:108310000050084060EB050008B5FFF727FE58B98C
:10832000064B0122C3F8400503F5A04302201A6161
:10833000BDE808400AF06AB908BD00BF0050084017
:1083400038B504461546FFF795FD01462A462046F6
:10835000BDE83840FFF7E0BF37B5234B4FF48060EE
:10836000224A4FF0FF35D3F88814C3F89054C2F86E
:1083700090014FF400221E4801F48071C3F80024DC
:1083800000221C4C2286C0F84025C3F80821C3F8FF
:108390000021C3F80421D3F82005C0B2B8B18DF88C
:1083A0000750C3F8202201221A619DF8072012B15C
:1083B000D3F8202222B19DF8073043B9FFDFFEE752
:1083C0009DF80720013AD2B28DF80720EDE7002290
:1083D000054BC3F82022228019B14FF48072C3F8F4
:1083E000882403B030BD00BF00A0084000E100E0D9
:1083F000005008400002002070B50024244D254E96
:10840000C5F84845C5F84445C5F84045C5F84C454C
:10841000FFF7A2FFC5F8C441C6F80841C6F80041FD
:10842000C6F80441C5F8C840C5F8C440C6F80441C0
:10843000C6F8004115F094FF174B40F6FE72C6F8DF
:108440003843C6F81443C5F8C041C3F808254FF4B3
:108450008062124B1C71C3E90744114BC5F84845B3
:10846000C5F84445C5F84045C5F84C45C5F84841F0
:10847000C5F84441C5F84041C5F84C41C3F89020C7
:10848000BFF34F8FBFF36F8FC3F8902170BD00BF54
:108490000050084000A008400020084000020020D2
:1084A00000E100E0014BC3F84C0E704700A008400B
:1084B00010B50FC8014C84E80F0010BD4802002021
:1084C0000A490B4B10B50124C1F8D00ED86283F8CD
:1084D0003140FFF7F9FC40B9064BC3F840050320D3
:1084E0000C61BDE810400AF091B810BD00A0084032
:1084F0000002002000500840084B012210B5C3F8CC
:10850000D00E074B83F83120D862FFF7DDFC04461C
:1085100008B9FFF721FF204610BD00BF00A00840AA
:1085200000020020144B9A6910441A6A824210B566
:10853000124C09D302200AF069F800230122C4F882
:1085400040350F4B1A610DE0012298601A71626488
:10855000D4F844350533834205D3094BD3F80C12C4
:108560000029EFD010BD0023C4F84431054BC4F8F6
:108570004405C4F8C431F5E700020020005008406B
:1085800000A008400900008010B50E4C03460222EE
:1085900094F825002271012894F82410227B4FF0D2
:1085A00096000BD100F0F4F9074A0023A060C2F84E
:1085B0004431236A0344C2F8443510BD00F002FA86
:1085C000F2E700BF0002002000500840044BC3F84F
:1085D000940ED3F8002442F04002C3F80024704700
:1085E00000A00840054BD3F8002422F04002C3F855
:1085F00000240022C3F8942E704700BF00A008405A
:10860000044BD3F8183703F07F035B42037001205B
:10861000704700BF00A008400028034B14BF02228F
:10862000012299701A70704700020020054B002249
:10863000C3F84025044AD2F82035DBB20BB1012340
:10864000136170470050084000A00840044B30B54B
:10865000D3E90E451B6CC0E900450B6030BD00BF7F
:1086600000020020F8B5614C13F027FD0123002221
:10867000C4E90E015E49CB64D1F84C3523645D4BEF
:10868000C3F80821C3F80021C3F80421C3F804216A
:10869000C3F80021D3F8000420F01D00C3F8000443
:1086A00084F83120227922B1D1F84421003A18BF50
:1086B0000122617801290AD1D3F81852002D3ED148
:1086C0004C4BD3F82032ABB145F0100512E0022933
:1086D00033D1484BD3F81852D3F80C3E003D18BFA5
:1086E0000125D8074FEA450558BF45F0040502B3F8
:1086F00045F00105FFF79AFBE906637803D5012BE6
:1087000008BF45F020053A4A2678D2F8481521627C
:10871000D2F8442584F82530237BE26184F82430A4
:108720007EB9667026712686EA071ED5A36C984727
:108730002EE015F00B0FDDD1C2E70025C0E70825BC
:10874000D8E715F0110735D1013EA2784FF0960118
:1087500018BF01263046FFF78DFBA2780146304650
:10876000278084F83070FFF7D7FD15F0020024D081
:10877000204B0021D3F81C0EE36C00F0010045EA09
:108780008000C0F3800080F0010000F001009847F5
:108790006378022B0DD123795BB1022B1BD1236AA5
:1087A000A2681344124AC2F84435114B124AC3F866
:1087B000C421F8BDFFF7D0FDB6E715F0280F05F08E
:1087C000200104D0B1FA81F1236D4909DFE7EB06FE
:1087D000DED5636DABE7012B01D0FFDFFEE7A368B9
:1087E000226A9342DED8FFDFFEE700BF00020020CE
:1087F0000050084000A0084009000080024B03EB35
:108800008003986A704700BF00EB0500024B03EB42
:108810008003586B704700BF00EB0500F8B50D46AC
:10882000012347780146437004462846164600F067
:1088300055F9074AD2F80431002BFBD0677016B9FE
:10884000EB78A370AB707B1E58425841F8BD00BF57
:1088500000A0044019B943780BB1C3788370704706
:108860002E30362854D8DFE800F05053535353537A
:108870004D53535353535353535353534B535353D6
:108880005353555355534953475345534353413F0E
:108890003D3B39373533312F2D2B292725232157C0
:1088A0001C003F231D4AC2F8103770473323F9E7F5
:1088B0002D23F7E72823F5E72323F3E71F23F1E729
:1088C0001B23EFE71823EDE71523EBE71323E9E775
:1088D0001123E7E70F23E5E70D23E3E70B23E1E7A8
:1088E0000A23DFE70923DDE70823DBE70723D9E7CE
:1088F0000623D7E70523D5E70423D3E70323D1E7EE
:108900000123CFE74FF49873CCE74FF48873C9E79E
:10891000FFDFFEE70223C5E73923C3E700A00840D5
:1089200010B504460846FFF771FF4FF47A73B0FBA9
:10893000F3F0201A10BD00004FF47A73054A584333
:1089400032F9112000F2E7301044B0FBF3F00238A6
:10895000704700BF4CEB05004FF47A73044A00FBEC
:10896000033032F911201044B0FBF3F0704700BF20
:108970004CEB050010B504460846FFF747FF4FF4DF
:108980007A7200F2E733023CB3FBF2F3E01A10BD57
:1089900038B51D460A4B33F9114003EB8203053508
:1089A0009B681C444FF47A7304F6B73403FB00440D
:1089B0001046B4FBF3F42544FFF720FF284438BDEC
:1089C0004CEB050070B5064608461546FFF71EFF3E
:1089D000094B03EB85039C684FF47A7304F6B734B4
:1089E00003FB0644241A2846B4FBF3F4FFF706FF02
:1089F0000530204470BD00BF4CEB0500024B002247
:108A00001A705A709A707047580200202DE9F84386
:108A1000064601200F4615469846DDF82490FFF7DC
:108A200097F99DF82C3006F00302284C42EA0342E5
:108A30009DF8343042EA03620023C4F80425244A36
:108A4000C4F88030C2F88430A2F57C32C2F8843198
:108A50000222204BC3F80825BDF828301E4A938017
:108A6000FB6893FA83FCBB6818BA7B6819BA3B6849
:108A7000C4F810C51BBAC4F81405C4F81815290A9F
:108A8000C4F81C352D069DF8207041EA0861D9F81C
:108A900004302DBA003F21F00041D9F800001BBA84
:108AA00018BF0127022EC4F8203500BA41EAC77169
:108AB0004FF00103C4F8240509BAC4F82815C4F816
:108AC0002C55537008BF1370BDE8F88300A0044014
:108AD0000030084000200440580200202A4B5A78F9
:108AE0002DE9F04704460D460AB9FFDFFEE7274AA5
:108AF00003F1080E4F7803F1100603F1380CDFF88C
:108B000090904FF00E08DF809F8403F1480A0437ED
:108B10009D61C3F81C9083F82780A3F85C7092E8ED
:108B20000300C3E914498EE80300D2E9020186E894
:108B30000300E91C0026196283F82660D2E90401CB
:108B4000C3E90A668CE80300611C19641149596481
:108B5000D2E90601E21C8AE803009A65012183F844
:108B60005E6083F85F80C3E91866AA78A2700A4A3B
:108B7000C2F830E5C2F838C599701970C2F80461BE
:108B80001160BDE8F08700BF5802002074EB0500BB
:108B90000100000D0100000C00A00440324B5A7887
:108BA0002DE9F04105460E460AB9FFDFFEE72F4AE0
:108BB00003F1380C03F1480403F10807DFF8B08033
:108BC000DFF8B0E0C3F844801E65C3F854E092E8D3
:108BD0000300C3E9085E8CE80300711C1964D2E944
:108BE000080184E80300F11C0024996522495C66B1
:108BF00083F82E40C3E91714D2E9040187E8030083
:108C0000691CC3E90418D2E90601EA1C03F118083B
:108C10009A629A889A850E2288E8030083F82F20AA
:108C20000121C3E90C44B278AA70144AC2F830C5D5
:108C3000C2F8387599701B780BB9FFDFFEE7104B4F
:108C4000C2F80441C2F80841C2F880300D4AC2F8A7
:108C50008430A2F57C32C2F8843102220A4BC3F878
:108C60000425BDE8F08100BF5802002074EB050028
:108C70000100000C0100000DE803000E00A00440FC
:108C80000100008000300840002004400C4B1A789E
:108C90008AB100220B490220C1F8802001F564311D
:108CA000C1F88420A1F57C31C1F88421A1F50051DF
:108CB000C1F808051A7000225A709A70704700BFF8
:108CC0005802002000A0044008B50B4BD3F808213F
:108CD00022B1042009F09AFC022008BDD3F8042137
:108CE00022B9052009F092FC0320F6E7D3F800042E
:108CF000003818BF0120F0E700A00440014B01221A
:108D00005A60704700A00440024B987A5B7A18447E
:108D1000C0B27047C402002008B50246FFF7F4FF56
:108D2000002393601360034B5360FF23D0711372D1
:108D300008BD00BF3200020008B50246FFF7E4FF9D
:108D4000044BD07113602423938004239371FF2379
:108D5000137208BD694E060008B50246FFF7D4FF3E
:108D6000044BD07113605823938004239371FF2325
:108D7000137208BDAD62060008B50246FFF7C4FFD6
:108D8000044BD07113602E23938002239371FF2331
:108D9000137208BDE79C0600064A074BDB7A0260A7
:108DA0004FF4B472C371FF23828004220372827174
:108DB000704700BFF9360600C4020020064A074B80
:108DC0005B7A02604FF4B472C371FF238280042285
:108DD00003728271704700BFF9360600C40200209A
:108DE000037803F00F03013B30B4DCB20025042C00
:108DF000158001D9FFDFFEE7024C54F8233030BC68
:108E0000184700BF9CEB0500124B012212491A8043
:108E1000124A9A609A896FF3090242F480729A8129
:108E20000F4A1A614FF08572C3E9051241F211121F
:108E30009A8302229A774FF4B0621A84094A126820
:108E4000D11C21F003018A4201D0FFDFFEE75A6006
:108E5000704700BFC402002005001F00010103018C
:108E600074F0050084000020F0B50F4C05466078D2
:108E7000B8B90E4E176833680C33BB4202D90420D0
:108E80001360F0BD6268517040F6A6611570916084
:108E900040F20111518017213360918001226270EC
:108EA000EFE70620EDE700BFC402002084000020A9
:108EB0000720704770B5144D06462B4695F82710CD
:108EC00013F8244F640104F108021344C1B92A18AD
:108ED00092F98C21B2B195F826200A2A01D9FFDF38
:108EE000FEE72C442022184615F0FEF994F82D20B8
:108EF000034666F3020284F82D20012285F827201C
:108F0000184670BD1346FBE7C4020020037803F047
:108F1000F003502B01D0FFDFFEE7037B1BB1012BD9
:108F20000CD0FFDFFEE7C9B143888B80037C0120B2
:108F30000B720923138008804B800DE051B14388E8
:108F40008B804369CB60038B0B82037C02200B7206
:108F50001423EFE714231380002070470923FAE756
:108F6000054B5A78824201D8FFDFFEE75B680C228E
:108F700002FB0030704700BFC402002038B5084B28
:108F800000245D782146E0B2854201D1084638BD13
:108F9000FFF7E6FF437801341944C9B2F3E700BF95
:108FA000C40200202DE9F04F15468DB0A04A0E46B0
:108FB000074607AB9069D1699E4C03C3F31C4FF47D
:108FC000437104A823F00303049310F0EFFA04990B
:108FD0000DB9C4F89011A37E0144581C0491804639
:108FE0002DB9C0B211F08EF808B1FFDFFEE7049989
:108FF00001EB0811033121F0030104914DB9FFF792
:1090000083FE0D700246208CF3F7B4FD08B1FFDF3C
:10901000FEE7238C049A1A440492FFF775FE617AE6
:10902000E37A94F80AC00B44DBB2BCF1000F18BF1E
:1090300001330B4403EB4003FF2B70D80332002DA8
:10904000DBB24FF0060122F003027B48049218BF06
:10905000002212F045F9049B03440493002D3FD0F5
:109060004FF000084FF0000B6378DA465FFA8BF0A0
:10907000834257D10498002D51464FF0000B00F168
:109080000300DA4620F00300049018BF0020FBF72D
:109090009FFE049B0344049363785FFA8BF0834242
:1090A00050D10498002D514600F1030020F0030038
:1090B000049018BF0020FDF76FF8049B00210344C3
:1090C0000846049300F0F0FDA37A09AA01210020CC
:1090D0008DF824300FF0DEFF002843DAFFDFFEE7D3
:1090E000A8465FFA88F909F1FF33042B0BD8DFE8B3
:1090F00003F0030C0C0E0300504812F00FF9484522
:1091000007D0FFDFFEE74E48F7E74E48F5E74E4849
:10911000F3E708F10108B8F1060FE2D1A0E74FF03C
:1091200013089FE70393FFF71BFF81468178808830
:109130000BF1010BFBF742FE99F80120039B00FBAA
:1091400002AA93E70393FFF70BFF8146C17880885B
:109150000BF1010BFDF716F899F80120039B00FBBA
:1091600002AA9AE7637A09AA022100208DF8243026
:109170000FF090FF002801DAFFDFFEE7237A09AA4B
:10918000042100208DF824300FF084FF002801DA3C
:10919000FFDFFEE7FF2309AA06210020ADF82430F7
:1091A0000FF078FFB0F1000901DAFFDFFEE7637826
:1091B000EBB10020FFF7D4FE08B9FFDFFEE783889C
:1091C00040F2032203210020412BADF8282009AAF8
:1091D00038BF412304339BB2ADF82630ADF82430BC
:1091E0000FF058FFB0F1000901DCFFDFFEE7049B40
:1091F000073323F007030493002D35D1134B05A843
:10920000059310F017F808B1FFDFFEE70499104846
:109210000FF098FF08B1FFDFFEE70E4809F0E0F914
:1092200063780BB32846FFF79BFEA8B9FFDFFEE784
:109230009CEB0500C4020020580400202D280600E5
:10924000FF9C060027F205009BA00700B9AD0700B0
:109250001D9406008F9F0600836806A8069307F0FA
:10926000DBF808B1FFDFFEE7049B3A684B440733A5
:1092700023F00703934204933B6003D89E1BB6F58B
:10928000803F05DB4FF0040840460DB0BDE8F08F8D
:10929000B8F1000F2ED1002DF6D1F8F7C5FB06204E
:1092A00010F042FBC0B1637E07AA217E002B134859
:1092B000009103F1FF3118BF00224B424B41294678
:1092C000F9F71CFC08B1FFDFFEE70D49E07EFDF772
:1092D0004BFD08B1FFDFFEE74FF4B67200210948ED
:1092E00015F002F840F20463A4F88C31012384F8ED
:1092F0002830C9E74FF01308C6E700BFD0020020AE
:10930000E0020020E802002045289DBF024B03EB4D
:109310004003188C032070479CEB05000378C3F3CF
:10932000000307B501A88DF8043007F07DF803B0FD
:109330005DF804EBFFF7E8BF08B50D49042010F015
:1093400027FA0C49052010F023FA0B49062010F0EB
:109350001FFA0A49072010F01BFA0949082010F0EB
:1093600017FA08490920BDE8084010F011BA00BFFB
:10937000198D0600398D0600598D0600798D06007D
:10938000998D0600BD8D0600044B00221A7083F8EB
:10939000AC21034B034A1A60704700BFC40200208F
:1093A0008400002000150020024B93F82800FFF7EE
:1093B00081BD00BFC402002010B5154C94F82730C1
:1093C0001BB394F8243004EB431292F82D2002F0E2
:1093D0000702224492F98C11002901DCFFDFFEE72D
:1093E00001330139DBB282F88C110B2B08BF00234B
:1093F00084F8243094F82630013384F8263010F0B5
:10940000EBFF002384F8273010BDFFDFFEE700BF2D
:10941000C4020020043908F05FBF0000F8B52E4DEB
:1094200005F1240795F98C31012B4ADD002085F8E0
:10943000280085F82700FFF73DFD044608B9FFDF47
:10944000FEE74FF48271D5F8900110F0D7F8A060D4
:1094500008B9FFDFFEE709F017F80228064604D036
:10946000042835D0D0B1FFDFFEE76378204643F013
:109470000803637000F09FFD95F8273073B195F8ED
:109480002420164B03EB421308339C4206D1637829
:10949000DB0603D461686088FFF7BCFF95F82730CE
:1094A0006BB195F8243007EB431308339C4206D187
:1094B0004FF48272A168D5F8900110F0C1F8002E27
:1094C000B0D1012385F82830002385F82730F8BD76
:1094D0002046F7F7B5FDE1E7C4020020E8020020CE
:1094E00038B54FF6FF7305460C46984201D1FFDFB1
:1094F000FEE701290ED1FFF757FF08B9FFDFFEE7AE
:10950000552345800474037000230373BDE838407D
:10951000FFF752BFFFDFFEE770B506460C46154663
:10952000FFF742FF08B9FFDFFEE7552346800370CF
:109530000123037323684361A38805740383BDE893
:109540007040FFF739BF000038B5084B04460021D2
:109550005D78C8B2854201D1002005E0FFF700FD2B
:1095600003780131A342F4D138BD00BFC40200200A
:1095700007B5FFF7E9FF08B9FFDFFEE7836801A839
:10958000019306F041FF08B1FFDFFEE703B05DF88D
:1095900004FB00002DE9F0413B4E074696F8AC3144
:1095A0001BB108242046BDE8F081F5F70DFE002828
:1095B00068D111F019FC0028F3D033780BB9FFF70C
:1095C00023FCFFF7A1FB0446FFF7D8FC844233D805
:1095D000DFF8B88000217578D8F800300C460333E6
:1095E00023F00303C8F80030C8B285422ED1D8F862
:1095F00000300122384603EB8105737A05EBC30581
:10960000B37A05EBC305F37A05EB830505EBC405D7
:109610002946FFF7C7FC044620B30020FFF794FF5C
:109620000028BFD000F10F03D8F8002023F0030377
:10963000934211D0FFDFFEE7211A3A460020C9B25B
:10964000FFF712FC04460028ACD1C1E7FFF788FC05
:10965000437801311C44C7E77378C8F80000013B28
:1096600073709FE7024629463846FFF79BFC044685
:1096700008B1FFDFFEE73B68C8F80030012386F839
:10968000AC318FE710248DE7C40200208400002055
:10969000F7B5934F06460C46154697F8AC31002BAC
:1096A00040F011810846F5F769FD002840F09980E7
:1096B0003B780BB9FFF7A8FB731E1E2B09D8012EB0
:1096C0001ED12378FF2B1BD0BB760025284603B084
:1096D000F0BDA6F120031F2B4BD82078019578B15F
:1096E000FFF732FF202E05460ED1FFF747FC4DB1A4
:1096F0006B78C31AA2789BB21344FF2B00DC72B9BB
:109700000725E3E72B46F4E7222E0DD9232EF7D1C8
:109710006388162BF4D950B16388AB80D5E7A38852
:10972000002BEDD0D5B902E0002840F0D280277898
:1097300001AA01213846FFF797FB05460028C5D14D
:109740003846FFF701FF054608B9FFDFFEE7222E86
:109750000CD0232EE0D0212E00F0BE80A37840F262
:10976000E2426B70A3885343AB60AEE7A378EB7023
:10977000ABE7A6F140031F2B71D8032BC0D8DFE85D
:1097800003F002156862A378E2789A42B8D821788B
:10979000012900F29A8062780AB10029B0D01344FE
:1097A000142B00F294802068B8608EE7637803F091
:1097B0000303012B1DD1606880B901A92046FAF787
:1097C000E7FB0546002881D1637803F00303022BF1
:1097D00017D06389F82B1ED9092577E7F5F718FD0F
:1097E00008B1102572E76068F5F70EFD0028E4D196
:1097F000F7E7022B84D16068F5F7C0FC0028DCD0C5
:10980000EFE79DF80430002BE3D06068F5F7FCFC2F
:109810000028DED0E5E722899A42DDD8627802F09E
:109820000302012A04D1D7333A8C9BB29A42D3D394
:109830002C4B94E8070083E807003B69002B7FF47A
:1098400045AFBB8242E72378022B3FF659AF3B7608
:109850003BE72378022B3FF653AF7B7635E7A6F143
:10986000A0031F2B3FF64CAFA12E09D0A22E15D07E
:10987000A02E7FF445AF237803F00103FB7624E7A5
:1098800001A92046FDF738F8054600287FF41EAFF1
:109890002388A278BB83144B9A7017E722684FF68F
:1098A0000773A2F1F801994296D8930794D17B7B74
:1098B00003F00303012B04D1FB8AD7339BB29A42F6
:1098C0008AD33A8401E7082500E71325FEE612252E
:1098D000FCE6222E3FF44AAFA378AB70F5E600BF5A
:1098E000C4020020D0020020E00200202DE9F74F42
:1098F000824608460F46F5F767FC18B1102003B002
:10990000BDE8F08F5046F5F77FFC01460028F5D101
:109910000AF1030323F003039A45EFD14B4C94F86B
:10992000263013B905203B80E9E794F825903A46A4
:10993000B7F800804FEA491604EB491909F12C09E0
:109940004846FFF74DFA0546002876D1BAF1000FD8
:1099500071D03B88434576D8A319514693F82D80A2
:1099600084F827004846C8F3020308F0070884F883
:10997000283004EB080393F88C210193013283F81B
:109980008C213A46FFF72CFA019B84F8275093F874
:109990008C21013A83F88C21012384F82830002897
:1099A0004BD1B8F1000F03D0984521D0FFDFFEE77F
:1099B00099F8013003F01803082B04D1A319196B8F
:1099C000D88DFFF727FD2644716B29B14FF48272C1
:1099D000D4F890010FF034FE94F98C31012B01D1B1
:1099E00008F022FD94F98C31032B10DDFFDFFEE738
:1099F000264496F82D309B0603D5316BF08DFFF78A
:109A000009FD94F98D31052B01DDFFDFFEE794F8A8
:109A100025300133DBB20B2B08BF002384F825303F
:109A200094F82630013B84F82630444494F88C3175
:109A3000013384F88C31002061E70C283FF45FAFDC
:109A400000233B805BE70C2059E700BFC4020020E5
:109A500038B505460C46F5F791FB08B1102038BD26
:109A60002046F5F7B1FB0028F8D1284610F06CFB32
:109A70002070B0FA80F040098000F0E738B5044665
:109A800010F07EFBC5B22046F5F7BEFBA8B954B96D
:109A90002846FCF73BFC05280DD110F077FB012888
:109AA00009D0002008E023782570002BF0D09D42DB
:109AB000EED0072000E00F2038BD1020FCE770B585
:109AC000044608460D461646F5F758FB08B1102027
:109AD00070BD3046F5F778FB0028F8D1022C01D094
:109AE000102C09D132462946204610F07BFB002875
:109AF00014BF05200020EBE70920E9E770B5064612
:109B00000C461546F5F73AFB08B1102070BD20460B
:109B1000F5F75AFB0028F8D12846F5F775FB002821
:109B2000F3D12A462146304610F060FB002814BFCE
:109B300007200020EAE713B50446F5F745FB80B996
:109B4000684605F0F5FBFFF7DFFB40B99DF80330F1
:109B50002370BDF804306380BDF80630A38002B0E6
:109B600010BD1020FBE738B5054608460C46F5F752
:109B70004BFB08B1102038BD2CB921462846BDE862
:109B80003840FCF71BBC2068F5F71EFB0028F1D11C
:109B9000A388002BF1D10920EDE7000070B5044641
:109BA00008460D46F5F7EAFA08BB621E1E2A0AD8D7
:109BB000022C1ED8104B284603EB8203BDE87040F0
:109BC000D3F8AC301847A4F120031F2B05D8294641
:109BD0002046BDE87040F7F7C3BEA4F160031F2B19
:109BE00007D829462046BDE87040FBF713BE102079
:109BF00070BD0720FCE700BF9CEB050038B50446AC
:109C000008460D46F5F7E0FA08B1102038BD631E8E
:109C10001E2B08D82846F5F7B1FA0028F5D1022CFA
:109C200005D10620F2E7A4F120031F2B01D907205C
:109C3000ECE729462046BDE83840F7F7C8BE70B5C6
:109C400014460A8842FA04F3DB0709D4012303FA15
:109C500004F632430A800922011D0FF00BFD047047
:109C600070BD2DE9F843BDF820900C460746154617
:109C700009F104069846B6B2314608F0D5FA60B14B
:109C80009DF824203146A0F8009045EAC212A0F8C1
:109C900002803846D2B208F0DFFA6219137D013330
:109CA0001375BDE8F8830000024B092200201A70EA
:109CB000704700BF710400200B46002110B5184604
:109CC00014462E2214F010FB012242700022426141
:109CD000826102770CB9FFDFFEE70278217861F339
:109CE0000102027010BD704713B500240104204624
:109CF000ADF8004011F05EFB204602B010BDF0B59B
:109D000085B006460F0CFFF74FFB054630B913210F
:109D1000384605B0BDE8F040F8F7ACBB47800721F6
:109D200038460FF079FE08B9FFDFFEE79EB90378E9
:109D30002A4601A966F382030370022338468DF890
:109D400004304FF6FF73ADF80630ADF80830F7F782
:109D5000B5FD05B0F0BDFFDFFEE7FFDFFEE7000069
:109D60002DE9F0410D460721804616460FF054FEBE
:109D7000038C0446184F13B13B78AB4223D1311DFD
:109D8000404689B208F050FA20B1043009233B70F4
:109D9000BDE8F0813B78AB4215D1A28D42FA05F3C4
:109DA000DB0701D5FFDFFEE7012304F11E0003FA04
:109DB00005F10A4304F12201A28509220FF06EFC8D
:109DC00005700020E2E72A4604F12C0104F11E0090
:109DD000FFF735FFF5E700BF710400202DE9F743D9
:109DE000537806460D461446ABBB97781FB1022F39
:109DF00029D0FFDFFEE74FF0020808F10409072130
:109E000030464A46FFF7ACFF00B30123022F4FF064
:109E10000702294603702378A0F80280437008BF28
:109E2000A388878004BFC380E3884FF0000408BF85
:109E3000038105233046CDE90094FFF712FF2C7112
:109E400003B0BDE8F0834FF00608D6E723686B60E7
:109E50006368AB60F4E7FFDFFEE710B50446072157
:109E60000FF0DAFD0146021D2046BDE81040FFF765
:109E7000B5BF0000F0B50C4685B0154606210C2292
:109E80000646FFF76DFF70B36378FF220027214677
:109E9000B3FBF2F2C2EB02229B1A12220133DBB2B5
:109EA000637002700822437082700622C770A3702C
:109EB0002B8883806B88C380AB880381EB884381C8
:109EC0000C233046019700930523FFF7CAFE39465D
:109ED000064A384667F30F01ADF8087066F31F4174
:109EE00011F02CFA012005B0F0BD00BF00879303EC
:109EF00073B5164606220C4605461146FFF730FF9D
:109F000088B11323022221460370A37882700622AF
:109F1000437000238680C370284601930523009276
:109F2000FFF79FFE012002B070BD072110B5044667
:109F30000FF072FD0378014603F00303022B06D0F5
:109F400000F10C022046BDE81040FFF793BF828964
:109F50002046BDE81040FFF7CBBFF7B50C46072100
:109F6000054616461F460FF057FD052C014603D93E
:109F7000082C0AD0FFDFFEE7042322462846CDE95D
:109F80000067FFF76EFE03B0F0BD0623F5E7032A76
:109F900010B501D8FFDFFEE74C8807210FF03CFD2C
:109FA00008B9FFDFFEE7052C09BF00790120B0FAF0
:109FB00080F0400910BD8268D388F0B5043B146876
:109FC0000546908826889BB2271D89B09E426880EE
:109FD0006F606DD16388052B19D0062B10D0042B30
:109FE00066D12A4639463046FBF7E6FA08285FD1A3
:109FF0002A463946304609B0BDE8F040FCF724BA9D
:10A000003246394609B0BDE8F040F9F727BC0721D0
:10A010000FF002FD032E01464FF000008DF81400F2
:10A0200046D96379002B43D02279122A0BD0132A08
:10A0300040D0012A64D0CDF80D0003AA04908DF819
:10A040000C3068880EE00C2E688804D10A7802F083
:10A050000306022E09D000228DF80C30CDF80D2019
:10A06000049203AAFFF7BAFE22E08B7042F00402CA
:10A0700001230A7005A98DF81430627A237A43EA25
:10A080000223ADF81630E27AA37A43EA0223ADF850
:10A090001830627B237B43EA0223ADF81A30E27B5F
:10A0A000A37B43EA02232A46ADF81C30F7F706FCEF
:10A0B00009B0F0BD8A789A42FAD10B785F07F7D5DC
:10A0C000062EF5D160F382030B700021ADF800007D
:10A0D00060F30F016B8863F31F4111F06BF90223EA
:10A0E0008DF814304FF6FF73ADF81630237A627A8C
:10A0F00043EA02232A4605A96888ADF81830D5E757
:10A10000052ED5D98A789A42D2D10B785A07CFD565
:10A11000002023F004030B700146ADF8000060F34B
:10A120000F016B8863F31F4111F044F902238DF88E
:10A130001430237A627A43EA0223ADF816304FF6E0
:10A14000FF73D7E770B50D46072106460FF064FC94
:10A15000044690B103785B0712D401462A46304684
:10A16000FFF788FE18B92B68E3606B6823612378DA
:10A17000002043F00403237070BD43F20200FBE7AC
:10A180001120F9E770B50D46072106460FF044FC93
:10A19000044678B103785B070FD501462A4630465E
:10A1A000FFF7A6FE00B9A5812378002023F0040361
:10A1B000237070BD43F20200FBE70820F9E70000BE
:10A1C0002DE9F04788B00C460721904606460FF06F
:10A1D00023FC0E220746002104A814F085F8002372
:10A1E000ADF802308DF80C30CDE901330FB3013CEE
:10A1F0004FF6FF79A4B24C451DD1364D07F11E092B
:10A20000DFF8D4A03B8C002B3ED007F122080123BD
:10A210000922484641460FF058FA01220478BB8DC6
:10A22000A240082C2C7023EA0203BB8523D9FFDF50
:10A23000FEE7FFDFFEE718F8043003F07F05DB09D7
:10A24000082D01D9FFDFFEE779190A7D013A0A7569
:10A2500073B12A460DF1020104A8FFF7F0FC05F1E5
:10A2600020030DEB030515F81C3C013305F81C3CDD
:10A27000013CA4B2BFE75AF8243030469847FB8B24
:10A2800018F80330A342BDD1092301242B70124DCD
:10A29000BDF8123013B908B0BDE8F08701230922D8
:10A2A00005A904A80FF011FA0378BDF8022004FAFA
:10A2B00003F122EA0102ADF8022005EB8302526AA3
:10A2C0000AB9FFDFFEE7203330466B4413F81C1C4D
:10A2D0009047DDE77104002064EC050010B50C46E2
:10A2E00007210FF099FB0119087D003818BF0120E4
:10A2F00010BD37B50D460DF1020201A904460FF05D
:10A300004AF928B1012D05D020460FF040F901206F
:10A3100003B030BD0020FBE72DE9F3418846077804
:10A32000457804460DF1020201A9404607F00307F3
:10A330000FF031F90646D0B1012F01D0FFDFFEE763
:10A34000019940460FF009F9C41CA81980B20328EE
:10A3500013D92388BDF8022004339BB29A420AD352
:10A36000984208D009D3022002B0BDE8F081022F44
:10A37000F9D10334E9E70020F6E70120F4E7000013
:10A380000A4606481C2302F8033BC368C1F80330A1
:10A390000369536043699360704700BF74040020F1
:10A3A000024B5A8C02435A845B6A1847740400209B
:10A3B000014B00215B6A18477404002070B5194CEA
:10A3C000054694F828604EB1012807D1638C1A071E
:10A3D00004D594F830300BB1012070BD0129FBD8B1
:10A3E000636B284698470028F6D094F83800002878
:10A3F000F2D11EB9012D0BD03046EEE7002DECD185
:10A40000638C9B0704D594F8300080F00100E4E7EA
:10A41000608C0028E0D194F83930002BDDD194F81D
:10A420003A00F2E77404002010B5104CFDF794FFD9
:10A43000FEF72CFCA08FFFF7BBFF237E63B1224603
:10A440000B4904F1190052F80C3BE3606368536058
:10A45000A368936008F00AF9236C94F8381094F814
:10A460003E009847002384F8443010BD7404002057
:10A4700081A30600034B93F844300BB1FFF7D4BF20
:10A48000704700BF740400207FB590F86930012B3D
:10A4900003D0022B1DD0FFDFFEE70323039300222E
:10A4A00001200D4BCDE9042093F8452002200292B3
:10A4B00001F188027831019293F82830003B18BFEF
:10A4C0000123009351E90223FEF7A0FA07B05DF8DB
:10A4D00004FB0423E2E700BF7404002070B51B4CAA
:10A4E0000646A36DE56AA3644FF4817394F84500B2
:10A4F000A4F84C3095F88E3095F8691000EB830085
:10A500002EB9FF2803D195F868308B4201D0FDF7B2
:10A5100005FE95F88E309BB1E06DFDF7D1FFE16D42
:10A52000A06CFEF73BFB16B93046FEF72DF895F808
:10A5300068100020FEF770F8022384F8443070BDE4
:10A54000A06CFDF7BDFFFEF7A1FBECE77404002053
:10A5500070B50E4C256E0DB1236D0BB9FFDFFEE714
:10A56000B4F854302E466B702B78027823F0030336
:10A5700002F00302134306F8033B3046B4F85420BC
:10A58000216D13F0FFFEA564266570BD74040020E4
:10A59000064B93F84420022A01D0FFDFFEE7DA7A67
:10A5A00042F00102DA72FFF73FBF00BF74040020DF
:10A5B0002DE9F041224C06460F4694F84430012B19
:10A5C0005FFA83F801D0FFDFFEE7E56A95F87C309B
:10A5D00053B10021042085F87C10FFF7E1FE94F8C8
:10A5E00028300BB185F87D8095F88030042B0DD193
:10A5F00014490220FFF7D4FE94F8283033B1E36EFB
:10A600001B789A1E5342534184F8303095F88E30AF
:10A6100023B105F17801E06AFFF736FF1EB1BDE80E
:10A62000F041FFF701BF002FF9D031463046FFF768
:10A63000C5FE0028F3D1BDE8F041FFF74FBF00BFD2
:10A6400074040020E004002073B51A4C06460D4641
:10A65000A06C616FFFF760FE012817D0022821D09F
:10A6600030BB2846FFF774FF0DF1020201A9606FAD
:10A670000EF091FF01980EF078FF0122B4F854100B
:10A680003060606F0EF01FFF02B070BD2846FFF70C
:10A690005FFF0022B4F85410606F02B0BDE8704054
:10A6A0000EF011BF606F02B0BDE870400EF06FBFDA
:10A6B000FFDFFEE7740400202DE9F3417B4CE56ADF
:10A6C00095F8681058B995F88E2094F8453003EB4A
:10A6D0008203FF2B03D195F869308B4202D0FF2013
:10A6E000FDF71CFD0023E66A8DF80130ADF802305D
:10A6F00096F88030052B00F2C680DFE803F003A552
:10A70000A8A8B8B894F87B300DF1020101A8A6F80A
:10A710005830ADF8023006F0EBFB38B1019828B1A3
:10A72000042386F88030BDF8023014E096F8C73074
:10A73000002B40F083800DF101020DF10201E06F6A
:10A740000EF020FE002879D0BDF80230002B66D133
:10A75000012286F880206066A4F8703003B1C31C23
:10A7600096F8818096F8827096F88060E366022EF3
:10A7700008D0043E012E00F288801B780326022BAD
:10A7800000F08580E06F0EF05DFE002840F08180D3
:10A79000032E04D006F0C6FB80F00100C0B2626E4A
:10A7A0004FEAC808BF00137808F0080807F004074C
:10A7B00003F0F30343EA08033B4323F0100343EAA7
:10A7C000001300F0010023F0030384F839001E4356
:10A7D0001670B4F8703053700222A4F8682095F80F
:10A7E0008D20002A57D0002B55D0E06DFDF768FE74
:10A7F0000022E16D606EFEF711F818B9616EE06D30
:10A80000FEF76CF995F869100120FDF705FF0123AB
:10A8100084F8803084F8443002B0BDE8F0819DF8BF
:10A8200001201AB90323028082707AE7027802F0CD
:10A830000302012A14BF022203228AE70023ADF893
:10A840000230012386F880301948002383E7B6F8E8
:10A8500058300DF101020DF10201E06FADF8023048
:10A860000EF090FD00287FF45EAFFFDFFEE70DF1F4
:10A87000020101A806F03CFB08B1019808B9FFDF0E
:10A88000FEE705234DE7FFDFFEE701267AE700201C
:10A8900085E7012083E7606EFDF712FEFEF7F6F90B
:10A8A0000021606EFDF7D6FFACE700BF7404002006
:10A8B000EC0400207FB590F86830012B03D0022B08
:10A8C0001CD0FFDFFEE703230393FB2300220120BC
:10A8D000029301F1880378310193094BCDE90420FB
:10A8E00093F828300420B3FA83F35B09009351E90D
:10A8F0000423FEF78BF807B05DF804FB0423E3E7BD
:10A90000740400202DE9F04FB64C85B000220646B5
:10A9100094F844308946E56A022BCDE9002201D043
:10A92000FFDFFEE7A36C8DF80C20597893F800A0A8
:10A93000A4F8541003210AF00307CAF3C00BCAF3AA
:10A9400080080B44CAF3001AA4F84C1023658DF854
:10A95000087095F88E308DF809B08DF80A808DF862
:10A960000BA0002800F04681C3B1FEF7ADF9831EAD
:10A97000DBB2012B04D8FFF757FD05B0BDE8F08F1F
:10A9800060B9B4F854304BB195F8823003F001034C
:10A990005B4503D1012384F83E30ECE7B4F8541052
:10A9A00019B1606F0EF06FFD0146A38F216643F46D
:10A9B0000073A38795F881300133DAB203F0010305
:10A9C000984576D0B04695F8823003F001039B4558
:10A9D00000F0AF80002795F88D3023B105F17801A4
:10A9E0002846FFF767FF236E002B40F01281B4F872
:10A9F0005430B3FA83F35B0903EA0A0384F83A306C
:10AA0000B9F1000F00F00781FDF710FE002F40F0B4
:10AA100015814FF00109A38F5A0606D44020FFF795
:10AA2000C7FCA38F43F04003A387B8F1000F10D0F9
:10AA300094F8283043B1B4F80720B4F80530134334
:10AA4000B5F87E20134304D0B4F809300133A4F8DC
:10AA50000930002E00F0F780B4F805300133A4F877
:10AA60000530002384F883305F4809F0E1F800984E
:10AA700030B10EF07AFD00220272294607F0DEFDA9
:10AA8000019B33B100221A720C222946019807F06B
:10AA9000ADFDB9F1000F7FF46EAFA38F1B063FF53C
:10AAA0006CAF8020FFF784FCA38F43F08003A38763
:10AAB00063E795F880303BB3013B85F88120DBB23A
:10AAC000042B0DD8494AD35C002B3FF47BAF022BFB
:10AAD00008D16946E06F0EF077FC70B9FFDFFEE742
:10AAE000FFDFFEE7032B0FD106F010FA08B9FFDFF6
:10AAF000FEE700210820FFF753FCD5E93832013387
:10AB000042F10002C5E93832002194F8283085F876
:10AB100080103BB195F87D3023B1102085F87D1071
:10AB2000FFF73EFCA38F4FF0000843F40063A387B8
:10AB300049E7B4F854B0BBF1000F12D195F8823058
:10AB4000032F03F1010385F882302ED1A38F01205A
:10AB5000274943F4805385F87C00A387FFF720FC46
:10AB600037E07B1E012BE9D8A38F43F48053A387E2
:10AB700094F881305B4506D294F8383043F01003E6
:10AB800084F8383026E7236E002B3FF423AF94F887
:10AB900082301BB12020FFF70BFC1BE73946606FAA
:10ABA000FFF7A7FB0028C9D014E7013F012F0CD8FD
:10ABB000BBF1000F3FF40EAF3746D5E93A3201330F
:10ABC00042F10002C5E93A3205E7BBF1000F3FF45C
:10ABD00001AFD5E93A32013342F10002C5E93A3218
:10ABE000F8E600BF740400209C040020ACEC0500D3
:10ABF000C40400200BB1FEF781F894F883300027DD
:10AC00000133B84684F88330A38F43F48063A3876D
:10AC1000E1E60123F0E694F883100120FFF7CEFB74
:10AC2000814600287FF4F0AEFFF746FD002F3FF489
:10AC3000F2AE02A901A8FFF707FDECE602A901A800
:10AC4000FFF702FDE5E6B4F807300133A4F807305A
:10AC50000AE700BF044B93F8442002F0FF000AB952
:10AC6000187670470C20704774040020084B094A7E
:10AC700010B51A60FFF7EEFF08B1FFDFFEE7064CE4
:10AC800005F032FDA06505F033FDE06510BD00BFA5
:10AC9000040E0020E4AE0600740400202DE9F34108
:10ACA0007F4C089FCDE9000194F8441001F0FF05A6
:10ACB00011B90AB103B10FB9FFDFFEE7DDE9000109
:10ACC00004F1280C636384F838509DF8243084F82C
:10ACD000835084F83E5084F880506584A58784F8BA
:10ACE000395084F83A5084F830506566E566A4F827
:10ACF0007050A5642565A4F85450626284F88230CF
:10AD000027648CE80300E56AFDF72EFAFDF7BEFF25
:10AD100095F9740005F17807FDF778FA6E6AE8692D
:10AD2000FDF77AFA3046FDF7BDFB95F89E00FDF77A
:10AD30007DFA94F82800002879D15A4B95F86820BC
:10AD400053F822104FF47A7301F5FA71B1FBF3F165
:10AD50004631FDF7E1FA544B1868FDF7A9FB2B6962
:10AD6000E3676B696367E36A93F8882093F8686028
:10AD7000A2F12901012903D993F8891029295ED16B
:10AD800094F82820002A57D193F81A322BB1012EBB
:10AD900003D0012B0CBF0126022605F130083146F5
:10ADA000404607F067FD314606F090FDAB8F95F801
:10ADB0006910834228BF0346404684F87B3007F081
:10ADC000C9FC95F88E8095F86910B5F8446006F0D6
:10ADD0007DFDB8F1000F01D1043080B2864228BF5A
:10ADE0000646F3B284F8813084F8453094F8283070
:10ADF000002B45D195F88D301BB139462846FFF719
:10AE000059FD0120FFF758FC002323606360A36015
:10AE1000B5F87E3063802B88238095F89E302371AF
:10AE20002B6F0BB101221A6002B0BDE8F08195F8DA
:10AE30006920652101208CE793F86E32A6E7243A59
:10AE4000012A11D8272911D094F82820002AA4D04B
:10AE500093F8263113F0010202D19B079DD50222FF
:10AE6000012E18BF164698E7272996D194F8282076
:10AE7000002A92D093F8262193F861301340E9E735
:10AE800095F88E301BB139462846FFF7FDFA0120B0
:10AE9000FFF724FBE36AD3F8C001FDF743FBB3E7F8
:10AEA0007404002060EB0500040E0020FFF7BCBA1C
:10AEB000014B1876704700BF74040020014B93F8D3
:10AEC0008000704774040020024B93F83D00C0F3EB
:10AED000C000704774040020014B93F88300704752
:10AEE0007404002091A5060005A90600B1A506007E
:10AEF00075A40600012807D1487900F0C000A0F130
:10AF0000400358425841704700207047FFDFFEE77A
:10AF10000B46062203F8032BB0F80920A1F8032002
:10AF2000C27A9A7070470000054B93F900207F2A7F
:10AF300001D1FFDFFEE702707F221A70704700BF69
:10AF4000880000200D4B0321186830B50D4690F89D
:10AF50009D2090F84A400132B2FBF5F303EB430326
:10AF6000D31ADAB244FA03F3DB0703D4013911F040
:10AF7000FF01F0D180F89D2030BD00BFF804002013
:10AF80000A4A53681979022901D8FFDFFEE71979C7
:10AF9000082901D9FFDFFEE71B79926803F180439E
:10AFA0009268033B52F82330184700BFF804002092
:10AFB00013B503460C4690F8D62002F0FF0032B1DC
:10AFC000A3F1360002F026FE18230420237002B0FD
:10AFD00010BD70B50E46044608B9FFDFFEE7437AA0
:10AFE000002B3AD1036DD0F80E20C3F80320428A1B
:10AFF000A3F80720437B026D03F0FD03003B18BF5D
:10B000000123937094F8545094F89E302BB194F827
:10B010009F301D43002384F89E30204602F0FAFD45
:10B02000AB0708D025F0040500222046114684F81D
:10B03000545003F0F0F91322334603F8032B04F1C4
:10B040000902293452F8041BA24243F8041BF9D127
:10B0500012781A700023B37170BD002140890EF080
:10B06000DBFC08B9FFDFFEE7002100880EF0EAFCF8
:10B070000028C7D0FFDFFEE738B504460D4602F0D2
:10B0800010FE94F87030012B03D094F87030002B30
:10B09000F7D13F220021204613F026F940F2071293
:10B0A000002384F85850A4F84A20012284F8543030
:10B0B00084F89D3084F84C20236684F89E3038BD97
:10B0C0000023A0F8693180F86B3180F87030704748
:10B0D000014B1868FFF7F4BFF804002008B50DF025
:10B0E0009FFE014B187008BD8800002008B5FFF7CF
:10B0F000F5FF012008BD000010B504788EB004F003
:10B100000F0404A9224602F070FBFFF7E7FF042CAE
:10B1100033D11B4C059A2368107893F87410884239
:10B120002BD1507893F87510884226D1907893F8F7
:10B130007610884221D1D07893F8771088421CD1BC
:10B14000107993F87810884217D1517993F87920C3
:10B15000914212D19DF8212093F87A309A420CD175
:10B160000DF10F0004A9FFF7DFFE9DF90F300093EA
:10B17000237C227B606802F013FB03200EB010BD1D
:10B18000F8040020054B10B41C68827C836804F12D
:10B19000420194F8410010BC05F002BFF804002001
:10B1A0002DE9F041054617461E460C4619B1AB681D
:10B1B00053BB01201FE0DFF86080D8F8000000F1E9
:10B1C0005A0390F8592000F1740190F87A0005F0C4
:10B1D000E7FED8F804305A79D8F80030082A04D0AD
:10B1E00093F84D40A21A5442544193F85630012B23
:10B1F000DDD023B1002000F00100BDE8F08100287F
:10B20000D5D1002CD3D1F5E7002FD2D1002EF1D02B
:10B210002846FFF7B7FFEEE7F8040020024B186856
:10B220006C3002F051B900BFF804002038B50D4C65
:10B23000FFF7F4FF656802F003F963682860186897
:10B2400008B9FFDFFEE702F023F908B9FFDFFEE7E8
:10B25000FDF736F90020FDF797F9636804221A71AB
:10B2600038BD00BFF80400200A4690F84810034695
:10B2700011B1104606F0F2B990F84100012807D14B
:10B2800093F847003F2803D803F1420006F09CBA28
:10B29000012070472DE9F341444D00220E4640F253
:10B2A000E2442B6807465A721A6D118859819169D8
:10B2B000B1FBF4F11984118C528C59849A844FF4A7
:10B2C0007F42DA844FF6FF721A85F8B101213046C9
:10B2D00006F05AFE33780146D8092C6894F84830B5
:10B2E00004F11402E3B1FFF705FEC8B10B68636116
:10B2F0008B88287B938004F10E02082847D004F144
:10B300000D0106F0F3F870B9FFDFFEE769466869E2
:10B3100006F016FD6B6969461878C0F38010DCE70B
:10B3200000236361E5E72C68637B04F11A0843F0AE
:10B330000203637347B30021304606F025FE03681D
:10B34000C4F81A308388A8F804302B6893F9581091
:10B35000186D06F0F1FA2868154907F053F92868C6
:10B360001449036D2A301A88A0F8092093F8903008
:10B37000C37207F07BF90221286803F09BF9FFF7FD
:10B380004DFF02B0BDE8F08104F17400D7E794F8F6
:10B390007A306373636FC4F80E30B4F878309380FA
:10B3A0000023C4F81A30E383CFE700BFF80400207D
:10B3B000D3AF060011AF06002DE9F04387B0194C5A
:10B3C00006460F460DF11700FFF7AEFD65682B79B5
:10B3D000032B20D02B79062B14BF4FF001094FF01F
:10B3E0000309236803F14208FCF730FE9DF917308A
:10B3F0003A46CDF80C9031460293237BCDE9000309
:10B400004346284602F0E4F840B1606807B0BDE862
:10B41000F04302F079B84FF00009E2E707B0BDE869
:10B42000F08300BFF804002038B505460C4605F04F
:10B4300075F9420704D4A37803F0E003402B30D021
:10B4400005F06CF9830704D4A37803F0E003202B04
:10B4500027D0237803F03F03242B22D8FCF7FCFDF0
:10B4600094F90030A278002B637802F01F02B4BF79
:10B470004FF496711E2143EA02234B431A1AB2F588
:10B48000877F0ED398420CD8074B2946186823882B
:10B49000A0F86931A37880F86B31BDE8384002F03C
:10B4A0003DBC002038BD00BFF80400202DE9F0436A
:10B4B000304D87B004460F466E68B3798BB3D5F82C
:10B4C000008098F88C3033B90378002B14BF022326
:10B4D000012388F88C303379062BDAB225D0072A7D
:10B4E0000CBF4FF002094FF001090DF11700FFF7F3
:10B4F0001BFDFCF7ABFD9DF91730CDF80C903A46DB
:10B50000029321462B7BCDE9000308F1420330462C
:10B5100002F05EF828B16378DB0609D4686801F0B0
:10B52000F3FF002007B0BDE8F0834FF00309DCE72C
:10B53000A1690220FFF778FFB8B100222B6883F8D9
:10B540008D2062696AB15178C1F3031183F88E10BE
:10B550001178527802F00F0241EA0222A3F89020FB
:10B56000E0E7FF2283F88E20DCE7686801F0FCFF4B
:10B57000D7E700BFF804002010B504468AB0FFF7F3
:10B58000ADFD237803F00F03072B02D001200AB092
:10B5900010BD6946204602F0BBF9684602F042FA47
:10B5A0009DF80030002BF1D19DF80130DB07EDD57F
:10B5B0000C4C019922689DF8110002F1740392F875
:10B5C0007A2005F0EDFC0028E0D0206801219830B9
:10B5D00005F0AEF8FF216846FFF768FF0130C0B202
:10B5E000D5E700BFF804002010B5054C637B2BB1F4
:10B5F000FCF7F8FFFCF708FB0023637310BD00BFE6
:10B60000F804002010B5094CFFF7EEFF0122636833
:10B610001A7100232268A2F8693182F86B31FFF7B2
:10B62000FDFD2068BDE8104003F024B8F8040020B8
:10B6300008B5FFF753FDBDE80840FFF7E3BF000082
:10B6400008B5044B586801F08FFFBDE80840FFF7CC
:10B65000EFBF00BFF804002008B5FFF7C5FF044B9B
:10B6600000205969FFF716FEBDE80840FFF730BD1E
:10B67000F8040020062938B51D469DF8104019D958
:10B6800008291BD802B18CB143689BB912B9437821
:10B69000DB0615D40B4B5B68186802F090F800B11C
:10B6A00034B92DB905F05AFE00F00104204638BD2A
:10B6B0000120F9E79DF814402C43F7E70024F5E753
:10B6C0000124F3E7F804002038B5184D04466B68F0
:10B6D0001B79022B01D9FFDFFEE72B68027C83F880
:10B6E0009C201A44C168996692F86C2183F86821FD
:10B6F0004268C3F88820037A022B0ED0FCF734FD91
:10B70000FCF770FFFCF780FA0948FCF7D1FE094806
:10B71000FCF7C8FE0848FCF77FFD637C23B12B686B
:10B720001B6E0BB101221A6038BD00BFF804002067
:10B73000B8CF060055555500D6BE898E104A10B5B3
:10B74000536800B931B9184601F00EFFBDE810404A
:10B75000FFF758BF1979082901D8FFDFFEE71979EB
:10B760000C2901D9FFDFFEE71B79926803F18043C2
:10B770005268093BBDE8104052F82330184700BF1B
:10B78000F804002010B50B4C0521206802F0C6FA21
:10B7900030B9606801F0E8FEBDE81040FFF732BF45
:10B7A0002368012093F86811FCF736FF63680B22C9
:10B7B0001A7110BDF8040020054B1A6892F8542045
:10B7C000920703D05B68186801F064BE586970473F
:10B7D000F804002070B52B4D06466B681A79032AD1
:10B7E00008D01A79042A05D0FFF7E6FF044628B9E5
:10B7F000FFDFFEE7186801F04BFEF7E72B6893F8D0
:10B8000054300BB9FFDFFEE76EB106F09AFC28B1A9
:10B810006B681A79022A0CD8FFDFFEE7204606F093
:10B82000ABFC0028F4D16B681A79022A14D8FFDF28
:10B83000FEE71A79082A01D9FFDFFEE71B792046C7
:10B84000AA6803F180431269033B52F823309847FA
:10B850000C2810D9FFDFFEE71A79082A01D9FFDF8B
:10B86000FEE71B79AA6803F180435269033B52F853
:10B8700023309847ECE7AB68DB68BDE8704053F8CD
:10B8800020301847F804002038B5FFF795FF04462C
:10B8900008B9FFDFFEE7084DFF202B6893F8681119
:10B8A000FCF73CFC2046FCF70BFE0020FCF76CFE8E
:10B8B0006B6807221A7138BDF804002010B5074CD8
:10B8C000606801F021FEFFF709FC20680021983034
:10B8D00004F02EFFBDE81040FFF794BEF8040020EE
:10B8E0002DE9F04705468AB0FFF7F8FB2B7803F007
:10B8F0000F03082B05D04FF0010840460AB0BDE801
:10B90000F0876946284601F0A1FF9DF80080B8F154
:10B91000000FF0D19DF8013003F00303032BEAD1AF
:10B920002D4C266896F84C30002B3BD096F84D7085
:10B93000637B002B39D14FF0000906F1740396F8B0
:10B940007A2001999DF8110005F02AFBB9F1000F4A
:10B9500001D10028CFD0236893F8419003F1420A27
:10B9600096F8483023B1384605F0E6FE024638BB6B
:10B9700052469DF812A002995046FFF7BBFA1346B3
:10B9800006464A46504605F00BFBE0B1206801210F
:10B99000983004F0CDFEFFF727FE29460120FFF77F
:10B9A00079FCAAE763685F79C2E705F0D5FD08284E
:10B9B000C1D0C31B2073D3F1000949EB0309BCE7D5
:10B9C0004FF00109D5E7002E95D00299384605F0D1
:10B9D00079FE0028DAD18EE7F804002007292DE946
:10B9E000F043064687B00F4690464568534C16D143
:10B9F000B5B9002A3CD1D4E9003193F8543013F0A2
:10BA0000030218BF012213F004038A7103D00378E4
:10BA10005A1E53425341CB7107B0BDE8F0833DB38A
:10BA20002946707CFFF766FA072F81465AD1637B5F
:10BA300063B158B1B8F1000F4BD0656805F08CFDCB
:10BA4000636868715B7923730123A3736368587912
:10BA500008284ED17168707C08F0C4F96268054608
:10BA600071680532707C05F07FFC636800284FD058
:10BA7000236893F8540010F003000AD093F84B3079
:10BA80003946019530466268927900924246FFF746
:10BA9000F1FD62682368907193F8540010F004007F
:10BAA00009D093F84C30394601953046D27900924E
:10BAB0004246FFF7DFFD63687168D87149B3707C57
:10BAC000226882F87A00086850678988A2F878109E
:10BAD0001FE0236893F868110129AED1284605F0CC
:10BAE0001DFD6073637B002BB0D0B9F1000FADD0AA
:10BAF000A3E704AA0DF10F0105F0F8FC08B9FFDF78
:10BB0000FEE704A99DF80F0008F06CF90546AFE7C1
:10BB1000D880B06800283FF47FAF072F7FF47CAF58
:10BB2000597908293FF478AFDB88002B3FF474AFD4
:10BB300005F01EFD0123E3736EE700BFF80400204B
:10BB40002DE9F84FDFF8C0A0914604468846DAF8A0
:10BB500000201F468168807CFFF7CCF992F848608E
:10BB60009AF80D30054686F00106002B3AD092F87F
:10BB700054305B071DD592F84C30D3B192F84DB0DC
:10BB8000BBF1080F23D0584605F0C4FB3043C6B2C2
:10BB900045B39AF80F303BB305F0E8FC00230446A8
:10BBA0008AF80F3089F8004088F800503E70BDE8F0
:10BBB000F88F636823B1DAF8043093F805B0DFE753
:10BBC000DAF80430186801F0FAFD0028F3D1CDB19D
:10BBD0009AF80E1031B9A06805F0A0FC04468AF866
:10BBE0000D0038B90024DDE7A168584605F06AFD6C
:10BBF0000446D7E705F0B0FC0828F3D0DAF80430A3
:10BC00005871CFE72C46CDE7F8040020014B586867
:10BC100001F0AABCF804002008B5FFF75FFAFFF7AF
:10BC2000F5FF012008BD00002DE9F04F044689B062
:10BC3000062900F2C980DFE811F06000EB00070080
:10BC4000C700C700C7002600FCF786FB6F490E68D7
:10BC500096F854309B0714D04D68AB798BB10DF139
:10BC60001F00FFF761F99DF91F3002222846029359
:10BC70000B7B21460193FF23009306F1420301F061
:10BC80007FFD03201FE0614D6E68B379002B00F04B
:10BC90009B80296891F85420970717D50DF11F0054
:10BCA000FFF742F99DF91F303046062202932B7BA5
:10BCB0000193FF23009301F14203214601F060FD4F
:10BCC000002309202B7409B0BDE8F08FD0077BD585
:10BCD000510701D5FCF740FB0DF11F00FFF724F9D8
:10BCE0009DF91F202B6802922A7B42330192FF228A
:10BCF0000092062221466868C1E7444D2B6893F8FC
:10BD0000542052073AD56968CA79002A36D0426869
:10BD100093F85A001678864259D1567893F85B000A
:10BD2000864254D1967893F85C0086424FD1D678FB
:10BD300093F85D0086424AD1167993F85E008642F8
:10BD400045D1507993F85F20904240D1627C93F8BE
:10BD50005900A2EB000CDCF1000242EB0C0293F85C
:10BD6000560001284FD0002A4DD193F84D30082BB2
:10BD700002D04A799A4246D0FCF7EEFA6E68B3795F
:10BD8000002B3ED0296891F85420970721D50DF15A
:10BD90001F00FFF7C9F89DF91F30304600220293BB
:10BDA0002B7B0193FF23009301F14203214601F015
:10BDB000E7FC012309202B746B68DA79002A82D111
:10BDC0009B79002B7FF47FAFFCF7C6FA59E700227E
:10BDD000C5E7D60715D5500701D5FCF7BDFA0DF11B
:10BDE0001F002146FFF7A0F89DF91F202B68029243
:10BDF0002A7B42330192FF2200920022686801F000
:10BE0000BFFC0320D8E70A20D6E700BFF8040020D3
:10BE1000634D81682A68807CFFF76CF892F8543093
:10BE20006E68074692F84890590796F806A096F86B
:10BE300007B089F0010940F18D8092F84C30002B59
:10BE400000F0888092F84D60082E00F08580304622
:10BE500005F060FA49EA00005FFA80F9002F7DD012
:10BE60003046A16805F02EFC06462B6893F8542056
:10BE700093F84180520749D5626893F85A101078B8
:10BE800088426DD1507893F85B10884268D19078E1
:10BE900093F85C10884263D1D07893F85D108842A3
:10BEA0005ED1107993F85E10884259D1517993F898
:10BEB0005F20914254D1627C93F85910501A42424B
:10BEC00042416968497908294CD093F84D30591A94
:10BED0004B424B41002E47D1B9F1000F46D02046CE
:10BEE000CDE90423FFF74EF9DDE90423BBF1000F90
:10BEF0000AD0296891F8561001294DD021B9002A9D
:10BF00004AD108B1002B49D1FCF726FA2B6893F8E7
:10BF100054309B073FF4B5AEFCF71EFABAF1000FA0
:10BF20003FF4AFAE2046FFF72DF9296800B9FEB106
:10BF30000DF11F0048EA4608FEF7F6FF9DF91F3095
:10BF400002932B7B01935FFA88F30093012201F1A6
:10BF50004203CFE6767977E7002686E73E4684E718
:10BF60000022AEE70023B5E70120BFE73046BDE77A
:10BF700091F85530023B012B3FF683AE002F3FF482
:10BF800080AE0DF11F00FEF7CFFF9DF91F30029329
:10BF90002B7B0193FE23D8E70028B5D00A2092E638
:10BFA000F80400202DE9F041044690B0FFF796F820
:10BFB0002578204606A9A24C05F00F0501F0A8FC43
:10BFC0002368072D1FD193F8681106A801F0A9FC7A
:10BFD0000022294606A8FFF701FD266896F8683179
:10BFE000012B40F02B81062D02D01DD8022D1DD82B
:10BFF000294606A8FFF718FE0446FFF7F5FA204683
:10C0000010B0BDE8F08193F8542012F0060FDFD095
:10C0100093F89C20134493F86C21012AD8D19621DF
:10C020000020FCF78DF9D3E7072D02D0FCF794F937
:10C0300045E096F85730002B41D06768BB7913B9BB
:10C04000FA79002A3BD09DF81850012D7ED0022DA0
:10C0500000F0C180002D32D196F8542091072ED0E7
:10C060006BB39DF8193013F0100FC3F300160CBF1B
:10C07000012208229A4322D1089B8DF814508DF892
:10C080001550002B57D00DF1160305AA0DF115011F
:10C0900006A8FFF755FD236893F841509DF814302A
:10C0A0007BB906A8FFF76EF868B9236893F8553096
:10C0B000023B012B03D89DF81530002B3FD1032400
:10C0C0009BE745F00205002E3BD00DF1170000273D
:10C0D000FEF72AFFD4E9003803F14206FBF7B6FF6A
:10C0E0009DF917302A46039706A90293237BCDE9D1
:10C0F00000033346404601F06BFA0028DFD00C996C
:10C100000120FFF791F90028D9D0236883F88D70BA
:10C110000B9A002A00F08E805178C1F3031183F846
:10C120008E101178527802F00F0241EA0222A3F831
:10C130009020022461E7FF258DF81630C3E7FE2525
:10C14000C1E7294606A8FFF737F9B8E79DF8193087
:10C1500003F01803182BB2D196F854305A0724D4A0
:10C160000DF11700FEF7E0FED4E9003603F14205B9
:10C17000FBF76CFF0023FF2206A903939DF91730FC
:10C180000293237BCDE900032B46304601F020FAD1
:10C19000002894D00C990120FFF746F900288ED092
:10C1A0002368012283F88D20B2E70799002306A8AF
:10C1B000B1FA81F11A464909FEF7F2FF00283FF46F
:10C1C0007EAF0C9B9B781F2BCAD8236893F849300D
:10C1D000002BC5D173E796F854309B073FF46FAF3F
:10C1E0009DF8193003F01803182B7FF468AF0DF198
:10C1F0001700FEF799FEFBF729FF0023FF2206A98F
:10C2000003939DF917300293237BCDE9000306F1D8
:10C210004203384601F0DCF900283FF450AF0C9996
:10C220000120FFF701F900283FF449AF236883F8A4
:10C230008D506DE7FF2283F88E207AE7FFDFFEE75F
:10C24000F804002010B5041E0CBF0520032008448C
:10C2500005F09EF9074B587350B1002C0CBF5024C9
:10C260004024FBF7ABFC2046BDE81040FCF7AEB91C
:10C2700010BD00BFF804002038B50D4D0E202B680E
:10C2800093F86811FBF74AFFFFF796FA044608B9DE
:10C29000FFDFFEE7FCF714F90020FCF775F92146F3
:10C2A0000020FFF7CFFF6B6808221A7138BD00BF6E
:10C2B000F8040020F8B5384CFEF7B0FF656801F0CF
:10C2C000BFF863682860186808B9FFDFFEE701F06F
:10C2D000DFF8054608B9FFDFFEE7236893F89E30D4
:10C2E0006BB123681A6D93F89F10C3F8082193F877
:10C2F00054200A4383F85420002283F89E202068AB
:10C3000090F89C30034493F86C71636880F868710E
:10C310001A7952B11B79012B07D0002101F0FEFCE4
:10C3200018B9BDE8F840FFF76DB923681B4A93F8C8
:10C330009D30D05CFBF77AFF236893F89C20134470
:10C3400093F86C61012E03D0022E22D0FFDFFEE7AE
:10C3500001F070F83146FBF7E1FE2846FCF7B0F833
:10C3600031460120FBF772FF7B1E29465842584197
:10C37000FFF768FF0821626800232173517121686B
:10C38000D380E37381F88C30A37323740323137178
:10C39000F8BD0D20DEE700BFF8040020B1EC050079
:10C3A00008B5FEF79BFEFBF7D7FFBDE80840FFF797
:10C3B00081BF08B5FEF792FEFFF716F9FBF7CCFF39
:10C3C000BDE80840FFF776BF08B5FEF787FEFBF72C
:10C3D000C3FF032008BD000008B5044B586801F0F6
:10C3E00093F8FEF77BFE012008BD00BFF804002093
:10C3F00008B5FEF773FEFFF7F7F8FBF7ADFF032074
:10C4000008BD000070B51D4D06462B6893F86B41C2
:10C4100064092ED0621E54425441640093F86901AD
:10C4200000F03F00FBF702FF2B6893F95800FBF781
:10C43000EDFE06B32B682246996E0120FBF76CFFD8
:10C440002B68214693F88D30022B14BFFF2040202B
:10C45000FBF764FEFFF7B0F92B68044693F88C00F5
:10C4600010B92146FFF7EEFE2046BDE87040FCF70C
:10C4700027B80124D2E722468221DEE7F804002013
:10C48000F7B5274D07462B6893F86B4164093ED0FA
:10C49000601E4442444164009B6E13B10120FFF7CB
:10C4A000B1FF2B68D3F88800FCF73CF82B6893F8B1
:10C4B0005420910703D593F88D10022905D0520717
:10C4C00007D593F88D30012B03D121460020FCF7CE
:10C4D000A3F8D5E9006318689236D7B901F06FF96F
:10C4E0006B680746186801F070F929680246304603
:10C4F00091F88D3091F868110091394601F04BFAAE
:10C500002B6883F868410023AB7303B0F0BD0124AE
:10C51000C2E701F062F90146304601F031FAEFE777
:10C52000F804002008B50120FFF7AAFF024B0622FD
:10C530005B681A7108BD00BFF804002008B5002030
:10C54000FFF79EFF024B05225B681A7108BD00BF12
:10C55000F804002008B5FEF7C1FD054B002118685E
:10C56000983004F0E5F8BDE80840FFF74BB800BF8D
:10C57000F80400202DE9F8435E4F00230646894663
:10C580007869D7F8008003704370FBF7B5FF054664
:10C5900030B90025032006F039F82846BDE8F883B5
:10C5A0007C69032E237833D123F00F0343F0030378
:10C5B00023700C236370D8F874307869C0F80930A0
:10C5C000B8F87830A0F80D3098F87A1005F0CCFB68
:10C5D00000217869FCF73EF93B6893F8482003F1A5
:10C5E000420993F84180002A62D14C4623684146B3
:10C5F0007869C0F80330A388A0F8073005F0A7FBDE
:10C600003D4BD3F80C32002B66D0FBF7A5FEC0E7FC
:10C6100023F02F033968222243EA4913627043F062
:10C62000050323700B6DDB69C4F80F300B6D5A6A7C
:10C63000E274100A120C207540F2E24062759A8D85
:10C64000B2FBF0F2A2759A6AB2FBF0F2E275C2F3A5
:10C65000072222769A69B2FBF0F26276C2F30722D1
:10C66000A2761A8CE276120A22775A8C6277120A24
:10C67000A277D3F89120C4F81F2093F8953094F84E
:10C68000242084F823300B6D22F01F0293F89C3095
:10C6900003F01F03134384F8243004F093F894F854
:10C6A000243003F01F0343EA401384F8243082E768
:10C6B00093F8542052070CD593F84C204AB193F8C4
:10C6C0004D0005F039F8044600288ED04FF00108DF
:10C6D0008CE77B685879F4E7052E7FF45EAF3B6802
:10C6E00021681A6DC2F80A10A188D1811B6D83F8E8
:10C6F000098052E7F804002000A0084010B500218E
:10C700000320FFF737FF18B9BDE81040FEF77ABFE6
:10C71000074C0321206801F001FB0028F4D001211F
:10C720000846FBF779FF636809221A7110BD00BF44
:10C73000F804002038B5164D6B68186800F0A8FEA4
:10C74000044608B9FFDFFEE76B680A22002128686B
:10C750001A7101F0AFFF2B6805201A6D237892F84B
:10C76000904004EA531404F001042146FFF702FF4D
:10C7700018B9BDE83840FEF745BF0421286801F02C
:10C78000CDFA0028F5D02B681B6D83F8904038BD9A
:10C79000F804002010B5114C0C22012163682068B8
:10C7A0001A7101F087FF00210520FFF7E3FE18B999
:10C7B000BDE81040FEF726BF0621206801F0AEFA62
:10C7C0000028F5D02368012093F86811FBF724FFB7
:10C7D000236801221B6D83F8902010BDF80400200F
:10C7E0002DE9F041044690B00D46FEF777FC237822
:10C7F00003F00F03072B06D00124FFF707FA2046AA
:10C8000010B0BDE8F08120469E4C06A901F080F8EA
:10C81000206806A9923001F0D7F823689DF8181017
:10C8200093F88D20914246D1032D03D193F88E20A9
:10C83000FF2A13D09DF8192016073CD50B9993F8C1
:10C840008E004A78B0EB121F35D1097802F00F0242
:10C85000B3F8903041EA02229A422CD12A460721AD
:10C8600006A8FFF7BBF86368DB8823B30023089EA4
:10C870008DF814308DF815308DF81630F6B10DF1B5
:10C88000160305AA0DF1150106A8FFF759F923684B
:10C890009DF8146093F8415045EA4605EDB29DF8C5
:10C8A00018209DF81570012A9DF8163008D0022A2C
:10C8B0006FD0002A4BD0FFF7A9F915E0FF25EEE76E
:10C8C0009DF81900226800F0090C92F89210BCF152
:10C8D000090F02D041B1000706D592F85420500745
:10C8E00004D463689B799BB901244DE06268D279D6
:10C8F000002AF6D0324606A8FEF752FC0028F0D0F7
:10C900002068983003F036FF0028EAD00C243BE082
:10C91000236893F854309907E6D09DF819309A07A8
:10C9200000F1AB80FF2106A8FEF746FDDCE706A874
:10C93000FEF728FC002840F0A380236893F85530C8
:10C94000023B012BD0D8002FCED0FE21EBE723688D
:10C9500093F854309B07C7D09DF81930980716D527
:10C9600066B906A8FEF70EFC40B9236893F8553067
:10C97000023B012BB8D8002FB6D0FE25294606A8C9
:10C98000FEF794FD441CE4B2FEF72EFE37E7FF25C8
:10C99000F4E7226892F854209107A5D0616889795C
:10C9A0000029A1D09DF8191001F0090009289BD198
:10C9B000920701F002015DD5002938D026B30DF1B0
:10C9C00017000021FEF7B0FA0320FFF7D3FD06465B
:10C9D000D4E9003803F14207FBF738FB01232A466C
:10C9E00006A903939DF917300293237BCDE9000339
:10C9F0003B46404600F0ECFD76B900283FF474AFAA
:10CA0000606800F081FD6FE7002B96D006A8FEF766
:10CA1000B9FB0028D3D190E700283FF465AF206828
:10CA2000983003F0A7FE0028EAD00B24ACE70DF104
:10CA30001700FEF779FA0320FFF79CFD0646D4E9BC
:10CA4000003803F14207FBF701FB01232A4606A940
:10CA500003939DF917300293237BCDE900033B46F6
:10CA6000404600F0B5FD0EB10028D8D1606800F056
:10CA70007BFD39E700293FF455AF002E3FF457AF57
:10CA8000294650E7F80400200321FFF7A9BE012141
:10CA9000FFF7A6BE38B5174D2C6894F848303BB95F
:10CAA00094F84130012B23D194F847303F2B1FD805
:10CAB0006FF00043D4E920129A4208BFB1F1FF3F62
:10CAC00016D00FF0FAFAD4E92023904299410FD3FF
:10CAD00001212868FEF7C8FB50B12D6804F0F6FC70
:10CAE00004460FF0EAFA044BE4FB0301C5E9200118
:10CAF00038BD00BFF804002040420F0010B50446C6
:10CB0000FEF7E2FD237A032B07D1174B1B68986EC3
:10CB100008B1FFDFFEE7FFF775FC237A012B06D093
:10CB200003D9023B012B12D910BDFEF70BFA0E4CB4
:10CB3000236893F95800FBF769FB2368002283F808
:10CB40008C20FFF7B7FBBDE81040FFF7A3BF064BF3
:10CB50001B6893F88C301BB9BDE81040FFF7EEBCA2
:10CB6000BDE81040FFF7DEBCF804002090F83E005E
:10CB7000003818BF01207047007A003818BF012024
:10CB800070470000036D10B504460BB9FFDFFEE7E8
:10CB90000222074942721B884381FF2380F8273015
:10CBA0004FF6FF73038505F02DFD0023236510BDAF
:10CBB000D3AF0600002313B50446CDE900330123AB
:10CBC0008DF8063068460CF061FF08B102B010BD68
:10CBD000009B83F85840F5E710B50121044600207A
:10CBE0000CF01AFF10B12146FEF746FA0121084663
:10CBF0000CF012FF10B12146FEF73EFABDE81040DE
:10CC000000F00EBCF8B5174F064603F06DFD01218C
:10CC1000786100200CF0C6FE054608B9FFDFFEE78C
:10CC20004FF4B872002111F05FFB012108460CF0AF
:10CC3000B9FE044620B14FF4B872002111F054FB44
:10CC4000BB680BB9FFDFFEE73046FFF7C5FF28469C
:10CC500001F02DF824B12046BDE8F84001F027B8D6
:10CC6000F8BD00BFF8040020014B024A9A607047EB
:10CC7000F804002054D0060003680BB9FFDFFEE77C
:10CC8000034A13606C33536093681B68184700BFF6
:10CC9000F804002008B5044B586800F065FCBDE8B6
:10CCA0000840FEF7AFBC00BFF8040020FFF7F2BF5A
:10CCB00080F84A10704711F001031CBF012280F870
:10CCC0006C218A0742BFC018022380F86C3170477C
:10CCD00080F85710704710B504460846194694F876
:10CCE0004030023B012B0AD994F8400000F0FD00CF
:10CCF0000038BDE8104018BF012004F06FB90028CB
:10CD0000F2D102F0FD02101E18BF012004F0E4FB76
:10CD10000828E9D0012010BD90F8400000F0FD0087
:10CD2000003818BF012004F059B938B504460D4643
:10CD300090F89E3003F0FF00D3B994F85430013BD3
:10CD4000012B14D8042912D1D4F808310BB1FFDF1C
:10CD5000FEE7216D09B9FFDFFEE704F1E00001F015
:10CD600023F884F89F50FF2384F89E30012038BDBB
:10CD70000020FCE780F840107047000038B50446FA
:10CD800090F8400000F0FD0004F14201003818BFA7
:10CD9000012084F8410004F0E9F894F84030023BA7
:10CDA000DBB2012B94BF0123002384F8483007D95C
:10CDB00094F84130012B14D194F847303F2B10D810
:10CDC00004F084FB05460FF078F9064BE5FB030100
:10CDD000C4E9200100212046FEF746FA08B9FFDF2A
:10CDE000FEE738BD40420F0001F0FD0380F855100A
:10CDF000B3FA83F35B0980F84B30704710B50446F3
:10CE00000846194600280CBF0123002384F8560069
:10CE100084F84C304FF0080384F84D3008D102F00C
:10CE2000FD02101E18BF012004F056FB84F84D00CF
:10CE300010BD0AB9FFDFFEE780F859101368C0F88B
:10CE40005A30938890F84120A0F85E30036D5A72F2
:10CE5000D0F84220C3F80A20B0F84620DA817047A3
:10CE600080F849107047F0B5D0F8C0509DF81440D4
:10CE700095422CD190F840208A4228D1002590F884
:10CE80003DC104F0020E2A462E46E9B28C4505D279
:10CE900004F00500831B58425841F0BD471897F82D
:10CEA0006C71042F46EA070604D1BEF1000F01D0D1
:10CEB0000132D2B200EB810153F822700135D1F872
:10CEC000C4102931B94202D10132D2B2DDE70020CB
:10CED000E3E790F854300246590705D590F856001C
:10CEE000431E58425841704713F00300FBD092F89C
:10CEF000550000F0FD00F3E7012938B5044601D1E3
:10CF0000FEF772FB94F8543004F16C0513F0030F34
:10CF100002D0284600F028FB284600F0D5FA20462B
:10CF2000BDE83840FEF7CCB8983003F02CBC0000C8
:10CF30000149363005F07CBBB1AF060010B50121C8
:10CF4000044600200CF068FD08B9FFDFFEE76378B7
:10CF500080F854302378DB0744BF012380F86C311C
:10CF6000A37880F84030E178FFF73EFF237980F81E
:10CF70004A30637980F8573010BD10B504466C30E4
:10CF800000F0F2FA2046BDE81040FEF799B8000024
:10CF900010B5084C0222636820681A7101F046FA45
:10CFA00038B92068FFF7E9FF2068BDE8104001F0BC
:10CFB00061BB10BDF804002081AF0600D5B70600A4
:10CFC0003DB70600ADCC06002DB2060059B60600EE
:10CFD00089B8060079C20600B3C30600A1C30600E3
:10CFE00031B6060041B60600BDB8060055C50600BC
:10CFF000D1B0060005B6060091CF0600B5C2060006
:10D000000DAF06003DC5060025C506000DAF0600A4
:10D010000DAF0600FDC6060035C7060085B7060041
:10D0200095C70600A5BF0600F9B006008FCA060026
:10D0300089CA060079B50600E1B80600F1C306000A
:10D04000C9C3060019BC060019BC0600D9C30600F6
:10D05000EDB00600FDCA0600C8CF0600D8CF060016
:10D06000F0CF060024D006003CD00600082970B599
:10D070000646154608461C460AD0194604F036FAFC
:10D0800008B9FFDFFEE7237843F00203237070BD89
:10D09000737C237073681A682A609B88AB80F6E7FC
:10D0A00008B50CF009FE054AD2E84F3F0133DBB268
:10D0B000C2E8413F0029F7D108BD00BF100500209C
:10D0C000024BA0F108015868FFF7EABF10050020E5
:10D0D0002DE9F84F1E463B4B0D46934600211A782A
:10D0E00004689DF828709DF82C809DF930909DF87B
:10D0F00034A0016032B9A4F108015868BDE8F84FC6
:10D10000FFF7CEBF1A2204F1090011F0EDF8012358
:10D11000A372BBF1060F4FD8DFE80BF00433394E92
:10D12000434E3D00E37A23F0130343F01303E3720D
:10D13000012304F10E0241462846237547F6FF738A
:10D1400084F81890E38204F10D03FFF78FFFE37A70
:10D150005B0733D5BA1E04F11C03012A8BBFAA68F2
:10D1600032681168E2618ABFE161B28892889A8070
:10D17000E7760023237214492046BDE8F84F05F0F6
:10D1800057BAE37A23F0150343F01503CFE7E37AA8
:10D1900043F01003CBE7E37A23F0120343F01203CA
:10D1A000C5E7E27A4AF01A0A22F01B020AF01B0ACB
:10D1B00042EA0A02E272BBE7FFDFFEE7FF23E37603
:10D1C000D7E700BF10050020EDD10600036863B16A
:10D1D000EFF3108272B603681968016002B962B693
:10D1E00000221A705A709A70DA7070472DE9F04771
:10D1F00004468CB00D46002001210CF00DFC0646C3
:10D2000008B9FFDFFEE7A03000F053FD18B196F833
:10D210005430042B2ED13046FFF7A8FC50BB754D7F
:10D2200005F1080605F10C07A36A93B92046FFF73C
:10D2300047FF4FF40073ADF804309DF80430002030
:10D2400063F307009DF8053063F30F200CB0BDE8D1
:10D25000F087A16A0B68B142A3624FF000030B7024
:10D260004B708B70CB70DFD0B942DDD06868FFF7B0
:10D2700017FFD9E7A66AA6B35F4B9E421CD10027D1
:10D280000120042304F123012B7007F11803A27A73
:10D290005343EA702A1D02336B7004F10B0353F8F9
:10D2A00004CB8B4242F804CBF9D1227D012A37D03E
:10D2B000022A35D0FFDFFEE7043B9E42DFD006F1B5
:10D2C0003B08404602A900F023FBE37A05F11C006D
:10D2D000DA0609D59DF8187005993A4611F052F80A
:10D2E000CEE704F13308ECE7002EC8D09DF80830F3
:10D2F000022BC4D0014694F83230E522404604F0B7
:10D30000A4FE94F8323007460344404684F8323095
:10D3100004F093FE94F832301B1A58425841B0E79B
:10D32000637D6A7333B1012B03D0022B01D0FFDF81
:10D33000FEE7AB73EF762F4F07F1080A56450ED183
:10D340002B79022204F1280062F346132B71FFF7B8
:10D350003DFF02262046FFF7B3FE042712E007F147
:10D360000C094E4515D104F12800FFF72FFF627D0F
:10D370006AB92B79042762F346132B7102262046E3
:10D38000FFF79EFE8DF804708DF8056055E70027C5
:10D39000F4E736B300B304F128084046FFF716FF60
:10D3A00031467868FFF77CFEA36A0022534584F873
:10D3B0003220C5D04B4505D12B79404662F3461348
:10D3C0002B71C4E79DF80830022B05D12B7923F08F
:10D3D000680301262B71C0E72B79012262F3461303
:10D3E000F7E7E77A17F01007CCD02B7966F34613EE
:10D3F0002B71AEE7100500201C050020343270B5FB
:10D40000054692B20C461E460CF020FC25B1034A9C
:10D41000556014745674147070BD00BF1005002060
:10D4200010B5034C60680CF031FC237C237010BDF8
:10D4300010050020014B587C704700BF10050020EC
:10D4400038B5124D68680CF027FC044608B9FFDFB8
:10D45000FEE7D5E84F3F013BDBB2C5E8413F00297D
:10D46000F7D104F108033422184610F03DFF47F6C7
:10D47000FF720121E462E283FF22627584F82320B7
:10D48000E27C61F34612E27438BD00BF1005002053
:10D490003330704738B5436A04467BB9094D686834
:10D4A0000CF0FAFB606208B9FFDFFEE7D5E84F3FFA
:10D4B000013BDBB2C5E8423F002AF7D1606A3B304E
:10D4C00038BD00BF10050020036810B5044673B1D5
:10D4D0009A6A0AB1FFDFFEE7596A41B101F108001B
:10D4E0008342084B08BF22605868FFF7D9FD2168C6
:10D4F00031B1044B08395868FFF7D2FD002323608F
:10D5000010BD00BF1005002038B5046805469CB169
:10D510001349204605F0ADF8124B00221A735A73D6
:10D520009A73DA73EFF3108272B6A16A0C3399B969
:10D53000A362E36202B962B62C68616A49B101F183
:10D5400008039C4203D0074B5868FFF7A9FD00234E
:10D55000636200232B6038BDE16A0B60E9E700BF1E
:10D56000EDD106001005002070B50668044656B3DC
:10D57000716A154D41B101F108039E4202D06868FD
:10D58000FFF78EFD0023736221684E7DB6B1002344
:10D590002B726B72AB72EB72EFF3108272B6886A09
:10D5A0000A4B40B98B62CB6202B962B62046BDE835
:10D5B0007040FFF7A9BFC86A0360F4E708396868DC
:10D5C000FFF76EFD266070BD1005002018050020D5
:10D5D0002DE9F0470468914606460D469A469DF8A7
:10D5E00020209DF82C800CB9FFDFFEE7614F3B78CF
:10D5F000ABB9B8F1020F0CD008D9B8F1030F0BD0BA
:10D600003368002B00F08380FFDFFEE7FFF75CFF4D
:10D61000F6E7FFF779FFF3E7FFF7A6FFF0E7636AA6
:10D620000BB9FFDFFEE783F81180CB6873B1097C8B
:10D63000238E0B4440F272618B4206DDFFF794FFAC
:10D640003368002B63D0FFDFFEE723860123A3723C
:10D650009DF928302376B8F1000F5BD122756B69F4
:10D660001BB15B78C3F30313A3752A78511E4B4299
:10D670004B41E17A63F30001C1F34003022A08BF82
:10D6800043F0010363F34101C1F34003002A14BFD7
:10D69000002303F0010363F3C301AB68E1721BB124
:10D6A000CBB243F00403E3722B6A13B193F9003059
:10D6B000E3756B6843B104F10D0304F10E029DF8AC
:10D6C00024102846FFF7D2FCAB688BB1A9F1020108
:10D6D00004F11C02012995BFDAF800301968E361F2
:10D6E000E16194BFBAF804309B88938084F81B9062
:10D6F000A969B8F1000F0FD179B38B784A7803F09C
:10D700001F0352EA032228D13046FFF7DDFE002036
:10D71000BDE8F0876275A2E70022636A1A705A704A
:10D720009A70DA70A26AE2B9A362E36289B14A78B8
:10D73000897801F01F0152EA01220AD1A16A3A72E6
:10D740007A72BA72FA720C4A71B9A2620023E2626A
:10D7500033600A49204604F08CFF636A33B9FFDF67
:10D76000FEE7E26A1360E0E71A60EFE700230120BA
:10D770006362CDE71005002018050020EDD10600FA
:10D780001FB5002403949DF9204002949DF81C408D
:10D7900001949DF818400094FFF79AFC04B010BD66
:10D7A0001FB503939DF91830CDE90123FF2304220F
:10D7B00000930023FFF78CFC05B05DF804FB18B163
:10D7C000407BFF3818BF0120704708B9FFDFFEE734
:10D7D000C07EFF3818BF0120704708B9FFDFFEE7A1
:10D7E000807DFF3818BF0120704770B50C46054694
:10D7F000164604F0B5FA6074284604F0BCFA062E0A
:10D80000A07407D8012303FA06F212F0550F06D1CF
:10D810009E4212D000236370C4E9013313E06370A9
:10D82000EB1C63600023A3606B78063B13F0FF03DF
:10D830000AD009352374E56070BD03236370EB18CB
:10D8400009356360A56000231D46F3E738B50D4632
:10D85000C178044611F03F0105D128462822BDE8D1
:10D86000384010F041BD04F07BFA6874204604F0A3
:10D8700082FAA87423796B70E078830900F03F0086
:10D880002B70227912F001011ABF611D0B230523B1
:10D89000696012F002011CBFE1180633A96018BFCD
:10D8A000DBB2510744BF0133DBB212F008011CBFE9
:10D8B000E1180233696118BFDBB212F010011CBF1E
:10D8C000E1180333A96118BFDBB212F020011EBFBB
:10D8D000E1181233DBB212F04002E96100F10401F9
:10D8E0001EBFE2180133DBB22A62C91A11F0FF0130
:10D8F00014BFE2180A466A626278013A121AD2B27A
:10D900002A741AB10B441C44EC6038BDEA60FCE791
:10D91000027802F00F02072A01D1FFF797BFFFF745
:10D9200064BF0378012B13D0022B09D0FBB14378DD
:10D9300023F0200343700023C3610374C360704766
:10D940004378002223F00303426082604370EEE7D5
:10D950004378022923F0020343704FF000038360F1
:10D96000E5D04278436063F300024270DFE743781A
:10D9700013F0100202BF62F3C30342614370D6E7A3
:10D98000012381F001010370437003710023817052
:10D99000C3704371704730B501250024AB428470D9
:10D9A0000571C570447107D0022B01D03BB130BD69
:10D9B000047044704571FAE704704470F7E7017031
:10D9C00042700371C370F2E703782BB14B7823F0F8
:10D9D00001034B7000234B6043782BB14B7823F04D
:10D9E00002034B7000238B6003792BB14B7823F03B
:10D9F00020034B700023CB6183782BB14B7823F04D
:10DA000008034B7000234B61C3782BB14B7823F094
:10DA100010034B7000238B61437913B100230B7407
:10DA2000CB6070474378002223F022038260C261FA
:10DA30004370704710B504460246064900F58870E9
:10DA40000FF0B6FB224604F5A0700249BDE8104075
:10DA50000FF0AEBB21E20600012970B506460C4668
:10DA600003D0022916D0FFDFFEE74FF4BC75204635
:10DA70008C35FAF7CBFE00F522434FF47A72B133BE
:10DA8000B3FBF2F35819D6F8083113B1012C08BFD3
:10DA9000400070BD6025EAE790F85430012B06D1B4
:10DAA000022940F6480008BF4FF4856070470229FC
:10DAB00007BF40F276234FF4856040F2464340F6BC
:10DAC0004800184496307047002110B50B4690F876
:10DAD0003D41CAB2944205D2D0F8C000C31A5842A0
:10DAE000584110BD00EB820229330131D2F8C42025
:10DAF0001344EEE72DE9F0411E46D0F80831804688
:10DB000017462BB1FFF7E0FF0130C0B2BDE8F0814E
:10DB1000D0F8C0400725A4FB0545FFF7D5FF50B15D
:10DB2000D8E92A23A41845EB0303A74276EB0303A5
:10DB30000AD20320EAE7D8E92E32E41845EB0205C1
:10DB4000A74276EB050501D20220DFE70120DDE7E1
:10DB50002DE9F04104460EF0B0FA0746884620460B
:10DB6000D4E92A23FFF7C6FF06460EF091FB1828DA
:10DB7000034603D800263046BDE8F081421CD4E9B4
:10DB8000341513D04218AA42D4E9282028BF6B1AB2
:10DB9000D21B60EB0800012A70F100054FF0000570
:10DBA0002FDB9342854100DB13465D186D1A41F26D
:10DBB00088339D4228BF1D460EF07FFAC7F132031D
:10DBC00003449D42D6D3314628460EF088FB0646D4
:10DBD0000028CFD00EF075FAD4F8D820D4F8D03081
:10DBE000A818D4F8D4202B44C4F8D8009342C4F821
:10DBF000D03003D1D4E93823C4E92E230EF05FFAE4
:10DC0000B9E72B46D1E70000014B1870704700BF01
:10DC10008900002038B5044690F80C3103F0FF006D
:10DC200083B3FF2384F80D3104F5887528460FF07F
:10DC300025FB284604F5A0750FF055FB28460FF08C
:10DC40001DFB28460FF04FFB00212046FFF754F93B
:10DC500094F80E3104F1E005ABB1D4F80031E3B132
:10DC6000284606F08BF9002384F80D3194F80E0154
:10DC700010F0FF0018BF0C2084F80E31C4F80831F2
:10DC800084F80C3138BDD4F8080130B1D4F8003133
:10DC90001BB900F5D87006F0E7F8284606F0E4F85E
:10DCA000E1E790F80C310BB1FFF7B4BF7047FFF715
:10DCB000F8BF90F86C00003818BF0120704710B50D
:10DCC0000B785A0701D5FFDFFEE790F80C3103F01F
:10DCD000FF040BB1FFDFFEE70A78D30701D4FFDFB3
:10DCE000FEE78B6880F83D41293B4968C0F8C430A5
:10DCF0009307C0F8C010C0F8F01040F27121A0F8EE
:10DD0000F41003D56FF02803C0F8C83010BDD0F868
:10DD100008310BB1FFF77EBF0C20704770B5054688
:10DD20000E4690F80D31002B3AD10EF0C6F904469C
:10DD3000062E20D8DFE806F00436362124363600D9
:10DD400095F86831012B03D0022B12D0FFDFFEE7DC
:10DD50004FF4BC739833D5F8A820D5F8D060A41A36
:10DD60008C3E1C44A6420ED9A64294BF002001203E
:10DD700070BD6023EEE7FFDFFEE74FF45773EAE77D
:10DD800040F20123E7E72846FFF7E2FE0028EBD048
:10DD9000D5F8D0308C3B9C422CBF00200120E7E717
:10DDA0000020E5E70120E3E7F8B50D46064601F55A
:10DDB000D8770021D5F8B80106F0AAF8B042044699
:10DDC00006D18268D5F8B8319A4213D2816989B1F7
:10DDD0002146384606F066F8002333622CB194E8F9
:10DDE0000E005B1842F1000201E000231A46C5E96B
:10DDF0006C32F8BD9A422CBFB260B360F2693762F0
:10DE0000002AF2D00ECAECE72DE9F04F04468FB09D
:10DE10009A469146BDF860B003910EF04EF9074660
:10DE200020460491FFF750FED4F8C4800546BAF1AD
:10DE3000000F00F0D281B9F1000F50D0824617F5E3
:10DE4000FA630593049B43F10003069306F056F82A
:10DE5000064604F1E0003146079006F023F8D4F8B6
:10DE6000081111B10798FFF79FFF9DB1D4F8E85052
:10DE70009EB1B0682A46D6E90031C018059B0093D0
:10DE800041F10001069B019306F05CF8854205D242
:10DE9000FFDFFEE7D4F8C050EAE73046059BC5181F
:10DEA000069B43F10006D4F8C030BBF1000F00F030
:10DEB00078811FFA8BFB42F2107C29463246EBFB3D
:10DEC0000C1203F2CF7C6044B0FBF3F04343EB1A37
:10DED00066F10000C4E92812C4E9383038E00028AF
:10DEE00039D06FF00043D4E928129A4208BFB1F14B
:10DEF000FF3F29D094F83C312046234493F86C111D
:10DF0000FFF7AAFD17F1AB02049B0546099008A88C
:10DF100043F100038DF82090CDE90C2340F2024339
:10DF2000ADF828300FF0C2F908B9FFDFFEE7D4E9F9
:10DF300028320C995B1A0D9962EB01025B1B62F1AE
:10DF40000002002AC0F232813D46049E4FF0010AD1
:10DF50004FF0000B9EE0D4E93826D4F8C050BB1A2D
:10DF6000AA18B3FBF5F305FB03F346F100069B1873
:10DF7000A3EB070246F10006AA2A05D8ED1846F1E0
:10DF80000006CA46CB4685E094F86C112046FFF7A0
:10DF900063FD0423D4F8B0208DF82930D4F8C050A4
:10DFA000099020468DF82090D4E93813521AB2FB1C
:10DFB000F5F26A43521843F10003CDE90C23FFF751
:10DFC00099FD29468DF8280008A803F053FCDDE9E7
:10DFD0000C56D6E751F8042F013302F1290CD44531
:10DFE0009FBF821A0BF1010B92445FFA8BFBDAB2EE
:10DFF0009645EFD804EB0B03204693F86C11FFF71E
:10E000002BFD504404EB8B03D3F8C420824207D38A
:10E01000A2EB0A02002A20DAFFDFFEE7AA46F4E0BC
:10E0200094F83D11D4F8C03059450FD9AB420BD903
:10E030000BF1010B5FFA8BFB04EB8B03D3F8C420CD
:10E0400002F129031D46E5E7FFDFFEE7AB42F9D801
:10E050005B009D42F6D3FFDFFEE7D4E93810D4F829
:10E06000A8305B1A01D5FFDFFEE7D4F8C0C0AD19B8
:10E07000B3FBFCF30CFB03F348F100065B1840F123
:10E080000000C4E93830EB1A002BC0F288809046BB
:10E090004FF0000A04EB0B03204693F86C11FFF7D6
:10E0A000DBFCD4F8A030D4F8A4105A1B05900693DA
:10E0B00061EB0600012A70F100034FF000037BDBE7
:10E0C0009045834100DB904604EB8B0BDBF8C400EA
:10E0D000804528BF8046C4F8D480B9F1000F05D030
:10E0E000D4E93823C4E92A56C4E92E23059B2046E7
:10E0F000039AC4F8D03004230791C4E92C56537214
:10E100002A463346FFF7F6FC039B059A18725A60BD
:10E11000BAF1000F5BD00123039A07991370069B95
:10E12000049ADB1B61EB0202012B72F100004FF03D
:10E13000000043DB394E9E42904100DB1E46D4F87E
:10E140000831D4F8C090002B3DD107252046A9FB0B
:10E15000055AFFF7B9FC98B3D4E92A32ED184AEB17
:10E160000203AF42049A9A410ED2ED1B049A63EB6C
:10E1700002036FF00102AA424FF000029A4102D35B
:10E18000AE4228BF2E46B146039BC3F81090059BB4
:10E19000984534BF002001200FB0BDE8F08FFFDFAD
:10E1A000FEE74FF0FF316FF000428AE63D46049EE5
:10E1B0004FF0010AC846E5E6984685E70646BEE701
:10E1C000D4E92E32CAE74FF0FF352B46C9E7039B4F
:10E1D00083F800A0C3E90456D9E7B9F1000F7FF432
:10E1E0002EAED4F8C02007F1AB05D4E938137E1A5F
:10E1F000B6FBF2F656437618A5EB060543F1000888
:10E20000AA423FF60BAFA5EB020A002394F83DE1CA
:10E2100004F1C0016FF028009B46E8E60040420F81
:10E22000F0B5044689B0052900F29A80DFE801F0D4
:10E23000035D6964988590F80D3103F0FF054BB1DB
:10E240000121FEF759FEFAF7D7F809B0BDE8F04012
:10E250000EF09EBF0EF06EF8D4F8E020831AC4E9E9
:10E260002A0101D5FFDFFEE794F83D71D4F8C01014
:10E2700002940595BFB1B3FBF1F601FB0622801AAB
:10E280002A46D6B2013204EB8606D6F8C46006F1FF
:10E29000290C604522BF29380135801BD6B228BF22
:10E2A000EDB2B742EDD2B4F86A2184F83C51C2F322
:10E2B0000C028DF81850D2B1D4F838210392032201
:10E2C0008B4202A88DF8102034BF00230123032ABB
:10E2D00008BF00238DF81930FEF7CEFCD4F8D0002B
:10E2E0008238C4F8D8000DF0EAFE09B0F0BD8B42C8
:10E2F0002CBF00220122E3E709B0BDE8F040FAF7A5
:10E30000B1B9B0F86A31C3F30C030BB1FEF735FEB7
:10E310000022012302A920460092FFF775FD40B1BB
:10E3200002A904F588700EF049FF0028DDD1FFDF57
:10E33000FEE72046FEF7FCFDD7E790F80D3123B14C
:10E3400009B0BDE8F040FEF7A5BCB0F86A31C3F3F0
:10E350000C03002BF4D1FFF7FBFB0028C5D1EFE73E
:10E36000FFDFFEE730B5044689B00D4690F80C217A
:10E3700002F0FF030AB1FFDFFEE7FF2280F80C2165
:10E3800080F80D3180F83C31FFF79EFBC8B994F856
:10E390003D110346C2B28A420BD9C4F8E8300122CB
:10E3A000002302A920460095FFF72EFD60B9FFDF8C
:10E3B000FEE704EB820229330130D2F8C420134473
:10E3C000E8E741F28833E8E702A904F588700EF027
:10E3D000F5FE08B9FFDFFEE709B030BD38B50446E9
:10E3E0000D4690F80C310BB1FFDFFEE709B9FFDFF6
:10E3F000FEE7FFF71FFBC4F8085195F8873003F0DC
:10E40000FF010BB1FFDFFEE784F80E112046BDE8E7
:10E410003840FFF7A7BF38B504460D46FFF70AFBA3
:10E4200029462046BDE83840FFF79CBF90F86B3185
:10E430002DE9F04F5D0989B0044600F09F80691E08
:10E440004D424D416D0094F9692103F01F0394F88A
:10E450006A91002A94F8692149EA0329B4BF4FF46C
:10E4600096771E27D20907FB09F90CBF4FF01E0B48
:10E470004FF4967BF9F7F0FD0646F9F72FFE94F876
:10E480006931A9EB0606804613F0400F06EB0B0737
:10E49000C8440CBF4FF4FA7A4FF0320A02F09AF9EE
:10E4A000714B8244B6F5837F0AFB07F707F57427A3
:10E4B00007F23F27B7FBF3F76AD394F80D3103F067
:10E4C000FF02002B5CD128460192FAF797F9674BBF
:10E4D0004FF47A7A53F8259009F52243B133B3FB10
:10E4E000FAF6BA365E4406EB470606442846FAF7C3
:10E4F00085F900902846FAF789F92946834620468F
:10E50000FFF7CAFA00F18C05009BA9EB0B09354413
:10E51000019AED1A04238DF808208DF81130D4E902
:10E520002A32B9FBFAF9933BA5EB090542F1FF3218
:10E5300013EB0803039542F10002DB1B62F10002BA
:10E54000CDE906324A4B1878FE2803D094F85430AF
:10E550005A0701D40DF0F2FE8DF8100002A904F55F
:10E560008870C4F8D050C4F83861DDE90623C4E9E6
:10E570002C230EF023FE18B9FFDFFEE7012562E72A
:10E58000F9F73AFF0EF004FE012009B0BDE8F08F64
:10E5900028464FF47A7AFAF731F9344B53F825903C
:10E5A00009F2E736B6FBFAF620365E4446443E44AE
:10E5B00006442846FAF722F983462846FAF726F950
:10E5C000024629462046FFF767FAA9EB020900F147
:10E5D0008C03D4F8D050B9FBFAF93344A3EB0B0306
:10E5E000A3EB090A55452AD2214B93F80090B9F1C3
:10E5F000FE0F03D094F854305B0702D40DF09EFE5A
:10E60000814648460DF044FEAAEB05034946192B06
:10E6100038BF1923834228BF034618461D460DF014
:10E620005EFE0028B1D00DF04CFDD4F8D030E818D3
:10E63000C4F8D0008238C4F8D8000DF040FD94F83A
:10E640003C31A8F1100802A802948DF8183002237A
:10E65000A8EB070703968DF81030002305978DF877
:10E660001930FEF709FB8FE740420F0054EB05001D
:10E670008900002010B5044688B090F80D2102F002
:10E68000FF0382B91A4602A90093FFF7BDFB38B118
:10E6900002A904F588700EF091FD20B9FFDFFEE7B6
:10E6A0002046FEF745FCF9F7A7FE08B0BDE810408C
:10E6B0000EF06EBD01292DE9F347054603D9022965
:10E6C00071D0FFDFFEE701F00107D0E92A46F9F734
:10E6D000E1FC95F8688182463846414603F01AF914
:10E6E00081464046FAF792F8463C46F1FF36A7B31A
:10E6F000B8F1020F0CBF4FF4A6734FF4FC733D4A00
:10E700004FF47A7114EB0A0452F8282046F10006FF
:10E7100014EB090402F2E732D5F8088146F100064D
:10E720000244D8F81870B2FBF1F2A41A66F10006A0
:10E73000E41846F1000605F0DBFB05F1E003834237
:10E740000ED03A46CDE90046D8E96C0105F0FAFB57
:10E750008742034605D2FFDFFEE74FF4FC73CEE7A6
:10E760000023254AD5F8081112689A4291BF40F259
:10E77000E2408A6918469B189EBFB3FBF0F2424301
:10E78000981A8A6241F66A028A8541F669029042C5
:10E7900001D9FFDFFEE71B1946F10006C1E96C361F
:10E7A00002B0BDE8F087D0F808310BB9FFDFFEE713
:10E7B000002483F8874090F8682183F8682083F864
:10E7C0006920FF2683F86A60D0F8080121463030BE
:10E7D00003F0D8FFD5F8080109F016FCC5F8084188
:10E7E00085F80E61F9F708FE02B0BDE8F0470EF0BB
:10E7F000CFBC00BF60EB05002405002018B1012844
:10E800000BD0FFDFFEE7084B1860074B1A6841F694
:10E8100069039A4206D9FFDFFEE7034B40F6C412B4
:10E820001A60F2E7704700BF240500202DE9F0418F
:10E830001D46D37B88B014468846013307462146DF
:10E84000D373404604236A460FF0E7FBE37B04AE34
:10E850002146013340463246E37304230FF0DDFBCB
:10E8600057B17B1E6A461F37117813F8010F4140DC
:10E87000BB4202F8011BF7D16B462C461A460834FE
:10E8800003CAB24244F8080C44F8041C1346F5D1FC
:10E8900005F110033246083303CA43F8041C08A9E3
:10E8A00043F8080C16468A42F4D108B0BDE8F0815E
:10E8B00000EA400000EA400000EA400000EA4000B0
:10E8C00000EA400000EA4000B0FA80F040097047DA
:10E8D00010B50446FFF7ECFF08B9002010BDE04377
:10E8E000FFF7E6FF0028F8D0E31683EAA4635A1E78
:10E8F0001A42F2D0204604F094F81828EDD8A3B2BA
:10E90000B3EB144F04D184EA142313F0FF1FE4D0B7
:10E91000034B6340581E1840003818BF0120DDE744
:10E92000D6BE898EF0B5070C164BA7F5AA4203EAAE
:10E930009023543A012A20D927F4004042F6AA2213
:10E94000801A18BF0120002216211F24164687EACC
:10E95000060562EA0505013511D0DD0301394FEAEC
:10E960005303ADB245EA56064FEAC4354FEA5404A4
:10E97000ADB245EA5202EAD1F0BD0020E3E7002043
:10E98000FAE700BFE0FF3F00F7B5002523272E463A
:10E9900003F0E8FF0446FFF79BFF78B1CDE900667E
:10E9A00068460BF073F828B10223CDE900668DF8B4
:10E9B00006300FE0009BDB699C42F1D10020013F53
:10E9C00001D00028E4D07DB9FFDFFEE7009BDB69C2
:10E9D0009C42F3D068460BF059F80028F6D0204648
:10E9E0002546FFF79FFFEAE7284603B0F0BD10B5C4
:10E9F000044638B101F092FE24EA0000B0FA80F03B
:10EA0000400910BD0120FCE72DE9F0411646B0F8A1
:10EA10005A70B0F85C5071B309F0D5FA044602217F
:10EA200002F054FF80460221204602F04FFF474586
:10EA300040F6480328BF4746BFB21B2F38BF1B27ED
:10EA4000FB2F28BFFB27854228BF05467780ADB244
:10EA50001B2D38BF1B25FB2D28BFFB25B4F5A47F3C
:10EA600038BF4FF4A474F5809C4228BF1C46B48084
:10EA70003481BDE8F08106F00BF8CFE72D4BF0B5FF
:10EA8000B0F85C700C4611469A88B0F85A6085B0B0
:10EA90009742DD8828BF1746964228BF16461B2E90
:10EAA0002BD0B5F5A47F2AD040F6480301AA9D4299
:10EAB00028BF1D46FFF7A8FFBDF80A30BB4228BF9C
:10EAC0003B46E380BDF80C30AB4228BF2B46238188
:10EAD000BDF80630B34228BF33466380BDF8083026
:10EAE000AB4228BF2B46A380FF232370E3881B3B48
:10EAF0009BB2E02B05D9FFDFFEE71B2FD1D105B07C
:10EB0000F0BD63881B3B9BB2E02B01D9FFDFFEE722
:10EB10002389A3F5A4739BB2B3F5E06F01D9FFDF9E
:10EB2000FEE7A388A3F5A4739BB2B3F5E06FE6D923
:10EB3000FFDFFEE72805002013B5012100200AF0C1
:10EB40006BFF044688B9012108460AF065FF0446B8
:10EB5000C0B90023CDE9003303238DF806306846A1
:10EB60000AF094FFC8B100200AE0A030FFF7A1F836
:10EB70000028E8D02046FEF7ACF90028E3D00120B9
:10EB800002B010BDA030FFF794F80028E1D0204675
:10EB9000FEF79FF90028DCD0F1E7009C204606F044
:10EBA00003F90028DBD0204607F073FC0028D6D0FC
:10EBB000E5E7002307B5CDE9003303238DF80630E0
:10EBC00068460AF063FF08B1002004E0009806F0F0
:10EBD000EBF80028F4D003B05DF804FB08B5012180
:10EBE00000200AF019FF40B9012108460AF014FF7D
:10EBF00050B9BDE80840FFF7DCBFA030FFF759F877
:10EC00000028F1D0012008BDA030FFF752F80028FD
:10EC1000EFD0F7E710B50446FFF7CBFF10B10CB902
:10EC2000002010BD012100200AF0F6FE30B90121BC
:10EC300008460AF0F1FE38B90120F2E7A030FFF7EC
:10EC400038F80028F3D0EBE7A030FFF732F880F077
:10EC50000100C0B2E5E70000012817D80D48824244
:10EC600016D8012B0DD140F252739A4210D9A1F659
:10EC7000C410094B98420BD88A428CBF1220002046
:10EC80007047042BF3D140F6C313EEE71220704710
:10EC9000302070478FFD7002CBF3700210B5044630
:10ECA0000A48FEF74BF90A492046FFF708F82046C4
:10ECB000FEF732F838B12046FEF760F82046FEF73E
:10ECC00033F9002010BD1220FCE700BF3005002002
:10ECD0003805002038B50D4604460BF065F8A8420B
:10ECE00012D3204607F09FFD08B11F2D0ED82046F5
:10ECF00007F086FB60B12946204607F0ACFB0028F0
:10ED00000CBF4520002038BD0720FCE71220FAE7A1
:10ED10004220F8E738B5044607F072FBB8B1204648
:10ED200006F042F808B9002038BD204605F089FDFC
:10ED30000546204605F02AFE58B9002DF3D00221E1
:10ED400028880AF07FFE0028EDD0FFDFFEE7422092
:10ED5000EAE70C20E8E730B5841F40F67A45A4B214
:10ED6000AC421CD88C1FA4B2AC4218D8884216D82A
:10ED70000132B2F5FA7F12DCA3F10A0040F67644C4
:10ED800080B2A0420BD842F210704A43584340F67A
:10ED9000C4135A43904294BF0020012030BD00208C
:10EDA000FCE708B5428983899A420AD80389C28858
:10EDB00081884088FFF7CFFF00280CBF302000205B
:10EDC00008BD1220FCE72DE9F04186B00546008819
:10EDD00001A902F0E7FD0446002879D1029B93F8CF
:10EDE0005321D11E4A424A418DF802209DF8042049
:10EDF000002A71D193F88920222A70D19DF802202F
:10EE000082F0010293F8D8308DF803209B0603D4DA
:10EE10009DF80330002B66D0EB881B3B9BB2E02BA8
:10EE200063D8298944F24810A1F5A4739BB28342A8
:10EE30005BD86B881B3B9BB2E02B56D8AA88A2F507
:10EE4000A4739BB2834250D840F64807B9424ED8CB
:10EE5000BA424CD8029E4FF0FF0886F81B819DF8FD
:10EE60000230002B3DD19DF8041003AA3046B1FAC0
:10EE700081F14909FFF7C8FD6A88BDF81230BDF875
:10EE800014109342E88828BF1346B942AA88A6F80E
:10EE9000203128BF3946BDF80E30834228BF0346D3
:10EEA0002889A6F81C31BDF81030BB4228BF3B466C
:10EEB000834228BF03468A42A6F81E31134628BF64
:10EEC0000B46A6F8223186F81A81002386F81B31FA
:10EED000204606B0BDE8F0819A6F92068ED4224695
:10EEE00090E73A24F1E71A24F2E71224F0E711241C
:10EEF000EEE7000010B5032100200AF08DFD044666
:10EF000058B903210AF04EFD044608B9FFDFFEE7B9
:10EF1000034B93F9201007F017FA204610BD00BFED
:10EF2000280500202DE9F04385B006468846008874
:10EF300002A902F037FD054640BB039C94F86631F8
:10EF400003F0FF051BB1B8F1020518BF012594F8C5
:10EF50008930262B94F8D93043EAD3030CBF85F0CF
:10EF600001094FF00009DB0702D4B9F1000F3BD0D3
:10EF7000B77817B901F0D2FB0746F078B0BB01F0C3
:10EF8000CDFB3FB9B9F1000F29D10925284605B0BD
:10EF9000BDE8F0830028F5D0FF2384F825310DBBB0
:10EFA00094F8243103F0FF05E3B984F8270101A99F
:10EFB00084F82481204684F82671B3788DF80430D3
:10EFC000F3788DF805303379727943EA0223ADF88E
:10EFD000063002F08AFC002384F82531D6E70020B1
:10EFE0000746D9E73A25F6E71A25CFE7002FD3D110
:10EFF000C8E7037843B1406890F8BA3123B10023E1
:10F0000080F8BA3105F055BD70470000024B987D7D
:10F01000C04300F0010070476C090020044B987D4C
:10F02000C0F3400080F0010000F00100704700BF15
:10F030006C09002038B501F07FFF164C02F076F91C
:10F0400001F0A8FB04F1100503F0ECF904F098FEC0
:10F0500002F08AFD09F006FF00220F4B0F491A60EB
:10F060000F4B228063600F4B19601B215A745A8228
:10F070009A82032299809A750B4B1868083333F8EB
:10F08000042CA060A28193E80700012385E8070013
:10F09000637738BD28050020080E002003021B00FE
:10F0A0001B0048016C090020BCEC0500054B41F633
:10F0B0004C5240F6A661C3E902121B221A74FFF7F4
:10F0C000B9BF00BF6C09002073B51E4D0446AB6884
:10F0D00003631D4B836105F0DBFC064601F018FB62
:10F0E0008306297C204653BF1B236B88AA881A46B7
:10F0F0006687164EA4F85A30A4F85C2084F83810BD
:10F10000314602F0F2FB01236A8804F110006978AD
:10F11000E3850332AB88019192B216F8121C0333D7
:10F1200000919BB204F114010AF038FD23690BB978
:10F13000FFDFFEE763690BB9FFDFFEE7002002B0E7
:10F1400070BD00BF6C09002000093D007E09002051
:10F15000F7B504460D4607F053F9002869D020465C
:10F1600007F04EFB38B1B5F80130013B7F2B02D9D7
:10F17000122003B0F0BD204607F046FB08B90C2072
:10F18000F7E7204605F010FE0028F8D1204607F0EA
:10F19000A7F807460028F2D1204607F081F9002899
:10F1A000E6D042F21073B5F80160E97820465E437C
:10F1B00007F00FFB204607F01BFB014630B9324633
:10F1C000204605F041FB90B3FFDFFEE702210DF181
:10F1D00006000AF0B3FB054608B90D20C9E7394619
:10F1E00002F014FCBDF80630204629462B8007F0BB
:10F1F0002DFC204607F017FB80B9216A204607F056
:10F2000016FB01462846FFF75FFF32462946204697
:10F2100005F01AFB024618B1FFDFFEE70121F1E716
:10F22000054B5B6A1BB105F58D7128469847002098
:10F230009FE742209DE700BF28050020024B1B6886
:10F2400003B118470C207047080E002010B5FFF7D7
:10F2500073FC044630B904F093FD204602F078F8C0
:10F26000204610BD0C20FCE710B503780446012BA6
:10F2700001D9122010BDFFF7B1FC58B9207810F069
:10F28000FD000DD104F11703E21D611CBDE8104023
:10F2900002F088B802F006F90028EFD00C20E9E768
:10F2A000A37903F0C003C02BE3D10120EAE710B536
:10F2B0000446FFF741FC80B92078012803D9FF28D4
:10F2C00007D0122010BD611C04F060FD38B1002091
:10F2D000F8E7012002F03CF8F9E70C20F2E70720FC
:10F2E000F0E708B5008802F0E3F800280CBF3020F2
:10F2F000002008BD38B50546FFF770FC044638B954
:10F300002878003818BF012002F0C6F8204638BD22
:10F310000C20FCE708B5FFF761FC18B902F0A6F86D
:10F32000002008BD02F0BEF80028F7D00C20F8E756
:10F33000102243F20D130270C2705922A0F801305E
:10F340008280C38000207047014B93F920007047F2
:10F3500028050020F7B5054610460F461E4609F061
:10F3600043FD00210CF06AF9012D044612D0022D54
:10F3700013D0E5B9032138460AF04EFBC8B1214647
:10F3800007F031FA1EB1204609F01CFD3070002054
:10F3900003B0F0BDFDF70EFCF4E76946384602F015
:10F3A00001FB0028F4D1019B83F87440EAE71220A6
:10F3B000EEE74220ECE7012138B5054608460AF0A1
:10F3C0002BFB08B9FFDFFEE7A030FEF772FC044616
:10F3D00020B92846FFF712FA204638BD0C20FCE77A
:10F3E00010B5044601F06AF928B90020214601F061
:10F3F000A5FD002010BD0020FFF70CFC0028F4D173
:10F400000C20F7E710B504460120FFF703FC28B1F4
:10F410000120214601F092FD002010BD0C20FCE7E8
:10F4200037B5837805461A2B08D8042B04D9144A1B
:10F4300022FA03F3DB0705D412241AE0292B01D0AA
:10F440003B2BF9D12888B0F5706FF5D2694602F0F0
:10F45000A9FA88B9019B93F8182102F0FF046AB950
:10F46000AA7883F81921FF2283F818216846FFF74C
:10F47000C0FD204603B030BD0224FAE70C24F8E7B3
:10F480002000380437B500880C460D46694624F83C
:10F49000020B80B202F086FA70B9019B03F191026F
:10F4A00083F8C300116821601179217193F8C310AA
:10F4B0000029F5D103B030BD0023C5F80230237117
:10F4C000F8E7FFF780BC37B508800D46694602F0C3
:10F4D00069FA044640B99DF800102A460198B1FA2D
:10F4E00081F14909FFF790FA204603B030BD10B50D
:10F4F0000446FFF773FB78B92146E27911F8010B56
:10F5000000F0FD00003818BF012002F037F980F04C
:10F5100001004000C0B210BD01F0C4FF0028EBD0D4
:10F520000C20F8E710B583880446022B10D8C07869
:10F53000FFF75DFA08B9112010BDA078FFF757FA60
:10F540000028F8D020460121BDE81040FFF7EABCB2
:10F550001220F1E773B503780546032B10D004D8C9
:10F56000013B012B1DD9112019E0042BFBD10321F4
:10F57000B0F801000AF050FA044688B3783407E086
:10F580006946B0F8010002F00DFA40B9019C7034F0
:10F590002268D5F8033002B123BB0020236002B0FB
:10F5A00070BD012100200AF037FA044608B9FFDFD8
:10F5B000FEE72B78012B01D16034E9E701210846F1
:10F5C0000AF02AFA064604F1A000FEF772FB18B111
:10F5D00094F854305B07EFD4002E18BF3446EBE7A5
:10F5E0004220DCE70C20DAE7F8B503780446032B69
:10F5F00002D912252846F8BD4378032BF9D8437E5B
:10F600008578002B32D1012DF3D101F087F88543A5
:10F610005BD1A67816F0010506D001232269A16806
:10F62000E078FFF719FB0546B00707D502232269EA
:10F63000A168E078FFF710FB2843C5B2710707D532
:10F6400004232269A168E078FFF706FB2843C5B2CE
:10F65000002DCFD1237E013B062BCAD8012128469D
:10F660000AF0DAF9064638B9FFDFFEE76B1E062B13
:10F67000BFD8AE07BDD4C8E7A030FEF71AFB18B15B
:10F6800096F854309A0722D1607EE2780038A1784B
:10F69000B4F800E018BF0120012AA66814BFB2FA2E
:10F6A00082F2022294F818C018BF5209CB07094B06
:10F6B00048BF276919725A72A3F80AE083F80CC090
:10F6C00058731974C3E9056794E7112592E70C256F
:10F6D00090E700BF280500202DE9FF41064600788D
:10F6E000012813D17378012B03D9022B0CD1B388D5
:10F6F00053B17288A2B1B38893B10A214A434FF43F
:10F70000A0614B439A420BDB122414E00028FBD18A
:10F7100001210AF081F9054600287CD1FFDFFEE7D0
:10F72000012100200AF078F9054608B9FFDFFEE75D
:10F73000B38823B11124204604B0BDE8F081FDF761
:10F7400015FA002863D195F80C31002B61D12846B9
:10F75000FFF7A4FA0028D7D10121DFF80881084675
:10F760000AF05AF998F81C30074613B108B9FFDFC0
:10F77000FEE7002298F80840CDE90222E20744BFE4
:10F78000D8F81820029214F00404D3D1002B3BD0F7
:10F7900097F80C31C3B37388B3BB98F80830384678
:10F7A000009302ABD8F8142098F80A10FDF75BFB21
:10F7B00050B33846FEF7ABFA07F14003064605F1B1
:10F7C0004002643753F8041BBB4242F8041BF9D1D2
:10F7D0002846FFF763FA024608B1FFDFFEE70C2E6A
:10F7E00004D101462846FEF716FEA4E70EB1FFDF5E
:10F7F000FEE798F809302846296D43F0040385F8A0
:10F800005430FEF7EBFD96E7B2887188EAE73A24B8
:10F8100091E70C248FE7FEF7FDF9044600288AD112
:10F8200095F8543095F89E2022B195F89F20134307
:10F8300085F89E00053B012B3FF67DAF2B6D0BB984
:10F84000FFDFFEE7012108460AF0E6F829464FF4FB
:10F85000B87206460EF096FD0423316D304686F8E8
:10F860005430CEE72805002008B5FBF721FB002027
:10F8700008BD13B50C46694602F094F830B9019BF7
:10F880009DF80020B3F87E3012B9238002B010BD7D
:10F890000133FAE72DE9F04F447A89B00546A20713
:10F8A00018D544F001044472072C15D800F036FF37
:10F8B00034EA000040F0F38195F848308BB9012C10
:10F8C0000AD1AB69924AA3F25373934200F2E581E5
:10F8D000012609E06307E7D11225284609B0BDE8F3
:10F8E000F08F14F00106ECD1A70745BF731CB14699
:10F8F0004FF0FF09DEB260070AD5B31D854A55F8FF
:10F900002330A3F6C413934200F2C7810136F6B246
:10F9100005F1080705F122044FF000085FFA88F3AB
:10F920009E422DD82B789A1E022A40F2B881012BD4
:10F93000D2D813B9AB78012BCED86B78032BCBD8A8
:10F9400095F84930013B062BC6D8DFF8CCA1012140
:10F9500000200AF061F89AF81C300646002B41D1CD
:10F96000012108460AF058F8002818BF064606F19B
:10F97000A000FEF79EF9074600284DD00C25ACE705
:10F9800099452AD0D7F804A03B695345A4D8628B87
:10F99000238C9A42A0D8B4F802B0E289A38A5846D0
:10F9A0002189CDE90223FFF7D6F9002800F07581FF
:10F9B000B8F1000F11D0208858458DD1E0888842D9
:10F9C0008AD1A189029A914286D1628A039B9A4286
:10F9D00082D13B689A4540F0628108F10108043702
:10F9E00002349BE7A030FEF764F90028B8D06FF02E
:10F9F0000043D6E928129A4208BFB1F1FF3FAFD1C8
:10FA00006B7A3046009305F11803EA686978FDF7D0
:10FA10002AFA07460028A3D03046FDF7ADF808B112
:10FA20003A255AE73046FDF7A1F801460028F7D1FC
:10FA30000DF1120009F082FF0446002800F02B812E
:10FA4000364B0DF11408BDF8129018681B7905901B
:10FA500088F804309AF8283013B1404602F064F870
:10FA60000021204602F01BF8A4F80090DFF8B090C7
:10FA700040F2E24BD9F808305A46236395F84A30F1
:10FA800005EB4303988C598D00230BFB00F00BFB17
:10FA900001F184F8763004F091FAA4F8C4B1A061C1
:10FAA000C4F8C001204608F08EFA834600F030FE0C
:10FAB000B9F802208106B9F8043099F810C052BF95
:10FAC0001B211146184684F838C058BF0846A4F8D0
:10FAD0005A100121A4F83AB0A4F85C000333E18580
:10FAE000033299F801109BB292B204F11000019117
:10FAF00099F80010009104F114010AF04FF82369FD
:10FB00000BB9FFDFFEE7636963B9FFDFFEE700BF04
:10FB10003CF67002CBF37002280500207AF0050055
:10FB20006C090020FEF730FFE06102F01BFF20F0BF
:10FB30007F40D9F80C106062204695F84A3005EBFA
:10FB400043031A8EDB8E2284638408F039FA41461F
:10FB500004F1900002F048F89AF8283013B9FF2316
:10FB600084F81532DAF8243023B1012204F58D71BE
:10FB7000204698475E49204601F0B7FE02F0F2FEAB
:10FB80000C230121B0FBF3F202FB1300C0B2431DB2
:10FB9000DBB2082B9CBF0D30C3B2204684F89C30EA
:10FBA00001F07DFF204608F01FFA1FB96978304642
:10FBB000FDF7E0F805F1030AAA78297830465346A4
:10FBC000FDF789F8002864D017B93046FDF7D6F85C
:10FBD00029785346AA783046FDF710F995F8099030
:10FBE00000F09CFD09EA0001304601F00501FDF737
:10FBF00062F817B9042386F8543034655246A97860
:10FC0000304601F0FD01003918BF0121FDF711F95F
:10FC10002B78ABB101213046FDF722F9002F40D0FF
:10FC200004213046FDF781F800285ED10C25002123
:10FC3000208809F007FF00283FF44FAEFFDFFEE702
:10FC400095F802B00593C8F80430404609F01EFF4D
:10FC50000028DFD1DDF814904C45F6D00BF0FD0004
:10FC600009F1030399F802205146003818BF01201A
:10FC700001F096F90028E8D009F10A0399F8092063
:10FC800004F10A01607A01F08BF90028DDD00B2520
:10FC9000CDE71225CBE70D251FE630251DE6112502
:10FCA0001BE6EB688DF8147006936B7ADB0704D5BE
:10FCB000AB69079301238DF8143041463046FDF7B8
:10FCC000FEFF95F848103046003918BF0121FCF7B7
:10FCD000FFFF95F849103046FCF7EAFF3046FDF784
:10FCE00023F921463046FEF779FB0025F5E500BFF4
:10FCF0007E09002038B50121002009F08DFE05465F
:10FD000008B9FFDFFEE7A030FDF7D3FF1B4B1B7FD9
:10FD10003BB3D8B195F85430053B012B16D8284693
:10FD2000FDF7F5FF044608B1FFDFFEE72846FCF7C4
:10FD300029FF95F854302246214623F00403284633
:10FD400085F85430FEF767FB204638BD0121084690
:10FD500009F062FE054608B9FFDFFEE7A030FDF7B7
:10FD6000A8FF08B90C24EFE72846FDF7D0FF0446AA
:10FD70000028E9D12846FCF705FFE5E72805002023
:10FD800013B504466946008801F00CFE20B12288B4
:10FD90004FF6FF739A4205D1204602B0BDE81040ED
:10FDA000FEF7FFBF02B010BD13B5044669460088D8
:10FDB00001F01DFE28BB9DF8003023BB2046FEF756
:10FDC000F0FFF0B9019B93F82C2202F0FF00E2B99A
:10FDD00040F2E241A2884A438A4218D9A3F81E128F
:10FDE000C3F82422E179A27942EA0122A3F8282269
:10FDF000227A617A42EA0122A3F82A22FF2283F8BA
:10FE00002C2202B010BD1120FBE73A20F9E71220A6
:10FE1000F7E713B5044601F00BFDF8B12046FF24C7
:10FE200001F092FE0023CDE90033684609F02EFE72
:10FE300060B100224FF44033FF24CDE9002368462F
:10FE400009F024FE30B1002002B010BD009B83F801
:10FE50001542EAE7009B83F88240F0E71220F3E7BF
:10FE600073B504466946008801F0C1FD054650BBE4
:10FE70009DF8003053BB019E96F85E3203F0FF05FB
:10FE800033BB96F8D830DB0724D5D4F8023006F51A
:10FE90001172C6F85432D4F80630C6F85832638965
:10FEA000A6F85C3204F10C031C3453F8041BA34283
:10FEB00042F8041BF9D10C2106F50C7009F0C2F9C7
:10FEC000FF2386F85E32284602B070BD0C25FAE7A3
:10FED0003A25F8E71A25F6E730B589B0034600F170
:10FEE00018056A461868083353F8041C1446AB42D8
:10FEF00003C42246F6D11868022320606846ADF894
:10FF00001C30FFF7ADFF04461E22002168460EF0AC
:10FF10000CFA204609B030BDF7B5077804460D4607
:10FF2000EF2F0FD890F901204378002A0ADB82785E
:10FF3000920707D113F010001DD19E0603F00302B3
:10FF400002D51AB112256DE0032AFBD01907F9D4A6
:10FF50002179E278E67942EA0122617942EA0142B6
:10FF6000A17941EA0621267A41EA06418A42E9D886
:10FF70001F2A0FD8E6E713F0600FE3D103F0070262
:10FF8000052A05D003F00F010D22CA40D207D9D5AA
:10FF90001E07DDD5627A013A062AD3D8A27A032A4F
:10FFA000D0D813F0040302D1023A012A03D8E27A2E
:10FFB000012AC7D813B9A37C032BC3D8237DF8B17A
:10FFC000012BBFD1237E012BBCD818B36378D9078E
:10FFD00002D500F03DFB20B36378227D03F01803C7
:10FFE000082B30D1022A1CD10321384609F014FD18
:10FFF000064670B304F0D8FE002835D00C2511E079
:0200000270008C
:10000000022B9FD0A37D013B022B9BD8E37D0F2BBE
:10001000D8D997E700F082FB820709D4237D022B11
:1000200003D11125284603B0F0BDA37D022BF8D0E3
:1000300000F074FB4307C9D4237D032BF1D0A37DCB
:10004000032BC3D1EDE7022ACED0237F002BCBD0E8
:10005000E7E70321384609F0A5FC064640B3154BF7
:1000600093F9201006F070F9304606F0BEFB2146E9
:100070002870E074304606F08BFAE37E0546002BCC
:10008000D0D00028CED10246716C684609F0A4FE9B
:100090002A46706C012109F037FF716C6846042212
:1000A00009F09AFE2A462946706C09F02DFFB9E73F
:1000B0000725B7E7280500202DE9F74306464778CE
:1000C0000321007809F0A8FC0446002852D006F06D
:1000D000AAFB042F054696F8039004D1B9F1000F4E
:1000E0004ED0122013E0606C09F075FFF37800EB3E
:1000F00009081FFA88F86BB9204606F051FB8045C5
:100100000ED9204606F08FFB0028EAD1072003B065
:10011000BDE8F083204606F055FB0028ECD1E0E76F
:1001200041462046FEF7D6FD0028F0D1FB1E012BEC
:1001300022D9B9F1000FD4D0002DD2D1012F04D192
:100140000222616C684609F047FE4B467268012145
:10015000606C09F0A9FE0028D8D0023F012F07D813
:10016000606C09F038FF01210246606C09F0CCFE9A
:100170000020CCE74220CAE785F00102D2B2E0E7D6
:100180000028AED1204604F00FFE0028A9D0606CF4
:1001900009F037FF0028A4D0204606F092FCE7E7DC
:1001A0002DE9F7430746467890F80390032100783D
:1001B00009F032FC0446002845D0406C09F016FFD7
:1001C000FB7800EB09081FFA88F84BB94146204636
:1001D000FEF780FD054650B1284603B0BDE8F08328
:1001E000204606F009FB0028F0D11225F4E7042E82
:1001F000FBD0032E0CD1204606F015FB08BB012EC8
:1002000014BF05220622616C684609F0E5FD08E08E
:10021000B9F1000FE9D0204604F0C6FDA8B9012EBF
:10022000E9D04B467A680021606C09F03DFE70B160
:10023000023E012ED0D842460021606C09F064FED7
:10024000CAE70422DFE74225C6E70C25C4E70725F5
:10025000C2E738B503210546007809F0DDFB044606
:10026000A0B104F0A1FD28B92046691C06F087F969
:10027000002038BD204606F0BFFA08B10C20F8E790
:10028000204606F0B5FA0028EED0F7E74220F0E766
:1002900037B50C460546FEF72DFE002301A9ADF843
:1002A00005508DF804308DF80740FEF751FF03B07C
:1002B00030BD08B5FEF71EFEBDE80840FEF72ABDBA
:1002C00010B50C46022109F0A7FB20B12146BDE87C
:1002D000104007F0ABBC022010BD37B503880446C0
:1002E0000B8098B2638813B9122003B030BD694601
:1002F00001F058FB0028F8D1658842F21072019B8A
:10030000A9B29C695143DA8D62431C8C04FB022222
:100310009142E9D39A699C699442FBD10022A3F8E7
:10032000B450C3F8AC20621E0A44B2FBF4F2C3F826
:10033000B020DAE713B504466946008801F032FBC5
:10034000A0B9019BA27893F86C10914210D07F2144
:1003500083F8860083F8831083F88510E17883F8AA
:100360006D10217983F86C2083F86E1002B010BDF7
:100370000C20FBE737B50D466946144601F012FB29
:1003800060B9019B93F86C20012A09BF93F983207F
:100390000C202A7093F8843008BF237003B030BD5E
:1003A00010B50C46022109F037FB90B1022C12D88F
:1003B00004F00102C4F3400480F8BD2180F8BC4180
:1003C00012B190F8BA310BB9002010BD04F071FBE6
:1003D000FAE70220F9E71220F7E700000278034667
:1003E00072B1427862B142881A2A09D982881A2ADF
:1003F00006D90068034A106000209B8893807047EC
:10040000122070476C09002002680020014B9A609E
:10041000704700BF6C09002002680020014BDA60C1
:10042000704700BF6C09002010B504460078003802
:1004300018BF012007F0BEFD2078003818BF01204A
:1004400004F000FB002010BD10B503210446007825
:1004500009F0E2FA40B16178C1F3400201F0010114
:1004600006F033FB002010BD4220FCE708B5052054
:1004700000F042F908F076FC014B024A5A6208BDCE
:10048000280500207DEA060008B5052000F034F9B3
:1004900007F024FC014B024A5A6208BD28050020DF
:1004A0007DEA0600062000F027B9082000F024B9F4
:1004B00008F05ABC07F01EBC10B5044604B910BDC4
:1004C000236898476468F9E703680BB901607047CF
:1004D0001A465B6813B18A42FAD170478A4218BF44
:1004E0005160704708B505F06DFF04F09FFABDE854
:1004F000084005F015BF08B5022009F0FCFA0020FD
:1005000009F0F9FA09F09AFB00F0CEFCFAF7A2FB29
:1005100008B1FFDFFEE708BDFFF7EDBF08B507F044
:1005200047FDFEF711FFFCF757FBBDE8084003F05D
:1005300069BC08B503F060FC07F032FDFEF704FF6C
:10054000BDE80840FCF75EBB08B5FE20FDF75CFB8C
:10055000BDE80840FFF7E2BF08B5FFF7F5FF08F078
:10056000AAFB08B1FFDFFEE708BD08B504F02AFAD0
:1005700005F0C6FE08B1FFDFFEE70320BDE8084036
:1005800009F0B9BA08B5FFF7F0FF06F023FF08B18C
:10059000FFDFFEE708BDFFF7AEBF08B500F08CFC3B
:1005A000FAF764FB022009F0A6FA0020BDE8084033
:1005B00009F0A1BA08B50122054B1A7005F00AFF2F
:1005C00006F00AFFFFF7E9FFBDE8084001F054BF5D
:1005D0005405002008B5FCF747FBFFF7AAFFFFF71B
:1005E000DCFF08F06AFBBDE8084001F03DBF0000F9
:1005F00010B5074C0C2000F07FF80649201DFFF7CE
:1006000063FF04F108000449BDE81040FFF75CBF38
:1006100054050020C4000020CC00002010B5084C78
:100620000849201DFFF750FF04F108000649FFF7B5
:100630004BFF04F10C000549BDE81040FFF744BF33
:1006400054050020D4000020DC000020E40000203D
:10065000014B1878704700BF5405002010B50720E3
:100660000A4C00F049F80C2000F046F8201D08491B
:10067000FFF72AFF04F108000649FFF725FF04F100
:100680000C000549BDE81040FFF71EBF54050020CF
:10069000F4000020FC000020EC00002010B5064C07
:1006A00001F0A6FE6068FFF707FFFEF7FFFC02F00F
:1006B00071F90123237410BD54050020014B187CEF
:1006C000704700BF5405002010B5064CA068FFF726
:1006D000F3FEE068FFF7F0FEFEF7ACFC00232374A6
:1006E00010BD00BF5405002000487047650500207C
:1006F0000048704767060020C208044900F0070060
:1007000001238340885C03438B5470479000002092
:10071000014BD3E90001704790000020034B18689B
:10072000C0F30020400040F001007047900000201E
:1007300010B5C378044691B163B90388012B01D980
:100740005B08238002F0F6F82388B0FBF3F202FB8B
:100750001300A070E37883F00103E37010BD002B59
:10076000F8D10388FE2BEDD85B009BB2FF2B88BF2E
:10077000FF23E6E7837813B1013BDBB28370B3FA62
:1007800083F0400970470123038040F20113438046
:100790007047000008B50BF0E1FB0023074A32F870
:1007A0002310814205D302EB83029378044A13702D
:1007B00008BD01330C2BF2D10023F7E7E4EC050070
:1007C00069070020024B1878072828BF07207047C8
:1007D000690700200BF0C2BB0B46152203F8032B60
:1007E000D0F80920C1F80320427B1A71704737B551
:1007F00004460D46FEF70AFC00B3A4F5AF700221D3
:1008000003886846ADF8003034F8FA3CADF80230A1
:1008100034F8F83CADF80430FEF784FB08B1FFDF94
:10082000FEE7ADF800009DF80030002063F30700FC
:100830009DF8013063F30F2003B030BD1B232B70F4
:10084000D4F80930C5F803300423ADF80030EAE7E6
:1008500010B54468238884F87411A4F8753194F8AD
:100860006830012B03D0022B01D0FFDFFEE784F8B4
:10087000773194F86930012B03D0022B01D0FFDFD0
:10088000FEE784F8783104F26B10034901F0EEFEC4
:10089000002384F8243110BDD907070038B5436818
:1008A00004460D4693F82421012A0FD11E21FFF79B
:1008B000CFFF636875B1182283F80921092283F8F4
:1008C000882093F8C230CBB9FFDFFEE7002283F81F
:1008D0002421EEE793F88920A2F12401062901D909
:1008E000322A05D10022204683F8892002F0E8F858
:1008F00020461821BDE8384002F02CB9002038BD50
:10090000436893F888200AB1FFDFFEE7242283F8CA
:1009100088207047034610F0010002BFC3F3400374
:100920005B00D8B27047CBB284B0C2B2C1F307212A
:10093000012BC0F3072015D101291BD0012A15D1A5
:10094000012817D011400340880754BF01F001006F
:1009500002209A0754BF03F00103022340EA032058
:1009600004B07047022BE9D10229E6E7022AE9D157
:100970000228E6E71040034019400B46E4E72DE962
:10098000F84F074610461E4642EA0104FFF7C2FF31
:100990008346084692464BEA0404FFF7BBFF8846AD
:1009A0000A9D04438146E4B2003C18BF0124FFF7CE
:1009B000B5FE10EA0A0A18BFDA46FFF7AFFE97F84D
:1009C000683010EA080118BF4946534508BF4FF088
:1009D000000A85F800A097F869308B4208BF002113
:1009E00069705AEA01010BD1B7F87E30013EF61A60
:1009F00047F6FD73B6B29E428CBF002404F001049A
:100A00002046BDE8F88F012803D0831E5842584184
:100A1000400070477FB50B4644681146184694F86D
:100A20006860FFF780FF94F86950C3B2C0F30720F5
:100A3000B34208BF0023854208BF002084F81A3261
:100A400084F81B0204B070BD40680749038800F5B4
:100A5000AF70A0F8093010F8FE3CC37210F8FD3CEE
:100A6000037301F0E5BD00BFEF0707002DE9F0417A
:100A70004D680446884695F81B02FFF7C4FF0646FA
:100A800095F81A02FFF7BFFF95F80F3107467BB9BB
:100A900046EA000313F0FF0308D0284602F07CF872
:100AA000D8F80430B3F87E3003449BB2A5F818326E
:100AB000B5F818320520A670E3701B0A6770237121
:100AC000BDE8F0812DE9F743446805468846914624
:100AD00094F88970002F6AD194F88830283B022B53
:100AE0005FD9394601A800F003FAE0B1019B0DF18E
:100AF0000301DB788DF80330162294F8880002F0A9
:100B000009F8064688B102461621284601F0E9FF99
:100B10003523284684F8893001F0C1FF3E4630462F
:100B200003B0BDE8F0833946E6E798F8013013F0EA
:100B300007022ED098F8023013F0070329D084F86A
:100B4000602084F8613094F82531DBB994F82431C1
:100B5000012B17D094F8602094F869309A4222D182
:100B600094F8612094F868309A421CD16B68022294
:100B700083F82421B4F86630B4F86420A4F828314E
:100B8000A4F826212623284684F8893001F087FF1F
:100B9000C5E74A464146284603B0BDE8F04301F0A8
:100BA000EABF2027BAE72846FFF74EFFEAE701260B
:100BB000B5E770B54468064694F88950A5F124035A
:100BC000062B45D9322D43D0002D3FD194F88830E3
:100BD000292B3DD04B7813F007032DD08A7812F0E3
:100BE000070229D084F8612084F8603094F8253118
:100BF000D3B994F82431012B16D094F8602094F8DE
:100C000069309A421ED194F8612094F868309A4273
:100C100018D10223B4F8642084F82431B4F8663083
:100C2000A4F82621A4F828312623304684F88930F8
:100C300001F035FF284670BD30460978BDE87040A8
:100C400001F088BF3046FFF7FFFEEDE70125F1E731
:100C50002025EFE713B5446894F88830242B22D17F
:100C60004B7813F007021AD08B7813F0070316D0D5
:100C700000218DF804208DF80530ADF80610019A9A
:100C8000D4F82611FFF7C6FE0123002084F8C230F5
:100C90002823A4F8BE0084F8883002B010BD0023D9
:100CA000A4F81A32F0E70120F7E72DE9F04F456884
:100CB00087B0044695F888B0ABF12503D3F100085E
:100CC00048EB0308052A3ED195F88930272B40D1FF
:100CD00089358A784F7802F0070A039207F00709EE
:100CE0000AF1FF3009F1FF3300EA0A0003EA0903C1
:100CF000034340F09780B1F80360FFF70FFD039ABC
:100D0000174307F00707874340F08C805046FFF7F2
:100D100001FE676810B397F8683098421ED097F8C4
:100D200026211AEA020F7DD0BBF1250F16D097F8C5
:100D300061201AEA020F11D102286FD1013B012B69
:100D40000CD9FFDFFEE7414607B0BDE8F04FFFF7E3
:100D5000A5BDBBF1250F5FD18835BAE74846FFF73F
:100D6000D9FD40B197F86930834204D097F8273114
:100D700019EA030F56D005AB384652464946009350
:100D80003346FFF7FCFD63680746F8B993F8242162
:100D9000012A18D101462046FFF75AFD2F706368DB
:100DA00003F18902954202D1002283F88920636809
:100DB00003F1890295422BD1204601F081FE0020EB
:100DC00007B0BDE8F08F83F82401E8E7B3F87E2090
:100DD000A3F86C62013EB61A47F6FD72B6B29642AF
:100DE00006D92822204683F8AB2002F03BF9DEE743
:100DF00093F889200D2A02D00A3A012A01D82A2222
:100E0000F0E7BDF81420A3F86E2229232B70CEE75B
:100E1000002283F8C220D2E70220D1E7012B9DD027
:100E2000022B8ED1414620468EE7436810B593F8D9
:100E300089200446B3F81A12262A15D181B983F8FD
:100E4000891093F82431012B01D1FFF701FD63686C
:100E5000002283F824212046BDE8104001F030BE76
:100E6000292283F88920F6E793F88820282A0DD1D3
:100E700041B983F88810FFF7EBFC6368002283F820
:100E8000C22010BD292283F88820F6E7FFDFFEE7A5
:100E9000436893F88920262A02D00AB1FFDFFEE7D3
:100EA000272283F889207047024B002283F82220F2
:100EB0009A8470476A070020FFF7F6BF044B93F847
:100EC0002220012A1ABF036001200020704700BFC2
:100ED0006A070020054B024693F8221001291BBF28
:100EE00001209A84002083F8220070476A070020BE
:100EF000054B024693F8220020B1136009B19B8C88
:100F00000B800120704700BF6A070020044B0022BD
:100F100093F822009A8410B1012083F822207047B0
:100F20006A070020034B93F82200B0FA80F04009D2
:100F3000704700BF6A0700207047000050B90A4A96
:100F40000120134603F8010B0868C2F801008A88E3
:100F50009A807047012805D1034B0A68D8719A60BE
:100F60008A889A81704700BF9007002050B90B4BC8
:100F7000187888B1D3F80120B3F805300A60012051
:100F80008B807047012806D1044BD87920B19A682C
:100F90009B890A60F3E70020704700BF900700209C
:100FA00030B542401C7808785D7860404C786C40E1
:100FB0009D7820448C786C40DD782044CC786C405F
:100FC0001D795B7920440C7949796C404B40204471
:100FD00018441044B0FA80F0400930BD10B9044BF9
:100FE00018787047012806BF014BD8790020704758
:100FF00090070020F7B58A8800238DF80600ADF829
:10100000042008680B4A8DF807300146147802F571
:10101000A872019DD8B2844201D8082007E052F896
:10102000087F01335668AE4208BF8F42F2D103B049
:10103000F0BD00BFA0070020084B0146002230B5DC
:101040005C7803F20113D0B2844201D8082004E096
:1010500013F8015F01328D42F5D130BDA0070020A9
:10106000024600200139C9B2FF2900D17047535C04
:1010700083F001030344D8B2F4E70000F8B52D4C27
:1010800063782218013B92F80251DBB2834263700D
:1010900030D01A010101961C8F1C2644274406F10A
:1010A000100C56F804EB664547F804EBF9D1823290
:1010B00082312244214402F1100652F8047BB242EC
:1010C00041F8047BF9D1E118221891F8026182F805
:1010D000026106267343704303F5857300F585703E
:1010E000E618E35827182350B388BB8091F83A31AB
:1010F00082F83A312846FFF79FFF082818D1237855
:10110000013BDBB29D42237012D02B3305F12B0241
:1011100004EBC30304EBC20293E8030082E803007C
:101120002078FFF789FF08281CBF241884F8025193
:10113000F8BD00BFA0070020F0B5254D89B095F897
:10114000984105F29911684622460DF01BF9214697
:101150006846FFF785FF0446B8B300EB400102A8DC
:10116000C9B208F06FF8631E95F8A1610124DBB2E3
:1011700095F8981105E0721CB2FBF1F001FB10220A
:10118000D6B206F120020DEB020010F8202C002A46
:10119000F1D103EB430100F8204C06EB460220316D
:1011A0002A44694411F8187C82F8A27111F8177C5E
:1011B00011F8161C82F8A37182F8A411013BAA1938
:1011C000DBB282F89941FF2BD2D109B0F0BD00BF4C
:1011D000A007002010B5094C617804F5A170FFF755
:1011E0003FFF022838BF022084F89801002084F8CD
:1011F000A101BDE81040FFF79FBF00BFA00700207E
:1012000070B50C4D04462E1896F899310BB1FFDFDE
:10121000FEE704EB440401F08DFB2B19020A83F86E
:10122000A201000C83F8A32183F8A401012386F80E
:10123000993170BDA0070020164A30B492F8A13150
:10124000D41894F8991109B9FFDFFEE703EB4301C5
:101250000133114491F8A251057091F8A35191F80E
:10126000A41145708170002184F8991192F89811A9
:10127000B3FBF1F001FB103382F8A13192F8C231D7
:101280002BB9054902F5DD7030BC01F0D4B930BC92
:10129000704700BFA00700203911070070B506464F
:1012A00088B00C46C81C2AB3FFF7C6FF65790D222B
:1012B0000021684605F03F0545F0400565710DF0D9
:1012C00013F8E37804AA69468DF80F303046237985
:1012D0008DF80D508DF80E3004230CF09EFE9DF815
:1012E0001F3023709DF81E3063709DF81D30A37071
:1012F00008B070BD032107F0A5FFD7E7044B5A786B
:10130000824286BF1B1893F84A010020704700BF35
:10131000A0070020044B5A78824286BF1B1893F81E
:1013200042010020704700BFA0070020074B0022A9
:101330004FF461711A8083F8C32183F8C421A3F8A4
:10134000C61183F8C221FFF745BF00BFA0070020E8
:10135000014B83F8C4017047A0070020014B93F8AC
:10136000C4017047A007002010B51446FFF742FEE5
:10137000082813D0FFF760FE094B5A7882420DD936
:1013800004B12070184490F83A3190F84A01012BCA
:1013900008BF40F0010000F0010010BD0120FAE795
:1013A000A00700202DE9F0478246894616461F46D1
:1013B000FFF720FE08288046054603D0FFF73CFED5
:1013C00008284CD1284C6378072B4AD8B8F1080F6D
:1013D00013D125786B1C072D237001D9FFDFFEE7A1
:1013E00005F12B02D9F8000004EBC20344F83200E7
:1013F000B9F8042083F806A09A8094F8018006F1D9
:10140000100208F101034FEA081163704B1C2344DA
:1014100012F8010DB24203F8010FF9D1813107F141
:101420001003214413F8012D9F4201F8012FF9D137
:1014300044441021384600F011FA102184F842018A
:10144000304600F00BFA84F80251002584F84A0176
:1014500084F83A51FFF7BEFE2846BDE8F087122017
:10146000FBE70720F9E700BFA0070020064B10B5F7
:101470005878013840B2002800DA10BDC4B22046C6
:10148000FFF7FCFD601EF5E7A0070020014B587830
:10149000704700BFA0070020014B83F8C3017047CD
:1014A000A0070020014B93F8C3017047A00700205C
:1014B000431E4AF2B7129BB293429DBF024BA3F860
:1014C000C601012000207047A0070020014BB3F89F
:1014D000C6017047A007002008B5FFF78BFD08285C
:1014E00003D0BDE80840FFF7A7BD08BD0A4B30B5E3
:1014F0005C7884420ED9184490F802012B3003EB3B
:10150000C004A5790D7053F8300010600120A38845
:10151000938030BD0020FCE7A007002070B5064690
:101520000D46F7F75FF8F6F76FFB0A4890F8C341EE
:1015300064B1417861B100F1820302303246002D7E
:1015400008BF1846F6F708FBF6F78EFB204670BD7D
:101550000C46FBE7A007002008B5F6F7B3FB18B16F
:10156000BDE80840F6F7C2BB082008BDF6F7AABBE5
:1015700008B5064B024603EB0113012103F182007B
:10158000F6F7EAFABDE80840F6F76EBBA0070020C0
:101590000246074810B590F8C34124B1417821B103
:1015A0000230F6F7D9FA204610BD0C46FBE700BF23
:1015B000A00700202DE9F84F274C9A46804689461F
:1015C00063789346834244D9231893F8425185F0B7
:1015D0000105F9B193F84A31E3B945F00207013545
:1015E000BAF1000F18D1FA070AD5062104EB08104A
:1015F000524601FB0841823001F58571FFF74EFE2E
:10160000BB0723D504EB0810524649460230FFF7CA
:1016100045FE1BE02F46E3E794F8A161002DE2D0E0
:10162000A31993F899312BB9BBF1000F0CD03046B8
:10163000FFF7E6FD013694F89831013DB6FBF3F271
:1016400003FB1266F6B2E9E747F004073846BDE847
:10165000F88F0027FAE700BFA0070020F8B506467C
:10166000174C48B3617804F5A170FFF7F9FC94F8C2
:101670009851074604F299102946FFF7F1FC2D1AFC
:10168000EDB2AF421AD800256278EBB29A4201D887
:101690000120F8BDE21892F842215AB906213246DB
:1016A00001FB034104EB031301F5857103F1820093
:1016B000FFF7F4FD0135E7E70546E5E70020E8E739
:1016C000A0070020F0B51B4E89B007460D46737881
:1016D00083422CD9331893F8424144BB0D22214652
:1016E00068460CF001FEEB7806EB071004AA8DF8B3
:1016F0000F3069462B7982308DF80E306B798DF87A
:101700000D3004230CF089FC2A789DF81F309A4292
:101710000AD16A789DF81E309A4205D1AC789DF8BE
:101720001D30E31A5C425C41204609B0F0BD002048
:10173000FBE700BFA0070020074B5A78824209D977
:101740001A1892F842212AB9062202FB003000F54D
:101750008570704700207047A0070020064B5A781C
:10176000824281BF1B1893F83A01B0FA80F0400919
:1017700098BF0020704700BFA0070020F8B50E46B4
:10178000074606211546304600F068F8044670B159
:101790000C4B0022587803F23913D1B2884202D898
:1017A00001242046F8BD013203F8015FF5E7314618
:1017B0003846FFF791FE0828F3D0024B034483F824
:1017C0003A51EDE7A007002070B5054652B3174C1B
:1017D00094F8A10194F89831461CB6FBF3F203FB90
:1017E0001266231893F8993131B91BB1344494F837
:1017F00099315BB9184670BD0BB9FFF701FD344450
:1018000094F8993113B9F0B2FFF7FAFC2846FFF7C4
:1018100013FDE81CFFF710FD6B7903F03F036B71BC
:101820000123E7E7062107F00DFDF5E7A0070020FB
:1018300070B503791F2B0FD8461E051D002416F81E
:10184000010F01F0DDF80444AE42E4B2F7D1012CFF
:1018500094BF0020012070BD0020FCE7014400235C
:10186000884203D1B3FA83F04009704710F8012B86
:101870001343F5E7F8B505460C46D0E904760BF0BE
:1018800015FD08B9FFDFFEE7E4B1D5E90423D21B5B
:1018900063EB0603012A73F100014FF0000113DB33
:1018A0006FF001009042994101DAFFDFFEE7631E0D
:1018B0001344B3FBF4F35C43E41946F10006C5E9B5
:1018C00004461C462046F8BD0C46FBE7022905D11C
:1018D0003C2808D980100F3880B27047702802D990
:1018E000C0100E38F8E70020704738B50D460446A2
:1018F000FEF714FF2B78002B08BF034684F86430F2
:101900006B78002B08BF034684F865306B88A4F819
:10191000663038BD0129034603D0022909D0FFDF14
:10192000FEE740F2E24240F6C410002B08BF10462A
:10193000704740F6C410704780F87410704700007C
:101940000B2801D9FFDFFEE7014B33F81000704789
:1019500014ED050030B5002442F21075A0F84040A7
:10196000B0F844404C43B4FBF2F4A0F84440541E99
:1019700005FB0343B3FBF2F3A0F84230084BB3FB83
:10198000F2F30133A0F84830838F05FB0344436B27
:101990005943B4FBF2F4B1FBF2F18463416330BD0F
:1019A000005A620238B50C460021054608F034F8AA
:1019B000606018B100230020237038BD0221284642
:1019C00008F02AF8606008B10123F4E70220F4E788
:1019D000436893F88700C0B293F8AA302BB900F09F
:1019E000FB00003818BF012070470020704710B579
:1019F0000C46FFF7D7FF38B92046FFF7E9FF80F024
:101A000001004000C0B210BD0220FCE770B50446E2
:101A10000D4641BB4FF426720CF066FC012384F89E
:101A2000DE5084F890306FF0360384F8D930042308
:101A300084F8DA306FF03B0384F8DB306F2384F8EE
:101A4000DC306FF03C0384F8DD306FF07F0384F806
:101A5000DF302B2384F8D830FE2384F80E317F2327
:101A600084F8833070BD012911D10023A0F8C4315E
:101A700080F8BB3140F6B8338269A0F8B430114623
:101A8000438C04F17800BDE87040FFF763BF022982
:101A9000E8D1B0F87A32D0F874228169F1E770B5F4
:101AA00004460D4641BB4FF418720CF01DFC012397
:101AB00084F8DE5084F890306FF0360384F8D93023
:101AC000042384F8DA306FF03B0384F8DB306F23B3
:101AD00084F8DC306FF03C0384F8DD306FF07F0376
:101AE00084F8DF302B2384F8D830FE2384F80E31BD
:101AF0007F2384F8833070BD01290CD140F6B833C0
:101B00008269A0F8B4301146438C04F17800BDE836
:101B10007040FFF71FBF0229EDD1B0F82A32D0F88C
:101B200024228169F1E70000054B1B7833B9054B8E
:101B30001A681B790260037101207047002070470A
:101B40006809002098000020054BFF221A70054A02
:101B5000016811600179117100221A70704700BF8D
:101B6000680900209800002007B5064A106812791D
:101B7000009068468DF80420FFF7E6FF03B05DF89B
:101B800004FB00BF7AF00500C2B292FAA2F2030A87
:101B900093FAA3F31B0E100E40EA032070470131A5
:101BA00005300022C9B270B510F8013F8B4214D342
:101BB00010F8054C0023012505FA03F626421CBF48
:101BC00001F1FF31C9B259B10133082BF4D101320F
:101BD000D2B2052AE8D1FFDFFEE7C91AC9B2F6E79B
:101BE00003EBC200C0B270BD0B6870B5C0F8013025
:101BF00004460B790546461D03F01F03437100237D
:101C0000C37215F8010F00F0FBFE6871B542E37A6C
:101C10001844E072F5D170BD81EA114170B58CB203
:101C20000546C17A032682EA0400FFF7ADFF013EB4
:101C300000EB001016F0FF0604EB000290B2F4D1A6
:101C400044402522B4FBF2F302FB1343C3F3C40266
:101C5000D8B203F007032A445678012202FA03F3AC
:101C60001E4207D161432846C1F30741BDE87040D9
:101C7000FFF795BF70BDF8B590F8235004466B1E72
:101C8000242B01D9FFDFFEE7DAB1007E002843D123
:101C900094F8253094F8241002FB01322523B2FB7E
:101CA000F3F103FB1123DBB204EBD30203F00706CD
:101CB00084F82530517E0122B240114202D084F8CE
:101CC0002630F8BDB3FBF5F205FB123304F11D011C
:101CD000013303F0FF0311F8012F9A4219D311F8D1
:101CE000055C0022012606FA02F72F4208D0013BCC
:101CF00013F0FF0304D102EBC00284F82620E0E7D2
:101D00000132082AEFD10130C0B20528E3D1FFDF4C
:101D1000FEE79B1ADBB2F6E7E28804F11800C96916
:101D2000FFF77AFF84F82600CBE7034612EA0100AA
:101D300003D013F03F0018BF012070474078704770
:101D4000D0F803300B60B0F807308B807047037811
:101D5000890123F0400301F040010B4303707047F9
:101D60000078C0F380107047037803F07F0343EAE4
:101D7000C113037070470078C00970471F2A38B537
:101D80000546144601D9FFDFFEE7063409300CF0A2
:101D9000F9FA6C7038BDFFF7F1BF0378024603F023
:101DA0000F03032B3ED0052B42D1C37F90F82000B8
:101DB000034392F82100034392F82200034392F870
:101DC000230000F01F00184333D05378222B2FD16B
:101DD000B2F81930B1B1B3F5506F13D940F60751CD
:101DE0008B4225D8B2F81B30B3F5FA7F20D2B2F877
:101DF0001D0040F676430A3880B298428CBF00201E
:101E000001207047991F40F67A4089B281420FD86D
:101E1000917D481E07280BD8994209D2B2F81710B5
:101E20009942DEE74078A0F10C03584258417047D0
:101E300000207047F8B5C7780D4617F03F0600F050
:101E40008780072900F28480DFE801F0040E172064
:101E500029323B44017901223846FFF766FF00280A
:101E60000CBF00200520F8BD017902223846FFF79B
:101E70005CFF0028F7D005245AE001790422384697
:101E8000FFF753FF0028EED0052448E0017908222F
:101E90003846FFF74AFF0028E5D0052439E00179EC
:101EA00010223846FFF741FF0028DCD0052429E046
:101EB000017920223846FFF738FF0028D3D02C467E
:101EC00018E0017940223846FFF72FFF0028CAD0DA
:101ED000052406E0017940223846FFF726FF441D1D
:101EE000E4B220223846FFF720FF00EBC00004EBED
:101EF0004004E4B210223846FFF717FF00EB400021
:101F00000444E4B208223846FFF70FFF04EB400414
:101F1000E4B204223846FFF708FF0444E4B2022288
:101F20003846FFF702FF00EB400004EB4004E4B248
:101F300001223846FFF7F9FE072D00EB400004EBC5
:101F40004000C0B28FD1031FB342C8BF00208AE750
:101F5000002088E770B50C46064611461D460CB9B0
:101F6000FFDFFEE7FFF766FF08B9FFDFFEE7031FAD
:101F70002B443F2B01DDFFDFFEE72A46214630449C
:101F8000BDE870400CF0FEB910B50446FFF752FFF3
:101F900000B1204410BDC07800F03F007047C37806
:101FA00003F03F0343EA8113C370704730B5C1F3B8
:101FB0008003C1F38014C1F340052344C1F300142E
:101FC00004EB44042344C1F3401404EBC40403EBC6
:101FD0004403C1F300042C44C1F3C005134404EBD3
:101FE00044042C4403EB440313F0FF031CBF0133F0
:101FF0000171C17818BFDBB221F03F0103F03F044B
:102000002143C170591C41701AB104339B1A013A23
:10201000C25430BD70B5C4780646154604F03F047E
:102020001319FE2B01DDFFDFFEE70135201D2C44D7
:1020300030440CF0A7F9747070BD4378C278013B4E
:1020400002F03F02981AC0B27047F8B50D46194623
:1020500017460646FFF7F1FF441AE4B2BC4228BF18
:102060003C464DB1F278284602F03F02043211445A
:10207000224631440CF086F92046F8BD2DE9F047A0
:10208000C678012201793046FFF74FFE022205464D
:102090003046FFF74AFE202282463046FFF745FED3
:1020A000082207463046FFF740FE102281463046A0
:1020B000FFF73BFE042204463046FFF736FE40227F
:1020C00080463046FFF731FE05EB0A0307EBC707F2
:1020D000804404EB4404B94403EB430304EB0800DD
:1020E0004B4400EB430010F0FF001CBF0130C0B2B6
:1020F000BDE8F08738B5C5780446AB09032B1ED080
:1021000005F03F054378AB4219D9FFF7B7FFA84266
:1021100015D895B12379DB060FD504212046FFF7AA
:1021200033FF48B1037803F03F03242B07D88078AE
:102130005F288CBF0020012038BD0120FCE7002073
:10214000FAE70278437802F00F02072A12D8DFE894
:1021500002F0080408111111080E0C3B58425841B6
:102160007047063B1F2B8CBF0020012070470BB12E
:10217000FFF7C0BF00207047027802F00F02072A65
:102180000AD0082A0AD0042A0ED1407806381F281F
:102190008CBF002001207047FFF7ACBF4078A0F152
:1021A0000E035842584170470020704703460846C6
:1021B00071B13F2B0BD8074AD35C03F07F029142E9
:1021C00005D08CBF0120002000EAD3107047012009
:1021D000704700BF2CED05008388A1B1B3F5506FA7
:1021E00011D940F6075293421CD8C388B3F5FA7F41
:1021F00018D2008940F676430A3880B298428CBFE4
:102200000020012070479A1F40F67A4192B28A421C
:1022100008D84278511E072904D89A4202D242882F
:102220009A42E1E70020704737B50C466946FFF750
:10223000B9FB10B1002003B030BD019B21461D69E0
:10224000284607F04EF801460028F3D0284607F04C
:1022500084F90330EFE700002DE9F7430C466946A7
:102260009146FFF79FFB054620B9019F2CB901233A
:1022700087F88F3003B0BDE8F083D7F8108021468F
:10228000404607F02EF8064610B3124B5B88A34277
:102290001ED30146404607F060F90223A0F8015022
:1022A0000370304607F061F9214680F809904046F6
:1022B00007F04FF808B9FFDFFEE79DF800302BB1BB
:1022C0006846FCF796FE019BA3F8B2510023CFE7C6
:1022D000FFDFFEE76C09002073B50E466946FFF785
:1022E00061FBB8B9019B5C69204607F08FF8054691
:1022F000F11E204607F035F985420DD1204607F042
:1023000090F8204607F082F820B107F02EF9037903
:10231000002BF3D102B070BD07F027F90123037140
:10232000F8E70000FF230B7002234B7083238B70B0
:10233000014B1B78CB707047840900202DE9F843CE
:10234000D0F8048007460D46D8F81490484607F0A8
:10235000F6F8064608B9FFDFFEE70146484607F0F3
:10236000FCF83688B2B20AB9FFDFFEE70C4BC41C9A
:10237000B8F800001B684BB9B8F800304846EE804A
:10238000AB8007F0F4F838B9FFDFFEE72146984745
:102390000028F1D1BDE8F88300232C603B71F9E7F8
:1023A0000C0E002038B5104C10220021201D0BF01F
:1023B0009BFF0125257404F108031022002104F17C
:1023C0001400C4E901330BF08FFF84F8205004F1AE
:1023D0001803064AC4E9053300236362A36284F844
:1023E0002C301360236338BD840900200C0E0020BC
:1023F00010B5064C2378FF2B01D0FFDFFEE70BF072
:102400006DFE2070BDE81040FFF7CCBF9D0000209E
:1024100010B5034C20780BF079FEFF23237010BD1C
:102420009D000020FFF7BEBF014B18780BF07ABE6D
:102430009D00002010B409B9FFDFFEE74A600B726F
:10244000EFF3108472B6031D0B6042681AB1127A62
:10245000012A08BF036003681960016004B962B60D
:1024600010BCFFF7E1BF0000014B024A1A60704741
:10247000100E00203D230700014B024A1A607047EE
:10248000100E00203D230700F7B50546504FBB68EE
:10249000BC69227A012A1DD13A6B3AB1137A0BB981
:1024A000FFDFFEE73C6BBCB900207DE01A7A012A11
:1024B000FAD01C46474AEFF3108172B650680068A4
:1024C000506001B962B6A34208BF3C63237A1BB9CE
:1024D000FFDFFEE7404AEEE7267AF6B205232372D5
:1024E000731E0B2B66D8DFE803F063061F316165AE
:1024F00039656565655663680BB9FFDFFEE7204601
:10250000294698470420EFF3108272B6237A052BF0
:10251000D9B253D100232372396BA14200D13B635E
:10252000002A34D162B632E063680BB9FFDFFEE700
:102530002946204698470346ADF80400C0B2C3F3CD
:102540000723012B2ED0022BDDD11BE063680BB9D2
:10255000FFDFFEE7204698470020D4E763680BB909
:10256000FFDFFEE70D222A7001221988AA706A7126
:102570000022A5F80310AA71627A1869EA7106F0C0
:1025800050FF04203B6BA34201D100233B63002892
:102590003FF47DAF08E0114B294620461B68984761
:1025A000034648B9267270B103B0F0BDFFDFFEE705
:1025B000FFDFFEE7FFDFFEE70220E3E709B9FFDF09
:1025C000FEE70020ACE7002B7FF461AF6CE700BFB3
:1025D000840900208809002098090020100E00209E
:1025E000014B1860704700BF0C0E00201346027AA2
:1025F0000AB1FFDFFEE70A4601460148FFF71ABFAE
:10260000880900200222FFF7F1BF000003460648B8
:1026100090F834203AB190F82C2022B9034900F800
:10262000243BFFF7EFBF70478409002025230700F4
:102630000322FFF7DBBF0422FFF7D8BF0A46037A65
:102640000BB1FFDFFEE7014607230148FFF7F2BEAB
:10265000980900201346027A0AB1037270470A46AD
:1026600001460148FFF7E6BE880900200222FFF775
:10267000F1BF0322FFF7EEBF012903D10E30C000E6
:1026800080B27047022902D10F308000F8E7FFDFE7
:10269000FEE7A0F5A17014230B700388A1F80330A6
:1026A000838FA1F80530B0F84030A1F80730C38F10
:1026B000A1F80930B0F84230A1F80B30704730B5BE
:1026C00087B004460D46FCF7A9FC78B36FF4A573F8
:1026D00069461C4424882046FCF7F5FE08B1FFDF5C
:1026E000FEE7BDF8063003A8ADF80C40ADF80E309B
:1026F000BDF80830ADF81030BDF80230ADF812303A
:10270000BDF80430ADF81430FCF7DBFE08B1FFDF94
:10271000FEE7ADF80C009DF80C30002063F30700D5
:102720009DF80D3063F30F2007B030BD2B461A2201
:1027300003F8032BD4F80920C5F80320D4F80D20A2
:102740005A60B4F811201A810423ADF80C30E2E786
:1027500040687047C08A70478A880B8910B5CC885A
:102760004988A0F85440A0F85010A0F85220A0F8D2
:10277000563010BD8383BDF8003001834283C3838C
:10278000704700001B234FF01B1283840384826177
:102790008382C260038539B94FF4A473034AC384AA
:1027A0004384C261C3820261704700BF480148018F
:1027B00003460846F0B4B3F85420B3F84840B3F8E1
:1027C00056109442B3F84460DF8F28BF1446B3F824
:1027D0004C20B3F842508A42DC8728BF0A46B3F83F
:1027E00046109142A3F8422038BF1146A64238BF96
:1027F0002646A742A3F84610A3F844601FD1AA1AA0
:1028000018BF0122B3F84A50B3F85040B3F85270E1
:10281000A5429E8FB3F8401028BF2546B3F84E401E
:10282000BC429D8728BF3C46AE42A3F8404002D13F
:10283000A14200D12AB10449F0BCFFF717BF012221
:10284000E0E7F0BC704700BF932607000B8BA2F8AF
:1028500009001046A2F80B304B8BA2F80D308B8B81
:10286000A2F80F30CB8B0249A2F81130FFF7E0BE7F
:10287000BF260700C28B08B50346408C824228BFA2
:102880000246187AFFF7F8FE5B89934228BF134689
:10289000984238BF184680B208BDF8B507460E46C4
:1028A00080891946FFF7E8FE054638461446FFF7CB
:1028B000E1FF85429DF8181028BF0546B88AFFF74A
:1028C000DBFEFB8AADB2834228BF0346A01D9BB24C
:1028D00030442B441844F8BD07B590F86930002205
:1028E00096213030009390F83830FFF7D6FF03B0D0
:1028F0005DF804FB38B514460D4619469634FFF7CB
:10290000EBFF2044A84294BF281A002038BD38B5F8
:102910000D4611460446FFF7DFFF2844606338BDCB
:1029200001F19C0383423DBF9C38401A40080020BF
:1029300070470000094AD2E90003434083EAB0111E
:1029400081EA43214FEAF34311605360044B58433B
:102950004FEAF06000EB8000704700BFBC09002028
:10296000BB79379E094AD2E90003434083EAB0119C
:1029700081EA43214FEAF34311605360044B58430B
:102980004FEAF06000EB8000704700BFA00000201D
:10299000BB79379E10B50A4C0821094806F052FC55
:1029A000D4E900321343F7D0064CFFF7DBFF206079
:1029B000FFF7D8FF236860601843F6D010BD00BF52
:1029C000A0000020BC09002000F05533400800F0B2
:1029D0005530034403F033329B0803F033331A4479
:1029E00002F00F33120902F00F32134403F0FF100C
:1029F0001B0A03F0FF13184400EB1040C0B27047ED
:102A000000F05503400800F05500034403F0330084
:102A10009B0803F03303034403F00F0000EB131093
:102A2000704780EA6000FFF7CFBF32280CD006D88D
:102A3000162818BF012894BF012000207047A0F17C
:102A40003E035842584170470120704708B502467E
:102A5000FFF7EBFF40B10846FFF7E7FF20B18A42DE
:102A60000CBF23202A2008BD8A420DD1A2F13000DC
:102A7000C0B20B2808D840F62103C34013F0010F61
:102A80000CBF00202320EEE70020ECE74368002283
:102A900083F8882083F8C220A3F8BE20704703780B
:102AA00042682BB9A2F8C430012382F8C6307047BF
:102AB0000023A2F8C43092F8C63001335BB2F4E7C9
:102AC0000378426813B982F8C630704792F8C6306E
:102AD000013B5BB2002B82F8C63001DAFFDFFEE774
:102AE0007047436883F80B1183F80A217047A0F1FF
:102AF0000A03042B0CD9A0F14703012B08D9A0F13C
:102B00002403322818BF062B94BF012000207047F1
:102B10000120704738B5A0F10B0314460D46DBB217
:102B20002046432B96BF0A4AFE21D15CFFF78EFF59
:102B300068B965B12978272907D03F2908BF3E2108
:102B40002046BDE83840FFF781BF2621F8E738BDB1
:102B50006CED05004268936F10B513F0080408D1BE
:102B600043F0080382F808119367FFF798FF2046A7
:102B700010BD0120FCE7436810B593F889404CB9BB
:102B80000A7883F80821032283F88920FFF787FF5A
:102B9000204610BD0124FBE7008C063080B2704750
:102BA000174B184A9A60184ADA62184A1A61184A8A
:102BB0005A61184A9A61184A1A63184A5A62184A9E
:102BC000DA64184A9A64184A9A63184B184A9A6049
:102BD000184A1A62184A5A60184A1A60184A9A62C1
:102BE000184ADA62184ADA60184A9A61184A1A636F
:102BF000184A9A64184ADA64184A5A62704700BF41
:102C0000140E0020B5300700D3350700A1350700AA
:102C100065350700F1350700253B0700E53807005B
:102C2000253A07004D3A070085380700140F0020A9
:102C3000D1300700DD39070031310700BB32070012
:102C400027380700553607004138070011380700BC
:102C5000D13B0700913A07007F3A0700F13907009E
:102C6000174B184A9A60184A5A60184A1A60184A4C
:102C70009A62184ADA62184ADA60184A9A61184A5F
:102C80001A63184A1A62184ADA64184A9A64184A87
:102C90005A62184B184A9A60184A5A62184ADA62FD
:102CA000184A1A61184A5A61184A9A61184A1A63EE
:102CB000184A9A64184ADA64184A9A63704700BF3F
:102CC00014100020B5300700E53007002B32070054
:102CD0007136070049370700A13607005F37070044
:102CE000253B070085380700253A07004D3A0700C5
:102CF000E538070014110020D1300700F139070032
:102D0000813707002D3707009D370700B5370700CB
:102D1000D13B0700913A07007F3A0700DD390700F1
:102D2000054B064A1A65064A5A65064B064A1A6555
:102D3000064A5A65704700BF140E00205D33070035
:102D40002F330700140F00201B330700F533070053
:102D5000044B054A5A65054B054A1A65054A5A65EA
:102D6000704700BF14100020153407001411002014
:102D70001B33070043340700054B064A9A65064A91
:102D8000DA65064B064A9A65064A1A66704700BF1E
:102D9000140E0020C50A0700550C0700140F002070
:102DA000010907002B0E0700054B064A9A65064AE3
:102DB0001A66064B064A9A65064ADA65704700BFEE
:102DC00014100020B30B0700AB0C070014110020F7
:102DD00001090700910E070070B505460C46182A38
:102DE00000F2EB80DFE802F00D425D6984EBEB94CA
:102DF000969DEBEBA0AC96E9E9B0EBEBC4C4DDDD4E
:102E0000E400456840F2E240D5F82412B5F81E22ED
:102E1000B1FBF0F3B2FBF0F22371C3F3072362704E
:102E20006371B5F82832A3711B0AE371B5F82A3231
:102E300023721B0A637295F80F3133B905F50773D6
:102E400005F50872284600F07DF9B5F81C3240F20D
:102E5000E2420C20A3721B0AE372D5F82032B3FBC6
:102E6000F2F3A370C3F30723E37070BD4668D6F88E
:102E70001032C1F8013096F814324B71406890F866
:102E80000F313BB9FFF788FE6B68B3F87E3018440A
:102E9000A6F81602B6F816320820A3711B0AE371D1
:102EA000E3E70378012B436802D193F8103101E086
:102EB00093F8193102206370D7E743681720D3F8DD
:102EC0005422C1F80120D3F85822C1F80520B3F8E4
:102ED0005C22A1F80920D3F83422C1F80B20D3F8E2
:102EE0003822C1F80F20D3F80031C1F81330BCE705
:102EF0004268D2F8CE31C1F80130D2F8D231C1F8EF
:102F0000053043680D20D3F80431C1F80930ACE72F
:102F10004368CAE7084600F031FD0028A5D1FFDF6D
:102F2000FEE700F03DFDF8E7102306204B70592323
:102F30008B700023CB700D230B7131234B7194E701
:102F4000436893F80A31B5E70278436852B993F8B9
:102F500010213AB193F80D214A7093F80C310320F7
:102F6000A37082E793F80B21627093F80A31F6E7B9
:102F700042680920B2F854304B701B0A8B70B2F8CB
:102F80001231CB701B0A0B71B2F850304B711B0A17
:102F90008B71B2F8103192F810211B0ACA710B72B2
:102FA00063E7436893F826214A7093F82731D6E700
:102FB00001462046FDF75AFDAFE7FFDFFEE701209F
:102FC00053E700003F289ABF024B53F8200000202F
:102FD000704700BF140E00203F289ABF024B53F8E1
:102FE00020000020704700BF141000203F289ABF27
:102FF000024B53F820000020704700BF140F002040
:103000003F289ABF024B53F820000020704700BFB2
:103010001411002030F8023C73B504460D4630F818
:10302000A26C63B101226846ADF801608DF8002002
:10303000ADF80330FCF702F908B1FFDFFEE70A2321
:10304000A5F803602B70002354F88E0CAB70637AE4
:103050006B7106F0F0F908B9FFDFFEE7042002B05B
:1030600070BD0000F7B5456804464FF6FF772E693E
:103070000DF102010DF101023046ADF8027006F0CB
:1030800081F901A9304606F09FF940B1019806F098
:103090006CFA616800220272FFF7D0FAE8E704498F
:1030A00005F1A20003B0BDE8F040FFF7C1BA00BFD0
:1030B000153007004368002093F88A20063A012A59
:1030C00081BF4A7883F88B20062283F88A207047D4
:1030D000426892F88A30063B012B84BF072382F8AE
:1030E0008A307047426870B592F88950F5B9CB883C
:1030F000B2F87E60A2F86C32013B9B1B47F6FD766E
:103100009BB2B34206D9282382F8AB30FFF7AAFF5F
:10311000284670BDD1F80130C2F86E324B7982F882
:1031200072320A22436883F88920F1E70125EFE72C
:10313000436893F888200AB1FFDFFEE70B2283F88B
:10314000882070472DE9F74F06468946904601933F
:10315000FFF722FDD6F8CC7104465FB90023C8F80A
:103160000030B6F87E3023449CB2019B1C8003B033
:10317000BDE8F08F00F052FE0028EFD1D6F818C05D
:10318000D6E96C320CFB04FE1EEB030ED7E90213EA
:1031900042F100020B44D7E900155B1845F1000528
:1031A000734575EB020112D2BEEB03016FF0010B08
:1031B00062EB050A8B4570EB0A0A01D2FFDFFEE7DE
:1031C0003869471E3944B1FBF0F1E0FB0135B3EB40
:1031D0000E0365EB02056FF001029A424FF0000208
:1031E000AA4101D2FFDFFEE7B3FBF9F209FB12337C
:1031F000B3FBFCF291B20CFB1133C8F80030B6F807
:103200007E301C441444A4B2AFE70B46082203F8F6
:10321000032BD0F80920C1F80320D0F80D205A6004
:10322000427C1A720023CB707047436870B593F8E4
:10323000895006460C46002D3DD129462046FEF712
:10324000CBFF28B921783046BDE87040FFF782BC3B
:1032500072686389B2F87E10A2F86C32013B5B1A87
:1032600047F6FD719BB28B4207D92823304682F87E
:10327000AB30FFF7F7FE284670BDA38840F2E2416D
:103280004B43C2F874326378C3EB431003EB800303
:1032900003EB83035B00A2F86E3263884B43C2F8F2
:1032A0007032E388A2F878322389A2F87A320D23AB
:1032B00082F88930DFE70125DDE7436893F888204D
:1032C0000AB1FFDFFEE70D2283F88820704737B58B
:1032D0000C46B1F8051005461A291CD9B4F8073078
:1032E000B3F5A47F17D3B4F801201A2A13D9B4F880
:1032F0000300B0F5A47F0ED36C68009004F1300099
:10330000FFF738FA6968204601F5A171FFF750FA16
:10331000012003B030BD0020FBE7436893F888200C
:103320000AB1FFDFFEE7212283F88820704738B515
:103330004568044695F88830213B022B0CD8FFF7EE
:10334000C6FF18B10421606804F088FE002085F8EB
:10335000C20085F8880038BD0120FCE7F7B50446B7
:10336000406890F88950002D42D1B1F805601A2EBE
:1033700004D9B1F80730B3F5A47F05D2204603B0D5
:10338000BDE8F040FFF7F7BBB1F801701A2FF5D98F
:10339000B1F803C0BCF5A47FF0D33A4631463030D3
:1033A000CDF800C0FFF7E6F9636893F88820212A7A
:1033B00009D16368232283F889202046FFF76FFB39
:1033C000284603B0F0BD93F81B31002BF1D16368A0
:1033D00093F81A31002BECD162682223114682F84F
:1033E000893002F24B1231F8300BFFF72FFAE4E785
:1033F0000125E5E74368002210B5044683F88920DB
:10340000A3F8C420FFF75CFB60680421BDE810400E
:1034100004F024BE38B54568044695F88830213B51
:10342000022B0CD8FFF753FF18B10621606801F09A
:10343000A1FB002085F8C20085F8880038BD012076
:10344000FCE74268936FD90610B5044601D4FFDF4C
:10345000FEE7990601D5FFDFFEE723F0100393672F
:10346000FFF72EFB60680621BDE8104001F082BB2B
:103470000B230B70D0F80930C1F8023070470B46AF
:103480000C2203F8022BB0F809204A80C27A9A7005
:1034900070470000F0B5044685B00D46FF2600F8E1
:1034A000A96C10F8AA3CE3B1164F3B780BB1FFDFD3
:1034B000FEE70C21381D05F0C5FE3E70002304F820
:1034C000A93C09232A4602F8033BD4F80930C5F881
:1034D0000330D4F80D305360D4F81130936005B048
:1034E000F0BD01A80C2105F0ADFEA4F5BE73039A52
:1034F0001A6001AB03CB44F8B20C44F8AE1C04F8DC
:10350000AA6CDBE7C409002010B5054C23782BB961
:103510000C21201D05F096FEFF23237010BD00BF77
:10352000C4090020024690F8D631BBB990F8D731D3
:1035300003F0FF010BB100207047094B18780028F9
:10354000F9D01970D9680433C2F8041103CBC2F85A
:10355000CE01C2F8D211FF2382F8D6310120704784
:10356000C409002010B50446406890F888301A2B32
:1035700014D100F1F00200F50D71052300F5117072
:103580000AF04BFD636801220020002183F88D20A2
:103590001D22C3E9380183F8882010BD0220FCE712
:1035A000436893F88820142A11D1D1F80120C3F878
:1035B0003C22D1F80520C3F8402243680020D1F80E
:1035C0000920C3F804211A2283F8882070470220BA
:1035D0007047436893F88820102A05BF0020132203
:1035E000022083F88D0008BF83F888207047000010
:1035F00038B54368044693F888201F2A24D1002256
:1036000083F8C72083F8C22083F85E22436893F8CA
:10361000C81003F29F101D8869B10C4983F8C820B7
:10362000A3F8A95183F8A821FEF7ECFF63680020F6
:1036300083F8880038BD012283F8A811A3F8A951A6
:10364000034983F8AB21EFE70220F3E77F3407005B
:1036500071340700436893F88820132A01D0FFDFF4
:10366000FEE7012283F8C820122283F888207047E1
:1036700038B54368054693F8894034B1113C0F2CA6
:103680008CBF01240824204638BD93F88E30002BCF
:10369000F9D0FFF704FA6B68112283F88920F2E76A
:1036A000426838B592F8893004460D463BB1132B79
:1036B00005D0113B0F2B8CBF0120082038BD92F89C
:1036C000C83013B92046FFF7EAF96268D5F80B3025
:1036D000C2F8C631D5F80F30C2F8CA316368D5F8E0
:1036E0001320C3F800211A88A3F88922D5F80120F5
:1036F000C3F88B22D5F80520C3F88F226368B5F88C
:103700000920A3F893226368002583F8D6516068E6
:10371000054900F52070FEF775FF636816222846FC
:1037200083F88920CAE700BF95340700436893F8FF
:103730008920162A01D0FFDFFEE7012283F8C72087
:10374000182283F889207047436893F88920122A49
:1037500005BF13220020022083F8892070474368A8
:1037600010B593F8893004461C2B07D1FFF7A8F950
:1037700063682022002083F8892010BD0220FCE726
:10378000436893F88920112A01D0FFDFFEE7012268
:1037900083F8C720122283F889207047436893F882
:1037A0008920182A01D0FFDFFEE71C2283F8892038
:1037B0007047000038B54368044693F88920202AF2
:1037C00001D0FFDFFEE7002293F8C8101D8803F246
:1037D0009F1083F8C72069B10B4983F8C820A3F86C
:1037E000A95183F8A821FEF70DFF6368002283F832
:1037F000892038BD012283F8A811A3F8A9510349F3
:1038000083F8AB21EFE700BF7F3407007134070076
:10381000436893F888201D2A01D0FFDFFEE71F22AE
:1038200083F888207047436893F888200AB1FFDF47
:10383000FEE7012283F8C720102283F88820704712
:10384000436893F8882022B193F8C8200AB9FFDFB3
:10385000FEE7012283F8C720142283F888207047EE
:103860000B46072203F8032BD0F80920C1F80320E8
:10387000D0F80D205A60B0F811201A81C27C9A72DB
:103880007047000038B50578446825B994F8893048
:1038900023B101201BE0A36FDB07FAD4D1F801208C
:1038A0000E4BD1F8051013400D4AC4F8D830C3F3BD
:1038B00007630A4043F00803C4F8DC2084F8DB30D7
:1038C000FFF7EDF825B9042384F88930002038BDCE
:1038D000A36F43F00103A367F8E700BF2FC904F704
:1038E0006FDB008038B5436893F88820042A30D114
:1038F000D1F801204C1CD1F80550C3F8D820C2F3F0
:103900000762C3F8DC5042F0080283F8DB20002293
:1039100083F8C22083F8882002780AB983F82B2123
:1039200093F8812102F0FF000AB1002038BD1A8807
:1039300083F8820103F27910A3F88321D1F80120E2
:103940000549C3F885216268C3F88921FEF75AFE4C
:10395000EBE70120EAE700BF61380700406890F814
:10396000813143B9038800F27910034943811A2356
:103970004372FEF747BE70476138070010B5044632
:10398000FCF7C6FE044A054B024009200B40C4F870
:103990000120C4F8053010BD2FC904F76FDB00808B
:1039A00037B50C464568FCF7B3FE0A4B0A4A03409C
:1039B0000A4095F8D81000930B4001928DF8003022
:1039C0006B4603CBC4F801000920C4F8051003B00E
:1039D00030BD00BF2FC904F76FDB0080436893F848
:1039E00088200AB1FFDFFEE7042283F888207047B1
:1039F000027843682AB983F88920A3F8C420FFF726
:103A00005FB89A6FD10701D4FFDFFEE722F0010211
:103A10009A67F4E70E230B706FF49C7318440388C5
:103A20004B8070474368017893F8882061B9052A74
:103A300008BF00224FF0000002BF83F8B62083F8D1
:103A4000C22083F8882070470F2AF1E738B505783F
:103A5000446855B994F8893053B9FFF720F84DB947
:103A6000022384F88930002038BDA36F5B07F4D5AA
:103A70000120F9E7A36F43F00403A367F3E703789A
:103A800023B14268936F23F004039367FFF718B8DC
:103A9000436893F888200AB1FFDFFEE70278002A26
:103AA00014BF0F22052283F88820704710B5D0E993
:103AB0000D42A24206D30B8C121BC98D05334B431A
:103AC000934202D3012380F83E3010BD38B5DB04A9
:103AD000154604D5837D13B10023436338BD446B81
:103AE00001344463FFF7E2FF836B9C42F6D300236B
:103AF0000349436305F10D00BDE83840FEF7B6BD4C
:103B0000153A070001230B7000238B7030F8CA3C74
:103B1000A1F80330437A4B714389CB8083890B81B1
:103B20007047000070B544680546067894F8883000
:103B3000012B08D026B994F8893023B101203AE04E
:103B4000A36F9807FAD494F8C9309A0713D44A7827
:103B5000D80784F8D3204A88A4F8D4208A88A4F807
:103B6000D62043F0020284F8C9200ED5174904F18B
:103B7000CA00FEF77BFD94F8C930D90710D4DEB92E
:103B800094F8893033B1FFDFFEE794F82A31002B37
:103B9000ECD1F0E7012384F889302846FEF77FFF57
:103BA00094F888300020012B4FF0000304BF84F804
:103BB000883084F8C23070BDA36F9A0701D5FFDF4B
:103BC000FEE743F00203A367E7E700BF053B0700FA
:103BD00010B5446894F8C92092070CD494F8883042
:103BE0000BB1FFDFFEE70122A4F8BE3084F8882085
:103BF00084F8C22010BD037843B994F889300BB91A
:103C0000FEF75EFF002384F82A31F3E7A36F9B07DA
:103C1000F8D5FEF755FFA36F23F00203A367F1E782
:103C200019230B70D0F80930C1F803307047000039
:103C300038B54468054605F0F3F87F28014684F856
:103C400083003DD094F89E2094F985006B6884F839
:103C500084200A1A93F86D5012B2002AB8BF52425B
:103C600092B2AA422CD3FF2D2AD094F8862001329A
:103C7000D2B284F8862093F86E50954201D37F2803
:103C80001ED1002284F8851084F8862093F86C20D9
:103C9000012A15D193F8342192B91A8803F5967048
:103CA0000849A3F8352194F8832083F8372194F844
:103CB000842083F838210222BDE83840FEF796BC04
:103CC00038BD00BF213C070010B50B7901284C79A5
:103CD0000A6843EA0421104608BF41F4803110BD50
:103CE000F0B51F4D00242B7814709BB1013B6D681B
:103CF000DBB21E1B012E0FDC05EBC40655F8347039
:103D000076688E4208BF874227D0B84271EB06061C
:103D100012D214700020F0BD1E197710C6F34706AA
:103D200055F837C005EBC70E8445DEF804708F41A7
:103D30002CBF33463446DCE705EBC30455F833505B
:103D400064688C4208BF854206D0A84271EB040427
:103D500028BF01331370DDE71C4601201470DAE739
:103D6000D409002010F0070201D0FFDFFEE718B1F0
:103D7000024B197258601A70C8007047D4090020AD
:103D8000014B00221A707047D40900202DE9D3435B
:103D9000FFF79AFF0DF1070207460E46FFF7A0FF57
:103DA00090B90F4C2378227A9A420ED06268194655
:103DB0009DF807E002EBC3008E4509D302EBCE026B
:103DC0000133C2E900762370012002B0BDE8D08340
:103DD00050E90289013960E80289C9B2ECE700BF05
:103DE000D409002007B5FFF76FFF0DF10702FFF7B9
:103DF00077FF03B05DF804FB014B00221A607047A7
:103E0000E409002008B5044B186810B9FFF7F4FF67
:103E100008BD0C20FCE700BFE4090020024B187924
:103E2000003818BF01207047E409002013B5CDE920
:103E30000012054BFF225A7100F11003DDE9000169
:103E400083E8030002B010BDE4090020C3693BB958
:103E500083692BB9034B1B681B1A584258417047A2
:103E600001207047E409002030B50D4AFF2313718B
:103E7000D0E9065373B1D0E902149D610C44D968AE
:103E80002144D960816939B1CB610023C0E906338F
:103E9000137130BD1560F5E7002BF6D0D960F4E75B
:103EA000E409002010B5114AFF231371C16179B9EB
:103EB0001368836103B1D86110600023C169C360D6
:103EC00089B1CB686BB18468A34208D2FFDFFEE7FB
:103ED0008B6988618361002BEFD0D861EDE71B1BF4
:103EE000C3600023CB600023137110BDE4090020E0
:103EF000014B1868704700BFE4090020034B002005
:103F00001B6803B9704718469B69FAE7E40900206B
:103F10000B4B002230B51B6804464FF0FF351046AE
:103F200023B911B9002808BF104630BDDA68A24293
:103F300003D3AA423CBF154618461A469B69EFE7D1
:103F4000E409002030B585B01546089BC01A099BCE
:103F500061EB0304002C214602DA404264EB440189
:103F600003AB2A46009302AB0AF05BF9002C0398DE
:103F700001DA00B1281A05B030BD000070B50E4C52
:103F8000FF232371036A1BB181689D68A94201D296
:103F9000FFDFFEE7C2698669DA619E6152B1936113
:103FA0009A691AB1D361C26811444A1BDA600023CE
:103FB000237170BD2360F3E7E4090020F0B54FF0F2
:103FC000000C0446264E084686F805C000213568D8
:103FD0000B4685B97579002DF6D15BB1984222D395
:103FE000013CB0FBF3F11C4403FB01F5B4FBF3F41B
:103FF0008C420BD9F0BD2F690BB19F4204D23B46D6
:104000000FB9FFDFFEE7A98AAD69E2E7B5FBF3F67A
:1040100003FB165626B9B5FBF2F602FB1656DEB1C7
:104020000139ED1AE4E7451E1D44B3FBF4F4B5FB7A
:10403000F0F5AC42DED3B3FBF5F605FB16374FB90E
:10404000B6FBF2F702FB176727B9B6FBF1F701FBE6
:1040500017671FB10135ECE72846CBE73046C9E7C3
:10406000E409002008B5F4F7D1FB00F544404FF413
:104070007A734930B0FBF3F0BC3008BD10B504468C
:1040800090F86900FFF7EEFF012201462046BDE8E7
:104090001040FEF73CBC000038B5084B4FF47A7274
:1040A0000C4653F820303C3403F52243B133B3FBC4
:1040B000F2F52C44F4F7A2FB204438BD54EB050084
:1040C0002DE9F04F04468BB00E461746984690F8FF
:1040D0006990FCF77FFB834694F87700FDF730FC8E
:1040E000834494F889A01FFA8BFB87BB94F8873030
:1040F000032B2CD1BAF10D0F29D1B4F86C32B34295
:1041000025D1D4F8F0312046B4F8C421C4F8E03108
:10411000A369C4F8E431B4F862321344C4F8E83156
:1041200003F0ACFDD4E99C23A262B4F86E22A36133
:10413000A285D4F87822226241F64B5293428CBF7A
:104140000023012384F87630022384F88730B4F802
:104150006052B4F87EE0751BA6EB0E0E2DB20FFA7E
:104160008EFE002D10DA7546D4E99223C4E9962319
:10417000012294F88730032B00F26C81DFE813F002
:104180000600FE0054001D014246F2E794F8691053
:1041900094F8BE01FDF7BEFB8146A06A594648442B
:1041A00007F092FE5946C4F8EC01A06907F08CFEB6
:1041B00007A9C4F8F00108A8F4F748FA079B009390
:1041C000DDE90823D4E9960107F07FFF8346204606
:1041D000FFF754FFD4F8643294F86900A56A03939A
:1041E000F4F714FB039B00F52240D4F8EC111D44B6
:1041F000B1304FF47A735C3D6D1A3031B0FBF3F09F
:104200004D44A38DA5EB0B0503EB41012D1A94F84A
:104210006900FFF741FFD4F86432C4F8F401EB1AE7
:10422000CC2B54D8FFDFFEE7A36A5946D4F8E4014B
:10423000184407F049FE5946C4F8EC01A06907F09C
:1042400043FEC4F8F0012046FFF718FFA36AD4F834
:10425000E4511D44B4F8C431002B40F08B80B8F118
:10426000000F00F0878094F86900F4F7CFFAD4F8D3
:10427000EC11D4F8503200F522406D1A94F8692000
:10428000B1305C3D1D448C4B53F822304FF47A72B0
:1042900003F2E733D4E992BCB3FBF2F3B0FBF2F0E4
:1042A000A5EB0B051D442D1AD4F8E031D4F8E82114
:1042B00094F8690002FB0311A38D303103EB410137
:1042C000FFF7EAFE0123C4F8F40184F88730A369FC
:1042D00004F50C79A3F1E50BD4F8F031ABEB030B4B
:1042E0000023834584F83032D4E9963228BF8346D0
:1042F00004F130005B19C4F8C0B142F10002C4E916
:104300009032FEF725FA04235844A4F8606284F83A
:104310003932C4F83402D4E99023C4E99623B4F8BE
:10432000B0319B1B1BB2002BD4BF00220122BAF17B
:104330000D0F4FEA420284F8382200F08D80B8F168
:10434000000F40F08C8094F88730002B00F0A380A1
:10435000A1694846D4F8F031C91AFDF78BFA80B24A
:10436000002800F09880149B03B1188001200BB046
:10437000BDE8F08FD4F8EC116D1A95E7D4F8F00190
:10438000A369B4F8C4111B1AD4F8E8217144D4F815
:10439000E0C15D43D4F8EC31891A303301390CFBAC
:1043A000023300FB0133A18D94F8690001EB430156
:1043B000FFF772FEC4F8F40189E7D4F8F0B1A369FD
:1043C000A3EB0B035D4394F88830292B03D094F8BA
:1043D0008930292B09D1B4F86C32F31A1B0404D4A8
:1043E00094F86F32002B18BF9946B4F8C4C14AB391
:1043F000BCF1000F26D1D4E99410D4E992238A426B
:1044000073EB000001D3FFDFFEE794F869205C390D
:10441000294B4FF47A7053F822300393D4E9922356
:10442000CDE90423039B03F2E732049BC91A039BE3
:1044300003F52243B2FBF0F2B1331144B3FBF0F3C6
:10444000C91A0D440CEB0E0148460BFB01F130314B
:104450004900ADE7FFDFFEE7B8F1000F1BD0B4F86D
:10446000D80100B3B4F8DA1194F8DC214D1CA4F89B
:10447000DA1101FB022290420DDD002B0BDD00233F
:10448000A4F8DA5184F83832FEF754FA00F0070045
:10449000013084F8DC01494604F5027008F08EFE14
:1044A00018B9FFDFFEE70146DEE787F0010784F871
:1044B000007200205BE700BF54EB05007FB50446A7
:1044C00008B9FFDFFEE7052900F2BD80DFE801F053
:1044D00003B52C27BBB090F80032B0F87E20ABB10A
:1044E000B0F8FE31934208BFB0F8B4319A1AA0F880
:1044F000B621A4F87E302046D4E99023C4E9922363
:1045000003F0D2FA94F8BB3104B070BDB0F8FC31BE
:104510009B1AA0F8B631B0F8FC319BB2E9E704B0C1
:10452000BDE87040F4F79EB807F0C7FDD4E99223C8
:10453000801A61EB0301012871F1000301DAFFDF4A
:10454000FEE76FF0010383424FF000038B4101DA75
:10455000FFDFFEE7A3690BB1B0FBF3F394F889101A
:10456000B4F8FE210D2932D10132A4F8FE21B4F8AD
:10457000623202AEB4F87E500133A4F86232B4F86D
:10458000BA301D44B4F8B830013DED1AADB2B4F8FC
:10459000FE116B1A180435D40023204600961A46E3
:1045A000FFF78EFD0128AFD1B4F8FE21B4F8B011A9
:1045B000BDF808301344521A12049BB204D5EA1A0B
:1045C00012F4004F18BF0B46A4F8FE31DFE7B4F831
:1045D0007E100B449BB2D11A0D044BBF0133013244
:1045E0009BB293B2A4F8FE3194F80132002BBED1F5
:1045F000B4F8B431B4F8FE21934204BF0133A4F8F7
:10460000FE31B4E794F88C3030460394002B14BF8D
:1046100008233E2384F8AB3001238DF80830FEF7E1
:1046200021FD204602F0DFFE002384F887306BE78F
:1046300004B0BDE87040F6F739BC90F88730042B21
:10464000F2D0FFDFFEE7FFDFFEE7002313B51A46D7
:1046500080F88730A0F86032194600930446FFF7CF
:104660002FFD08B1FFDFFEE70123C4F8E801C4F81D
:10467000E00184F88730A4F8FE01A4F8FC0184F876
:104680000102B4F87E30A4F86202013BA4F87E3047
:1046900002B010BD2DE9F8430E46044608B9FFDF0D
:1046A000FEE7052900F2A680DFE801F00376413D30
:1046B000A42E07F03FFEC4E94E01204602F0BEF9E9
:1046C000D4F82C01A43807F0FAFC204602F098F840
:1046D000054600BB0146204601F097FE00F1AE06FC
:1046E000D4F82C01B04209D2301A0321192838BF5E
:1046F000192007F0F4FD60B107F0E3FCC4F82C6169
:10470000204602F0AFF945B12046BDE8F84302F07B
:10471000AAB90125F2E70025F2E7D4E94E23C4E95E
:104720004823BDE8F883BDE8F843F3F79BBF01F0E9
:10473000ADFE04238146884684F8313107F0BDFC84
:1047400007220F46A9FB023102FB0811D4E94852A7
:104750005B1941EB0205D4F808213AB159EA080285
:1047600004D0984277EB050228BF012684F8306117
:10477000D4E95026121A66EB070694F8501139B99D
:10478000012A76F100010BDA204602F06FF903E00E
:10479000012A76F10006F7DB002384F84831C0E7F0
:1047A000984277EB05010FD259EA08080CD01B1A82
:1047B00065EB07019A4276EB010005DB012B71F1F5
:1047C0000000A4BF1A460E460B49012304F1E00085
:1047D000914284F849314FF0000384F82831B34105
:1047E000B8BF0A4604F5947108F096FD002898D1E8
:1047F000FFDFFEE7FFDFFEE70040420FF8B50D46A2
:104800000023D0F80811044680F80C31D0E94E6737
:1048100081F8BE2180F848310121D0F80801FDF768
:10482000F5F8D4F80801C0E99267C0F86452C0E90D
:104830009667FFF70AFFF3F7DFFDBDE8F84008F0E1
:10484000A7BCD0F8080170472DE9F84304460E468E
:10485000154690F8483103F0FF07002B40F08E809A
:1048600000F1E00839467822404609F03DFD224635
:104870004349404608F09CFCC4F80861FF2384F8D3
:10488000483166B1FEF76EF800F0070032463D4948
:10489000013086F8DC0106F5027008F089FC40F270
:1048A0000243A4F83031002384F8283107F060FB7C
:1048B00000F14906204601F0A3FF0146B6B298B3C5
:1048C000FBF788FF00F5CD61284689B207F0FCFAB6
:1048D0002844AE3DC4F82C0107F0EFFB301841F13D
:1048E0000001C4E94E01012084F80C0102F0E6F950
:1048F0002D1AC4F810514FF0FF356FF000414046BB
:10490000D4E94E23C4E95051002504F59471C4E95B
:104910004623C4E9482384F8495142F2107208F052
:10492000FBFC20BBFFDFFEE72046DFF85C9001F0D8
:104930006CFDAE30C4F82C01B9F8000048B1E08C31
:1049400038B1FEF70FF8B9F80030B0FBF3F202FB14
:104950001300064407F0B1FB361841F10001C4E929
:104960004E61002DC7D0AD1941F10001C7E72946BE
:10497000204602F0A3F83846BDE8F8830C27FAE792
:1049800095460700BD440700EC09002038B50446F1
:1049900090F848319BB1FF2380F85031012102F09B
:1049A0008DF894F8483153B104F1E005284608F039
:1049B00065FC284608F097FC002384F84831002065
:1049C00038BD0000F0B5002385B0CDE900330323E6
:1049D0008DF80630684605F059F888B10123124E6B
:1049E000B3700023CDE9023302238DF80E3002A804
:1049F00005F04CF8044638B10023B37005B0F0BDA3
:104A00000098FFF7C3FFE5E7029D95F88730002B7C
:104A1000EDD005F50277384608F030FC384608F04E
:104A200062FC85F88740E2E7EC090020044B002295
:104A3000DA709A7042F210721A80FFF7C3BF00BF9B
:104A4000EC090020014BD870704700BFEC09002032
:104A500008B590F8502142B990F80C2142B1D0E944
:104A60004431994202D902F001F80022104608BDF3
:104A70000122FBE708B5F3F70DFB044B5A688242AD
:104A80002ABF9878002080F0010008BDEC090020C2
:104A900082694FF4C271006B904208B528BF10467E
:104AA000FDF73EFF40F64803984228BF184680B203
:104AB00008BD7FB5044690F8BB3103F0FF05002B1D
:104AC00056D190F88730032B52D107F0F6FAD4E98B
:104AD0009223801A61EB0301012871F1000347DB87
:104AE0006FF00103834275EB010101DAFFDFFEE79E
:104AF000A269B4F87E300AB1B0FBF2F2013313447C
:104B00009BB2A4F8FC31B4F8B431B4F8FC219B1A80
:104B10001BB2002B2CDD04F5027008F0AFFB38B39C
:104B2000FF2384F80132B4F8BA300DF10E06B4F860
:104B30007E501D44B4F8B830013DED1AADB2B4F862
:104B4000FC31EB1A1B0413D4B4F8FC11002301222E
:104B5000204689B20096FFF7B3FA012808D1B4F8CD
:104B6000FC31BDF80E2013449BB2A4F8FC31E6E7FB
:104B700004B070BDF7B5044606296FD8DFE801F030
:104B800004241222282D6900354B9B7803F0FF0284
:104B900043B900920123B0F8B411FFF791FA20B1A4
:104BA000FFDFFEE7042384F88730F3F725FC08F0E5
:104BB000EFFA0023B4F87E20A4F86232A4F8FE21B4
:104BC00084F8013203B0F0BD032380F88730F9E7A1
:104BD000F3F79AFAC4E99401F4E790F86900FFF753
:104BE00041FAA569D4F8F0311D4F9D4288BFED1AF6
:104BF000FB7898BF00251BB9236B9D4228BF1D463B
:104C0000D4F8C06104F13000FDF7A2FD0644022093
:104C100007F03EFB0221AD1B25EAE575854228BF62
:104C20000546284607F05BFB10B12E4407F049FA11
:104C300001234FF4807231462046FDF75BFED4F825
:104C4000C0317860A069184403B0BDE8F04007F0B7
:104C500036BA03B0BDE8F040FFF710BAFFDFFEE759
:104C6000EC090020012A70B506460D4614460BD00B
:104C7000022A0ED08AB9F3F70DFA224601462846D9
:104C8000BDE87040FFF7BABDF3F704FAC6F8640256
:104C900070BD0122D0F86412F1E7FFDFFEE770B5C6
:104CA000044619B101297BD0FFDFFEE701F0EEFBDE
:104CB00094F8493105460E46DBB150EA010318D09D
:104CC000D4E94632D4E94E01C01A334661EB020101
:104CD0002A4609F0B2FA05FB01F300FB0633A5FBF7
:104CE00000021344D4E94621121843EB0103C4E93E
:104CF0004623E38CEBBB0020D4E94632ED184FF09D
:104D0000000346EB02062D1840F2024284F82831D7
:104D100046F1000684F84931A4F83021C4E946562A
:104D2000C4E94E5694F8503103F0FF01DBB96FF03F
:104D30000043D4E950029A4208BFB0F1FF3F25D0AA
:104D40002046D4E94E5601F060FBAE30D4E9503233
:104D50005B1B62EB06021B1A62F10002002A15DAE5
:104D6000204601F083FEF3F747FBBDE8704008F0F2
:104D70000FBA204601F044FD0028BCD1FDF7DAFD52
:104D8000E38CB0FBF3F202FB1300B5E704F594717A
:104D900004F1E00008F012FA0028E4D1FFDFFEE79A
:104DA000002380F80C31DEE790F84801003818BF86
:104DB000012070470B46062203F8032BB0F80920A8
:104DC000A1F80320C27A9A7070470B46172203F8A5
:104DD000032BD0F80920C1F80320D0F80D205A6029
:104DE000427C1A7270470000044B1A78012AD0B234
:104DF00003D01878831E584258417047F4090020A8
:104E00000A4B4FF47A72022953F8213003F2E73348
:104E1000B3FBF2F310B500F1FF3414BFF0226022AF
:104E200003EBC41300FB023010BD00BF60EB0500B4
:104E3000F0B5D928BDF814600546044606F002070F
:104E400028BFD92516F0010601F5A5700DD16FB95F
:104E5000002B35D1022A0BBF31353035ADB2ADB2A2
:104E60000CBFAD00ED0028443FE09FB1022A0DD0F9
:104E700001F29A314FF4B07001F59A710844F6B11D
:104E8000022A14BFC0236423184440E001F27621B3
:104E9000B420F1E73BB1022A02D001F69211E9E712
:104EA00001F27251F4E7022A04D13135ADB200EBC0
:104EB0008501EDE73035ADB200EBC501DAE733B17E
:104EC000022A40F6480108BF4FF485610CE0F12C3E
:104ED000214628BFF121022A0BBF1931183189B2AE
:104EE00089B20CBF8900C9000844D92C0FD9D93C1C
:104EF000F721A4B263B1F63440F69213B4FBF1F497
:104F000040F27251022A08BF0B4603FB0400F0BDB9
:104F1000B4FBF1F340F2725540F69211DBB2022A73
:104F200008BF294601FB0300C3EB4311C3EBC103D8
:104F3000E41AA3B2002BEAD00833022A9BB20BBFBB
:104F40009B00DB0003F5BB7303F5CD739CE700000A
:104F5000022913B50CBF0B330A3341790CBF9B00F8
:104F6000DB00012903D002290BD0FFDFFEE700247C
:104F7000D101CA3103FB02120E4B9A4203D9FFDF63
:104F8000FEE70124F4E71E23B2FBF3F290F83C3075
:104F90000020C2F30721D2B203F03F0343F04003E5
:104FA00063F3070041EA441362F30F2063F31740F1
:104FB00002B010BDC3BF0300194BDB6910B5D3F8B5
:104FC0000F200024C2615A7D197D120442EA012299
:104FD000D97C0A4340F2E2414262B3F8192080F8DA
:104FE00076404A4382619A7DC2EB421402EB84020E
:104FF00002EB820252008285B3F817204A43826294
:10500000B3F81B200284B3F81D20428493F82430A7
:1050100003F01F025B0980F89C2080F8773010BDF8
:10502000F4090020054AD16902F11503127D11F837
:10503000030BC0F38010FBF7B3BF00BFF4090020DF
:105040000378A0F8B91080F8B830437C80F8B72016
:105050000BB190F8403080F8BB30AE300149FDF71D
:10506000D1BA00BF0157070010B504460E4984307D
:10507000FDF7C8FA0D4904F1BC00FDF7C3FA94F836
:105080008D20B4F88E102046FFF7DAFF084B00227F
:105090001A70084B1B682BB12146206A0222BDE81A
:1050A0001040184710BD00BF29510700B54D07003B
:1050B000F4090020181200200346074AD069D3F8EB
:1050C0006120C0F80320B3F86520A0F8072093F80A
:1050D0006010FCF73CBE00BFF40900208B88F7B5D8
:1050E00013F0180506460C461CD1086808B9FFDF06
:1050F000FEE701F08AFD217CFFF782FE677CA38832
:1051000001463A46304600932B46FFF791FEA43005
:10511000D4E90223824273F100032CBF0120002056
:1051200003B0F0BD0120FBE738B513220B460C4657
:1051300003F8032B00F10902293052F8041B8242C4
:1051400043F8041BF9D1127802211A700123A588B3
:10515000A371284604F060FC40B1E37833B102212A
:10516000284604F06FFC08B1FFDFFEE738BD000001
:10517000836F73B50BB101221A604388DB0724D516
:105180000023134E056ACDE9003302238DF8063063
:10519000FF233375684604F079FCB0B9009CA54242
:1051A000F8D005F10A036A7A04F10A01607AFBF784
:1051B000F7FE0028EED0A3783375D4F80330C6F894
:1051C0001530044BB4F807209A8002B070BD00BFC0
:1051D000F4090020090A002038B5084D044600F102
:1051E00061010623E8690022FCF7B4FE94F8601020
:1051F000E869BDE83840FCF7AABD00BFF40900200B
:1052000010B50446FDF796FB82B204F1610104F18A
:105210002E00FCF701FD84F83C0010BD37B50446B4
:105220000D46FFF7EDFF01222B466179204603B0C2
:10523000BDE83040FFF78CBE07B503F0E9FD8DF8FF
:1052400007000548012306220DF10701C069FCF79C
:1052500081FE03B05DF804FBF409002038B5044674
:105260000D4690F8D0307BBB037880F8D13003F046
:10527000D7FD082D04F1D30284F8D90014D004F12D
:10528000D2012846FCF732F908B9FFDFFEE794F8AF
:10529000D23043F0020384F8D23004F1C8000B4945
:1052A000BDE83840FDF7AEB9094BD869034613F89D
:1052B000031BC1F3801184F8D210D0F80310C4F896
:1052C000D3109B889380E8E738BD00BFCB4D070023
:1052D000F409002038B5B0F840300446194D0133C8
:1052E000C3F30E03A0F840302B7B2BB1F3F77AF910
:1052F000F2F78AFC00232B7300232B7094F8813083
:105300002BB101212046BDE83840FFF7C8BC637CC3
:10531000B3B1B4F840209A4212D301212046FFF7DE
:10532000BEFC63882046DB0747BF236A4322432233
:105330004FF6FF7148BF1988BDE83840FFF780BEBF
:105340000021DFE7F409002010B5FFF74DFD064C02
:1053500028B1237B1BB1F3F745F9F2F755FC206A1E
:10536000BDE81040FFF7B6BFF40900200346074A26
:10537000106A03B909B9FFF7ADBF1378526A03F198
:1053800080431269033B52F823301847F409002088
:1053900070B50146FFF728FD054608B9FFDFFEE7B7
:1053A0001E4C19B3E169226A11F8096B02F161031D
:1053B00092F86020F009FBF7F3FDB8B10021E06935
:1053C000FCF7EBFC90B1256AFFF70EFD08B9FFDF93
:1053D000FEE723782846626A06F00F0103F1804356
:1053E0005269013B52F8233098470546237B1BB195
:1053F000F3F7F8F8F2F708FC7DB1206AFFF728FB15
:1054000030B1F2F7A9FF636ABDE870409B681847A6
:10541000206ABDE87040FFF75DBF70BDF409002051
:1054200003292DE9F043054685B0174607D1438887
:10543000980720D40024204605B0BDE8F0834288B8
:1054400090F88030D107DBB2F4D5002BF2D14FF0C9
:105450000108DFF8D09099F80C60AEB1FCF77CF849
:105460000828387013D002AA0DF10701FCF73EF8A6
:1054700020B9FFDFFEE74FF00208EAE702A99DF836
:105480000700FEF7AFFC06463B78082B08D1D9F899
:105490001C1011F8030BC0F38010FEF7A3FC0646A6
:1054A000D9F81C1005F1680395F8672011F8030B73
:1054B000C0F38010FBF774FDD9F81C10044611F8F6
:1054C000030BC0F38010FCF707F88146FCF746F9A0
:1054D00040B1B9F1080F1BD04846FBF70FFF80F031
:1054E0000103D8B23A78082A14D01CB96C7FA21AEA
:1054F000544254416A8853079DD400289AD176B902
:10550000EC7C444518BF002C0CBF0124002492E71A
:105510000020E7E780F001022240D4B2EAE73446F7
:1055200089E700BFF409002038B504468B691046AE
:1055300040F2E242B3FBF2F3A4F8A43004F1980283
:105540000B8CA4F8A6304B8CA4F8A83091F87730D7
:1055500084F8AA30237F4BB394F86030012B25D117
:1055600094F8663003F0C003402B1FD1D4F86130AB
:10557000C4F89830B4F8653093800828236A04F1A1
:105580009E019A7803F1030584F8912004F19202B8
:10559000D3F8033015D0C4F89E30AB888B8004F16B
:1055A0009101FBF7A3FF28B9FFDFFEE70023C4F852
:1055B0009830E1E794F8913043F0020384F8913099
:1055C00038BDC4F89230AB8893800023C4F89E3075
:1055D0008B80F5E72DE9FF4708230DF10702052130
:1055E00004468DF80730FFF71BFF064620B900265A
:1055F000304604B0BDE8F087FFF714FD05460028EB
:10560000F5D1DFF8EC800DF10809216AD8F81C20EB
:1056100091F89030104610F8037B03EA571303F01B
:10562000010381F89030D2F80330C1F80330838849
:10563000A1F807301346276A13F81F1BC1F3801126
:10564000B970D2F81F001B79029038468DF80C30E3
:10565000FFF7B2FC276A494694F912A007F19000BF
:10566000FCF7C2FA40F20113A7F868304FF0FF09C7
:1056700087F86A90294607F13000FDF783F8514614
:105680003846FCF759F9216A84F88D5020460B887A
:105690009DF80720A4F88E304FF6FF7384F8AB9086
:1056A000A4F8AC30FFF740FF124904F18400FCF786
:1056B000A9FF236A104904F1BC001A88A4F8C52088
:1056C00093F8903084F8C730FCF79CFF236A2A4691
:1056D00020461988FFF7B4FC084B88F800501B6877
:1056E000002B85D02A462146206A984780E700BFD4
:1056F000F409002029510700B54D070018120020B9
:105700000B46162210B503F8032BD0F80920C1F878
:105710000320427B1A71CB788BB130F8AC3C1B076D
:105720000DD4B1F805400221204604F075F930B1DE
:105730000221204604F086F908B1FFDFFEE710BD24
:10574000032973B5044604D005292BD0012002B0EB
:1057500070BD08230DF107028DF80730FFF760FEDA
:105760000028F3D0237C23B19DF807102046FFF7D3
:1057700075FD114D062204262046EB695A701E70F5
:10578000FFF79AFC216D94F85420E869FCF703FBBD
:10579000E8692E70F2F794FE0021E869F3F75AF8F1
:1057A0000020D4E7054B1B68002BF9D0984780F008
:1057B0000100C0B2CBE700BFF409002014120020A2
:1057C000F8B504460F4619B300F12805284601F044
:1057D00007FAA0B963881A072ED5284601F015FAF2
:1057E0000646284601F0FCF9301AC0B201F066FA0C
:1057F000474A536803442846536001F0C6F92846D7
:1058000001F0C8F9F2F712FD21792520F2F786FCA4
:105810003F4E002394F86E20F06903704370638854
:10582000103B0D2B68D8DFE803F063675F0C67441B
:1058300067676767676767442046BDE8F840FFF71A
:1058400049BD06234370202303702046FFF734FC34
:10585000638823F008039BB2152B05D094F84C20E5
:10586000A16CF069FCF78AFAF069F2F729FE0021D1
:10587000F069F2F7EFFF0323217900203370F2F78C
:10588000E5FC054607B9B06063881B0704D501F045
:10589000F2F90544C4F814516388103B0D2B33D83A
:1058A000DFE803F034322C2C322C323232323232F6
:1058B000322C0C2321214370034603F8091B52B1FB
:1058C000D4F86F200121C0F80920B4F873209A8021
:1058D000FCF74AFAB9E7A26EC0F80920B4F86C20C8
:1058E0009A8094F86710F3E7062303704370ACE7DF
:1058F000022303700623F9E7FFDFFEE72179012089
:10590000BDE8F840F2F788BEFFDFFEE7F8BD00BF54
:10591000F409002038B543880446102B04D1012136
:10592000BDE83840FFF74CBF0B4D2B7B23B1F2F79E
:1059300045F94020F2F74AFEE869F2F7C1FD6088B8
:1059400010F0040002D12179F2F766FE0020F2F790
:105950001BFE01232B7038BDF40900200121FFF745
:105960002FBFFFF7FBBF0000024B0121186AFFF7B2
:1059700027BF00BFF4090020FFF7F6BF03292DE978
:10598000F743044605D0052900F08880FFF7A2FC04
:1059900080E008230DF103028DF80330FFF740FD8E
:1059A000002879D0237C23B19DF803102046FFF70F
:1059B00055FC0123B4F802803E4E00251F464FEAF5
:1059C0009812F069294662F3861707224370C8F3DC
:1059D00080180270C570FCF7E2FA2A463946F06971
:1059E000FCF7E4FA2046FFF7F7FBF069FCF746FB0B
:1059F000B4F85430C0F1FE05AB42B4BFDDB2EDB235
:105A0000AB422AD947F010070022A5F10309F0693B
:105A10003946023DFCF7CAFAF069FCF7BCFA4119B5
:105A200020465FFA89F9C9B2FFF7F8FB0422C0F3F8
:105A300007238DF80400C0F307400DEB02018DF839
:105A400005304D4603238DF80600F069FCF782FA15
:105A500000223946F069FCF7A9FAB8F1000F06D028
:105A600094F9122094F83C106079FFF7E5FB2A4680
:105A7000216DF069FCF7CEFAFF20F5816179F2F72C
:105A80004DFB0723F0693370F2F71AFD0021F0692E
:105A9000F2F7E0FE002009E0204677E7064B1B689E
:105AA000002BF7D0984780F00100C0B203B0BDE8EA
:105AB000F08300BFF40900201C1200207047000092
:105AC00070B50446007F0E46134668B994F860002E
:105AD000012809D194F866003F2805D804F1610037
:105AE000BDE87040FBF770BE65883246607F15F0F8
:105AF000040118BF04F16F01FBF75CFD4107054687
:105B000021D4C2070BD50123607F84F86030FBF7F6
:105B100013FE0368C4F861308388A4F86530AB07CE
:105B200001D4012070BD094B0121D869D4F86F3030
:105B300084F86E10C0F80930B4F87330A0F80D3056
:105B4000FCF712F9EDE70020ECE700BFF4090020B4
:105B50002DE9FF4708230DF10702052104468DF8C2
:105B60000730FFF75DFC002800F08A80FFF75AFA43
:105B7000002840F08580444D02AF206AFFF71CFAF0
:105B8000EB69D3F81F0093F8232002903A71226A40
:105B9000D3F80310C2F80310B3F80710A2F80710E7
:105BA0001B78206AC3F380138370384B1B6813B1D2
:105BB000012221469847266A0E23E8694FF008081B
:105BC00096F802900021437080F80080FCF7E7F916
:105BD00000224FF00301E869FCF7E8F92046FFF7DF
:105BE000FBFA4946E869FCF7BFF806230122F11CDD
:105BF000E869FCF7AFF96179FF20F2F78FFAE869FD
:105C0000F2F75EFCE8690021F2F724FE266A94F8B8
:105C10000590394606F1900094F912A0FBF7E4FFD5
:105C200086F8689086F86990FF2786F86A700021E8
:105C300006F13000FCF7A6FD51463046FBF77CFE2E
:105C4000216A00239DF80720204684F88D300B88B8
:105C500084F8AB70A4F88E304FF6FF73A4F8AC3024
:105C6000FFF762FC236A1A8885F80080A4F8C52033
:105C700093F8903084F8C730012004B0BDE8F08775
:105C80002046FFF727FBF7E7F40900201812002051
:105C900010B5134C237B1BB1F2F7A4FCF1F7B4FF52
:105CA000206AFEF7D5FE216A18B14B8803F018036D
:105CB00023B90846BDE81040FFF70CBBFFF794F886
:105CC00008B9FFDFFEE723780846626A03F18043E4
:105CD000D268013BBDE8104052F82330184700BF9E
:105CE000F40900202DE9F347154642880F46064681
:105CF00012F0030102F0020308D0D00703D5002BF5
:105D00004FD0FFDFFEE7002BFBD0022102F00400A2
:105D1000002B50D0002848D1002D7ED00346012012
:105D20009C46012444EA4C04DFF81C82C2F3801232
:105D30004FF0000A44EAC004D8F81C0044EA0314F7
:105D4000072380F803A044EA82140370012304F0BF
:105D50005B044370FCF723F952462146D8F81C0037
:105D6000FCF724F9E207A1465FFA84FA02D530462F
:105D7000FFF732FA1AF0020F0ED0D8F81C000623F3
:105D80000122002F56D006F16F01FCF7E3F8012144
:105D9000D8F81C00FBF7E8FF0023002B51D0FFDFF1
:105DA000FEE712F0040319D00121B5B3002301204E
:105DB0004FF0010CB5E708BBA5BBB6F84C3002F0BC
:105DC000200423B94CBB2B462846AC46A9E7B4FABD
:105DD00084F4012364091846AC46A3E7347935B945
:105DE000A11E4C424C4101210B460846F4E7023CFF
:105DF000294618BF012401209C4693E795B9B6F8BF
:105E00004C3002F020041BB984B92B462846CFE75A
:105E1000B4FA84F401236409EDE70123AC46184683
:105E20002C467FE701209C461C467BE70123184651
:105E30009C46F5E706F16801FCF78CF896F86710C8
:105E4000A6E71AF0080F1AD0F26B01A98DF80530F9
:105E5000C2F30B22BDF80430D8F81C0062F30B0328
:105E600096F83E20ADF804301209C3F3072362F31D
:105E7000071303228DF805300223FCF76BF8012D80
:105E80004CD1B6F84C30002B48D073889B0745D4D2
:105E9000D8F81C00FCF77FF8471CB6F84C20824667
:105EA000FFB2B8F80E30C7F1FF01D31A8B42AABF78
:105EB000FF43DFB2FFB2BA4225D9728812F0010265
:105EC00021D144F01001033FD8F81C008946FFB2ED
:105ED000FCF76CF80AF1040130463944C9B2FFF707
:105EE0009DF90422C0F307238DF80400C0F3074096
:105EF0000DEB02018DF8053003238DF80600D8F86C
:105F00001C00FCF727F83A46B16CD8F81C00FCF7E7
:105F100081F8B8F80E301F44A8F80E7019F0400F41
:105F20000BD06DB906F12800347900F079FE0146F6
:105F300096F912202046FFF77FF902B0BDE8F087FE
:105F4000747996F83C10F3E7F4090020F7B504469D
:105F50000A4619B990F86E10FFF7C4FE144EF069A6
:105F60000379DA0622D5C3789B061FD0FBF7E6FE3D
:105F7000054604F12800277900F032FE421C2B462A
:105F80003946D2B22046FEF7E3FF0422C0F30723CE
:105F90008DF80400C0F307400DEB02018DF80530C9
:105FA00003238DF80600F069FBF7D4FF03B0F0BDC2
:105FB000F40900202DE9F74304460F4690F83C0011
:105FC000F2F734F96179FF206E4DF2F7A7F8002F50
:105FD0003CD1E869FBF7B2FE94F80480064604F170
:105FE000280000F012FEB8F1020FAB680CBF0B36B0
:105FF0000A3603EBC0130CBFB600F600CA3300FB31
:106000000631638800201E07296142BF6B68C918EA
:1060100029616279F2F780F9638898071DD0F7B992
:1060200061790120F2F7F8FA94F86E100122204607
:10603000FFF758FEE869F2F743FA0021E869F2F742
:1060400009FC06232B7003B0BDE8F08362794FF49E
:10605000A5710020F2F774F9DEE7002FE4D0C3F356
:106060004007C3F380129907E86987F001074FF0F2
:10607000070348BFD4F850804FF000064FEAC70727
:106080004CBFB4F85490D4F84880314647EA8217A0
:1060900058BFB4F84C900370012307F04807C6704E
:1060A0004370FBF77CFF32463946E869FBF77EFF19
:1060B0003A0717D5E26B01A9BDF80430C2F30B22F1
:1060C000E86962F30B0394F83E20ADF8043012093E
:1060D000C3F3072362F3071303228DF8053002236D
:1060E000FBF738FFE869FBF7C9FFEB89C0F1FE0653
:1060F000A9EB0302B242B4BFD6B2F6B2334499451B
:106100002BDD002247F01001E869FBF74FFFE8693B
:10611000FBF7B4FFEB89C0F1FE06E869A9EB0303C6
:10612000B342B4BFDEB2F6B2FBF735FF81192046A9
:106130000131C9B2FFF772F80422C0F307238DF8CA
:106140000400C0F307400DEB02018DF80530032376
:106150008DF80600E869FBF7FDFE63885B0606D54F
:1061600094F9122094F83C106079FFF765F8E989FA
:106170003246E8694144FBF74DFFEB891E44EE814E
:1061800058E700BFF409002010B5084CB0F85430AF
:10619000E2899A4205D00121FFF70CFF0723237003
:1061A00010BDBDE81040FFF795B800BFF40900200E
:1061B00038B543880446194D13F0020F0FD1DB07A1
:1061C0000DD4EA89B0F84C309A4203D1BDE838408A
:1061D000FFF780B80121BDE83840FFF7EBBE002093
:1061E0006179F2F719FA6388617913F0020F0CBF35
:1061F00022200C20F1F792FF02232B702B7B23B17E
:10620000F1F7DCFC4020F2F7E1F90020F2F7BCF9ED
:10621000E869BDE83840F2F753B900BFF40900203F
:106220002DE9F84300F128072C4D01230446384698
:106230006B7300F0D5FCA8B9638813F010010CD182
:106240006A7B52B103F02303B4F84C20134304D00B
:106250002046BDE8F843FFF7ADBE2046BDE8F84351
:10626000FFF738B8384600F0BBFC28B963881B0735
:10627000F3D5384600F089FC384600F08BFCF1F786
:10628000D5FF21792520F1F749FF01212046FFF7AD
:106290005DFEE869D5F80890FBF750FD804638466A
:1062A00000F0B3FC0646384600F09AFC711E4246E8
:1062B000091A2079C9B200F0D4FC227909EB000157
:1062C0000020F2F729F8E869F2F7FAF80021E86906
:1062D000F2F7C0FA05232B70BDE8F883F40900201B
:1062E00090F88C300BB10120704790F8C430002B2F
:1062F000F9D190F8B600003818BF012070470000AF
:10630000064810B5037803F0FF042BB91C22214680
:1063100007F0EAFF204610BD0C24FBE7F40900203B
:1063200010B50023074C2370FAF7DEF9E061FFF7A0
:10633000E7FF08B1FFDFFEE7636A0BB9FFDFFEE7A7
:1063400010BD00BFF409002030B54FF4AC7285B029
:106350000D460021044607F0C7FFFF2323701323D7
:10636000638042F21073E38403F0EEFC00220146E6
:106370006064684603F030FD00220121606C03F088
:10638000C3FD0422616C684603F026FD0022606CA8
:10639000114603F0B9FD04F12800A57400F0DDFBFF
:1063A00002A8FBF7C1FB08B9FFDFFEE702A904F171
:1063B0002E00FBF719FC05B030BDFF23486C0B70B5
:1063C00003F0EEBC014B024A5A627047F409002008
:1063D000FC6A0700044B054A1A60054B054A1A601F
:1063E000054B064A1A60704714120020D555070065
:1063F00018120020654C07001C120020515B07009A
:106400000078FF3818BF01207047F7B504462830E0
:106410000E4600F0FAFB61880746CA0605D5282219
:1064200000F02CFC6D3003B0F0BD8B07606C0FD515
:1064300003F009FE217905463846FEF7E1FC638842
:1064400001462846009333466279FEF7F1FCE9E7FE
:1064500003F0E9FDEEE7034608465A8812F0180FEC
:1064600030B587B010D103F12801ADF80420D3E98D
:1064700002459B8800916946ADF81030CDE9024590
:10648000FEF72CFE07B030BD0120FBE7D0E902018A
:106490007047C07C003818BF0120704701757047F5
:1064A0002DE9F041067D0446B31E06F0FD06DBB281
:1064B000012B8CBF4FF000084FF00108371E18BFAA
:1064C0000127012B15D800F1680190F86700FBF750
:1064D00003F8054663889B0612D4082D0BD14EBBEA
:1064E00004F161013046FAF741FD48B90020BDE8EA
:1064F000F0810825EEE72846FAF70CFF0028EED1D8
:10650000657784F81C8084F86070FAF7DFFF054631
:1065100005F0D3FD00220D4B84F86E20E5FB03014E
:10652000C4E9160111462046FFF7CAFA0028DED159
:10653000FFDFFEE7E37E002BD8D0D4F81530C4F897
:106540006130B4F81930A4F86530D9E740420F0043
:1065500070B50446407F0E461546082809D194F8C8
:1065600060303370D4F861302B60B4F86530AB80A4
:1065700070BDFAF7CFFE0028F1D10323F1E70B68D5
:10658000C0F815308B88A0F819300123C376704706
:106590002DE9F04F07469BB00D46064610AC0FCFD5
:1065A0000FC40FCF0FC497E80300777984E8030086
:1065B00008A800F0D2FA6C78AB7A95F81480C4F38E
:1065C00080020393C4F340092B78B8F1010FC4F3A0
:1065D000C00AC4F3001B049304F001030592C4F342
:1065E0004012C4F3801404D0B8F1020F01D0FFDFD1
:1065F000FEE76978C90606D4AF7D012F03D0022FCC
:1066000001D0FFDFFEE7697A08A8A401CDE90632D0
:1066100000F0AAFA297DDDE90632022944EA421493
:106620002A7F0CBF697D012144EA0304059B08BF52
:10663000013102F1010244EA0B1408BFC9B244EA75
:10664000CA04D2B244EA830444EA490A0DF120099B
:106650004846544600F08AFA1AF0080F66D14846B8
:1066600000F0D3FA6B788346DA064ED403F09CFB35
:10667000824641465846FEF7C3FB012301463A468F
:1066800050460094FEF7D4FB40F27122297900F2C3
:106690009920EB78B0FBF2F043EA0123697950438B
:1066A00043EA01435343984234D84FF0000B95F826
:1066B00018A00793AB7C706C05930AF1FF33D3F1FC
:1066C000000A4AEB030A03F0AEFC0690706C03F07C
:1066D000BAFC0699079B814238BF014688B240B395
:1066E0000AA90C930693CDF82890ADF82C40CDF86C
:1066F00034B08DF838808DF83970FEF7EFFC069BCA
:10670000B8B945201BB0BDE8F08F2822514600F0F3
:10671000B5FAB9E7E979AB7943EA0123297A43EA83
:1067200001435343834228BF0346BEE700239B46F1
:10673000BDE7CDE9123B059B049A8DF853308DF8E7
:10674000457010AF039BADF8424034468DF850A021
:106750008DF854308DF840208DF844800FCF0FC451
:106760000FCF0FC497E8030084E8030099E8030003
:10677000B0620020B185EB7A03F0FD03003B18BF47
:10678000012386F86730EB68B3662B8AA6F86C3075
:1067900096F83E30EA7D62F3071386F83E30B1E7A3
:1067A000438813F0100005D013F0040F14BF00202D
:1067B0001F2070479A0704D4DB0701D403F0F4BA12
:1067C000EE20704708B5FFF7EBFF003818BF012037
:1067D00008BD4FF40043A0F8403043881D2B08BF8C
:1067E0000021417470478174704790F9120070471E
:1067F000408800F0010070478078C0F34000704787
:106800008078C0F3C000704710B54488406CE30640
:1068100054BFC4F34004002403F0FCFB84F00104E3
:106820002043C0B210BD8078C0F30010704740799B
:10683000704710B50446FCF77DF8C0F30B00A0428A
:10684000F9D010BD2DE9FF41584F04463A7802F0C7
:10685000FF0312B90278FF2A01D1FFDFFEE77B6058
:10686000FB817B7380F88130514B684604F1280529
:106870000093504B0193504B02937B6A5B680393E8
:10688000F1F716FEF1F770FCF1F7ACFEF1F7BCF989
:106890004A48F1F7C1FC4A48F1F704FE284600F0E7
:1068A00074F9284600F076F9F1F7C0FC217925202B
:1068B000F1F734FC94F91200F1F7A8FC04F1480157
:1068C000606C03F03CFB064604F15001606C03F081
:1068D0005DFB8046002E43D094F82430002B3FD03F
:1068E000B4F94050ED43ED0F237F53B963885B0744
:1068F00007D494F86030012B0DD194F866303F2B0B
:1069000009D86FF00043D4E916129A4208BFB1F1DA
:10691000FF3F2FD1ADBB94F883301BB946EA080680
:10692000F6B2AEB1638813F0100511D1E06BC0F37D
:106930000B20FFF77EFF94F83E3084F83D00C0F353
:10694000032023F00F03034384F83E3084F8835080
:10695000F8690330FAF71CFE387304B0BDE8F08123
:10696000B8F1000F04D094F82550002DB8D1BBE742
:106970004546B9E705F0A1FBD4E9162390429941B9
:10698000C8D3012229462046FFF79AF850B1FAF7FA
:106990009DFD054605F091FB0A4BE5FB0301C4E9AB
:1069A0001601B8E7002DB6D0FFDFFEE7F40900209E
:1069B000915C0700915307006D530700D6BE898E86
:1069C0005555550040420F0073B50446FFF73AFF96
:1069D0002046FEF715FC658815F0100518D000213B
:1069E0002046FEF7EDFE94F882305BB16846FBF777
:1069F0009BF838B1694604F12E00FBF7F5F8002347
:106A000084F88230204602B0BDE87040FEF7B0BB8B
:106A1000094E29462046FFF799FAF069F1F750FD33
:106A20002946F069F1F716FF21792846F1F70EFCA7
:106A30000523B0603370D6E7F4090020024B1862DA
:106A40005B6A1B68184700BFF409002090F86030AB
:106A500001624B72D0F86130C1F80A30B0F865308D
:106A6000CB8170477047FEF735BC000043881A079A
:106A700010B504460ED5036A3C220F498430427299
:106A80001B884381FF2380F827304FF6FF7303856F
:106A9000FBF7B8FD63882046DB0747BF236A3C222B
:106AA0003C224FF6FF7148BF1988FEF7C9FAFF2351
:106AB00084F8813010BD00BF2951070080F8801094
:106AC0007047FF2380F88330704780F8241080F8E7
:106AD000252070475D590700BD5A0700155907006A
:106AE0006359070021620700B1610700896107004F
:106AF00069500700415707007D590700C969070021
:106B00004953070079590700D46A0700DC6A070077
:106B1000F46A07008278034612F0010002D0D978A7
:106B2000C90710D5900702D5D97889070AD512F080
:106B3000040008D0D878C0F3800080F00100800005
:106B4000C0B2704702207047C0F34002C0F3800318
:106B500000F001001344184470470023C0F80230CD
:106B600001234370037070478170704710B5427005
:106B7000144601708078FFF7E7FF484304FB00F2FA
:106B8000FE2A01DDFFDFFEE710BD0023C370437165
:106B90000371704710B50446FFF7BCFF6379627854
:106BA0000133DBB29A4263710CD1E3780022A17801
:106BB00003436271DBB29942E37001BF2379E27053
:106BC00001332371022805D0042805D0012805D0FF
:106BD000FFDFFEE7262010BD2720FCE72520FAE78F
:106BE00038B504468078FFF7AFFF0146E078FFF73D
:106BF000ABFF2378227965789B1A6B4359436379FD
:106C0000C91A00FB1510C0B238BD014608B580781E
:106C1000FFF79AFF4A780B7853435843C0B208BD38
:106C200008B542794AB1FFF775FF042817D001284B
:106C300013D002280FD126200CE0C2789107FAD495
:106C4000D1070AD483785A0709D413F0020F14BF6E
:106C50002620252008BDFFDFFEE72520FAE72720B4
:106C6000F8E702280BBF0B320A329200D2008032C2
:106C700001FB02F0704740F2EE2070470138022815
:106C800001D9FFDFFEE7132905D811290ED81029F5
:106C900008D0FFDFFEE71529FBD1074B03EB4003CC
:106CA000D8887047044B33F810007047024B03EB51
:106CB00040039889704700BFB0ED050040F25A3399
:106CC00058437047436893F88920182A01D0FFDFA2
:106CD000FEE71E2283F88920704700000C4A034615
:106CE000117889B9906833B9B0F85810828F914201
:106CF0000AD8FDF7BFBE93891B0707D590F88A0015
:106D0000073818BF012070470020704701207047E6
:106D10001C0A00202C4A034630B49489402B90680A
:106D200044EA0304948103D1042130BCFDF722BF5F
:106D3000802B01D10521F8E703F00304032C01D1D6
:106D4000FFDFFEE7DD0706D50C6811612478062C0D
:106D500010D00B2C1AD09C0706D509680978052994
:106D600011751ED00B2928D09B0644BF0823137031
:106D700030BC704790F889401C2CECD100240025D1
:106D8000C0E93845012480F88D40E4E790F8894057
:106D9000122C01BF002480F88D40012480F8C840E7
:106DA000D9E790F889101829DED1002400250121A7
:106DB000C0E93A4580F88E10D6E790F8891011297D
:106DC000D2D10021F6E700BF1C0A0020436893F8E7
:106DD0008920352A04D1002283F88920FBF770BE70
:106DE000182A03D11E2283F889207047FFDFFEE7AF
:106DF000436893F88820092A0BD193F8091193F876
:106E00001021914205D1002283F8882083F8C22006
:106E100070479A6F110704D522F008029A67FBF7B2
:106E20004FBEFFDFFEE738B50E38536814460D46F7
:106E300093F88820092840D8DFE800F0053F3F3F5D
:106E40000F3F183F3F27042A05D12046FBF71EFEBF
:106E50002046FCF783FD002038BD0F2AFBD100221D
:106E600020461146BDE83840FCF7DCBD212AF2D1AE
:106E70002046FBF70BFE002DEDD0626892F8D8306B
:106E800023F0200382F8D830E5E793F88920272AF9
:106E9000E1D10025204683F88950FBF711FE636895
:106EA00093F82431012B03D129462046F9F7D0FC71
:106EB0006368002283F82421CDE7FFDFFEE70000AE
:106EC00073B5044640680D46836F13F0300F4AD106
:106ED000B1F805101A2904D9B5F80730B3F5A47F25
:106EE00006D22978204602B0BDE87040FBF732BEDA
:106EF000B5F801201A2AF4D9B5F80360B6F5A47FD5
:106F0000EFD330300096FBF735FC184B9A89920787
:106F10000DD51B7D142B0AD16268936F43F01003CB
:106F200093672046FBF7BBFD002002B070BD63688D
:106F300093F88820212AEFD093F81B31002BEBD156
:106F4000636893F81A31002BE6D16268936F11469B
:106F500002F24B1243F0200331F8300B42F8D33CDD
:106F6000FBF774FCDDE70120DFE700BF1C0A00200F
:106F700090F80E31FE2B01D0FFDFFEE7002380F8F2
:106F80000E1180F80F3112B9A0F8C4207047A0F894
:106F9000BE30012380F8C2307047000013B50446AC
:106FA00001A8F9F78BFF08B9FFDFFEE722220021D5
:106FB000019807F099F901992246064801F8034F14
:106FC000FBF70AFFF9F786FF08B9FFDFFEE702B01B
:106FD00010BD00BF200A0020224B70B59C6894F8B9
:106FE0006E3294F86F22C3BB94F86800BABB94F871
:106FF000691084F8680084F86910FF2184F86A1029
:1070000094F82411012901D0134303D0002116481C
:10701000F9F71EFC04F130063046FBF799FB04F546
:10702000A17105462046FBF7C3FB20460621FDF76C
:10703000A1FD3046FBF78CFB854204460BD205F0E0
:107040007DF90146601B192838BF192005F047F962
:1070500010B105F036F8012070BD1846C6E711469C
:10706000C7E700BF1C0A0020200A00202DE9F843D2
:10707000684D0646AC68002840F08880AB891A0746
:107080002AD594F80E31FE2B01D1FFDFFEE7FE2357
:1070900084F80E3194F889301E2B06D184F8C7008D
:1070A000281DFBF70DFD84F8896094F88830242BA7
:1070B0000AD194F88930A3F12402062A29D9322B67
:1070C00027D0252384F8883094F88A30072B02BF14
:1070D00002236B7584F80E31AB89DB071BD4AB89B7
:1070E0005F077BD4990740F18380287D0122AB683C
:1070F0000D2883F80F2178D0112800F0848007280C
:1071000000F08380FBF77CFF034600286ED1FFDF91
:10711000FEE73223D6E7D5F80880296998F8893048
:10712000D1F80090113B99F800700F2B09D8BB1EC5
:10713000DBB2092B6BD840F2333222FA03F3D807C3
:1071400065D509793846FBF731F820B93946324818
:10715000FBF700FD3AE0012F01D9162F22D198F854
:107160008800FBF7C4FC40B198F88830242B04D089
:10717000252B07D1322388F888303846FBF72CFFBF
:1071800003461CE0162F14BF022620262B781B076F
:1071900005D594F88930113B0F2B98BF082630464F
:1071A000BDE8F883112F15D005D8072F14D00D2F67
:1071B000E3D11A4B05E0142FDFD1194B1B68002BCC
:1071C000C4D02A694946144812799847002886D0C5
:1071D0000646DBE7134BF4E7134BF2E794F88A20FB
:1071E000062A04BF01226A757CE7104B0A489847BB
:1071F000AB89DA06CAD594F889300A2BC6D10B239D
:1072000084F88930C2E70A4BF0E70A4BEEE708261C
:10721000BCE700BF1C0A0020200A002055730700AD
:1072200020120020937307007D720700C56C0700D1
:10723000CD6D0700F16D0700837D63B9437CA3F139
:107240001002032A07D990F8500028B1202B8CBFD8
:1072500000200120704701207047837D63B9037CC3
:10726000A3F11002032A07D990F8500028B1202B6F
:107270008CBF0020012070470120704738B50446BC
:107280004878A0F10E03DBB2092B08D8012140F2A7
:10729000512201FA03F5154203D1082B06D0002034
:1072A00038BD2246BDE83840FFF7BDBD636893F89E
:1072B0008830252B01D0322BF1D12046FBF7E6FB9D
:1072C000636893F88920262AE9D093F8D9201A21F7
:1072D000204622F0010283F8D920626892F8D93062
:1072E00023F0080382F8D930F9F7B2FAD7E7A0F112
:1072F0000E030029DBB208BF1F21092B70B514460D
:1073000007D8012540F251269D40354203D1082B74
:1073100006D0002070BD0021BDE87040FFF783BD9E
:10732000556895F88830252B08D12046F9F790FA52
:10733000002385F8883085F8C230EAE7322BE8D19F
:1073400095F88930A3F12402062AF1D9322BEFD027
:107350002A21EAE702464068497890F88830252BD0
:107360000FD0322B0DD0042B0DD00F2B0DD0212B95
:107370000DD090F88930272B0CBF1720FE20FFF787
:10738000B6BF1620FBE70E20F9E71220F7E714201E
:10739000F5E7024640680B4690F8D81041F004012A
:1073A00080F8D81099785878FFF7A1BF10B50C462F
:1073B000D1E9040102F02EFC94F887304BB104F5BA
:1073C0000274204605F05AFF2046BDE8104005F043
:1073D0008ABF10BD0020704708B5FBF741FCBDE82F
:1073E0000840FCF791B80022A0F8882080F88C2093
:1073F00090F8BB3113B10221FDF7BCBB0321FBE7C1
:107400002DE9F84FB24F0E468046B989BC688D050C
:1074100004F1780A54BFB4F8B8200023504653BF93
:107420000132A4F8B83084F8BF31A4F8B820FFF7CF
:1074300003FF30B10B4604F5967221465046FCF727
:1074400045FBBB8903F4C0632BB194F88C30002B4F
:1074500046D0032B4BD094F88C20BB89012A04D151
:10746000180544BF022284F88C20B8F1000F40F0C8
:107470009480590657BFB4F8D8214246013292B2DF
:10748000A4F8D82103F00A020A2A0CD13A7D022A74
:1074900009D123F008033046BB81FFF7E7FD3043F5
:1074A0000823C6B2BB813046FFF7E0FDBD6830431C
:1074B00095F80E31C6B2FE2B3CD1DEBB95F88A3072
:1074C000063B012B36D995F81831ABB195F8193137
:1074D00001220221A5F8BC6085F81031284628E178
:1074E000012184F88C102046FDF744FBB3E702230A
:1074F000012184F88C30F6E795F889B0ABF1100BD8
:107500005FFA8BFBBBF1100F40F2E680AB6FDA073E
:1075100002D532460921E1E7980740F192803246D0
:107520000C212846FFF724FD95F8C93043F00103EC
:1075300085F8C930B4F8B83194F8BC510133A4F8D7
:10754000B831002D00F0E381F3F7BEFC10B1002349
:10755000A4F8B83194F88C10012940F20D8294F807
:107560008A30072B40F0EB81B4F8B830022B40F2A0
:107570000382B4F8BA500135ADB2B4F87E302B4472
:10758000A4F8B03194F8BD31002B00F0F98101234B
:10759000B4F87E201344A4F8B431BB89BD685B06FF
:1075A00057BFB5F8C4310023B5F8B6219B1858BFB2
:1075B0009BB2A5F8C43195F8183123B995F88A30F3
:1075C000063B012B06D8B5F8BC30B5F8B6211344FC
:1075D000A5F8BC3095F8C21031B1B5F8BE30B5F899
:1075E000B6211344A5F8BE3095F9C620002AC1BFC4
:1075F000B5F8C430B5F8B6011B18A5F8C43095F835
:10760000AB3063B9B8F1000F40F048827B7D022BAC
:1076100040F0FD8195F81031062B18BF162395F820
:10762000AA2022B92B4885F8AB30FBF71BFD284672
:10763000FFF7D9FE002384F8BB31BDE8F84FF9F716
:1076400065BC590702D53246132147E71A0706D50C
:1076500095F80831324685F8103107213EE713F0DE
:10766000300F59D095F81B31002B55D195F81A31B0
:10767000CBB195F8893005F58D7105F26E22292B75
:1076800024D095F88830A3F129004342434128468D
:10769000FBF762F8AB6F23F0200343F01003AB67F6
:1076A000002385F81A31AB6FDB0635D505F5A171DE
:1076B0002846FBF77DF8B5F8523000221521A5F8D1
:1076C0001031B5F85630A5F8123107E70123DEE78F
:1076D0001C0A0020200A0020D7F8089099F8893069
:1076E000182B32D013D8112B20D0162B24D095F87C
:1076F0008830002B67D195F88930103B102B6AD960
:1077000095F8B630002B66D001221221E6E6202B38
:10771000EDD1324606210BE0B86890F88930262B6F
:1077200041D0352BE3D10022112102E032460B215A
:107730004846FFF71DFCFDE64846FBF7F3FE002830
:107740003FF4F8AE00220421F2E799F86832012BE9
:1077500007D1324605214846FFF70AFC89F86862DE
:10776000E8E699F86832022BD9B27FF4E3AE99F8D3
:10777000C83053B10623324689F810314846FFF726
:10778000F7FB002389F86832EAE703210622B048B4
:10779000FBF7A7F999F8D830324613F0040F0CBF65
:1077A0000D211121EAE790F82431022B02D10022A9
:1077B0001721BEE790F82431012B98D190F825319C
:1077C000002BF4D093E7092B05D195F8093101225C
:1077D00085F8103141E7BBF1100F7FF6ABAEBD6805
:1077E00095F88890B9F1000F7FF4A4AE95F82B318D
:1077F0003BB101220E212846FFF7BAFB85F82B91F9
:10780000AEE795F82A318BB195F8C93013F003092A
:107810000CD101220C212846FFF7AAFB95F8C930AC
:10782000134385F8C93085F82A9199E795F81A31FC
:1078300033B395F81B311BBB95F8893005F58D7175
:1078400005F26E22292B19D095F88830A3F1290072
:10785000434243412846FAF77FFF002385F81A3157
:10786000012214212846FFF783FBB5F85230A5F812
:107870001031B5F85630A5F812315BE60123E9E77F
:1078800095F82431012B7FF455AE95F82531002B66
:107890007FF450AE95F88930A3F12402062A7FF6D2
:1078A00049AE322B3FF446AE95F86800012803D06C
:1078B000022801D0FFDFFEE795F86910012903D007
:1078C000022901D0FFDFFEE7022895F826210BD020
:1078D000012A14BF0022012242B90A3B042B7FF681
:1078E00029AE01221621F9E5022AF2E7022995F8CC
:1078F00027210AD0012A14BF00220122002AECD03D
:1079000000215348F8F7A4FF14E6022AF3E7F3F73F
:10791000D5FA08B1A4F8B851F3F7DEFA00283FF41D
:1079200019AE94F8BF310133DBB2022B84F8BF31BA
:1079300082BF0023A4F8B83184F8BF310AE694F876
:10794000B6301BB194F888300F2B15D1B4F8BA506B
:107950005046B4F8B830ED1A033DFFF76DFC68B13E
:10796000D4F8B030D4F8AC20033B9B1A9D42A8BF9A
:107970001D46012D3FF700AE0125FEE52B46F5E73C
:10798000012D7FF604AE94F8893013B10B2B7FF4F0
:10799000FEAD94F88830002B7FF4F9AD94F88A306E
:1079A000002B7FF4F4AD02297FF4F1AD94F8BF31E0
:1079B000002B7FF4ECAD2069B4F82E9001F03BFD74
:1079C00000283FF4E4AD94F80E31FE2B7FF4DFADD8
:1079D000B4F8B231012B7FF6DAADB4F8B821238CBC
:1079E0009A42BFF4D4AD013D9B1AADB29BB2B5FB38
:1079F000F9F59D4228BF1D4605FB09F3003D03F143
:107A0000010318BF01259BB284F8BA51C0E5012BD0
:107A100009D195F88B30002B7FF401AE0021284668
:107A2000FDF7A8F806E64EB1F00635D4310735D497
:107A3000B20635D4B30735D1FFDFFEE751B1B5F853
:107A4000BE10B5F8C030994204D32223E7E500BF49
:107A5000200A0020002A05DDB5F8C420B5F8C030A2
:107A60009A42F2D2B5F8BC20B5F8BA309A420AD29E
:107A700095F88C20B5F8B83052B1B5F8BA209A42D2
:107A8000CCD80823CBE595F81831002BDDD1EFE7F2
:107A9000052BC3D93E23C2E51E23C0E53D23BEE529
:107AA0002323BCE52A23BAE573B55B4B00250122ED
:107AB000044698601A719D811D705D75FF2380F8E2
:107AC000BB31B0F8B231D3B190F80E31FE2B16D1E4
:107AD00090F818319BB190F88A30063B93420ED94A
:107AE00090F819310221A0F8BC5080F81031FFF74E
:107AF0003FFA80F8BA510846FFF750FA03E094F8CD
:107B00000E01FE28F8D1B4F8B61104F17806E38D21
:107B10000139B4F8B821304689B2B1FBF3F313440C
:107B2000A4F8B831B4F8B8300B44A4F8B830FFF773
:107B300083FB20B1D4F8AC300B44C4F8AC30B4F8BB
:107B4000B2310025012B9CBF0133A4F8B23109B139
:107B500084F8BF5194F8893084F8BA51A3F10A022D
:107B6000012A29D8B4F87E30B4F86C229B1A190483
:107B70003BD404F26E2104F19000FAF735F884F852
:107B80008950FF2384F8C330B4F8B621214630462B
:107B9000FAF771F894F889302049113B204A0F2BED
:107BA0008CBF0023012301931E4B00931E4B03C97E
:107BB000F3F774F802B070BD292B16D1B4F86C221B
:107BC000B4F87E309B1A1A040FD484F88950FFF75A
:107BD00003FA014630B984F8240102B0BDE87040D0
:107BE000FFF70EBC84F82451CEE794F8883003F0F8
:107BF000FD03292BC8D1B4F87E30B4F86C229B1A4F
:107C00001B04C1D4002384F88830FFF7E5F901464E
:107C10000028B9D1E1E700BF1C0A0020200A00209B
:107C2000156D070001740700DD6C070038B50446C8
:107C3000084694F8683213B10C25284638BD94F8EC
:107C40008930162B01D0182BF6D194F8883203F026
:107C5000FF05002BF0D178B194F8D6310BB9FFDFD6
:107C6000FEE7052304F1F00204F5E37106F0D5F90F
:107C7000012384F86832E0E70223FAE7D0F874328F
:107C80008269934210B5044604D1D0F87812026A92
:107C9000914215D0228804F28D100F49A4F8972143
:107CA00040F2E242B3FBF2F3A4F89931B4F878322F
:107CB000A4F89B31B4F87A32A4F89D31FAF7D6FCD7
:107CC00002212046F9F7A2FE002384F8893003231D
:107CD00084F88C3010BD00BF0B32070008B5FBF7ED
:107CE00037F8024B024A1A6008BD00BF201200207C
:107CF000C16E0700FBF758B8F7B50123104E33707B
:107D00000023CDE90033684601F0C0FE044618B1F7
:107D10000023337003B0F0BD009D95F88730002B31
:107D2000F1D005F5EC77384605F0A8FA384605F0AD
:107D3000DAFA05F5D87085F88740FCF795F8E2E7A0
:107D4000340A0020074B10B553F820400846F0F7DE
:107D50005DFD4FF47A7304F585640444B4FBF3F0DD
:107D6000C83010BD60EB050010B5044690F86910EE
:107D700090F86800FFF7E6FF002201462046BDE8C4
:107D80001040FAF7C4BD00002DE9F04705460C4647
:107D9000164691F888801F4623B100220121204613
:107DA00000F08EFF94F88730032B69D8DFE803F0EA
:107DB00002645A640EB9FFDFFEE74FF0000A0123A8
:107DC0002046D14684F88730FFF7CEFF00262046B4
:107DD000D4E96C3219EB030342F10002C4E96C32BE
:107DE0002E70C5E9043294F888300B3BDBB21E2BB1
:107DF0009EBF2E4EDE4006F0010600F0B7FF30B108
:107E0000002E3FD194F88700012818BF02200423D8
:107E1000287204F130006B72FAF79AFC6860002F48
:107E200042D0A8F10D08B8F1010F3DD951462846BE
:107E3000F9F720FD1FFA80F8204600F097FF07466B
:107E40004EBB804527D309FB00F12E72D4E96C327A
:107E50005B1842F10002C5E90432B9F1000F13D1F9
:107E6000FFDFFEE7D4F82032D4F808A20AEB0309BA
:107E7000032384F88730A9E7D4F81890CA46A5E709
:107E8000FFDFFEE70020C2E751462846F9F7F2FC83
:107E900007441FFA87F801224146204600F010FFF0
:107EA000D5E90423C4E96C23BDE8F0870500004050
:107EB00010B586B0044613460A4601466846FFF7E9
:107EC00063FF694604F5EC7005F078F908B9FFDF47
:107ED000FEE7B4F87E300133A4F87E3006B010BD62
:107EE000F8B5044608B9FFDFFEE7052952D8DFE8F8
:107EF00001F0034B413D514790F887300BB9FFDF4C
:107F0000FEE700F00BFE002846D0244F94F86910DD
:107F100094F86800FFF716FF7B78A5691BB9236BFF
:107F20009D4228BF1D4604F13000FAF711FC00F114
:107F300029060220AD1B04F0ABF9022125EAE57504
:107F4000854228BF0546284604F0C9F910B12E44E1
:107F500004F0B7F8002331462046AC22FAF7CAFCF9
:107F60007860A069BDE8F84004F0A9B8BDE8F84021
:107F7000F0F778BB01220021BDE8F840FFF798BF79
:107F8000BDE8F840F2F792BF90F88730042B03D099
:107F9000FFDFFEE7FFDFFEE7F8BD00BF340A002089
:107FA000024B0022C3E90022FFF7A6BE340A0020DC
:107FB000FFF7A2BE014B5870704700BF340A002083
:107FC000C0F8B8117047826940F23B11006B9042D3
:107FD00008B528BF1046FAF7A3FC40F648039842BC
:107FE00028BF184680B208BD024608B9FFDFFEE789
:107FF00090F887300BB1FFDFFEE7024900F5EC7027
:1080000005F0D6B8E17E070010B5044686B008B981
:10801000FFDFFEE790F8872002F0FF030AB1FFDFE1
:10802000FEE7014601226846FFF7AEFE694604F509
:10803000EC7005F0C3F808B9FFDFFEE706B010BD2D
:1080400008B5F0F727F8044B5A6882422ABF18781F
:10805000002080F0010008BD340A002013B504465A
:1080600004294BD8DFE801F00316121B4500244B0E
:108070001B7803F0FF024BB90121FFF719FFF0F75E
:10808000BBF902B0BDE8104005F082B8042384F8C3
:108090008730F4E7032384F8873002B010BD83698A
:1080A000D0F82422C0F8083240F2E2438261ADF8F1
:1080B0000430D0F820328362B0F81E328385D0F8C5
:1080C0002832036241F64B539A428CBF00230123AE
:1080D00080F87630C38D00F5D8705343009302AB1F
:1080E00013E90600FBF7A2FE2046FFF73DFE022340
:1080F000D1E702B0BDE81040FFF736BEFFDFFEE774
:10810000340A0020174B30B51C895A6804431C817F
:1081100000F00304032C01D1FFDFFEE7C50748BFD1
:10812000D960840706D5096809780629197406D02C
:108130000B2910D0820644BF08225A7430BD92F831
:1081400088101D29F6D1002400250121C2E93A45F5
:1081500082F88E10EEE792F888101329EAD10021F8
:10816000F6E700BF3C0A00200D4A0146507C90B95A
:108170000129536806D1B3F858209B8F9A420DD835
:10818000FFF75EBF1289520707D593F88A000638B9
:1081900018BF01207047002070470120704700BFC2
:1081A0003C0A0020436893F810212AB1002283F88A
:1081B000882083F8C220704783F88920FAF780BCB2
:1081C000436893F88820032A05D1002283F8C2204F
:1081D00083F888207047FAF773BCA1F11203012BD2
:1081E0000AD910B9192902D87047122906D91F29AE
:1081F0008CBF00200120704701207047002070478D
:1082000038B590F8883004460D3B012B2AD8B0F8D9
:108210007E30B0F81C2201339BB29A4222D10388EF
:1082200040F2E24200251049A0F8973100F28D108B
:10823000D0F897304572B3FBF2F38381B0F89B30EE
:10824000C381B0F89D300382FAF710FA84F82C52FB
:1082500002212046F9F723FC03212046FFF7FEFE0A
:1082600084F8885038BD00BF0B3207001D4B70B535
:108270005C6894F81A220AB994F8682094F81B32C2
:108280000BB994F8693084F8682084F86930FF23CA
:1082900084F86A3004F1300600211248F8F7D8FA61
:1082A0003046FAF755FA04F5A17105462046FAF76B
:1082B0007FFA20460421FFF7D1FE3046FAF748FA4C
:1082C000854204460BD204F039F80146601B192898
:1082D00038BF192004F003F810B103F0F2FE0120BA
:1082E00070BD00BF3C0A002038B5142853680D4605
:1082F000144693F888300CD016281AD0122831D1A1
:10830000052B14D1002220461146BDE83840FBF76A
:1083100089BB213B022B0AD81046FAF7B7FB35B1CF
:10832000626892F8D83023F0200382F8D830002019
:1083300038BD242BFBD11046FAF7A8FB6DB162685B
:1083400092F8D93023F0010382F8D930626892F8AC
:10835000D93023F0080382F8D9301A212046F8F7E3
:1083600077FAE4E7FFDFFEE702464878162807D8E9
:108370004FF4A803C340DB0702D50121FFF7B4BFC8
:1083800000207047002908BF1F21142838B504D0E9
:1083900008D803280CD0122808D10021BDE83840A5
:1083A000FFF7A2BF1628F8D0FE2827D0002038BD3E
:1083B000546894F888301A2B01D0142B1ED194F8ED
:1083C000C830DBB984F8C73084F8C23094F8A731DC
:1083D00003F0FF050BB1FFDFFEE7238884F8A81147
:1083E000A4F8A93184F8AB5184F85E52044904F230
:1083F0009F10FAF707F984F88850D7E70220D6E7EC
:108400007134070043680246497893F88830A3F135
:108410001000102809D9212B09D0052B09D0242BB5
:108420000CBF1620FE20FFF7ADBF0320FBE7142092
:10843000F9E71220F7E7024640680B4690F8D8109B
:1084400041F0040180F8D81099785878FFF79ABF66
:108450002DE9F7439F4F0E46804639897C68880591
:1084600004F1780554BFB4F8B820002228465CBF58
:10847000013292B2A4F8B820FEF7EFFE30B10B46FD
:1084800004F5967221462846FBF720FB3B8903F44E
:10849000C06343B194F88C302BB90121204684F895
:1084A0008C10FFF7DBFDB8F1000F40F0E380002EE9
:1084B00040F0E0803B897D68590707D595F88A2010
:1084C000062A02BF012285F88A60BA749A0710D57D
:1084D000387C0123072885F80F3107D011281DD0DB
:1084E000FAF784FD034610B9FFDFFEE77A4B7948BF
:1084F00098473B891B074AD57B6893F80E21012AD0
:108500000ED0032A1CD0AAB9B3F87E10B3F81C020F
:10851000091A0C040ED483F82C220BE06F4BE6E70B
:10852000B3F87E20B3F81612521A100402D40022B7
:1085300083F8882093F80E21FE2A11D1FFDFFEE791
:1085400093F88820143AD2B2092A05D840F2412182
:1085500021FA02F2D107EDD4002283F85E22DCE793
:10856000FE2283F80E2193F888200D2A2FD0292A85
:108570002FD00B2A02D10C2283F8882093F88A206E
:10858000072A01BF0222BA74002283F88A203B899D
:10859000DA0732D5FA687B68166893F8881093F882
:1085A000C8003478FFF719FE28B1112C50D84C4B75
:1085B000E340DB074CD511792046F9F7F7FD50B9B8
:1085C000FB68314643481A79FAF7D5FA14E00E22CF
:1085D000D2E72A22D0E70D2C34D0112C34D0072C2E
:1085E00034D02046FAF7EEFC03460028E8D0FA68BB
:1085F000314638481279984706467B7C1C0708D5D7
:1086000095F8881095F8C800FFF7E7FD002818BF17
:1086100008262846FFF7F4FD7C6894F80E31FE2BFF
:1086200028D194F88A30063B012B23D994F81831CD
:1086300003F0FF0273B10023A4F8BC300223A4F8B6
:108640000E3117E0274BD2E7274BD0E7274BCEE779
:108650000826D2E794F88830002B49D194F8B62048
:10866000002A51D01222A4F8BE30A4F80E21012312
:1086700084F8C2307C6894F8183123B994F88A30B1
:10868000063B012B04D8B4F8BC300133A4F8BC304D
:1086900094F8C21021B1B4F8BE300133A4F8BE3052
:1086A00094F9C62022B1B4F8C4300133A4F8C43020
:1086B000B8F1000F40F02982BB7C022B00F0218230
:1086C000012B40F0CF8194F88B30002B40F0DD81FE
:1086D0000021E5E13C0A0020C1810700A5810700D7
:1086E00074280200058407003784070069830700A7
:1086F0001D2B31D015D8122B28D0132B20D0032BB3
:108700002CD0103B102BB5D994F88930042B31D8DC
:10871000BBB3023B022B00F28680DFE803F09379C3
:10872000EC00282B20D0352BEBD11123A4F8BE2050
:1087300084F88820A4F80E31012384F8103199E7D9
:108740000B23A4F80E31A4F8BE2090E7D4F8303201
:10875000C4F800310323F4E70623F2E794F8093163
:1087600084F8103107236AE71823A4F8BE20A4F880
:108770000E317FE7262B00F0A68040D8223B012B4C
:1087800067D994F80E31FE2B7FF474AF7D6895F8AD
:108790000E31FE2B00F0B18094F88830002B7FF46E
:1087A00069AF94F81532002B3FF464AF94F8890058
:1087B000FAF79DF9054600287FF45CAFB4F87E30E7
:1087C0000A2B7FF657AF6846F9F7AEF900283FF459
:1087D00051AF052204F19101684605F075FD0028AE
:1087E00000F03D819DF80430009884F81432012394
:1087F000C4F81002A4F80E3184F815523AE7352B6C
:10880000BFD11123A4F80E31002384F810311DE0EC
:1088100094F8083184F810310723A4F80E310023AE
:1088200084F88930ADE70C230022A4F80E3194F8C7
:10883000C930A4F8C42043F0010384F8892084F8E7
:10884000C9309EE71323A4F80E310023A4F8C430E6
:10885000E6E794F81B31002B93D194F81A31BBB1A1
:1088600094F8893004F58D7104F21A22292B28D04E
:1088700094F88830293B012B8CBF0023012320462C
:10888000F9F76AFF232384F88930002384F81A312A
:1088900094F88930232B7FF474AF04F5A17120463E
:1088A000F9F786FFB4F85230A4F81031B4F8563016
:1088B000A4F812311523A4F80E310023A4F8C43013
:1088C0005FE70123DBE794F82431012B0ED094F805
:1088D0002431022B7FF455AF226ED4F826118E4836
:1088E000F8F798F81823A4F80E314AE794F82531E0
:1088F000002BECD1F0E70923F5E795F88830002B41
:108900007FF44AAF95F82C3283B195F88900FAF7D5
:10891000EEF858B995F88930342B07D0A5F80E0138
:1089200094F80E31FE2B7FF4A5AE35E795F85E3254
:1089300003F0FF02B3B195F88D304BB195F88E304E
:108940000BB9FFDFFEE70A23A5F80E31002306E08E
:10895000D5F83022C5F800210322A5F80E21A5F88C
:10896000BE3007E095F82B3143B10823A5F8BE20AF
:10897000A5F80E31012385F8C230D1E795F82A31E8
:1089800073B195F8C93013F00302C9D10C2143F03B
:108990000103A5F80E1185F8C93085F82A21BFE733
:1089A00095F81A311BB395F81B3103BB95F8893044
:1089B00005F58D7105F21A22292B16D095F888300D
:1089C000293B012B8CBF002301232846F9F7C4FE65
:1089D000002385F81A31B5F85220A5F81021B5F812
:1089E0005620A5F812211422B7E70123EDE795F8E8
:1089F0002431012B94D195F82531002B90D195F895
:108A00008900FAF774F800288AD195F868100129CE
:108A100003D0022901D0FFDFFEE795F86920012A83
:108A200003D0022A01D0FFDFFEE7022995F82631A4
:108A300006D0012B14BF002301231BB9162383E7A3
:108A4000022BF7E7022A95F8273106D0012BF5D142
:108A500000213148F7F7FCFE62E7022BF7E784F8C4
:108A60001502CBE64EB1F0064DD431074DD4B20716
:108A70004DD1B3064DD4FFDFFEE7C9B1B4F8BE1047
:108A8000B4F8C030994213D9222384F8AB3022487D
:108A9000FAF7E8FA00230221A4F8883084F88C3031
:108AA0002046FFF7DBFA03B0BDE8F043F8F72EBA33
:108AB0002AB1B4F8C420B4F8C0309A42E4D8B4F86B
:108AC000BC20B4F8BA309A420FD2B4F8BC20B4F843
:108AD000C0309A42D8D294F88C20B4F8B8304AB951
:108AE000052B7FF6F5AD3E23CFE794F81831002B28
:108AF000CAD1EAE7B4F8BA209A423FF6E9AD0823B2
:108B0000C3E71623C1E71E23BFE73D23BDE72A23A2
:108B1000BBE72323B9E700BF3C0A00207FB590F8EC
:108B200089200023514D0446292A2E462B70686067
:108B30002B816B74AB7412D1B0F81812B0F87E2090
:108B4000521A11040BD480F88930FFF78FFBB0B9AB
:108B500000210846FFF77CFC002004B070BD94F8AB
:108B60008830293B022B0AD8B4F81822B4F87E309A
:108B70009B1A1A0403D4002384F88830E5E794F89C
:108B800088300B3B012B16D8B4F87E30B4F816228F
:108B90009B1A1B040FD404F5047104F19000F9F73B
:108BA00023F894F888300C2B04BF002384F8883015
:108BB000FF2384F8C330B4F80022214604F1780082
:108BC000013292B2F9F757F80023A4F8003294F872
:108BD000C2302BB1B4F8BE20B4F8C0309A42B7D23C
:108BE00094F9C6302BB1B4F8C420B4F8C0309A421E
:108BF000AED2B4F8BA20B4F8BC309342A8D294F8FC
:108C00008C10B4F8B83059B9052BA1D894F80E419E
:108C1000FE2C19D003A8F8F751F920B9FFDFFEE7C1
:108C20009A42F3D894E722220021039805F05CFBD6
:108C3000039922460D4801F8034FFAF7CDF8F8F7EB
:108C400049F908B9FFDFFEE76B68094A93F8881015
:108C500093F8C800FFF7C1FA064B01900093064B4A
:108C600096E80300F2F71AF8012076E73C0A0020A4
:108C700005810700518407006981070038B50C465B
:108C8000D1E9040100F0C6FF94F887303BB104F548
:108C9000EC75284604F0F2FA284604F024FB04F5AB
:108CA000D8742046FBF7D2F820B12046BDE8384002
:108CB000FBF7DAB838BD00207047F9F771BF000044
:108CC000F8B5B0F8003200F1780704460D460B44C1
:108CD0001646A0F80032B0F8B8300B44A0F8B8300F
:108CE0003846FEF7BAFAA0B1D4F8AC3038460B4497
:108CF0002146C4F8AC30FAF7D9FED4E92B239A42C6
:108D000007D30023164904F23910C4F8AC30F9F740
:108D1000ADFC94F8C23023B1B4F8BE302B44A4F8B3
:108D2000BE3094F9C63023B1B4F8C4302B44A4F853
:108D3000C43094F8183123B994F88A30063B012BDB
:108D400004D8B4F8BC302B44A4F8BC302046FFF75C
:108D500057FA26B1B4F87E301D44A4F87E50F8BD11
:108D6000153A0700F9F7DCBFFAF706B810B590F826
:108D70008C200146B0F8B830D2B9C3F1020491F8A2
:108D8000B6301BB191F88830052B16D101F178006F
:108D9000FEF763FA98B1D1F8B030D1F8AC00043BDB
:108DA000181AA042A8BF204620EAE07080B210BD89
:108DB000B0F8BA40E41A043CE1E70020F1E72046AD
:108DC000EFE70000074B93F900301844142804DC47
:108DD00010F17F0F03DB40B27047142070476FF033
:108DE0007E0070474F0A0020084B1B785B425BB245
:108DF0001844142804DC10F17F0F03DB40B27047E5
:108E0000142070476FF07E00704700BF4F0A0020AB
:108E100008B5EFF717FABDE80840FFF7D3BF000029
:108E20007F2307B50DF107008DF80730EFF7E8FB5A
:108E300003469DF9070053B1094B5B785B425BB277
:108E40001844142806DC10F17F0F05DB40B203B094
:108E50005DF804FB1420FAE76FF07E00F7E700BF2F
:108E60004F0A0020024B00221A705A70704700BF50
:108E70004F0A0020054B00221B78826001330260FC
:108E8000034A4260C371FF2303727047540A0020F3
:108E900070010800064A074B02604FF418729B7875
:108EA00082800822C371002382710372704700BF61
:108EB0007D8C0700540A0020064A074B02604FF4DD
:108EC0002672DB7882800822C371002382710372CC
:108ED000704700BFAD730700540A0020064A074BD5
:108EE00002604FF4AC72DB7A82800822C371FF23E8
:108EF00082710372704700BFBB630700540A0020F1
:108F0000094B07B51A896846ADF80020DA889B88B6
:108F1000ADF80420ADF80230F7F760FA08B1FFDFD2
:108F2000FEE703B05DF804FB540A0020F8B5C31D4A
:108F30000028064623F007040CBF0020204600F05E
:108F400039FC071E02DA6FF00B00F8BD394DE988D5
:108F5000A88803316B7A03302A7A89B280B200F094
:108F6000F3FD0028EFDBEB78002EA978194404EB21
:108F7000070303F1030300FB01F108BF002023F006
:108F8000030418BF204600F0F3FD23180EB9002B90
:108F9000D9DBE97A1C4679B10333002EAA8923F084
:108FA00003040CBF0020204600F090FE0028CADB1E
:108FB00004440EB9002CC6DB012000F0F1FBA8B17F
:108FC000A97B99B12B7C23B340234FF481720734E2
:108FD000002E24F007040CBF00202046F4F70EFA00
:108FE0000028B0DB04440EB9002CACDBAB7AD3B163
:108FF000EB7A8BB10734002EA97A24F007040CBF5A
:1090000000202046FAF7AEFE00289CDB76B1002057
:109010009BE725232822DAE7012000F0C1FB10B1ED
:10902000AB7B002BE6D1002EF1D101E024188AD4CD
:1090300020468AE7540A002010B5044604F0D2FE08
:1090400010B94FF0FF3010BD02F088FFB0F5FA7F85
:10905000F7D80E4B00221A76023303F8022C9A73CB
:109060000B4AC3F8124002F10C0152F8040B8A4279
:1090700043F8040BF9D112881A80EFF3108472B60A
:1090800001F022F904B962B60020DCE7540A00209E
:10909000C2ED050038B5144600284CD1274D2B7E73
:1090A000032B45D071B112B96FF0150038BD0139ED
:1090B000062940D8DFE801F0041316282B343700C6
:1090C0001378AB700020FFF731FF0028B7BF0123F2
:1090D00002236FF00B002B76A8BF2B76E6E7137800
:1090E000EB70EFE71379002BDED05379002BDBD048
:1090F00013881A2BD8D953881A2BD5D9136892887C
:109100006B600F4B9A80DDE71378EB72DAE7012092
:1091100000F046FB237808B1012BC5D9AB73D1E72A
:109120001388AB81CEE71388FF2BBDD8AB72C9E79C
:109130004FF0FF30BAE76FF02C00B7E7540A002079
:10914000580A0020F8B50D46064620B319B311F0B1
:10915000070420D1114F3B7E012B02D16FF00B0091
:10916000F8BD032B02D14FF0FF30F9E700F070F8A3
:109170000028F8D02846FFF7D9FE0028EEDBEEF7EE
:10918000C6FC30462146F7F789FAFFF7B9FE0323FC
:1091900020463B76E4E76FF01500E1E7540A002033
:1091A00010B5064C237E032B03D1F7F78DFAF9F7A0
:1091B0002FF901F0ADF80020207610BD540A0020F0
:1091C00008B5F7F715FA03490320BDE8084000F099
:1091D000DFBA00BFDD8E070008B5F7F71FFA0349B5
:1091E0000220BDE8084000F0D3BA00BFB98E0700E6
:1091F00008B5F7F733FA0649012000F0C9FA054926
:10920000002000F0C5FA044B01221A7408BD00BF0B
:10921000758E0700958E0700540A0020F7F734B9C1
:10922000F7F724B9F7F741B9F7F742B9F7F742B9B9
:10923000F7F738B902680020014B1A60704700BF89
:10924000700A0020014B1B68184700BF700A0020FD
:10925000024B1868003818BF01207047700A0020C0
:109260000A8870B595B2C67CC2F30E020488023635
:1092700002F118033444C35AA4B233442344013BDB
:10928000B3FBF4F303FB0422438892B29342044BF2
:109290008BBF2B40AB4313439BB20B8070BD00BF11
:1092A0000080FFFFF8B5941C0E46054617460C4497
:1092B0006343B3F5004FA8BF4FF0FF3310F0030135
:1092C00001D0FFDFFEE79CB2B4F5004F01D9FFDF0C
:1092D000FEE71422043005F007F8EF746C802E804E
:1092E000F8BD03888B4210B501D2FFDFFEE7C388CB
:1092F000048983EA0402C2F30E020AB9A34207D129
:10930000C3F30E0301221833C1528274184410BDF6
:109310001046FCE7023101444A43B2F5004FA8BFB2
:109320004FF0FF3290B21B3020F00300B0F5004F39
:1093300034BF00B24FF0FF30704740881B3020F040
:109340000300B0F5004F34BF00B24FF0FF3080B2E1
:10935000704738B503888B4201D2FFDFFEE7857C7A
:1093600065B1C388C3F30E031833C25A8A4207D3C8
:10937000C152811DFFF774FF00238374284638BD56
:109380000025FBE703461830F0B59E88DD88B4B2AF
:10939000C6F30E06A54214D05F89DD7C845B3D4494
:1093A000E41B0235A4B2354428440D88A54284BF8D
:1093B0000C8025465989B1FA81F149091170DD8186
:1093C000F0BD00252846FAE7F8B582880026C38953
:1093D00004460D4692B20E60B3B14189C2F30E024B
:1093E0000B4418329BB28718825A4381934201D9A9
:1093F000FFDFFEE704D1011DFFF732FF46812F603A
:1094000000230120E381F8BD1846FCE70189838829
:10941000C1F30E029BB218321044994208BF0020DB
:1094200070478388014602899BB29A4202D0083174
:10943000FFF716BF70478388C0889BB2C31A584293
:1094400058417047828873B595B2C488C2F30E0242
:10945000AC4202F1180212D04189C689835A3144C4
:1094600099420EDB0DF10601ADF80650FFF7F8FE4C
:10947000BDF80600001B18BF012002B070BD00201F
:10948000FBE70120F9E770B5C48803460689183068
:10949000C4F30E0584EA0602C2F30E020AB9B4420E
:1094A0000FD19C891A880CB1465B921B914207DC54
:1094B000DA7C2C440232224410440A461A8270BDDF
:1094C00000221046FAE7F8B5038A002B35D08B420C
:1094D00033D3C48800F118038589C4F30E041E1920
:1094E00095B91D55757085891E5B0D443144ADB22B
:1094F00085811953BAB1811DFFF7B2FE0023838124
:10950000002303820120F8BD1E5BAE4201D0FFDFC5
:10951000FEE7C57C2644878A023535445E195F53D1
:10952000857DB570DFE7C27C254402322A44991854
:109530009B5A83828B788375E2E70020E3E7838878
:10954000C2889BB29A4206D0428922B9C3F30E0365
:1095500018331844704700207047C37C0233C81882
:109560007047C37C0233C81A70470230704738B561
:109570008388C2889BB29A4207D045892DB9011DC4
:10958000FFF76EFEC581012038BD0020FCE70023F7
:1095900083810382704703881380C388C3F30E035B
:1095A0001833034480890B60704700004A1E03464D
:1095B0000846062A01D8FFDFFEE7094A914201D991
:1095C000FFDFFEE711B94BB1196070472BB11B6883
:1095D0000022C3E901211A1D1A600430704700BF40
:1095E000FAFFFF7F0368002223B9C0E90132031D9F
:1095F0000360704759681B680A44F5E7072903466A
:1096000070B501D8FFDFFEE70068C0B144680646C8
:109610001A688C4210D0106860B901F10805AC429C
:109620000DD3546850501868651A54180068656066
:10963000505002E01346E9E7146830461C6070BDE4
:109640000023C1E9003203680B600160704730B548
:10965000458804882C441D44A24298BFA41AAA42FB
:1096600001D2FFDFFEE723449A4201D2FFDFFEE78B
:10967000081930BD70B54688048834441E44A2429F
:1096800098BFA41AB24201D2FFDFFEE723449A42F8
:1096900001D2FFDFFEE74680081970BD30B50488AF
:1096A0004588E41A1D44A4B2944224BFA418A4B26D
:1096B0009542048001D9FFDFFEE72344934201DD98
:1096C000FFDFFEE74580081930BD70B5044600880D
:1096D000C618B5B2954224BFAD1AADB225806588D3
:1096E0009D4201D2FFDFFEE7964201D9FFDFFEE790
:1096F000ED1A0844658070BD30B590B18478B1FB37
:10970000F4F304FB131300EB430252898A4201D1A4
:10971000D8B230BDC27822B900F10803D0B2844279
:1097200001D8FF20F5E733F8025F01328D42F5D111
:10973000EFE78278038805324B4303EB420318447A
:109740007047000010B5114B00EB41041A78638993
:10975000B3FBF2F303FB0223013A1A44B2F5706F34
:109760000279807828BF00231A440B18B2FBF0F16D
:1097700000FB11215B1AB3FBF0F100FB1133134422
:109780006FEA43436FEA5343638110BD740A0020BC
:10979000024B03EB80035960704700BF740A00203E
:1097A000034B03EB80035868003818BF0120704753
:1097B000740A00202DE9F04F10F0070985B0044627
:1097C00001D0FFDFFEE7564E824606F12805A84687
:1097D0002F4633688DF80B903BB101A898479DF850
:1097E0000A30082B01D9FFDFFEE79DF80B0038BBDC
:1097F00004B12860043604354645EAD1002C76D001
:109800000022DFF820810926964688F8002057F8C4
:109810002690013EB9F1000F5CD099F8045099F8F8
:1098200002C0FF2D68D031460023481C3FD19C4424
:10983000BCF1FF0F46D90AB188F800E0FFDFFEE770
:109840009DF80AC0BDF80810CCF10003614401394D
:109850001940B1F5803F01D3FFDFFEE7BCF1020FF5
:1098600000F1050338BF4FF0020C5A000AEB430326
:109870000CF1FF3ECCF1000C734403EA0C039CB1E5
:109880009A1A4FF0010C2A609070118082F803C080
:109890009DF80CC082F804C0DDF804C04FEA1C4EED
:1098A000A2F808C0A2F806E001FB003AA2E757F8C8
:1098B000210028B190F804B0AB4504BF80781B1894
:1098C0000139B2E7DBB2E64589F804303CBF5FFA04
:1098D0008CFE0122731C9AD10AB188F800E0092598
:1098E00040F6FF6957F82560BEB9013DFAD2AAEBF0
:1098F000040005B0BDE8F08F0023E4E706EB410368
:1099000008F101083046A3F80A90FFF71BFF5FFA41
:1099100088F1B3788B42F1D8E7E74FF00008F6E71B
:10992000780A0020740A0020034B03EB8003D86AF6
:1099300000B18078704700BF740A00204FF6FF73B3
:10994000024630B40380164B03EB8103D86AA8B1FA
:1099500084780379B3FBF4F104FB1133DBB21946CD
:1099600000EB4105B5F90A50002D0CDB0131B1FBCC
:10997000F4F504FB1511C9B28B42F1D1002030BCC3
:109980007047FFDFFEE700EB41046389C3F30E037A
:109990001380C278002AF4D0638130BCFFF7C9BEBF
:1099A000740A00201B4B03EB810370B5DC6A05468B
:1099B0002CB3030401D5FFDFFEE701462046FFF785
:1099C0009BFEFF28014604D02046BDE87040FFF70B
:1099D000B0BEA078B5FBF0F300FB1353DBB2194621
:1099E0000A1D04EB4206B6F90260002E09DB0131C4
:1099F000B1FBF0F200FB1211C9B28B42F0D1002092
:109A000070BD8B4201D00023E37004EB420255800D
:109A1000DAE700BF740A0020094B03EB810301461B
:109A200010B5DC6A2046FFF767FEFF28014604D028
:109A30002046BDE81040FFF77CBE002010BD00BFEF
:109A4000740A0020F8B5104B074603EB810301466A
:109A5000DC6A2046FFF750FEFF28054611D0E28859
:109A6000238953EA024606D001462046FFF761FEED
:109A700001463846B04720462946FFF763FE0020DE
:109A8000F8BD0520FCE700BF740A002038B50E4B76
:109A90000446827903EB8203D86A08B9052038BDF1
:109AA0008278E1799142F9D24B1CE37100EB4103DA
:109AB0005D89B3F90A30002BF3DBA580FFF739FE8F
:109AC00020600020EBE700BF740A002037B50024B7
:109AD0000546CDE900448DF806006846FFF7D6FF3D
:109AE000224601340028F8D02846FFF71DFF801ACF
:109AF000C0B203B030BD37B500240546CDE90044FF
:109B00008DF806006846ADF80440FFF7BFFFBDF8CA
:109B1000044008B103B030BD29462046FFF792FF4C
:109B20000028EFD0FFDFFEE708B5064B03EB81030B
:109B30000146D86AFFF7E0FDFF2801D1FFDFFEE70D
:109B400008BD00BF740A002070B51E460D460A21EC
:109B5000FFF7E0FB0446324609212846FFF7DAFB0F
:109B600040EA04031B0454BF00194FF0FF3070BDDE
:109B700070B5044610F003000E4601D0FFDFFEE78B
:109B8000FFF714FD054624B1034831460460FFF792
:109B90000DFD284670BD00BFC80A00202DE9F14F19
:109BA000DFF86CB01E4607460D46DBF800309046E5
:109BB0009DF828A09DF82C900BB9FFDFFEE75246D8
:109BC0000A214046FFF7A6FB4A4684B209213046E7
:109BD000FFF7A0FB81B2DBF800002144FFF70EFD88
:109BE000386018B9286001B0BDE8F08F04445346CE
:109BF00041460A222C603868FFF754FB4B46092285
:109C00003146286801B0BDE8F04FFFF74BBB00BFFD
:109C1000C80A002070B50E460446FFF78EFB0546C5
:109C20003046FFF78AFB044B2A1821461868BDE826
:109C30007040FFF705BD00BFC80A0020024B18683E
:109C400008B1FFF7CFBC7047C80A0020D31D23F02E
:109C5000070370B5083380B110F0070401D0FFDFAF
:109C6000FEE704604FF6FF75C28000F108040A4663
:109C70008180013A92B2AA4203D103FB01F008307D
:109C800070BD0668266004601C44F2E718B1C28803
:109C90008188FFF7DBBF70470346EFF3108272B68F
:109CA000006830B10168196000230370437083704D
:109CB000C37002B962B67047EFF3108372B60268E0
:109CC0000A60016003B962B6704700001F2A13469C
:109CD000F0B504460BD89200033222F00300B0F531
:109CE000803F2CD2A4B1A3070ED0FFDFFEE7FF2BED
:109CF0004FEA420204D9FF339A42A8BF1A46EBE763
:109D00007C2AB8BF7C22E7E70E4B19705C60188193
:109D1000282322F003020025012703FB01F012048F
:109D2000084B120C5B68EEB2B14200D8F0BD14B122
:109D300026181F705E60104401352833F3E74FF09A
:109D4000FF30F3E7CC0A0020144A002170B55368B5
:109D50001578C8B2854201D8FFDFFEE71C461846D9
:109D6000013114F8286B0EB92346F2E700219970EF
:109D700001241289996103F126055C709208D9616A
:109D800003F11E04596824F8022FA54243F8041F6A
:109D90001144F8D100234361037070BDCC0A002048
:109DA00001230370704700000A4B1B89B3F5FF7F46
:109DB0004FEA930006D25A089B1A9BB2984238BFCA
:109DC00018467047B3F5EE6F01D8FF22F4E740F272
:109DD0007263F3E7CC0A00204B782DE9F041064688
:109DE0000C4602F0040702F0FB05E3B1A5BBFF231C
:109DF000A3707B0804EB57073A7D032A02D1022D9A
:109E000018BF0133E2180121117503F10C01002282
:109E100004EB830324F811205B68A27030463360A2
:109E2000B280BDE8F081002DE1D1012301F11E02D5
:109E30008D6120464B7004F1260C1A4BCD611B89B5
:109E400049689B0822F8023F944540F8041F1944D2
:109E5000F8D100236361CAE7D1F8048014220021FD
:109E6000A018617004F040FA0E4B1B89B3F5FF7F18
:109E70000FD25A089B1A9BB208EB0301C4F8048066
:109E80002384A1606284C4F80C80A3842161E284ED
:109E9000ADE7B3F5EE6F4FF0FF02EBD940F272631E
:109EA000EAE700BFCC0A0020F8B50C46054611468B
:109EB0001E4684F001046400E4B2FF23837003199A
:109EC0001B7D012B05D00134E4B203191B7D012B4E
:109ED0000AD105EB44073B8B3A8C9819904205DD7B
:109EE00000232C443B8323750020F8BD05EB84043C
:109EF00032466068184404F045FA3B8B1E443E83AA
:109F00000023AB700120F0E781F00101490010B59A
:109F1000C9B2FF23837043181C7D012C07D10C317B
:109F200020F8112002221A750023837010BD013120
:109F3000C9B243181C7D012CF1D0FFDFFEE70246B9
:109F400030B5837803F0FF00F3B9137D022B19D0ED
:109F5000537D022B15D10346012089B10024D51869
:109F60000C332C7522F81340131803241C7502EBD4
:109F700080035B680B6000F10C0332F813308B80B8
:109F8000012030BD0123E8E70020FAE7034630B5A1
:109F9000827802F0FF00E2B99A7D022A17D0DC7DB8
:109FA000022C13D1032281B11D1900200C34287515
:109FB00023F8140098180324047503EB82000C3274
:109FC000406833F8123008608B80012030BD0324D4
:109FD000E9E70020FAE7037D012B01D1008B7047F0
:109FE000437D012B0CBF408B00207047837D012BEC
:109FF00001D1808B7047C37D012B0CBFC08B00202B
:10A000007047038B23B9408B003818BF012070477D
:10A0100001207047838B23B9C08B003818BF012003
:10A02000704701207047027D022A01D1008B7047E2
:10A03000437D022B01D1408B7047032AF6D0032BBE
:10A04000F9D000207047827D022A01D1808B7047B1
:10A05000C37D022B01D1C08B7047032AF6D0032B9E
:10A06000F9D00020704730B503B930BD013BDBB2F9
:10A07000CC5CD55C6C40C454F6E701390244002343
:10A0800010B5904200D110BD11F8014F43EA4403CE
:10A0900000F8013B0B78DB09F3E704287FB509D111
:10A0A0000123059101A800218DF80430ADF8083096
:10A0B000E2F798FF07B05DF804FB0000104B2DE9B4
:10A0C000F041064693F800805D680027FCB2A04589
:10A0D00001D800200FE0AA7BB37B9A420DD1EA7B26
:10A0E000F37B9A4209D10C223146284604F0ECF861
:10A0F00018B9601CC0B2BDE8F08101371035E5E742
:10A10000D80A002038B50B460446B8B1B1B10201F7
:10A110000021184604F0E8F8094A0346014602F116
:10A12000100052F8045B824241F8045BF9D1054A01
:10A130000121002011701472536038BD0120FCE72A
:10A140001DEE0500D80A002038B50446FFF7B6FF1B
:10A1500090B90A4A1378117A99420DD9516820466C
:10A16000103401EB031150F8045BA04241F8045B8A
:10A17000F9D10133D8B2107038BD00BFD80A002021
:10A18000014B1878704700BFD80A0020044B18789C
:10A1900001281EBF00F1FF3018700020704700BF7B
:10A1A000D80A002038B5022814464FF000020D46A8
:10A1B000A270228008D10B880BB9012038BD012282
:10A1C000A27000202380F9E71028F6D1084633B1A9
:10A1D000FFF7BAFFA0700028EFD0AB89F1E7FFF7D7
:10A1E0006DFFF7E70023FFF7DDBF000070B509B989
:10A1F000012070BD00230B708378012B09D122B19F
:10A200000388137003881B0A5370022300200B700D
:10A21000EFE7EDD90D4C25789D42E9D39AB103F1D2
:10A2200080536468013B04EB0313144603F11005EB
:10A2300053F8046BAB4244F8046BF9D103881373F1
:10A2400003881B0A53731023E0E700BFD80A0020DD
:10A250000B4B01224FF0FF3000215A60C3F8080376
:10A26000C3F80015C3F804255A6040F6FE72C3F81F
:10A270000803C3F8001503F56033C3F808257047D9
:10A2800000A004400E4B802200210E4883F88A1360
:10A2900083F8E51383F8851383F84B2383F84A2367
:10A2A000C27783F8D71383F80E2483F84E2383F8FC
:10A2B0001C23C02283F81E2383F81D23704700BF90
:10A2C00000E100E000ED00E008B5FFF7C1FF0E4B34
:10A2D0004FF48062C3F88820BFF34F8FBFF36F8FB6
:10A2E000C3F8882140F6FE72084BC3F8082500F039
:10A2F00007FA00F0B1FC1D2000F094F800F05EFDBC
:10A30000BDE8084000F020BE00E100E00020084069
:10A3100008B5FFF79DFF0B4B4FF48062C3F8882010
:10A32000BFF34F8FBFF36F8FC3F8882140F6FE72E3
:10A33000054BC3F8082500F045FDBDE8084000F0D6
:10A3400019BE00BF00E100E000200840092070476E
:10A3500002F076BE03F030BA03F020BF02F078BE00
:10A3600006207047203838B5C3B20C462F2B09D8C9
:10A37000054B53F82050D1E90223D1E90001A84749
:10A38000206038BD0120FBE730EE0500114B1A6854
:10A3900070B5E2B15A680921012501321E68092A07
:10A3A00028BF002205FA02F426420DD05A60EFF3CE
:10A3B000108172B61A6822EA04021A6001B962B604
:10A3C0005B680360002070BD0139E6D15A6005204A
:10A3D000F9E700BFE40A0020074BB3F90830002B6F
:10A3E00009DB5A09012103F01F03994002F14003E0
:10A3F000024A42F823107047E40A002000E100E01E
:10A4000010B4EFF3108172B6054A0123146803FA01
:10A4100000F02043106001B962B610BCFFF7DCBF4A
:10A42000E40A0020024B002218811A605A6070472B
:10A43000E40A0020044B1A68012303FA00F01040DC
:10A44000003818BF01207047E40A0020F0B5174B10
:10A4500040F20114C3F80045D3F80444E407FBD5E7
:10A460000023124C93424FEA830516D1D4F81834D6
:10A47000D80709D401230D4AA3600D4BD3F800354A
:10A48000D2F80434D907FBD5084B0022C3F80025C5
:10A49000D3F80424D207FBD5F0BD51F82360D4F8DB
:10A4A0000474FF07FBD501334651DBE700E00440AD
:10A4B00000200E40012910B53BD0022912D00029FE
:10A4C00049D1264C2378022B01D0FFDFFEE7D4E9E7
:10A4D0000121E068FFF7BAFF05232370BDE81040B3
:10A4E00002F056BE1D4C01F0E8FDD4E90432C01A5A
:10A4F0001B4B61EB020183424FF000038B4120D3E1
:10A50000A369F3B92378022B01D0FFDFFEE7C0F582
:10A51000452084F82830012304F1200100F5416032
:10A52000A361206304F1380002F048FE80B9FFDF28
:10A53000FEE70A4C2378052B05D003F0FB03022B22
:10A5400007D1032000E00220FFF75AFF0023237009
:10A5500010BDFFDFFEE7FFDFFEE700BFF00A0020CF
:10A560000F5C0C00F8B5044608B9FFDFFEE790F871
:10A570005850052900F2BC80DFE801F0037A4262FE
:10A580006B7490F82A30033B012B01D9FFDFFEE703
:10A59000052380F82A30002380F859300378EBB186
:10A5A0002378012B24D102F0A1FE636894F828607F
:10A5B0006362C4E90601F6B901F08DFD314620461B
:10A5C00003F060F9236A3146284698470146204641
:10A5D00003F092F9022840F08D80F8BD01F06DFD86
:10A5E00007460E4602F082FE87428E41F6D3D7E739
:10A5F000D4E90401D9E72046BDE8F84003F04AB9A0
:10A6000090F82A30DA1E012A01D9FFDFFEE790F820
:10A6100028202AB121462846BDE8F84003F0F8B8C2
:10A62000042B036A18BF012180F82A10052128464F
:10A6300098470028D1D00378002BCED0FFDFFEE76B
:10A6400090F82A30052B01D0FFDFFEE7036A0221D4
:10A65000BAE790F82A30052B01D0FFDFFEE7036A46
:10A660000121B1E790F82A30052BC4D0FFDFFEE7C7
:10A6700090F82A30052B06D090F829200AB1032B38
:10A6800001D0FFDFFEE794F82820002AC2D194F819
:10A6900059307BB102230821284684F8592084F8D8
:10A6A0002A30236A9847002897D00378002B94D04B
:10A6B000FFDFFEE794F8292052B1214604F1300073
:10A6C00084F8293002F07AFD002886D1FFDFFEE70A
:10A6D00002230721284684F82A30236A9847002855
:10A6E0003FF47BAF0378002B3FF477AFFFDFFEE74B
:10A6F000FFDFFEE70128236A0CBF0421032163E783
:10A70000014B00221A707047F00A00202DE9F04733
:10A7100004460F469146002A00F08C80E4F71EFDA7
:10A7200018B10F252846BDE8F08709F1FF35AD00C7
:10A7300015EB040840462CBF01260026E4F70EFD69
:10A740000028EED1002EECD13C4BD3F82C33B4EBE7
:10A75000832F4FEA83226FD290456DD244EA0703DC
:10A760009B0769D13846E4F7F9FC0028D9D1E819EC
:10A770002CBF4FF0010A4FF0000A5546E4F7EEFCFB
:10A780000028CED1BAF1000FCBD12D4B1A682D4B3A
:10A790009A4205D04A4639462046FFF757FEC1E7A0
:10A7A000294E33780BB11125BCE70220FFF742FE9A
:10A7B0000028F8D10320FFF73DFE02460028F2D121
:10A7C000224906F1380002F0F3FC0123C6F818A074
:10A7D0003370C6F80490C6E9027401F06EFC337859
:10A7E000012BC6E9040101D0FFDFFEE7E40886F88B
:10A7F0002030174B3146C4EBD80406F138005C43D7
:10A800004FF47A7304F5AD3404F2A714B4FBF3F4F7
:10A8100040F203431834338547F230537462336394
:10A82000022301F8203B02F0C9FC00287FF47AAF34
:10A83000FFDFFEE7092575E7102573E700C0FF007D
:10A84000BC0B0020BEBAFECAF00A0020B5A4070067
:10A85000C0570100024B4FF08042C3F800217047FF
:10A8600000E100E0233023289ABF024B185C03204C
:10A87000704700BFF0EE050010F1230F02D018B1B1
:10A88000FFDFFEE74FF4005070470020FFF7B8BD30
:10A8900010B50A295BD8DFE801F006060606064D6A
:10A8A0005A525456580001392A4C032903D8DFE87C
:10A8B00001F01215181B002003F0B0F8A368002067
:10A8C0009847002839D003782370032B30D8DFE86D
:10A8D00003F0100E1012A3680120F1E7A368022014
:10A8E000EEE7A3680320EBE7A3680420E8E74368EA
:10A8F0006360184810BD4368002BF9D01A782273A2
:10A900004AB91A7922749A6862615A79DB6862746A
:10A91000A361114BECE7012A08D11A792274DA6895
:10A92000A2615A799B6862746361F2E7FFDFFEE718
:10A93000FFDFFEE70420FFF763FD0020DAE70620D3
:10A94000F9E70520F7E70720F5E7FFDFFEE7FFDF80
:10A95000FEE700BF500B00205C0B002008B503F0A1
:10A96000A1FBBDE80840FFF787BF08B503F09EFBD9
:10A97000BDE80840FFF780BF08B503F0A6FBBDE8BF
:10A980000840FFF779BF000008B50449002001F036
:10A9900055FABDE80840FFF765BF00BF8BA8070068
:10A9A00008B5002001F064FABDE80840FFF75ABF7F
:10A9B0000146002008B501F073FABDE80840FFF732
:10A9C00051BF000008B5034A02F06CFBBDE8084027
:10A9D000FFF748BF55A8070010B5044603F026FB53
:10A9E0002060002010BD000013B504460720FFF7CB
:10A9F00021FD80B90DF10701084803F039F8FFF790
:10AA000031FF30B99DF807300BB1FFDFFEE7044B93
:10AA10009C6002B010BD1120FBE700BF91A80700A9
:10AA2000500B002008B5002003F058F8BDE808409E
:10AA3000FFF718BF1FB5F8B103788DF800307BB968
:10AA4000836802938388ADF80430C3680393694632
:10AA5000002003F061F805B05DF804EBFFF702BFDA
:10AA6000012B07D1C36803938388ADF80430836852
:10AA70000293ECE7FFDFFEE7072005B05DF804FB7B
:10AA800070B506460C460025AE4204F10C0401DC0C
:10AA9000002070BD002354F80C0C013554E902125B
:10AAA00003F0BBFAF0E7014600F1200208B51031CF
:10AAB000002303F0B2FA002008BD0000094A137811
:10AAC000FF2B01D1FFDFFEE7EFF3108172B61378A1
:10AAD0000133DBB2012B137004BF034A136301B9C6
:10AAE00062B670476C0B002000E01040094A1378F2
:10AAF0000BB9FFDFFEE7EFF3108172B61378013B6D
:10AB0000DBB2137013B9044B01225A6301B962B668
:10AB1000704700BF6C0B002000E0104008B5FFF745
:10AB2000CDFF044B044AD3F8181551600122C3F835
:10AB3000182508BD00E004406C0B002008B5FFF7A5
:10AB4000D5FF034B5A68034BC3F8182508BD00BF57
:10AB50006C0B002000E0044008B520B101280BD0A8
:10AB600042F2040008BD094B1A7A1AB901221A727E
:10AB7000FFF7A4FF0020F5E7044B1A7A002AF9D06A
:10AB800000221A72FFF7B2FFF4E700BF6C0B00203F
:10AB900082B0104B104A60B14FF48051C3F80413D7
:10ABA000D2F8303543F00103C2F83035002002B04E
:10ABB0007047D2F8301521F00101C2F830154FF47A
:10ABC0008052C3F80823C3F83001D3F83031019321
:10ABD000019BEBE700E01040000012400B289FBFF4
:10ABE000064AD2F8303523F01E0343EA40009ABFEC
:10ABF000C2F83005002042F2050070470000124004
:10AC000001289DBF044B53F82020002007209EBF41
:10AC1000136819431160704714EF050001289DBFA8
:10AC2000054B53F82020002007209EBF136823EA1D
:10AC300001011160704700BF14EF050001289DBF9E
:10AC4000044B53F82030002007209CBF1B680B608A
:10AC5000704700BF14EF0500084B4FF4E04208496D
:10AC6000C3F808230022C3F830210A720A700122B7
:10AC70005A634FF48042034B1A62704700E0104061
:10AC80006C0B002000E100E008B5074BD3F8302141
:10AC90002AB100220120C3F83021FFF7B1FBBDE843
:10ACA000084000F0F9BE00BF00E010402DE9F04779
:10ACB0003E4C05460E46D4E90032013342F1000213
:10ACC000C4E90032120402D50820FFF799FB63683B
:10ACD000DB0301D500F082F9B0464FF00009B8F16E
:10ACE0000F0F34D816F00F0725D094F83830F61B24
:10ACF00003EB070835442E4EB8F1100F12D994F823
:10AD0000273006F1200206F1100130460133B84623
:10AD10004FF0010984F82730042303F07EF9002363
:10AD200084F8383020333A462846D9B2314403F00B
:10AD300029FB84F83880B9F1000F34D01C4B002077
:10AD400003F110021946BDE8F047F3F76FBDA6EB1B
:10AD50000803EF1894F8383073B194F827304FF0A7
:10AD60000109144A0133A2F1100184F827300423A9
:10AD7000A1F1100003F051F9DFF838C03B460CF1A7
:10AD800010076246083303CABA4243F8080C43F876
:10AD9000041C9446F5D11023A8F1100884F838302B
:10ADA0005FFA88F89BE7BDE8F08700BF780B0020CA
:10ADB000800B0020A00B0020FFF778BF0820FFF7D2
:10ADC0001FBB000010B5074C3422002104F108001D
:10ADD00003F08AFA00230022C4E90023002384F848
:10ADE0003C3010BD780B0020034B93F83C00431E11
:10ADF00058425841704700BF780B002038B50546CF
:10AE00000C46E4F7E1F960B9084B93F83C30012BAC
:10AE100009D10CB9002038BD21462846FFF746FF6E
:10AE2000F8E71020F7E70820F5E700BF780B0020CF
:10AE300070B50646E4F7C8F9044690B90A4DFFF725
:10AE4000C1FF304605F1080305F118021946F3F772
:10AE5000EDFCFF23204685F83830012385F83C308F
:10AE600070BD1020FCE700BF780B0020014B187864
:10AE700003F058B9A8000020F8B51D4C01F01DF9E9
:10AE800006460D46D4E90223904271EB030314D326
:10AE900001F05AF8174BD4E902121B685B18D4E989
:10AEA000040142F10002834272EB01073CBF1846E5
:10AEB0001146C4E9023201F00CF9D4E904239642A8
:10AEC00075EB030313D34FF0FF324FF0FF33D4E998
:10AED0000201C4E90423B1F1FF3F08BFB0F1FF3F15
:10AEE00001D001F0F6F8BDE8F84000F097BAF8BDDF
:10AEF000A8000020B80B002001F0DFB830B4074CE8
:10AF00000B46C4E90401D4E90254A842A34102D289
:10AF100030BC01F0DEB830BC704700BFA800002094
:10AF200010B5044601F0C9F8054B201841F10001A5
:10AF3000C3E90201034B1C60BDE8104001F0C9B831
:10AF4000A8000020B80B002010B5074C2378FF2B79
:10AF500001D0FFDFFEE7054803F0C0F82070044889
:10AF6000BDE8104001F0B3B8A800002079AE07009A
:10AF70006DAE070010B5064C002001F0A8F820784F
:10AF8000FF2803D003F0C2F8FF23237010BD00BFD9
:10AF9000A8000020034B044A1968914204BF002214
:10AFA0001A607047BC0B0020BEBAFECA08B5084B39
:10AFB0001B6803B19847BFF34F8F0649064BCA6819
:10AFC00002F4E0621343CB60BFF34F8F00BFFDE795
:10AFD000C00B002000ED00E00400FA0570B50C4D38
:10AFE0000C4B2A689A4211D1FEF7DAF8044608B1F0
:10AFF000FFDFFEE7EFF3108672B6E4F70FF9FFF715
:10B0000087F902F08DFE2C6006B962B6002070BD93
:10B01000BC0B0020BEBAFECA2DE9F047054688B039
:10B020008846EFF3108672B6DFF8E4A1DFF8E4910A
:10B03000DAF800304B4506D106B962B6082420463E
:10B0400008B0BDE8F08774480021744A121A03F072
:10B050004BF97349734A7448744B521A1B1A9A423B
:10B0600001D0FFDFFEE703F08DF9714A136A59043E
:10B0700048D493685B0545D4946814F4006441D1C6
:10B080002346EC20590903F01F0752F82110F9401C
:10B09000CF0710D5674F002157F804CB634531D057
:10B0A00001310629F8D1D11891F800737F0940FACF
:10B0B00007F7F90726D50133B3F5007FE2D1404603
:10B0C000CAF80090E4F75AF8002840F094805A4BF0
:10B0D000C3F80080002D52D02846E4F799F80028E4
:10B0E00040F089802A78022A00F28B806B7872B94E
:10B0F000013B1F2B04D8AB78212B01D8012B0BD19E
:10B10000072479E006B962B641F2010497E7002B03
:10B11000F6D1AB78002BF3D1EB780B2BF0D8AB79D1
:10B12000002BEDD0454BD3F8103503F00303032B70
:10B130006AD1434B02AF03F1180C1868083353F877
:10B14000041C3A46634503C21746F6D1AB78012189
:10B150002A888DF80230ADF8002008AAEB7839482B
:10B1600002EB430333F8183CADF8043000238DF8AC
:10B17000063002F059FC024618B1FFDFFEE7324DFF
:10B18000D0E71C21684602F07DFD08B1FFDFFEE735
:10B19000A88800F065FF08B1FFDFFEE7FDF74CFF70
:10B1A00008B1FFDFFEE7FFF76DF8FEF709F8FEF7DD
:10B1B00013F8FEF733F8FEF739F8FEF719F8FEF743
:10B1C0002FF8FEF731F8FEF72DF8FEF731F8E4F727
:10B1D00023F8A8791D4A6B78504323B11C4A534386
:10B1E000984228BF184608B1FFF79AFE002E7FF458
:10B1F00026AF62B623E7102406B962B6FFF7EEFE6B
:10B200001DE74FF48054F7E741F20304F4E700BF71
:10B21000BC0B0020BEBAFECA04010020241200208C
:10B2200090E4070014E507008000002004010020DE
:10B2300000E100E024EF0500C00B002000200E40DC
:10B240003CEF0500C40B00201CEF050040420F003E
:10B2500090D00300044B054A1B689A1A534253418D
:10B2600003700020704700BFBC0B0020BEBAFECAAE
:10B27000112810B50C4609D012280BD010280DD17A
:10B28000D1E90001FFF7C8FE206010BDFFF7A6FE60
:10B290000020F9E70868FFF7DDFFF9E70120F3E791
:10B2A0002DE9F0410D4D04466B78834214D96F6847
:10B2B00007EBC00898F8046000F082F910B9FF238A
:10B2C00088F80430AB6853F826302BB157F83410A7
:10B2D0003046BDE8F0411847BDE8F081240C00205D
:10B2E000FF2B70B505460C461046194601D1FFDF0D
:10B2F000FEE712F0030201D0FFDFFEE7DE0030B10F
:10B30000054BC3E9010530449970DC701A8000F0E8
:10B31000BBF8304470BD00BF240C0020064B024631
:10B32000D9781878814201D8FFDFFEE7996841F8A3
:10B330002020421C1A707047240C00202DE9F04197
:10B340001B4C0F4611460346227882421CD9666880
:10B35000002594F801C0FF2006F10408EAB29445E4
:10B3600014D8FF2806D1A27862451AD00CF1010248
:10B370006046627006EBC002137146F8307000F050
:10B380009BF878B9FFDFFEE7FFDFFEE718F835E04E
:10B39000BEF1FF0F08D09E4507D156F83520BA42BE
:10B3A00003D10020BDE8F08110460135D6E700BF8B
:10B3B000240C0020F8B5114D034600246A686E780D
:10B3C00002F1040CE0B2864200D8F8BD1CF83470DB
:10B3D0009F4203D152F83470B94201D00134F1E7F1
:10B3E00000F0BCF86B68FF2203EBC4031A716B78A2
:10B3F000013B9C42E9D16C70E7E700BF240C0020C0
:10B400000028054914BF03460123D1E9000118189B
:10B4100041F10001FFF772BD300C0020F8B5194C66
:10B42000237AFF2B1DD0FFF767FD277AE668D4E962
:10B43000002156F8373006EBC705A0EB020C634538
:10B4400089BF9B180020181A63469B1846F83700DE
:10B4500041F10001C4E90031267AFF2E01D02B68AA
:10B4600003B1F8BD2B79FF2B237206D0E26852F8A6
:10B47000330002EBC305FFF7C3FF3046FFF710FFB1
:10B48000EAE700BF300C002038B50C4660B100235D
:10B49000084D1946E860DAB2944207D8FF232B72B0
:10B4A000FFF72AFDC5E90001E00038BD40F8331080
:10B4B0000133F0E7300C0020F8B5274CE36853F86F
:10B4C000306003EBC00C002E44D1FF22257A43F8F4
:10B4D000301095428CF804200CD12072FFF70CFD3F
:10B4E000C4E90001227AE36853F83200FFF788FFCD
:10B4F0000120F8BD53F835208A4206D9521A20722D
:10B5000043F835208CF80450ECE72A4653F83270A3
:10B5100003EBC20E3E44B14205D39EF804701546BB
:10B52000FF2F3A46F2D1FF2AA1EB060117BF53F8CD
:10B53000326043F83010891943F830101EBF53F8B9
:10B540003260761A43F8326003EBC5038CF80420AE
:10B550001871C7E70020CCE7300C002070B4174DFD
:10B560002A7AEB6814461146FF2C01D170BC704753
:10B57000844204D003EBC40621463479F4E78142C7
:10B5800003D103EBC20212792A7203EBC005002635
:10B5900053F8304003EBC10143F830602879FF28AD
:10B5A00008711EBF53F83010091943F83010FF2AF4
:10B5B000DCD053F8320070BCFFF722BF300C002003
:10B5C00038B50F4D00232A7AE968FF2A16D0824247
:10B5D0000AD151F832401C44FFF78EFC2B68C21A86
:10B5E000944208D2012008E001EBC20451F8322055
:10B5F00013442279E9E72344181A38BD0020FCE7F8
:10B60000300C00200728034611DC10F12D0F10DB51
:10B61000094A101890F82E0002EBC00292F93C2063
:10B620009A4207D0002918BF0130C0B270471B20D2
:10B6300070470020704700BF54EF0500072808B589
:10B6400007DCFFF7DFFF044B03EBC00393F93C007B
:10B6500008BD0820FCE700BF54EF0500704700005C
:10B66000C0B220B9034B01229A601A607047FFDF15
:10B67000FEE700BF00E0104010F0FF0013D10B4BBD
:10B6800001225A60DA600A4AC3F800011070D3F848
:10B69000082412F0010205D1C3F81021C3F81821C3
:10B6A000C3F814217047FFDFFEE700BF00E0104041
:10B6B000550C0020014B01221A707047550C0020D8
:10B6C00040B9054BD3F8103113B9044B18787047C3
:10B6D00001207047FFDFFEE700E01040550C00201E
:10B6E000044BD3F8103113B9034B1878704701207D
:10B6F000704700BF00E01040550C0020024BD3F80B
:10B70000080400F00100704700E01040024BD3F83D
:10B71000480400F00100704700E01040024BD3F8ED
:10B720004004C0B2704700BF00E010400749024625
:10B73000D1F84C04D1F84C1410F4803005D0D0B2BC
:10B7400001F003031B1A58425841704700E01040B3
:10B75000184BD3F80C34DA0330B501D4FFDFFEE721
:10B76000154A0124154B106A536620F03F0094647B
:10B770005464136CDB03FCD4136A116C03F03F03B5
:10B78000C1F30A01C1F5806181EAE1750B29A5EBDE
:10B79000E17509DD3F2B04D0013303431362172DFC
:10B7A000E6DC0023936430BD0B31F8DA002BF8D0CF
:10B7B000013BF2E700E01040000812400100008069
:10B7C00038B50B4C23781BB100232370FFF7C0FF63
:10B7D000EFF3108572B6637803F0FF000BB9FFF743
:10B7E0004BFF05B962B6034B00225A6638BD00BF55
:10B7F000580C002000081240F8B50E4E01270446F0
:10B800000D463318DF70FFF76BFF48B934B90A4BA8
:10B8100011227771B560C3F80423F8BDFFDFFEE79E
:10B82000002DFAD01CB90220A847B460F5E7FFDF6D
:10B83000FEE700BF580C002000E01040044B00223F
:10B84000191803EB80034A719A60CA70704700BFF1
:10B85000580C002010B50446FFF732FF10B1024823
:10B860002044C07810BD00BF580C0020014B188246
:10B87000704700BF580C0020014B588A704700BF2A
:10B88000580C0020014B188A704700BF580C00204C
:10B8900010B5EFF3108472B6064B03445A780132A8
:10B8A000D2B25A705B78012B01D1FFF7D9FE04B9EF
:10B8B00062B610BD580C00200020FFF7E9BF000061
:10B8C000034610B5EFF3108472B610490B445A7852
:10B8D0000AB9FFDFFEE75A78013AD2B25A705B78B4
:10B8E00083B90B7D43B10A4BD3F80C34DB0306D488
:10B8F0004B7803F0FF002BB9FFF7BEFE02E0487D56
:10B9000002F010FC04B962B610BD00BF580C002054
:10B9100000E010400020FFF7D3BF000010B5FFF794
:10B92000CBFF0C4CFFF7DCFE60B1A37D3BB90A4BAB
:10B9300001229A610423E3750023237610BDFFF7EB
:10B94000E9FFF9E703230122E375034BC3F804235E
:10B95000F2E700BF580C002000E010400020FFF785
:10B96000AFBE0000014B01221A62704700E0104098
:10B97000044B587E28B1044BD3F81001B0FA80F084
:10B9800040097047580C002000E0104038B50A4BC1
:10B990005D7E5DB901245C76FFF78EFF074B1022B8
:10B9A000C3F81051C3F80423DC6138BDFFF7E0FF92
:10B9B0000028FAD0FFDFFEE7580C002000E010401E
:10B9C000024BD87D003818BF01207047580C00206A
:10B9D00038B5154C237D0BB9FFDFFEE7012323703B
:10B9E000A37DC3B9A37EB3B1227E013B9A4212DA92
:10B9F000FFF776FE054602F019FBA37E012B82BFFE
:10BA0000237E0133237655B1E369C31A0133022B38
:10BA100009D935B1E061BDE83840FFF77FBF236A3F
:10BA2000F3E72062F7E738BD580C002037B5184C13
:10BA3000A37D63B9606A00F00300FFF777FE30B1C1
:10BA4000EFF3108372B6E27D1AB103B962B603B0A8
:10BA500030BD0122E27503B962B608230D4DC5F869
:10BA600008334FF42073ADF80630BDF806309BB2B2
:10BA70005A1E92B2ADF80620002BF6D1C5F80C3153
:10BA800084F82830FFF74AFF0823C5F80433DEE7BF
:10BA9000580C002000E010402DE9F74F4D4C237D5D
:10BAA000002B00F093800323ADF804304A4BD3F809
:10BAB0000051D3F80891D3F8142112B9D3F8182102
:10BAC0006AB10026C3F81461C3F81861C3F81061A5
:10BAD000637E0BB1FFF71EFF667601F041FD3E4B22
:10BAE000D3F81031002B56D0637E1BB1FFF712FF45
:10BAF00000236376637913B102238DF80430003D8F
:10BB000018BF012545F01005344E0DF1040A324BE3
:10BB10004FF00008F71EC3F808531AF8010B03286A
:10BB20000AD03B7843B14FF0000B336887F800B080
:10BB300013B19847C6F800B008F101030436013785
:10BB40004FF00108022BE8D1B9F1000F08D0224BC9
:10BB50000022C3F808210422C3F80823FFF766FF78
:10BB600094F82860EA071C4BF6B2D3F80C7108D59C
:10BB7000E27D032A05D1A27D8AB90422E275012261
:10BB80009A61AFB1144B0022C3F80C21E37D042B62
:10BB90000AD0FFDFFEE7002DD6D00125B4E7FFF77E
:10BBA000B9FE0223E375ECE70223E375FFF7B2FE6B
:10BBB00066B1002384F82830E37D022B01D1FFF722
:10BBC000ADFE03B0BDE8F04FFFF7A4BE03B0BDE883
:10BBD000F08F00BF580C002000E01040600C0020E7
:10BBE00010B5054C606A00F00300FFF79FFD0028C8
:10BBF000F8D0002010BD00BF580C0020F8B5054655
:10BC000050B10278022A07D8437842B9013B1F2B72
:10BC100002D88378212B07D96FF0150087E0002B1D
:10BC2000FAD18378002BF7D1624B4FF48042C3F8EE
:10BC3000A020BFF34F8FBFF36F8F5F4EC3F8A021DB
:10BC40007D235E4CC6F808330023C6F80031C6F8E1
:10BC50000831C6F80C316370A370AB886382FFF7BC
:10BC60004DFD10B10123E3706370D6F80C0440F26F
:10BC7000563310F48030238218D0FFF71BFD504854
:10BC800002F02CFA4C4E602360750022C6F8043393
:10BC90002B78A978012B62766262A375A176227651
:10BCA0001DD0022B14D0DBB1FFDFFEE7C6F8100178
:10BCB000FFF7D6FC404AD2F81031002BFBD0FFF73B
:10BCC00047FD0020FFF7D8FC3E4B00225A66D6E71E
:10BCD000FFF7F2FDD6F80C34D903FBD502236362DB
:10BCE000FFF714FD48B3FFF719FD636A03F0030380
:10BCF000984222D1AB79DBB9FFF772FFA37E63B123
:10BD00002B7853B9FFF7ECFC054602F08FF96FF082
:10BD10000043002D4BD0C4E9070301234FF48042B8
:10BD200000202375234BE075C3F8A0211A62F8BDEB
:10BD3000214B0422C3F80423E0E71F4B012200211A
:10BD40005A61C3F8081194F82410C3F840141A611A
:10BD50000422C3F80423AA79002ACFD1D3F80423FC
:10BD6000520701D4FFDFFEE7174A1769116907F090
:10BD7000100741F010011161D3F808310BB902F03E
:10BD800011FA0D4ED6F8083173B1FFF729FF27B924
:10BD90000D4A136923F0100313610423C6F8083316
:10BDA0000023C6F80831A9E702F0FAF9EAE7C4E986
:10BDB0000730B2E700E100E000E01040580C00203E
:10BDC000C1B707000008124000ED00E07047000016
:10BDD00038B5174C0023E078237508B9FFF74CFC01
:10BDE000E37D042B0BD1134D0020FFF79FFC18B10E
:10BDF000D5F80C31002BF7D00023C5F80C31002307
:10BE00004FF480426370E375A3700B4BC3F8A0201E
:10BE1000BFF34F8FBFF36F8FC3F8A0217D22054B77
:10BE2000C3F80823607DBDE8384002F06FB900BF59
:10BE3000580C002000E0104000E100E038B50B4B4A
:10BE40000C46197909B1FFDFFEE760B95D790DB1E4
:10BE5000002038BD01225A71FFF71AFD21462846FD
:10BE6000FFF7CAFCF4E76FF01500F2E7840C00203E
:10BE700038B50A4D04462B790BB1FFDFFEE748B910
:10BE80006B792BB1FFF7DAFC20466C71FFF718FDD8
:10BE9000002038BD6FF01500FBE700BF840C0020C8
:10BEA00038B5084B04460D461B790BB1FFDFFEE7A2
:10BEB00020B9FFF7CFFC2860204638BD6FF0150091
:10BEC000FBE700BF840C002010B5F1B1E0B14FF0EA
:10BED000FF330F4A1C46E0FB0134944201D9FFDFD7
:10BEE000FEE71A0DC3F30F100A4B42EA04324FF279
:10BEF0002444B2FBF4F100EB024003FB1100B0FB61
:10BF0000F4F040EA0140013010BD0846FCE700BFF4
:10BF10003F420F00000024F4014B9B68184700BF0C
:10BF2000840C0020014BDB68184700BF840C002004
:10BF3000014B1B69184700BF840C0020FFF712BD9E
:10BF4000FFF724BDFFF714BD034B1B790BB1FFDFD7
:10BF5000FEE7FFF73DBD00BF840C0020034B1A79BC
:10BF60000AB9FFF789BC988D704700BF840C002088
:10BF7000034B1A790AB9FFF785BC988A704700BF4E
:10BF8000840C0020024B1B790BB9FFF74FBD7047A3
:10BF9000840C0020014B9B69184700BF840C0020D3
:10BFA00038B51C4C23791BB3FFF7C2FF50B91A4DAB
:10BFB000C5F81001FFF7B0FFD5F81031002BFBD00A
:10BFC000FFF7B0FF144B6022C3F80423636A98475D
:10BFD000002806DB94F82E3023B10123002084F8DA
:10BFE000303038BDFFF7D6FF0028F6DAFFDFFEE776
:10BFF0000A4BA3610A4BE3610A4B23620A4BA3601D
:10C000000A4BE3600A4B2361FFF7F8FD0028E4D0F8
:10C01000E7E700BF840C002000E01040E1BB070010
:10C02000CDBD0700C1B90700B9B8070015B90700B1
:10C030005DB9070010B5094C237943B194F830304D
:10C040003BB1A36A9847002803DAFFDFFEE7FFF75A
:10C05000BFFE002384F8303010BD00BF840C0020E8
:10C0600038B5064B04461D790DB1FFDFFEE700F041
:10C0700099FF2046FFF7FAFB284638BD840C0020C4
:10C0800008B5074800F07CFF054800F029F801F0EA
:10C09000D3FA01F0DDF900F053FB012008BD00BF29
:10C0A000B80C002008B500F04DFF01F09BFA01F03C
:10C0B000EDF9BDE8084000F05BBB01F0F9BA00F013
:10C0C0008FBF00F09FBF01F051BB01F011BB01F029
:10C0D0001FBB01F023BB01F03FBB01F0FBBA000026
:10C0E000024B186000221A719A607047C00C002041
:10C0F000F7B51E4C2379012BDAB204D0022A2ED0D8
:10C10000012003B0F0BD0DF10701A06800F03CFB79
:10C11000A5686B7DDB071CD5AB7F042B19D000F025
:10C120009FFF0646A8B100F0A1FF2B69D5E90027C3
:10C130009A18B36847F100070A332CBF0125002580
:10C140001B1845EB01059342BD4102D3A06800F0E6
:10C15000E7FB0023A36023719DF80700D1E70DF1F1
:10C160000701A06800F01AFBF3E700BFC00C002035
:10C1700010B5837FABB9034601F1180251F8044BA7
:10C18000914243F8044BF9D101248477064B1A7984
:10C190000AB1FFDFFEE798601C7100F013FF204634
:10C1A00010BD0020FCE700BFC00C002073B50546A1
:10C1B0000C4600F055FF0646AB7F012B1AD02146F6
:10C1C0002B4604F1180251F8040B914243F8040B7A
:10C1D000F9D101230DF107012846AB7700F0D4FA1D
:10C1E00016B1012002B070BD034B0421186801F0A4
:10C1F000FFFDF6E70020F5E7C00C0020024B06210A
:10C20000186801F0F5BD00BFC00C002010B5044651
:10C21000074B1A790AB1FFDFFEE7986002221A7114
:10C2200000F0D0FEA07FB0FA80F0400910BD00BF42
:10C23000C00C002038B50446A37F03B938BDA37FE6
:10C24000032B02D0A37F042B0CD1EFF3108572B621
:10C25000204600F0BFFA05B962B6A37F002BEDD0EF
:10C26000FFDFFEE7A37F012B01D1FFDFFEE701F037
:10C2700097FFE1E713B50DF1070100F08FFA0446CF
:10C2800000F0EEFE08B9FFDFFEE7204602B010BD69
:10C29000F8B5074600F0E4FE044608B9FFDFFEE704
:10C2A00000F0E4FEA46800252418384641F1000699
:10C2B0002246334600F0DCFAA04271EB060309D3B4
:10C2C000001B6FF0010361EB0601834275EB010176
:10C2D00002D3F8BD2846FCE74FF0FF30F9E72DE91F
:10C2E000F04104460F4600F0BBFE064608B9FFDFEA
:10C2F000FEE78568002362195B4113B10020BDE8A9
:10C30000F08100F0B3FE2A18384641F1000314EB27
:10C31000020843F1000500F0ABFA4045A941EDD316
:10C3200001F0C6F900F054FAB368012037752344D0
:10C33000B360E4E700F09ABE8068704708B500F08B
:10C340008FFE08B9FFDFFEE7007D08BDF8B5036981
:10C3500004460BB1FFDFFEE701F0AAF905460E46E1
:10C36000FFF7E6FD70B36435D4E9003246F1000111
:10C37000AB4272EB010001D22B460A46C4E90032FF
:10C38000EFF3108572B600F06BFE064698B100F030
:10C390006DFEB3680B332CBF012200221B18D4E9B9
:10C3A000006042EB0101B34271EB00023CBF334637
:10C3B0000146C4E9003105B962B62046BDE8F8403F
:10C3C00000F0C6BAFFF7D4FD074600F061FEB842A0
:10C3D00038BF3846963546F100024319D4E90001CA
:10C3E00042F10002834272EB0105C7D20346C4E763
:10C3F000042300F1180283770023037643768376C3
:10C40000C376044B196811B91A605A6070475968AD
:10C410000A60FAE7CC0C00202DE9F843174E0024FF
:10C4200007468846B368204633B928B3144B1878BA
:10C43000BDE8F84301F076BE53E9061553F8082C21
:10C44000D3F80090521845F10005BA4275EB080583
:10C4500010D24CB1226812682260A3F11800FFF7D5
:10C46000C7FF01204B46DFE7B268002AF5D012680B
:10C47000B260F2E71C46F5E7BDE8F883CC0C00207B
:10C48000C000002000232DE9F04713600646324B20
:10C49000986800285DD0A0F1180550E9063CB34229
:10C4A0007CEB01040AD250F8084CE3184CF1000C64
:10C4B0009E4271EB0C043CBF33468C4650F8104C46
:10C4C00000270A3447F10000E3184CEB000C284623
:10C4D000D5F81890B9F1000F3BD059E906E89E4510
:10C4E00078EB0C0435D290F814A019F8044CA2454E
:10C4F00026D08CBF01240024F4B105F11803B64501
:10C50000136078EB01030CD259F8083C13EB0E03CF
:10C5100048F100089E429E4671EB08033CBFB646B8
:10C52000884659F8103CA9F118000A3347F1000C6D
:10C5300013EB0E0348EB0C0CAD6955B1183DC7E782
:10C54000B9F80440B0F81CA0A4EB0A04C4F3C0344A
:10C55000D2E7BDE8F08700BFCC0C00202DE9F04FFA
:10C5600085B082834F4A04460091D2F808C094F8FF
:10C570001580D0E90030BCF1000F40D0ACF11801BB
:10C58000002708F00109D1E90026934270EB060567
:10C590006ED3B9F1000F2CD0277D0D7DAF4228D38B
:10C5A0008D68AD1846F1000615F10A0A46F1000E35
:10C5B000534570EB0E0219D22269D21840F10007E0
:10C5C00092457EEB070B01D252467746AA42B7410D
:10C5D0000FD220460024FFF70BFF334B187801F0F1
:10C5E000A1FD009B1C7005B0BDE8F08F1A46074600
:10C5F000ECE78A690F4622B1A2F11801C3E762464F
:10C60000674618F0010F38D0A168C91840F1000B37
:10C61000019192B3019DD2E9001615F10A0E4BF17A
:10C620000005714576EB050527D294F814E0157DD9
:10C63000AE4519D395686D1846F1000615F10A0943
:10C6400046F100084B4570EB080113D22169C91867
:10C6500040F1000E894578EB0E0A01D24946C646E4
:10C66000A9427EEB060EB4D3926932B1183AD1E7F3
:10C670000A46C6E719468646F2E704F118035FB199
:10C68000BA69A261BB6103AA00200021FFF7FAFE8C
:10C69000231A5C425C41A4E7024AC4F818C09360C4
:10C6A000F1E700BFCC0C0020C0000020F8B5234CFF
:10C6B0000023E360EFF3108272B621686360E160EB
:10C6C000236002B962B60026E36803B9F8BD9A791F
:10C6D000A3F11800032A07D11A6801219E7153F8AB
:10C6E0000C3CE2609847EFE7196851B1A1F11803DB
:10C6F000074600229D7F042D07D09B7F032B02D18C
:10C70000A2B9E16015E0FFDFFEE7B0F81CC09D8B29
:10C71000A5EB0C052D049D6944BF07F118021846CE
:10C72000002DEDD01F46A5F11803E3E713681B6841
:10C730001360C36802218677D4E700BFCC0C0020C9
:10C7400010B5084C2378FF2B01D0FFDFFEE7064829
:10C7500001F0C4FC054B002220709A601A605A60F8
:10C760001A8210BDC0000020ADC60700CC0C00200E
:10C7700010B5044C2078FF2803D001F0C7FCFF233C
:10C78000237010BDC0000020034B1A8A10B4541C43
:10C790001C8210BCFFF7E2BECC0C002037B504466B
:10C7A0000D4601AA00210020FFF76CFE231A04F1B8
:10C7B0001801584258412870044801F03DFB10B15F
:10C7C00000230120A37703B030BD00BFD40C0020AC
:10C7D000FFF722BE38B5114B044600F118011A6864
:10C7E000B2B11A6800209AB191420ED108B1A56980
:10C7F00005601D68A94204BF12681A605A68914218
:10C8000000D158600023A37707E010461268EAE7DA
:10C81000034801F011FB0028F4D138BDCC0C0020F6
:10C82000D80C002037B505460C46FFF7F5FD01AAE8
:10C8300028462146FFF726FE28B100F11803034AD7
:10C84000536103B030BD0346F9E700BFCC0C0020B4
:10C8500010B5064C616904F1080001F0EDFA18B159
:10C86000606900231838636110BD00BFCC0C002044
:10C870009C46144BF0B59D68FDB115F8043C183D7D
:10C88000834218D812F10A04D5E900364CF10001B0
:10C89000A34276EB01070BD22F69FF1846F1000681
:10C8A000A7428E4107D3B4F10A0041F1FF31F0BD38
:10C8B0001C463146F7E7AD69DEE74FF0FF30014631
:10C8C000F5E700BFCC0C0020837F022B1AD1437DFB
:10C8D00013F0020302D0002383777047032203760C
:10C8E00043768376C3760C4B827700F11802196881
:10C8F00029B91A605A60094B187801F013BC5968BD
:10C900000A60F7E7837F012B04D0837F042B01D0DB
:10C91000FFDFFEE7704700BFCC0C0020C000002006
:10C9200010B500F118010446074801F085FA08B96E
:10C93000FFDFFEE72046FFF75BFD044BBDE810403C
:10C94000187801F0EFBB00BFD40C0020C00000201D
:10C950002DE9F74FD0F810E0BEF1000F01D0FFDF56
:10C96000FEE7836890F814800193D0E90014EFF398
:10C97000108972B6264BB3F810C09B686BB1019D4D
:10C98000183B0A35D3E900264EF1000A6D1844EB36
:10C990000A0A95427AEB060707D2B9F1000F35D0A3
:10C9A000C0E9001403B0BDE8F08F8A4276EB0407BB
:10C9B0000CD31F69BF1846F1000BAF427BEB0A0B8B
:10C9C00034BF0125002575B99B69D7E712F10A0A22
:10C9D0009D6846F1000715EB0A0547F10007A942DB
:10C9E00074EB0707ECE71D7DA84509D0ECD912F1DF
:10C9F0000A019D6846F10004691844F10004E3E768
:10CA00009D8BA5EB0C052D04DED5F0E762B6C7E7DC
:10CA1000CC0C0020034B187800F0FD00431E584258
:10CA200058417047E80C0020034B586808B9FFDFF5
:10CA3000FEE7C36805211847E80C0020024B0521DA
:10CA4000986801F0D5B900BFE80C002038B5FFF7B1
:10CA5000FFFE002580B1094C6060C4E9035500F079
:10CA600029FD6068022329468377C3689847D4E983
:10CA70000601FFF7ADFE012038BD00BFE80C002025
:10CA80002DE9F74F2F4C814694F82430266A002B6D
:10CA90003AD1FFF7BFFF804618B1E38C9E4238BF02
:10CAA0001E4600F005FE83190F46054641F10001C0
:10CAB0001846CDE90013FFF7B5FE40B3019B00997E
:10CAC000D0E900AB534571EB0B0205D2BAEB06057A
:10CAD000534659466BF1000728461B4AC4E9063104
:10CAE00000233946C4E90A57236300F0B7FD5046D6
:10CAF000594600F00FFDB8F1000F02D0E38C9E42C2
:10CB00001DD00223114A13E04FF00008C9E794F842
:10CB1000243033B12378023B012B02D8636B012010
:10CB20009847002584F8245000F0F5FC2B46084A6D
:10CB300084F83830C9F8002003B0BDE8F08F012335
:10CB4000E0E700BFE80C00203DCA0700A9CC0700C1
:10CB500055CB0700032910B5044603D8012906D890
:10CB6000FFDFFEE70429FBD1FFF7C2FA08B9002076
:10CB700010BD2046FFF784FF0220F9E72DE9F047BA
:10CB800080460F469146444C002B6FD04FF0000A70
:10CB9000D3E90065C4F830A0864275EB01033CBFC1
:10CBA0000D46064629463046C4E9066500F0B2FC4B
:10CBB000E38CB6EB080803F1640365EB0707434514
:10CBC0005346BB410FDA94F824304BB12378023B33
:10CBD000012B02D8636B01209847002384F824308E
:10CBE000FFF718FF8246236A03F5E173984577F152
:10CBF00000071CDABAF1000F10D0E08C274A301A77
:10CC000065F10001C4E90A0100F028FD0623244A69
:10CC100084F83830C9F80020BDE8F0871F4A304654
:10CC20002946C4E90A6500F019FD0523EFE700F085
:10CC300074FCFFF777F9E08C236ABAF1000F0BD090
:10CC4000984209D9301A154A65F10001C4E90A0170
:10CC500000F004FD0123DAE7F01A104A65F1000143
:10CC6000C4E90A0100F0FAFC0223D0E794F824306A
:10CC700033B12378023B012B02D8636B0120984724
:10CC8000002584F8245000F048FCFFF74BF900F031
:10CC900042FC2B46034ABBE7E80C00203DCA0700D4
:10CCA000A9CC070055CB0700023970B5054603290A
:10CCB00000F20681DFE801F00602083C814B002209
:10CCC00083F83920002070BD7E4C94F83830042B56
:10CCD00006D8022B24D8013B012B17D9FFDFFEE732
:10CCE000053B012BFAD8FFF703FA0028EAD000F041
:10CCF000CFFC00F0DDFC06460C46FFF793FD2A460C
:10CD0000034621463046FFF739FFA2E0FFF7F0F96E
:10CD10000028D7D000F0BCFC2846FFF7B1FE98E011
:10CD2000FFF7E6F90028CDD0012384F83930C9E7B0
:10CD3000644C94F83830013B052B00F2BF80DFE8EB
:10CD400003F0032855767E96FFF764FE10B194F841
:10CD5000240008B1FFDFFEE7636B9847012384F8E6
:10CD6000243000F0A5FCA36A574AC01A236B9842EE
:10CD7000ACBF2063236304F118000BC8C01A61F133
:10CD80000001C4E90A0100F069FC022384F838308C
:10CD900098E700F0C1FBFFF7BFF800F089FCA36A39
:10CDA000C21A236B9A42B8BF1A462263FFF732FEBB
:10CDB000D4E9063168B194F8240050B9E28C981A8D
:10CDC000414A61F10001C4E90A0100F047FC032374
:10CDD000DCE7323B41F1FF31981841EBE2713A4A0E
:10CDE000C4E90A0100F03AFC0423CFE7FFF712FE82
:10CDF00010B194F824500DB1FFDFFEE700F058FCAD
:10CE0000A36AC01A236B9842ACBF206323632846F1
:10CE1000636B98470123D4E9060184F82430323843
:10CE2000236B41F1FF31C01841EBE371D7E700F00C
:10CE300075FB80B194F83930002B7FF45AAFFFF7BF
:10CE400005FE00283FF455AF002384F838301F4B0F
:10CE50002B60022037E700200021FFF7E3FC08B138
:10CE6000FFF75EFD00F059FBFFF75CF854E7FFF7B2
:10CE7000D1FD10B194F824500DB1FFDFFEE700F0B2
:10CE800017FCA36AC01A236B9842ACBF20632363CC
:10CE90002846636B984701230B4A84F82430236BA0
:10CEA000D4E90601323841F1FF31C01841EBE3719A
:10CEB000C4E90A0100F0D2FB052367E7FFDFFEE7C4
:10CEC000FFDFFEE7E80C00203DCA0700D1CE0700D7
:10CED00002392DE9F041064604292FD8DFE801F098
:10CEE000030A0C2E0F00164A1378003B18BF0123CB
:10CEF00082F8243000201FE0FFF7FAF8FAE7DFF8A5
:10CF0000408000F0E7FA00F0D3FB0C460546FFF73F
:10CF100089FC0746D8F80400FFF7D6FC002300225E
:10CF20002846C8F8043000232146C8E906233B46BA
:10CF30003246FFF723FE0220BDE8F081FFDFFEE767
:10CF4000E80C002010B5EFF3108472B60A4B9A6813
:10CF500011680A4A91420CD193F83830033B012BF7
:10CF600007D800F0DAFAFEF7DDFF00F0D4FA00F09F
:10CF70008FFB04B962B610BDE80C0020A9CC0700F5
:10CF8000064A002310B5064C0260A06084F83830D1
:10CF90002370FEF7EDFF3230206210BD55CB070045
:10CFA000E80C0020054B9A681168054A914201D0AF
:10CFB000FFDFFEE732301862704700BFE80C002048
:10CFC00055CB070010B5EFF3108472B6034B042164
:10CFD000986800F00DFF04B962B610BDE80C00209F
:10CFE000064B5A680AB9FFDFFEE7D3E9062180182D
:10CFF000034A41F1000100F031BB00BFE80C002002
:10D0000029CA0700034B5B680BB9FFDFFEE700F09E
:10D010003FBB00BFE80C0020034B5A680AB9FFDF92
:10D02000FEE7D860704700BFE80C0020034B5A6849
:10D030000AB9FFDFFEE71861704700BFE80C002067
:10D04000024B1B690BB9FFDFFEE71847E80C002015
:10D05000024BDB680BB9FFDFFEE71847E80C002046
:10D06000014B5868704700BFE80C0020034B5A681A
:10D070000AB9FFDFFEE7D3E906017047E80C00209C
:10D08000024B323118705A63D9847047E80C002083
:10D0900008B5FFF7BFFC08B1014BD88C08BD00BF35
:10D0A000E80C002010B503280AD8DFE800F00C02D5
:10D0B0000C02A1F1320341F24A549BB2A34203D9BC
:10D0C0006FF0150003E00021FFF7DAFF002010BD2C
:10D0D0000028ADBF00F1604000F00F00044B00F5E8
:10D0E0006140B4BF185C90F800034009704700BF6E
:10D0F00014ED00E0044B1B680BB9FFDFFEE71A6A72
:10D100000321586A104700BF280D0020044B1B68FC
:10D110000BB9FFDFFEE71A6A0421586A104700BF07
:10D12000280D00202DE9F04105460E46D1B9104FDB
:10D130003B680BB1FFDFFEE738600E48FFF76CFF7E
:10D140000D48FFF773FFFFF7F5F86B7D04465B07AB
:10D1500008D5FEF7B8FF0A34241A7C6000F0BAFA4A
:10D160000028FBD02B6A3146686ABDE8F0411847B9
:10D17000280D0020F5D007000DD10700024B00223A
:10D180001A601A81704700BF280D00207047000008
:10D19000054B1A680AB9FFDFFEE70449D160002297
:10D1A0001A60FFF72BB800BF280D002025D107001B
:10D1B000C0E908122022002101F096B830B587B0EE
:10D1C0000C46182200210546684601F08DF8637A66
:10D1D0004FF000026168C3F38003029183F0010302
:10D1E00063F38202237A8DF81430224B8DF81520D8
:10D1F000039323785BBB9DF81500D4E90432400704
:10D20000CDE9003207D50A3B01F10A0142F1FF32B4
:10D210000291CDE90032637A69469DF81520C3F387
:10D22000400322F003025B0043F0010313438DF837
:10D230001530114B5868C0F30800B8B11038FFF72B
:10D2400047FF98B92846FEF7B1FF07B030BD236904
:10D250000493FEF732FF9DF815305B0744BF029B35
:10D260000A33CDE9000148BF0293D4E72846FEF710
:10D270007FFFEAE725D1070000ED00E008B50A4B83
:10D2800002465868C0F3080040B11038FFF720FF8D
:10D2900020B91046BDE80840FEF7ECBF1046BDE8D7
:10D2A0000840FEF7B3BF00BF00ED00E010B5037803
:10D2B00086B004460BB1FFDFFEE70593CDE90333EB
:10D2C000D0E90423CDE9002343680293037A68463A
:10D2D0008DF81430FFF73AF80120DDE90023C4E9A6
:10D2E000042306B010BDFEF7A5BF000008B5094B2A
:10D2F0001B680BB9FFDFFEE75B7D5B0703D4BDE86E
:10D300000840FFF717B8FFF715F80A3041F10001A0
:10D3100008BD00BF280D002070B50B7886B00BB19A
:10D32000FFDFFEE74C7A4FF000060593C4F380035D
:10D330004D6883F00103029563F382060B7A8DF842
:10D340001430104B8DF8156076070393D1E9043142
:10D35000CDE9003107D50A3B05F10A0541F1FF315E
:10D360000295CDE900319DF81530C4F340046946BB
:10D37000049264F341038DF81530FEF7F9FE06B010
:10D3800070BD00BF25D107007FB5FEF796FE0023D4
:10D3900005930A4B039340F21E2302934FF0FF3391
:10D3A000CDE90001694606480493FEF7FFFE08B97F
:10D3B000FFDFFEE707B05DF804FB00BFE9D307001D
:10D3C000600D002010B5074C94F820304BB9FEF7E3
:10D3D000AFFD30B9012384F82030BDE81040FFF7DD
:10D3E000D3BF10BD600D002008B505292BD8DFE89C
:10D3F00001F0032C262A2A0DFEF7A2FD1348FEF7A2
:10D400009BFF1E38BDE80840FEF759BEFEF790FDB1
:10D4100038B10E4B002283F82020BDE80840FEF70B
:10D42000EDBEFEF78FFD08B9FEF78AFD00214FF42F
:10D430000070FEF754FF0028E0D1FFDFFEE7BDE8F3
:10D440000840FFF7A1BFFFDFFEE708BD600D002029
:10D450004FF000430B4A0021C2F88030A2F5802231
:10D46000C2F88031012302F57832C2F80435A2F502
:10D470008022C2F804352022034B184683F820107E
:10D4800000F032BF00400C40600D00200023084A2D
:10D49000C2F88030A2F58022C2F88031012302F563
:10D4A0007832C2F80835A2F58022C2F808357047F4
:10D4B00000400C4008B5FDF731FB054AD2F858375B
:10D4C00043F00103C2F85837BDE80840FFF77ABFC0
:10D4D00000200E4008B5FDF731FB0B4AD2F8583753
:10D4E00023F00103C2F858370122084B5A604FF06D
:10D4F000FF32C3F808232022054BC3F89021BDE872
:10D50000084000F0C5B800BF00200E4000500840A1
:10D5100000E100E0704770477047704708B5FEF7BC
:10D5200007FDA0B90C4BD3F800313BB90B4A536A45
:10D530000133312B536209D9FFDFFEE7FEF702FD0D
:10D5400008B1FFDFFEE7FEF7F9FC012008BD034B41
:10D5500000225A62F9E700BF00E01040600D002091
:10D56000FFF730BF40F20251014808B500F01CFC43
:10D5700095F005001848202208B5C0F89020BFF3A8
:10D580004F8FBFF36F8F154BC0F89021D3F8041560
:10D5900021F00301C3F80415D3F8081541F0030185
:10D5A000C3F8081592FAA2F1B1FA81F1092904DD54
:10D5B00040F29F310A4800F0F7FBC3F81015012133
:10D5C0005960D9604FF00041C3F880104FF0FF312F
:10D5D000C3F80813026108BD00E100E000500840F4
:10D5E00095F00500124B4FF4E062C3F83823002297
:10D5F000C3F8AC25C3F8BC25C3F8CC25C3F820215B
:10D60000C3F82421C3F8282120220A4BC3F89C2107
:10D61000C3F89C20BFF34F8FBFF36F8FC3F89020E8
:10D62000BFF34F8FBFF36F8FC3F89021704700BFD8
:10D6300000200E4000E100E008B5FFF7D3FF054BE6
:10D640004FF4A062C3F834232022034BC3F89C217B
:10D65000DA6108BD00200E4000E100E00A4B10B581
:10D660001C680CB1FFDFFEE7B1F5801F1A6001D323
:10D67000FFF778FF054B0122C3F8A005C3F8A415F6
:10D68000C3F8AC2510BD00BF880D002000200E405F
:10D69000054A136833B100230449C1F8AC35C1F819
:10D6A00020311360704700BF880D002000200E401D
:10D6B00030B54FF0FF30064C6FF04041D4E9002305
:10D6C000904271EB0305F9D31046C3F3130130BD4B
:10D6D00020270E4008B5FFF7EBFF044BD3E90223E8
:10D6E000904299412CBF0120002008BD880D0020E8
:10D6F00010B5029C241841F10001A01A61EB03014E
:10D70000B0F1004F71F1000101DBFFDFFEE710BD5A
:10D71000014B1861704700BF880D002008B50C4B05
:10D720001B690BB9FFDFFEE7EFF3108272B6B1F5AC
:10D73000801F01D3FFF716FF064BC3F8C005C3F8DF
:10D74000C4150121C3F8CC1502B962B608BD00BFEB
:10D75000880D002000200E4008B5FFF70BFF024B9C
:10D7600001221A6008BD00BF0050084010B5FFF745
:10D7700001FF0F4C0023C4F8BC35C4F82431FFF777
:10D7800097FF0A3041F10001B1F5801F01D1FFF789
:10D79000E9FE4FF00043C4F8B005C4F8B415C4F86E
:10D7A000A4310123C4F8BC35024BC3E9020110BD0A
:10D7B00000200E40880D0020134BD3F8342312F4C0
:10D7C000A06F10B501D1FFDFFEE7D3F820215AB1D9
:10D7D00000220E49C3F8AC25C3F820210B680BB911
:10D7E000FFDFFEE70A609847074BD3F828214AB1CC
:10D7F0000022C3F8CC25C3F82821044BBDE8104013
:10D800001B69184710BD00BF00200E40880D002086
:10D8100008B500230B8581F82A300B6A0921984747
:10D8200018B103780BB1FFDFFEE708BD034610B364
:10D83000007888B91A79012A1ED85A79012A1BD88A
:10D840009A680E49643A8A4216D8D8680C4B9842B6
:10D850002CBF00200120704701280CD11A79012A21
:10D8600009D85A79012A06D8DA680449643A8A4202
:10D8700001D89868EAE70020704700BF3C860100A5
:10D880000040420F436A19444162A1F19600FEF73D
:10D8900016BC000070B50446FEF70FFC40F2F966B6
:10D8A000656AD4E90632963342F100025B1905F548
:10D8B000DF6542F10002B5FBF6F55B1942F10002AB
:10D8C00083428A410CD294F82A30052B01D0FFDF25
:10D8D000FEE7236A0A2194F858009847FFDFFEE725
:10D8E000044C236813B1984700232360BDE87040BF
:10D8F000FFF74EBC9C0D002070B504460D4639B9AB
:10D90000012380F85930FFF7C5FF0226304670BD6D
:10D910000E78032E6CD801A353F826F00BD907001C
:10D920002DD9070097D907004FD907004868C728A5
:10D9300001D80026EAE70421FEF7D1FC0028F8D040
:10D94000FEF7BFFB69682046FFF79CFFDEE790F813
:10D95000286006BB4D682846FFF768FF002847D0BF
:10D960002B78D3B9012121702B796A79003B18BF3C
:10D970000123002A14BF0422022243F0040322726E
:10D98000AA68A5326260EA6863720323226184F8A0
:10D990002A3084F829102046B5E794F82A30052B60
:10D9A00001D0FFDFFEE7267004F130002B796A79A1
:10D9B000003B18BF0123002A14BF0422022243F0B7
:10D9C00004032272EA686372A532A9686260D4E92E
:10D9D00006325B1842EBE1722146C4E904320423AB
:10D9E00084F82A30FFF7EAFB0028D4D1FFDFFEE7F6
:10D9F000012384F85930CEE770B5002400F0F0F828
:10DA000005462646E0B2854200D870BD00F0EEF82B
:10DA10000134068580F82A60F4E70000014B1860A5
:10DA2000704700BF9C0D0020F8B504460D46002746
:10DA300000F0D6F80646F8B2864204D8082D0CD974
:10DA40006FF0150008E000F0D1F890F82A300137A7
:10DA5000002BF0D04FF0FF30F8BD2CB12946204606
:10DA6000BDE8F84000F0CEB821462046F8E70000B7
:10DA70002DE9F8438846074658B300F0B1F84FF057
:10DA8000000904465FFA89F6B44203D86FF00B0030
:10DA9000BDE8F883304609F1010900F0A7F890F8D5
:10DAA0002A50002DEED1304600F0A0F80A49044675
:10DAB000058580F82A50024680F858603030FFF71C
:10DAC00077FB01232762284684F82A3088F8006013
:10DAD000DEE76FF01500DBE765A5070010B504462B
:10DAE00000F084F8014688B190F828308BB990F89E
:10DAF0002A3073B1013B012B04D82046FFF788FE82
:10DB0000002010BD012380F82830F9E76FF00100F4
:10DB1000F7E76FF02200F4E770B50D4600F066F805
:10DB20000446002849D090F82A60731E012B4AD879
:10DB3000002D45D02846FFF779FE002840D02B78ED
:10DB4000F3B9012323702B796A79003B18BF0123B5
:10DB5000002A14BF0422022243F004032272AA689E
:10DB6000A5326260EA68637203232261214604F1F0
:10DB7000300084F82A30FFF721FB38BBFFDFFEE7D7
:10DB8000022E20D1002323702B796A79003B18BF25
:10DB90000123002A18BF042643F004032672EA6812
:10DBA0006372A532A9686260D4E906325B1842EB61
:10DBB000E172C4E904320423D8E76FF0010070BDBC
:10DBC0006FF01500FBE76FF02200F8E70020F6E7A2
:10DBD000024B00221A601A71704700BFA00D00208E
:10DBE000014B1879704700BFA00D0020044B1A7933
:10DBF000824283BF1B68602202FB00300020704716
:10DC0000A00D00200A4610F0030110B50AD1074C00
:10DC10002271206008B9002010BD60235A4300F033
:10DC200063FBF8E76FF00D00F6E700BFA00D0020E2
:10DC3000BFF34F8F0549064BCA6802F4E0621343F5
:10DC4000CB60BFF34F8F00BFFDE700BF00ED00E0EA
:10DC50000400FA05094B01225A604FF0FF32C3F865
:10DC600008234FF40062064BC3F88820BFF34F8FA0
:10DC7000BFF36F8FC3F88821704700BF00B0044026
:10DC800000E100E0F8B5224F05460C4616463B7809
:10DC9000002B3AD1FDF7E2FC7E601E4B01263C8151
:10DCA0004FF48062C3F8A4601B4BC3F89020BFF30D
:10DCB0004F8FBFF36F8FC3F89021FFF7CBFF174B48
:10DCC000002D14BF28461846FEF76AF90546D0B95C
:10DCD000FFF754FAFEF756F9FFF78EFEFEF7D0F97C
:10DCE00008B9FFDFFEE7002C0BDB04F01F0364091B
:10DCF000A4009E4004F1604404F56144C4F88061CE
:10DD0000266001233B702846F8BD4FF0FF35FAE747
:10DD1000A80D002000A0084000E100E06CF0050024
:10DD200038B51D4C2378ABB3FEF7BCF9EFF3108583
:10DD300072B600236360FFF729FAFEF77BF9012131
:10DD4000164B1748C3F8A4104FF48063C0F8903006
:10DD5000BFF34F8FBFF36F8FC0F89031FFF77AFF9B
:10DD6000B4F90830002B0BDB5A0903F01F0399406C
:10DD700002F1200340F82310BFF34F8FBFF36F8FE2
:10DD8000FFF726FF074B0122C3F8082505B962B645
:10DD90000023237038BD00BFA80D002000A008405C
:10DDA00000E100E00020084008B572B6024B5B6855
:10DDB00003B19847FFF73CFFA80D0020074BB3F9CC
:10DDC0000830002B09DB5A09012103F01F03994099
:10DDD00002F14003024A42F823107047A80D0020C8
:10DDE00000E100E0014B1878704700BFA80D00204B
:10DDF000F8B5037904460BB1FFDFFEE74679017100
:10DE000026B901234371217909B96171F8BD2768E9
:10DE100020462671B84702280546F4D10321204642
:10DE2000B84708B1FFDFFEE7236829462046984738
:10DE30000028E8D0FFDFFEE703460068884204D1EF
:10DE400009B10A681A600846704728B970478842C5
:10DE500002D10A681A60F6E7034600680028F6D186
:10DE6000704701F11003013813F8012D8B4200F8BF
:10DE7000012FF9D1704700002DE9F84F0746894678
:10DE800093469846374CDFF8E0A0384D2E7801369F
:10DE9000F6B2D5E84F3F0133DBB2C5E8403F00287A
:10DEA000F7D101216160C4F80001C4F80401EFF367
:10DEB000108072B62E4BC5F80490AB60C5E905B36F
:10DEC0003B68C4F810357B68C4F81435BB68C4F8E7
:10DED0001835FB68C4F81C35264BC4F830351033B0
:10DEE000C4F83835216000B962B6D4F800312BB9D6
:10DEF000D4F8043113B92B789E421CD0B8F1000F2E
:10DF000009D00A9B3BB1D4F840350A9AC8F80030D2
:10DF1000D4F83C351360D4F80431002BB5D12978FE
:10DF2000B142B2D1C4F80031C4F804310323C4F8BB
:10DF30000833BDE8F88FDAF81030DB06D5D50323B7
:10DF40004FF40061C4F804330B4BC3F88811D4F8C4
:10DF50000031002BC9D1D4F80431002BC5D100F019
:10DF60001FF9C2E700B0044000ED00E0B40D00204E
:10DF70001000000BB80D002000E100E02DE9F04793
:10DF800013F0010F8EB004460D4617469A46DDE9A0
:10DF9000168924D006A8FFF764FFA30735D002AA8C
:10DFA00004F110052068083454F8041C1346AC42F0
:10DFB00003C31A46F6D106AD02AC1AF0020F43466F
:10DFC000CDF8009023D0294620460AAAFFF754FF37
:10DFD0000AA93846FFF745FF0EB0BDE8F08713F0F9
:10DFE000040F0DD106AB0E4601F1100C1D46306832
:10DFF000083656F8041C1A46664503C21346F6D185
:10E00000214602A8FFF72DFFD6E706ADD5E73A4631
:10E0100029462046FFF730FFDEE713B50024CDE99F
:10E020000044FFF7ABFF02B010BD00001A4B4FF4E5
:10E03000000270B5C3F89820BFF34F8FBFF36F8F06
:10E04000164C0021164DC4F80011C3F898212E6912
:10E050002B6906F0100643F010032B610123C4F86E
:10E0600004332360D4F800319BB11EB92B6923F02F
:10E0700010032B610123D4F808054FF400026360FC
:10E08000C4F808330023C4F80031034BC3F89821C7
:10E0900070BD00F085F8E5E700E100E000700D409C
:10E0A00000ED00E00346002018707047EFF3108287
:10E0B00072B6012103780170DBB202B962B6012B9E
:10E0C0000CBF6FF0220000207047EFF3108372B690
:10E0D0000022027003B962B60020704704230A4987
:10E0E00030B501EBC302157905F0FF041DB1013B0A
:10E0F000F7D2FFDFFEE741F8330001215471D8B2B7
:10E100009471117130BD00BFD80D0020042801D9D1
:10E11000FFDFFEE7024B002203EBC0031A717047DA
:10E12000D80D0020042801D9FFDFFEE7084B03EBE0
:10E13000C0000379012B01D0FFDFFEE7437982792C
:10E140000133DBB29A4218BF4371FFF737BE00BFFD
:10E15000D80D002038B505240F4D95F8281005EB93
:10E16000C1031A79012A09D158799A79904205D0C8
:10E170005A79D2B29A7155F83130984795F82830CB
:10E18000013C0133DBB2052B28BF002314F0FF0450
:10E1900085F82830E1D138BDD80D0020FFF7DABF6F
:10E1A00020BF704720BF70479142F0B501D3FFDF19
:10E1B000FEE7B2FA82F33BB1C3F1200499409A40E2
:10E1C00020FA04F4984021434FEA124C93B2040C15
:10E1D00087B2B1FBFCF50CFB151E05FB03F64FEAFD
:10E1E0000E4E0EEB1040864205D9361A964294BF69
:10E1F00001260226AD1B04EB0141280405FB121188
:10E20000B1FBFCF40CFB1411634307EB0147BB4269
:10E2100005D9DB1B934294BF01230223E41A204358
:10E22000F0BD70B5044615461E46FFF7BDFF049BC2
:10E2300000FB154430601C6070BD2DE9F0411D46A7
:10E2400007460C46164652EA050301D1FFDFFEE7FA
:10E2500085B9914204D2FFF7A7FF2946BDE8F081B6
:10E2600008462946FFF7A0FF05463246384605FB1B
:10E270001641F0E7B5FA85F80123400803FA08F3E0
:10E28000C8F11F0840EAC470A3FB0212610803FB37
:10E290000522FFF789FF30FA08F04FF0000102D0A5
:10E2A000013861EB010106FB01F3A6FB002C00FB2A
:10E2B0000533BF1A634464EB0304B742AC41CDD3CA
:10E2C000013041F10001C9E762B1013910B584188C
:10E2D00010F8012B11F8013FA04201D09A42F7D06B
:10E2E000D01A10BD10467047F0B5C9B20446A30756
:10E2F00026460ED14FF0013522F003034D43E718B7
:10E30000BC420CD1334402F003021A44934209D1B7
:10E31000F0BD002AFCD0013A04F8011BE7E744F8FD
:10E32000045BEDE703F8011BF0E7FFF7DDBF00003A
:10E33000094B0A4AC3F800230132C3F80C23013207
:10E34000C3F818230132C3F820230132C3F81C2379
:10E350000132C3F81021704700A00840040000807B
:10E36000074B0022C3F80023C3F80C23C3F818237B
:10E37000C3F82023C3F81C23C3F81021704700BF43
:10E3800000A00840844641EA000313F0030359D17A
:10E39000403A33D3F0B4F0C9F0C0F0C9F0C0F0C9CE
:10E3A000F0C0F0C9F0C0403AF5D2F0BC26E0403AE7
:10E3B00024D300BF0B6803604B6843608B688360A5
:10E3C000CB68C3600B6903614B6943618B698361EF
:10E3D000CB69C3610B6A03624B6A43628B6A8362D7
:10E3E000CB6AC3620B6B03634B6B43638B6B8363BF
:10E3F000CB6BC36340304031403ADBD230320BD379
:10E400000B6803604B6843608B688360CB68C360B4
:10E4100010301031103AF3D20C3205D351F8043BCE
:10E4200040F8043B043AF9D2043208D0D2071CBFAA
:10E4300011F8013B00F8013B01D30B8803806046D3
:10E44000704700BF082A13D38B07B0D010F0030326
:10E45000ADD0C3F10403D21ADB071CBF11F8013B96
:10E4600000F8013BA3D331F8023B20F8023B9EE7C2
:10E47000043AD9D3013A11F8013B00F8013BF9D233
:10E480000B7803704B7843708B78837060467047CD
:10E4900001000000001500207FFE000000000000C9
:10E4A0001D40000000000000FFFFFFFF1FFF0000F5
:10E4B000BAABBABA10101010FF0000000000000044
:10E4C000FFFFFFFFFFFFFFFFFFFFFFFFFFFFFFFF5C
:10E4D000FF000000E5040700000000006B050700D6
:10E4E00000000000B50507000000000085050700DA
:10E4F0000000000019050700000000009705070054
:10E5000000000000D50507000000000059050700C5
:04E510000000000007
:040000035000C829B8
:00000001FF
